niveau,ser,greco,espar,n_plac_presence,n_plac_maille,prelev_ha_an_present,prelev_ha_an_maille,taux_presence,libelle_essence,millesime,source
greco,,A,02,139,4545,7.6421,0.2337,0.0306,Chêne pédonculé,2005-2024,"IGN IFN donnees brutes 2005-2024, Licence Ouverte Etalab v2.0 ; VEGET5==6 (coupe vidange) / 5 ans"
greco,,A,03,107,4545,9.7286,0.229,0.0235,Chêne sessile,2005-2024,"IGN IFN donnees brutes 2005-2024, Licence Ouverte Etalab v2.0 ; VEGET5==6 (coupe vidange) / 5 ans"
greco,,A,04,8,4545,5.0618,0.0089,0.0018,Chêne rouge,2005-2024,"IGN IFN donnees brutes 2005-2024, Licence Ouverte Etalab v2.0 ; VEGET5==6 (coupe vidange) / 5 ans"
greco,,A,07,3,4545,2.4615,0.0016,7e-04,Chêne tauzin,2005-2024,"IGN IFN donnees brutes 2005-2024, Licence Ouverte Etalab v2.0 ; VEGET5==6 (coupe vidange) / 5 ans"
greco,,A,09,99,4545,8.4369,0.1838,0.0218,Hêtre,2005-2024,"IGN IFN donnees brutes 2005-2024, Licence Ouverte Etalab v2.0 ; VEGET5==6 (coupe vidange) / 5 ans"
greco,,A,10,124,4545,7.8591,0.2144,0.0273,Châtaignier,2005-2024,"IGN IFN donnees brutes 2005-2024, Licence Ouverte Etalab v2.0 ; VEGET5==6 (coupe vidange) / 5 ans"
greco,,A,11,13,4545,2.6432,0.0076,0.0029,Charme,2005-2024,"IGN IFN donnees brutes 2005-2024, Licence Ouverte Etalab v2.0 ; VEGET5==6 (coupe vidange) / 5 ans"
greco,,A,12P,6,4545,3.9978,0.0053,0.0013,Bouleau pubescent,2005-2024,"IGN IFN donnees brutes 2005-2024, Licence Ouverte Etalab v2.0 ; VEGET5==6 (coupe vidange) / 5 ans"
greco,,A,12V,60,4545,3.5131,0.0464,0.0132,Bouleau verruqueux,2005-2024,"IGN IFN donnees brutes 2005-2024, Licence Ouverte Etalab v2.0 ; VEGET5==6 (coupe vidange) / 5 ans"
greco,,A,13G,4,4545,22.6018,0.0199,9e-04,Aulne glutineux,2005-2024,"IGN IFN donnees brutes 2005-2024, Licence Ouverte Etalab v2.0 ; VEGET5==6 (coupe vidange) / 5 ans"
greco,,A,14,5,4545,7.8994,0.0087,0.0011,Robinier faux acacia,2005-2024,"IGN IFN donnees brutes 2005-2024, Licence Ouverte Etalab v2.0 ; VEGET5==6 (coupe vidange) / 5 ans"
greco,,A,15S,6,4545,3.7819,0.005,0.0013,Érable sycomore,2005-2024,"IGN IFN donnees brutes 2005-2024, Licence Ouverte Etalab v2.0 ; VEGET5==6 (coupe vidange) / 5 ans"
greco,,A,17C,17,4545,6.1619,0.023,0.0037,Frêne commun,2005-2024,"IGN IFN donnees brutes 2005-2024, Licence Ouverte Etalab v2.0 ; VEGET5==6 (coupe vidange) / 5 ans"
greco,,A,17O,4,4545,1.3151,0.0012,9e-04,Frêne oxyphylle,2005-2024,"IGN IFN donnees brutes 2005-2024, Licence Ouverte Etalab v2.0 ; VEGET5==6 (coupe vidange) / 5 ans"
greco,,A,18C,2,4545,8.7586,0.0039,4e-04,Orme champêtre,2005-2024,"IGN IFN donnees brutes 2005-2024, Licence Ouverte Etalab v2.0 ; VEGET5==6 (coupe vidange) / 5 ans"
greco,,A,19,27,4545,34.1036,0.2026,0.0059,Peuplier cultivé,2005-2024,"IGN IFN donnees brutes 2005-2024, Licence Ouverte Etalab v2.0 ; VEGET5==6 (coupe vidange) / 5 ans"
greco,,A,20P,1,4545,0.5161,1e-04,2e-04,Tilleul à petites feuilles,2005-2024,"IGN IFN donnees brutes 2005-2024, Licence Ouverte Etalab v2.0 ; VEGET5==6 (coupe vidange) / 5 ans"
greco,,A,21C,2,4545,12.0393,0.0053,4e-04,Érable champêtre,2005-2024,"IGN IFN donnees brutes 2005-2024, Licence Ouverte Etalab v2.0 ; VEGET5==6 (coupe vidange) / 5 ans"
greco,,A,22M,11,4545,1.5937,0.0039,0.0024,Merisier,2005-2024,"IGN IFN donnees brutes 2005-2024, Licence Ouverte Etalab v2.0 ; VEGET5==6 (coupe vidange) / 5 ans"
greco,,A,22S,1,4545,3.9388,9e-04,2e-04,Cerisier tardif,2005-2024,"IGN IFN donnees brutes 2005-2024, Licence Ouverte Etalab v2.0 ; VEGET5==6 (coupe vidange) / 5 ans"
greco,,A,23PC,2,4545,0.9901,4e-04,4e-04,Poirier commun,2005-2024,"IGN IFN donnees brutes 2005-2024, Licence Ouverte Etalab v2.0 ; VEGET5==6 (coupe vidange) / 5 ans"
greco,,A,23PM,4,4545,1.015,9e-04,9e-04,Pommier sauvage,2005-2024,"IGN IFN donnees brutes 2005-2024, Licence Ouverte Etalab v2.0 ; VEGET5==6 (coupe vidange) / 5 ans"
greco,,A,24,15,4545,6.6322,0.0219,0.0033,Tremble,2005-2024,"IGN IFN donnees brutes 2005-2024, Licence Ouverte Etalab v2.0 ; VEGET5==6 (coupe vidange) / 5 ans"
greco,,A,25B,1,4545,1.9393,4e-04,2e-04,Saule blanc,2005-2024,"IGN IFN donnees brutes 2005-2024, Licence Ouverte Etalab v2.0 ; VEGET5==6 (coupe vidange) / 5 ans"
greco,,A,25FR,1,4545,3.5793,8e-04,2e-04,Saule cassant,2005-2024,"IGN IFN donnees brutes 2005-2024, Licence Ouverte Etalab v2.0 ; VEGET5==6 (coupe vidange) / 5 ans"
greco,,A,25M,42,4545,2.7125,0.0251,0.0092,Saule marsault,2005-2024,"IGN IFN donnees brutes 2005-2024, Licence Ouverte Etalab v2.0 ; VEGET5==6 (coupe vidange) / 5 ans"
greco,,A,25R,4,4545,4.0705,0.0036,9e-04,Saule roux,2005-2024,"IGN IFN donnees brutes 2005-2024, Licence Ouverte Etalab v2.0 ; VEGET5==6 (coupe vidange) / 5 ans"
greco,,A,27C,1,4545,2.7389,6e-04,2e-04,Noyer commun,2005-2024,"IGN IFN donnees brutes 2005-2024, Licence Ouverte Etalab v2.0 ; VEGET5==6 (coupe vidange) / 5 ans"
greco,,A,29MA,1,4545,0.1811,0,2e-04,Marronnier d'Inde,2005-2024,"IGN IFN donnees brutes 2005-2024, Licence Ouverte Etalab v2.0 ; VEGET5==6 (coupe vidange) / 5 ans"
greco,,A,31,18,4545,2.5719,0.0102,0.004,Noisetier coudrier,2005-2024,"IGN IFN donnees brutes 2005-2024, Licence Ouverte Etalab v2.0 ; VEGET5==6 (coupe vidange) / 5 ans"
greco,,A,33G,1,4545,3.3865,7e-04,2e-04,Peuplier grisard,2005-2024,"IGN IFN donnees brutes 2005-2024, Licence Ouverte Etalab v2.0 ; VEGET5==6 (coupe vidange) / 5 ans"
greco,,A,41,4,4545,0.5769,5e-04,9e-04,Alisier torminal,2005-2024,"IGN IFN donnees brutes 2005-2024, Licence Ouverte Etalab v2.0 ; VEGET5==6 (coupe vidange) / 5 ans"
greco,,A,49AM,5,4545,0.3523,4e-04,0.0011,Aubépine monogyne,2005-2024,"IGN IFN donnees brutes 2005-2024, Licence Ouverte Etalab v2.0 ; VEGET5==6 (coupe vidange) / 5 ans"
greco,,A,49EV,1,4545,0.1513,0,2e-04,Fusain d'Europe,2005-2024,"IGN IFN donnees brutes 2005-2024, Licence Ouverte Etalab v2.0 ; VEGET5==6 (coupe vidange) / 5 ans"
greco,,A,49IA,15,4545,0.7732,0.0026,0.0033,Houx,2005-2024,"IGN IFN donnees brutes 2005-2024, Licence Ouverte Etalab v2.0 ; VEGET5==6 (coupe vidange) / 5 ans"
greco,,A,49LN,1,4545,0.3302,1e-04,2e-04,Laurier noble,2005-2024,"IGN IFN donnees brutes 2005-2024, Licence Ouverte Etalab v2.0 ; VEGET5==6 (coupe vidange) / 5 ans"
greco,,A,49SN,5,4545,0.4256,5e-04,0.0011,Sureau noir,2005-2024,"IGN IFN donnees brutes 2005-2024, Licence Ouverte Etalab v2.0 ; VEGET5==6 (coupe vidange) / 5 ans"
greco,,A,51,58,4545,19.7624,0.2522,0.0128,Pin maritime,2005-2024,"IGN IFN donnees brutes 2005-2024, Licence Ouverte Etalab v2.0 ; VEGET5==6 (coupe vidange) / 5 ans"
greco,,A,52,36,4545,8.7439,0.0693,0.0079,Pin sylvestre,2005-2024,"IGN IFN donnees brutes 2005-2024, Licence Ouverte Etalab v2.0 ; VEGET5==6 (coupe vidange) / 5 ans"
greco,,A,53CA,1,4545,21.0626,0.0046,2e-04,Pin laricio de Calabre,2005-2024,"IGN IFN donnees brutes 2005-2024, Licence Ouverte Etalab v2.0 ; VEGET5==6 (coupe vidange) / 5 ans"
greco,,A,53CO,25,4545,9.9914,0.055,0.0055,Pin laricio de Corse,2005-2024,"IGN IFN donnees brutes 2005-2024, Licence Ouverte Etalab v2.0 ; VEGET5==6 (coupe vidange) / 5 ans"
greco,,A,56,1,4545,57.2259,0.0126,2e-04,Pin Weymouth,2005-2024,"IGN IFN donnees brutes 2005-2024, Licence Ouverte Etalab v2.0 ; VEGET5==6 (coupe vidange) / 5 ans"
greco,,A,61,26,4545,16.9728,0.0971,0.0057,Sapin pectiné,2005-2024,"IGN IFN donnees brutes 2005-2024, Licence Ouverte Etalab v2.0 ; VEGET5==6 (coupe vidange) / 5 ans"
greco,,A,62,18,4545,17.1505,0.0679,0.004,Épicéa commun,2005-2024,"IGN IFN donnees brutes 2005-2024, Licence Ouverte Etalab v2.0 ; VEGET5==6 (coupe vidange) / 5 ans"
greco,,A,64,60,4545,16.0343,0.2117,0.0132,Douglas,2005-2024,"IGN IFN donnees brutes 2005-2024, Licence Ouverte Etalab v2.0 ; VEGET5==6 (coupe vidange) / 5 ans"
greco,,A,67,2,4545,0.5258,2e-04,4e-04,If,2005-2024,"IGN IFN donnees brutes 2005-2024, Licence Ouverte Etalab v2.0 ; VEGET5==6 (coupe vidange) / 5 ans"
greco,,A,68CL,1,4545,3.8411,8e-04,2e-04,Cyprès de Lawson,2005-2024,"IGN IFN donnees brutes 2005-2024, Licence Ouverte Etalab v2.0 ; VEGET5==6 (coupe vidange) / 5 ans"
greco,,A,68PM,1,4545,107.6176,0.0237,2e-04,Pin de Monterey,2005-2024,"IGN IFN donnees brutes 2005-2024, Licence Ouverte Etalab v2.0 ; VEGET5==6 (coupe vidange) / 5 ans"
greco,,A,68TH,2,4545,7.7374,0.0034,4e-04,Tsuga heterophylla,2005-2024,"IGN IFN donnees brutes 2005-2024, Licence Ouverte Etalab v2.0 ; VEGET5==6 (coupe vidange) / 5 ans"
greco,,A,72V,3,4545,24.4812,0.0162,7e-04,Sapin de Vancouver,2005-2024,"IGN IFN donnees brutes 2005-2024, Licence Ouverte Etalab v2.0 ; VEGET5==6 (coupe vidange) / 5 ans"
greco,,A,73,54,4545,35.5422,0.4223,0.0119,Épicéa de Sitka,2005-2024,"IGN IFN donnees brutes 2005-2024, Licence Ouverte Etalab v2.0 ; VEGET5==6 (coupe vidange) / 5 ans"
greco,,A,74H,1,4545,17.6468,0.0039,2e-04,Mélèze hybride,2005-2024,"IGN IFN donnees brutes 2005-2024, Licence Ouverte Etalab v2.0 ; VEGET5==6 (coupe vidange) / 5 ans"
greco,,A,74J,5,4545,4.662,0.0051,0.0011,Mélèze du Japon,2005-2024,"IGN IFN donnees brutes 2005-2024, Licence Ouverte Etalab v2.0 ; VEGET5==6 (coupe vidange) / 5 ans"
greco,,B,02,664,20759,9.1582,0.2929,0.032,Chêne pédonculé,2005-2024,"IGN IFN donnees brutes 2005-2024, Licence Ouverte Etalab v2.0 ; VEGET5==6 (coupe vidange) / 5 ans"
greco,,B,03,968,20759,10.5681,0.4928,0.0466,Chêne sessile,2005-2024,"IGN IFN donnees brutes 2005-2024, Licence Ouverte Etalab v2.0 ; VEGET5==6 (coupe vidange) / 5 ans"
greco,,B,04,29,20759,10.2614,0.0143,0.0014,Chêne rouge,2005-2024,"IGN IFN donnees brutes 2005-2024, Licence Ouverte Etalab v2.0 ; VEGET5==6 (coupe vidange) / 5 ans"
greco,,B,05,38,20759,6.3909,0.0117,0.0018,Chêne pubescent,2005-2024,"IGN IFN donnees brutes 2005-2024, Licence Ouverte Etalab v2.0 ; VEGET5==6 (coupe vidange) / 5 ans"
greco,,B,07,8,20759,5.4673,0.0021,4e-04,Chêne tauzin,2005-2024,"IGN IFN donnees brutes 2005-2024, Licence Ouverte Etalab v2.0 ; VEGET5==6 (coupe vidange) / 5 ans"
greco,,B,09,406,20759,9.6486,0.1887,0.0196,Hêtre,2005-2024,"IGN IFN donnees brutes 2005-2024, Licence Ouverte Etalab v2.0 ; VEGET5==6 (coupe vidange) / 5 ans"
greco,,B,10,258,20759,10.5793,0.1315,0.0124,Châtaignier,2005-2024,"IGN IFN donnees brutes 2005-2024, Licence Ouverte Etalab v2.0 ; VEGET5==6 (coupe vidange) / 5 ans"
greco,,B,11,722,20759,5.5637,0.1935,0.0348,Charme,2005-2024,"IGN IFN donnees brutes 2005-2024, Licence Ouverte Etalab v2.0 ; VEGET5==6 (coupe vidange) / 5 ans"
greco,,B,12P,7,20759,8.499,0.0029,3e-04,Bouleau pubescent,2005-2024,"IGN IFN donnees brutes 2005-2024, Licence Ouverte Etalab v2.0 ; VEGET5==6 (coupe vidange) / 5 ans"
greco,,B,12V,413,20759,6.2226,0.1238,0.0199,Bouleau verruqueux,2005-2024,"IGN IFN donnees brutes 2005-2024, Licence Ouverte Etalab v2.0 ; VEGET5==6 (coupe vidange) / 5 ans"
greco,,B,13B,1,20759,1.0788,1e-04,0,Aulne blanc,2005-2024,"IGN IFN donnees brutes 2005-2024, Licence Ouverte Etalab v2.0 ; VEGET5==6 (coupe vidange) / 5 ans"
greco,,B,13G,61,20759,6.9592,0.0204,0.0029,Aulne glutineux,2005-2024,"IGN IFN donnees brutes 2005-2024, Licence Ouverte Etalab v2.0 ; VEGET5==6 (coupe vidange) / 5 ans"
greco,,B,14,90,20759,7.7762,0.0337,0.0043,Robinier faux acacia,2005-2024,"IGN IFN donnees brutes 2005-2024, Licence Ouverte Etalab v2.0 ; VEGET5==6 (coupe vidange) / 5 ans"
greco,,B,15P,5,20759,2.1512,5e-04,2e-04,Érable plane,2005-2024,"IGN IFN donnees brutes 2005-2024, Licence Ouverte Etalab v2.0 ; VEGET5==6 (coupe vidange) / 5 ans"
greco,,B,15S,127,20759,5.067,0.031,0.0061,Érable sycomore,2005-2024,"IGN IFN donnees brutes 2005-2024, Licence Ouverte Etalab v2.0 ; VEGET5==6 (coupe vidange) / 5 ans"
greco,,B,17C,387,20759,9.1997,0.1715,0.0186,Frêne commun,2005-2024,"IGN IFN donnees brutes 2005-2024, Licence Ouverte Etalab v2.0 ; VEGET5==6 (coupe vidange) / 5 ans"
greco,,B,17O,5,20759,2.1791,5e-04,2e-04,Frêne oxyphylle,2005-2024,"IGN IFN donnees brutes 2005-2024, Licence Ouverte Etalab v2.0 ; VEGET5==6 (coupe vidange) / 5 ans"
greco,,B,18C,48,20759,2.6377,0.0061,0.0023,Orme champêtre,2005-2024,"IGN IFN donnees brutes 2005-2024, Licence Ouverte Etalab v2.0 ; VEGET5==6 (coupe vidange) / 5 ans"
greco,,B,18D,1,20759,1.0484,1e-04,0,Orme lisse,2005-2024,"IGN IFN donnees brutes 2005-2024, Licence Ouverte Etalab v2.0 ; VEGET5==6 (coupe vidange) / 5 ans"
greco,,B,18M,1,20759,0.2285,0,0,Orme de montagne,2005-2024,"IGN IFN donnees brutes 2005-2024, Licence Ouverte Etalab v2.0 ; VEGET5==6 (coupe vidange) / 5 ans"
greco,,B,19,325,20759,38.1876,0.5979,0.0157,Peuplier cultivé,2005-2024,"IGN IFN donnees brutes 2005-2024, Licence Ouverte Etalab v2.0 ; VEGET5==6 (coupe vidange) / 5 ans"
greco,,B,20G,6,20759,6.3363,0.0018,3e-04,Tilleul à grandes feuilles,2005-2024,"IGN IFN donnees brutes 2005-2024, Licence Ouverte Etalab v2.0 ; VEGET5==6 (coupe vidange) / 5 ans"
greco,,B,20P,69,20759,5.6726,0.0189,0.0033,Tilleul à petites feuilles,2005-2024,"IGN IFN donnees brutes 2005-2024, Licence Ouverte Etalab v2.0 ; VEGET5==6 (coupe vidange) / 5 ans"
greco,,B,21C,64,20759,5.4497,0.0168,0.0031,Érable champêtre,2005-2024,"IGN IFN donnees brutes 2005-2024, Licence Ouverte Etalab v2.0 ; VEGET5==6 (coupe vidange) / 5 ans"
greco,,B,22G,2,20759,0.7023,1e-04,1e-04,Cerisier à grappes,2005-2024,"IGN IFN donnees brutes 2005-2024, Licence Ouverte Etalab v2.0 ; VEGET5==6 (coupe vidange) / 5 ans"
greco,,B,22M,89,20759,4.6198,0.0198,0.0043,Merisier,2005-2024,"IGN IFN donnees brutes 2005-2024, Licence Ouverte Etalab v2.0 ; VEGET5==6 (coupe vidange) / 5 ans"
greco,,B,22S,3,20759,3.0169,4e-04,1e-04,Cerisier tardif,2005-2024,"IGN IFN donnees brutes 2005-2024, Licence Ouverte Etalab v2.0 ; VEGET5==6 (coupe vidange) / 5 ans"
greco,,B,23C,3,20759,4.0404,6e-04,1e-04,Cormier,2005-2024,"IGN IFN donnees brutes 2005-2024, Licence Ouverte Etalab v2.0 ; VEGET5==6 (coupe vidange) / 5 ans"
greco,,B,23PC,6,20759,1.3206,4e-04,3e-04,Poirier commun,2005-2024,"IGN IFN donnees brutes 2005-2024, Licence Ouverte Etalab v2.0 ; VEGET5==6 (coupe vidange) / 5 ans"
greco,,B,23PD,1,20759,1.3831,1e-04,0,Prunier domestique,2005-2024,"IGN IFN donnees brutes 2005-2024, Licence Ouverte Etalab v2.0 ; VEGET5==6 (coupe vidange) / 5 ans"
greco,,B,23PM,4,20759,0.9287,2e-04,2e-04,Pommier sauvage,2005-2024,"IGN IFN donnees brutes 2005-2024, Licence Ouverte Etalab v2.0 ; VEGET5==6 (coupe vidange) / 5 ans"
greco,,B,23SO,2,20759,1.7922,2e-04,1e-04,Sorbier des oiseleurs,2005-2024,"IGN IFN donnees brutes 2005-2024, Licence Ouverte Etalab v2.0 ; VEGET5==6 (coupe vidange) / 5 ans"
greco,,B,24,217,20759,7.8468,0.082,0.0105,Tremble,2005-2024,"IGN IFN donnees brutes 2005-2024, Licence Ouverte Etalab v2.0 ; VEGET5==6 (coupe vidange) / 5 ans"
greco,,B,25B,24,20759,8.4355,0.0098,0.0012,Saule blanc,2005-2024,"IGN IFN donnees brutes 2005-2024, Licence Ouverte Etalab v2.0 ; VEGET5==6 (coupe vidange) / 5 ans"
greco,,B,25C,11,20759,2.1463,0.0011,5e-04,Saule cendré,2005-2024,"IGN IFN donnees brutes 2005-2024, Licence Ouverte Etalab v2.0 ; VEGET5==6 (coupe vidange) / 5 ans"
greco,,B,25FR,8,20759,4.0418,0.0016,4e-04,Saule cassant,2005-2024,"IGN IFN donnees brutes 2005-2024, Licence Ouverte Etalab v2.0 ; VEGET5==6 (coupe vidange) / 5 ans"
greco,,B,25M,110,20759,2.8882,0.0153,0.0053,Saule marsault,2005-2024,"IGN IFN donnees brutes 2005-2024, Licence Ouverte Etalab v2.0 ; VEGET5==6 (coupe vidange) / 5 ans"
greco,,B,25R,1,20759,0.3578,0,0,Saule roux,2005-2024,"IGN IFN donnees brutes 2005-2024, Licence Ouverte Etalab v2.0 ; VEGET5==6 (coupe vidange) / 5 ans"
greco,,B,26E,1,20759,3.7191,2e-04,0,Platane à feuilles d'érable,2005-2024,"IGN IFN donnees brutes 2005-2024, Licence Ouverte Etalab v2.0 ; VEGET5==6 (coupe vidange) / 5 ans"
greco,,B,27C,6,20759,3.0429,9e-04,3e-04,Noyer commun,2005-2024,"IGN IFN donnees brutes 2005-2024, Licence Ouverte Etalab v2.0 ; VEGET5==6 (coupe vidange) / 5 ans"
greco,,B,29AF,1,20759,0.3324,0,0,,2005-2024,"IGN IFN donnees brutes 2005-2024, Licence Ouverte Etalab v2.0 ; VEGET5==6 (coupe vidange) / 5 ans"
greco,,B,29CM,2,20759,5.0722,5e-04,1e-04,Chêne des marais,2005-2024,"IGN IFN donnees brutes 2005-2024, Licence Ouverte Etalab v2.0 ; VEGET5==6 (coupe vidange) / 5 ans"
greco,,B,29EN,2,20759,0.5453,1e-04,1e-04,Érable negundo,2005-2024,"IGN IFN donnees brutes 2005-2024, Licence Ouverte Etalab v2.0 ; VEGET5==6 (coupe vidange) / 5 ans"
greco,,B,29MA,3,20759,17.7759,0.0026,1e-04,Marronnier d'Inde,2005-2024,"IGN IFN donnees brutes 2005-2024, Licence Ouverte Etalab v2.0 ; VEGET5==6 (coupe vidange) / 5 ans"
greco,,B,31,120,20759,1.5971,0.0092,0.0058,Noisetier coudrier,2005-2024,"IGN IFN donnees brutes 2005-2024, Licence Ouverte Etalab v2.0 ; VEGET5==6 (coupe vidange) / 5 ans"
greco,,B,332G,3,20759,31.2189,0.0045,1e-04,,2005-2024,"IGN IFN donnees brutes 2005-2024, Licence Ouverte Etalab v2.0 ; VEGET5==6 (coupe vidange) / 5 ans"
greco,,B,33B,2,20759,19.8941,0.0019,1e-04,Peuplier blanc,2005-2024,"IGN IFN donnees brutes 2005-2024, Licence Ouverte Etalab v2.0 ; VEGET5==6 (coupe vidange) / 5 ans"
greco,,B,33G,13,20759,13.0432,0.0082,6e-04,Peuplier grisard,2005-2024,"IGN IFN donnees brutes 2005-2024, Licence Ouverte Etalab v2.0 ; VEGET5==6 (coupe vidange) / 5 ans"
greco,,B,33N,1,20759,1.5801,1e-04,0,Peuplier noir,2005-2024,"IGN IFN donnees brutes 2005-2024, Licence Ouverte Etalab v2.0 ; VEGET5==6 (coupe vidange) / 5 ans"
greco,,B,34,4,20759,9.4749,0.0018,2e-04,Chêne chevelu,2005-2024,"IGN IFN donnees brutes 2005-2024, Licence Ouverte Etalab v2.0 ; VEGET5==6 (coupe vidange) / 5 ans"
greco,,B,38AU,2,20759,0.2733,0,1e-04,Cytise aubour,2005-2024,"IGN IFN donnees brutes 2005-2024, Licence Ouverte Etalab v2.0 ; VEGET5==6 (coupe vidange) / 5 ans"
greco,,B,39,2,20759,0.3116,0,1e-04,Cornouiller mâle,2005-2024,"IGN IFN donnees brutes 2005-2024, Licence Ouverte Etalab v2.0 ; VEGET5==6 (coupe vidange) / 5 ans"
greco,,B,41,32,20759,1.5056,0.0023,0.0015,Alisier torminal,2005-2024,"IGN IFN donnees brutes 2005-2024, Licence Ouverte Etalab v2.0 ; VEGET5==6 (coupe vidange) / 5 ans"
greco,,B,49AE,1,20759,0.648,0,0,Aubépine épineuse,2005-2024,"IGN IFN donnees brutes 2005-2024, Licence Ouverte Etalab v2.0 ; VEGET5==6 (coupe vidange) / 5 ans"
greco,,B,49AM,44,20759,0.789,0.0017,0.0021,Aubépine monogyne,2005-2024,"IGN IFN donnees brutes 2005-2024, Licence Ouverte Etalab v2.0 ; VEGET5==6 (coupe vidange) / 5 ans"
greco,,B,49EV,1,20759,0.2308,0,0,Fusain d'Europe,2005-2024,"IGN IFN donnees brutes 2005-2024, Licence Ouverte Etalab v2.0 ; VEGET5==6 (coupe vidange) / 5 ans"
greco,,B,49IA,8,20759,0.6312,2e-04,4e-04,Houx,2005-2024,"IGN IFN donnees brutes 2005-2024, Licence Ouverte Etalab v2.0 ; VEGET5==6 (coupe vidange) / 5 ans"
greco,,B,49PS,6,20759,0.4708,1e-04,3e-04,Prunelier,2005-2024,"IGN IFN donnees brutes 2005-2024, Licence Ouverte Etalab v2.0 ; VEGET5==6 (coupe vidange) / 5 ans"
greco,,B,49SN,32,20759,0.8977,0.0014,0.0015,Sureau noir,2005-2024,"IGN IFN donnees brutes 2005-2024, Licence Ouverte Etalab v2.0 ; VEGET5==6 (coupe vidange) / 5 ans"
greco,,B,51,172,20759,17.9037,0.1483,0.0083,Pin maritime,2005-2024,"IGN IFN donnees brutes 2005-2024, Licence Ouverte Etalab v2.0 ; VEGET5==6 (coupe vidange) / 5 ans"
greco,,B,52,237,20759,11.6618,0.1331,0.0114,Pin sylvestre,2005-2024,"IGN IFN donnees brutes 2005-2024, Licence Ouverte Etalab v2.0 ; VEGET5==6 (coupe vidange) / 5 ans"
greco,,B,53CO,135,20759,11.0134,0.0716,0.0065,Pin laricio de Corse,2005-2024,"IGN IFN donnees brutes 2005-2024, Licence Ouverte Etalab v2.0 ; VEGET5==6 (coupe vidange) / 5 ans"
greco,,B,54,8,20759,8.9753,0.0035,4e-04,Pin noir d'Autriche,2005-2024,"IGN IFN donnees brutes 2005-2024, Licence Ouverte Etalab v2.0 ; VEGET5==6 (coupe vidange) / 5 ans"
greco,,B,56,4,20759,15.398,0.003,2e-04,Pin Weymouth,2005-2024,"IGN IFN donnees brutes 2005-2024, Licence Ouverte Etalab v2.0 ; VEGET5==6 (coupe vidange) / 5 ans"
greco,,B,61,13,20759,6.5353,0.0041,6e-04,Sapin pectiné,2005-2024,"IGN IFN donnees brutes 2005-2024, Licence Ouverte Etalab v2.0 ; VEGET5==6 (coupe vidange) / 5 ans"
greco,,B,62,66,20759,15.3957,0.0489,0.0032,Épicéa commun,2005-2024,"IGN IFN donnees brutes 2005-2024, Licence Ouverte Etalab v2.0 ; VEGET5==6 (coupe vidange) / 5 ans"
greco,,B,63,1,20759,14.6195,7e-04,0,Mélèze d'Europe,2005-2024,"IGN IFN donnees brutes 2005-2024, Licence Ouverte Etalab v2.0 ; VEGET5==6 (coupe vidange) / 5 ans"
greco,,B,64,119,20759,16.6902,0.0957,0.0057,Douglas,2005-2024,"IGN IFN donnees brutes 2005-2024, Licence Ouverte Etalab v2.0 ; VEGET5==6 (coupe vidange) / 5 ans"
greco,,B,67,1,20759,0.8282,0,0,If,2005-2024,"IGN IFN donnees brutes 2005-2024, Licence Ouverte Etalab v2.0 ; VEGET5==6 (coupe vidange) / 5 ans"
greco,,B,68PC,1,20759,4.7969,2e-04,0,Pin de Murray,2005-2024,"IGN IFN donnees brutes 2005-2024, Licence Ouverte Etalab v2.0 ; VEGET5==6 (coupe vidange) / 5 ans"
greco,,B,72V,7,20759,26.1305,0.0088,3e-04,Sapin de Vancouver,2005-2024,"IGN IFN donnees brutes 2005-2024, Licence Ouverte Etalab v2.0 ; VEGET5==6 (coupe vidange) / 5 ans"
greco,,B,73,14,20759,27.3067,0.0184,7e-04,Épicéa de Sitka,2005-2024,"IGN IFN donnees brutes 2005-2024, Licence Ouverte Etalab v2.0 ; VEGET5==6 (coupe vidange) / 5 ans"
greco,,B,74J,3,20759,23.0632,0.0033,1e-04,Mélèze du Japon,2005-2024,"IGN IFN donnees brutes 2005-2024, Licence Ouverte Etalab v2.0 ; VEGET5==6 (coupe vidange) / 5 ans"
greco,,C,02,427,14721,8.9985,0.261,0.029,Chêne pédonculé,2005-2024,"IGN IFN donnees brutes 2005-2024, Licence Ouverte Etalab v2.0 ; VEGET5==6 (coupe vidange) / 5 ans"
greco,,C,03,546,14721,9.4781,0.3515,0.0371,Chêne sessile,2005-2024,"IGN IFN donnees brutes 2005-2024, Licence Ouverte Etalab v2.0 ; VEGET5==6 (coupe vidange) / 5 ans"
greco,,C,04,23,14721,10.0821,0.0158,0.0016,Chêne rouge,2005-2024,"IGN IFN donnees brutes 2005-2024, Licence Ouverte Etalab v2.0 ; VEGET5==6 (coupe vidange) / 5 ans"
greco,,C,05,10,14721,8.0373,0.0055,7e-04,Chêne pubescent,2005-2024,"IGN IFN donnees brutes 2005-2024, Licence Ouverte Etalab v2.0 ; VEGET5==6 (coupe vidange) / 5 ans"
greco,,C,09,814,14721,9.0057,0.498,0.0553,Hêtre,2005-2024,"IGN IFN donnees brutes 2005-2024, Licence Ouverte Etalab v2.0 ; VEGET5==6 (coupe vidange) / 5 ans"
greco,,C,10,55,14721,20.0718,0.075,0.0037,Châtaignier,2005-2024,"IGN IFN donnees brutes 2005-2024, Licence Ouverte Etalab v2.0 ; VEGET5==6 (coupe vidange) / 5 ans"
greco,,C,11,1082,14721,5.5525,0.4081,0.0735,Charme,2005-2024,"IGN IFN donnees brutes 2005-2024, Licence Ouverte Etalab v2.0 ; VEGET5==6 (coupe vidange) / 5 ans"
greco,,C,12P,8,14721,7.5141,0.0041,5e-04,Bouleau pubescent,2005-2024,"IGN IFN donnees brutes 2005-2024, Licence Ouverte Etalab v2.0 ; VEGET5==6 (coupe vidange) / 5 ans"
greco,,C,12V,146,14721,5.047,0.0501,0.0099,Bouleau verruqueux,2005-2024,"IGN IFN donnees brutes 2005-2024, Licence Ouverte Etalab v2.0 ; VEGET5==6 (coupe vidange) / 5 ans"
greco,,C,13G,64,14721,7.0743,0.0308,0.0043,Aulne glutineux,2005-2024,"IGN IFN donnees brutes 2005-2024, Licence Ouverte Etalab v2.0 ; VEGET5==6 (coupe vidange) / 5 ans"
greco,,C,14,101,14721,10.4761,0.0719,0.0069,Robinier faux acacia,2005-2024,"IGN IFN donnees brutes 2005-2024, Licence Ouverte Etalab v2.0 ; VEGET5==6 (coupe vidange) / 5 ans"
greco,,C,15P,15,14721,5.8591,0.006,0.001,Érable plane,2005-2024,"IGN IFN donnees brutes 2005-2024, Licence Ouverte Etalab v2.0 ; VEGET5==6 (coupe vidange) / 5 ans"
greco,,C,15S,95,14721,4.0657,0.0262,0.0065,Érable sycomore,2005-2024,"IGN IFN donnees brutes 2005-2024, Licence Ouverte Etalab v2.0 ; VEGET5==6 (coupe vidange) / 5 ans"
greco,,C,17C,342,14721,10.3582,0.2406,0.0232,Frêne commun,2005-2024,"IGN IFN donnees brutes 2005-2024, Licence Ouverte Etalab v2.0 ; VEGET5==6 (coupe vidange) / 5 ans"
greco,,C,18C,21,14721,3.2272,0.0046,0.0014,Orme champêtre,2005-2024,"IGN IFN donnees brutes 2005-2024, Licence Ouverte Etalab v2.0 ; VEGET5==6 (coupe vidange) / 5 ans"
greco,,C,18M,3,14721,1.5975,3e-04,2e-04,Orme de montagne,2005-2024,"IGN IFN donnees brutes 2005-2024, Licence Ouverte Etalab v2.0 ; VEGET5==6 (coupe vidange) / 5 ans"
greco,,C,19,85,14721,40.6813,0.2349,0.0058,Peuplier cultivé,2005-2024,"IGN IFN donnees brutes 2005-2024, Licence Ouverte Etalab v2.0 ; VEGET5==6 (coupe vidange) / 5 ans"
greco,,C,20G,29,14721,5.5219,0.0109,0.002,Tilleul à grandes feuilles,2005-2024,"IGN IFN donnees brutes 2005-2024, Licence Ouverte Etalab v2.0 ; VEGET5==6 (coupe vidange) / 5 ans"
greco,,C,20P,49,14721,5.5253,0.0184,0.0033,Tilleul à petites feuilles,2005-2024,"IGN IFN donnees brutes 2005-2024, Licence Ouverte Etalab v2.0 ; VEGET5==6 (coupe vidange) / 5 ans"
greco,,C,21C,190,14721,2.8477,0.0368,0.0129,Érable champêtre,2005-2024,"IGN IFN donnees brutes 2005-2024, Licence Ouverte Etalab v2.0 ; VEGET5==6 (coupe vidange) / 5 ans"
greco,,C,22C,1,14721,2.163,1e-04,1e-04,Cerisier,2005-2024,"IGN IFN donnees brutes 2005-2024, Licence Ouverte Etalab v2.0 ; VEGET5==6 (coupe vidange) / 5 ans"
greco,,C,22G,4,14721,1.6286,4e-04,3e-04,Cerisier à grappes,2005-2024,"IGN IFN donnees brutes 2005-2024, Licence Ouverte Etalab v2.0 ; VEGET5==6 (coupe vidange) / 5 ans"
greco,,C,22M,75,14721,4.6031,0.0235,0.0051,Merisier,2005-2024,"IGN IFN donnees brutes 2005-2024, Licence Ouverte Etalab v2.0 ; VEGET5==6 (coupe vidange) / 5 ans"
greco,,C,23AB,40,14721,1.6889,0.0046,0.0027,Alisier blanc,2005-2024,"IGN IFN donnees brutes 2005-2024, Licence Ouverte Etalab v2.0 ; VEGET5==6 (coupe vidange) / 5 ans"
greco,,C,23PC,8,14721,1.7916,0.001,5e-04,Poirier commun,2005-2024,"IGN IFN donnees brutes 2005-2024, Licence Ouverte Etalab v2.0 ; VEGET5==6 (coupe vidange) / 5 ans"
greco,,C,23PD,3,14721,1.7411,4e-04,2e-04,Prunier domestique,2005-2024,"IGN IFN donnees brutes 2005-2024, Licence Ouverte Etalab v2.0 ; VEGET5==6 (coupe vidange) / 5 ans"
greco,,C,23PM,6,14721,1.696,7e-04,4e-04,Pommier sauvage,2005-2024,"IGN IFN donnees brutes 2005-2024, Licence Ouverte Etalab v2.0 ; VEGET5==6 (coupe vidange) / 5 ans"
greco,,C,23SO,6,14721,1.5356,6e-04,4e-04,Sorbier des oiseleurs,2005-2024,"IGN IFN donnees brutes 2005-2024, Licence Ouverte Etalab v2.0 ; VEGET5==6 (coupe vidange) / 5 ans"
greco,,C,24,106,14721,9.9125,0.0714,0.0072,Tremble,2005-2024,"IGN IFN donnees brutes 2005-2024, Licence Ouverte Etalab v2.0 ; VEGET5==6 (coupe vidange) / 5 ans"
greco,,C,25B,8,14721,4.3215,0.0023,5e-04,Saule blanc,2005-2024,"IGN IFN donnees brutes 2005-2024, Licence Ouverte Etalab v2.0 ; VEGET5==6 (coupe vidange) / 5 ans"
greco,,C,25C,2,14721,0.9764,1e-04,1e-04,Saule cendré,2005-2024,"IGN IFN donnees brutes 2005-2024, Licence Ouverte Etalab v2.0 ; VEGET5==6 (coupe vidange) / 5 ans"
greco,,C,25FR,1,14721,1.8068,1e-04,1e-04,Saule cassant,2005-2024,"IGN IFN donnees brutes 2005-2024, Licence Ouverte Etalab v2.0 ; VEGET5==6 (coupe vidange) / 5 ans"
greco,,C,25M,72,14721,1.6417,0.008,0.0049,Saule marsault,2005-2024,"IGN IFN donnees brutes 2005-2024, Licence Ouverte Etalab v2.0 ; VEGET5==6 (coupe vidange) / 5 ans"
greco,,C,27C,5,14721,2.2001,7e-04,3e-04,Noyer commun,2005-2024,"IGN IFN donnees brutes 2005-2024, Licence Ouverte Etalab v2.0 ; VEGET5==6 (coupe vidange) / 5 ans"
greco,,C,29EN,1,14721,6.9482,5e-04,1e-04,Érable negundo,2005-2024,"IGN IFN donnees brutes 2005-2024, Licence Ouverte Etalab v2.0 ; VEGET5==6 (coupe vidange) / 5 ans"
greco,,C,31,93,14721,1.2225,0.0077,0.0063,Noisetier coudrier,2005-2024,"IGN IFN donnees brutes 2005-2024, Licence Ouverte Etalab v2.0 ; VEGET5==6 (coupe vidange) / 5 ans"
greco,,C,332G,1,14721,2.4284,2e-04,1e-04,,2005-2024,"IGN IFN donnees brutes 2005-2024, Licence Ouverte Etalab v2.0 ; VEGET5==6 (coupe vidange) / 5 ans"
greco,,C,33G,2,14721,16.2001,0.0022,1e-04,Peuplier grisard,2005-2024,"IGN IFN donnees brutes 2005-2024, Licence Ouverte Etalab v2.0 ; VEGET5==6 (coupe vidange) / 5 ans"
greco,,C,33N,1,14721,36.0959,0.0025,1e-04,Peuplier noir,2005-2024,"IGN IFN donnees brutes 2005-2024, Licence Ouverte Etalab v2.0 ; VEGET5==6 (coupe vidange) / 5 ans"
greco,,C,38AU,2,14721,1.2243,2e-04,1e-04,Cytise aubour,2005-2024,"IGN IFN donnees brutes 2005-2024, Licence Ouverte Etalab v2.0 ; VEGET5==6 (coupe vidange) / 5 ans"
greco,,C,39,4,14721,0.2656,1e-04,3e-04,Cornouiller mâle,2005-2024,"IGN IFN donnees brutes 2005-2024, Licence Ouverte Etalab v2.0 ; VEGET5==6 (coupe vidange) / 5 ans"
greco,,C,41,44,14721,1.318,0.0039,0.003,Alisier torminal,2005-2024,"IGN IFN donnees brutes 2005-2024, Licence Ouverte Etalab v2.0 ; VEGET5==6 (coupe vidange) / 5 ans"
greco,,C,49AE,3,14721,0.3037,1e-04,2e-04,Aubépine épineuse,2005-2024,"IGN IFN donnees brutes 2005-2024, Licence Ouverte Etalab v2.0 ; VEGET5==6 (coupe vidange) / 5 ans"
greco,,C,49AM,38,14721,0.6819,0.0018,0.0026,Aubépine monogyne,2005-2024,"IGN IFN donnees brutes 2005-2024, Licence Ouverte Etalab v2.0 ; VEGET5==6 (coupe vidange) / 5 ans"
greco,,C,49BS,1,14721,0.6353,0,1e-04,Buis,2005-2024,"IGN IFN donnees brutes 2005-2024, Licence Ouverte Etalab v2.0 ; VEGET5==6 (coupe vidange) / 5 ans"
greco,,C,49EV,1,14721,0.5001,0,1e-04,Fusain d'Europe,2005-2024,"IGN IFN donnees brutes 2005-2024, Licence Ouverte Etalab v2.0 ; VEGET5==6 (coupe vidange) / 5 ans"
greco,,C,49IA,2,14721,1.1037,1e-04,1e-04,Houx,2005-2024,"IGN IFN donnees brutes 2005-2024, Licence Ouverte Etalab v2.0 ; VEGET5==6 (coupe vidange) / 5 ans"
greco,,C,49PM,3,14721,1.6445,3e-04,2e-04,Cerisier de Sainte Lucie,2005-2024,"IGN IFN donnees brutes 2005-2024, Licence Ouverte Etalab v2.0 ; VEGET5==6 (coupe vidange) / 5 ans"
greco,,C,49PS,1,14721,1.5171,1e-04,1e-04,Prunelier,2005-2024,"IGN IFN donnees brutes 2005-2024, Licence Ouverte Etalab v2.0 ; VEGET5==6 (coupe vidange) / 5 ans"
greco,,C,49RC,2,14721,0.539,1e-04,1e-04,Nerprun purgatif,2005-2024,"IGN IFN donnees brutes 2005-2024, Licence Ouverte Etalab v2.0 ; VEGET5==6 (coupe vidange) / 5 ans"
greco,,C,49SN,5,14721,1.0547,4e-04,3e-04,Sureau noir,2005-2024,"IGN IFN donnees brutes 2005-2024, Licence Ouverte Etalab v2.0 ; VEGET5==6 (coupe vidange) / 5 ans"
greco,,C,51,1,14721,18.166,0.0012,1e-04,Pin maritime,2005-2024,"IGN IFN donnees brutes 2005-2024, Licence Ouverte Etalab v2.0 ; VEGET5==6 (coupe vidange) / 5 ans"
greco,,C,52,89,14721,14.1843,0.0858,0.006,Pin sylvestre,2005-2024,"IGN IFN donnees brutes 2005-2024, Licence Ouverte Etalab v2.0 ; VEGET5==6 (coupe vidange) / 5 ans"
greco,,C,53CO,3,14721,8.5384,0.0017,2e-04,Pin laricio de Corse,2005-2024,"IGN IFN donnees brutes 2005-2024, Licence Ouverte Etalab v2.0 ; VEGET5==6 (coupe vidange) / 5 ans"
greco,,C,54,46,14721,16.5905,0.0518,0.0031,Pin noir d'Autriche,2005-2024,"IGN IFN donnees brutes 2005-2024, Licence Ouverte Etalab v2.0 ; VEGET5==6 (coupe vidange) / 5 ans"
greco,,C,56,2,14721,15.9625,0.0022,1e-04,Pin Weymouth,2005-2024,"IGN IFN donnees brutes 2005-2024, Licence Ouverte Etalab v2.0 ; VEGET5==6 (coupe vidange) / 5 ans"
greco,,C,61,63,14721,11.5794,0.0496,0.0043,Sapin pectiné,2005-2024,"IGN IFN donnees brutes 2005-2024, Licence Ouverte Etalab v2.0 ; VEGET5==6 (coupe vidange) / 5 ans"
greco,,C,62,276,14721,23.9258,0.4486,0.0187,Épicéa commun,2005-2024,"IGN IFN donnees brutes 2005-2024, Licence Ouverte Etalab v2.0 ; VEGET5==6 (coupe vidange) / 5 ans"
greco,,C,63,6,14721,27.4751,0.0112,4e-04,Mélèze d'Europe,2005-2024,"IGN IFN donnees brutes 2005-2024, Licence Ouverte Etalab v2.0 ; VEGET5==6 (coupe vidange) / 5 ans"
greco,,C,64,81,14721,17.3834,0.0956,0.0055,Douglas,2005-2024,"IGN IFN donnees brutes 2005-2024, Licence Ouverte Etalab v2.0 ; VEGET5==6 (coupe vidange) / 5 ans"
greco,,C,68TG,1,14721,19.7973,0.0013,1e-04,Thuya géant,2005-2024,"IGN IFN donnees brutes 2005-2024, Licence Ouverte Etalab v2.0 ; VEGET5==6 (coupe vidange) / 5 ans"
greco,,C,69JC,2,14721,0.5509,1e-04,1e-04,Genévrier commun,2005-2024,"IGN IFN donnees brutes 2005-2024, Licence Ouverte Etalab v2.0 ; VEGET5==6 (coupe vidange) / 5 ans"
greco,,C,71,2,14721,1.9565,3e-04,1e-04,Sapin de Nordmann,2005-2024,"IGN IFN donnees brutes 2005-2024, Licence Ouverte Etalab v2.0 ; VEGET5==6 (coupe vidange) / 5 ans"
greco,,C,72V,7,14721,22.094,0.0105,5e-04,Sapin de Vancouver,2005-2024,"IGN IFN donnees brutes 2005-2024, Licence Ouverte Etalab v2.0 ; VEGET5==6 (coupe vidange) / 5 ans"
greco,,C,73,1,14721,11.0119,7e-04,1e-04,Épicéa de Sitka,2005-2024,"IGN IFN donnees brutes 2005-2024, Licence Ouverte Etalab v2.0 ; VEGET5==6 (coupe vidange) / 5 ans"
greco,,C,74J,1,14721,9.1226,6e-04,1e-04,Mélèze du Japon,2005-2024,"IGN IFN donnees brutes 2005-2024, Licence Ouverte Etalab v2.0 ; VEGET5==6 (coupe vidange) / 5 ans"
greco,,D,02,21,3793,7.6878,0.0426,0.0055,Chêne pédonculé,2005-2024,"IGN IFN donnees brutes 2005-2024, Licence Ouverte Etalab v2.0 ; VEGET5==6 (coupe vidange) / 5 ans"
greco,,D,03,129,3793,10.3338,0.3515,0.034,Chêne sessile,2005-2024,"IGN IFN donnees brutes 2005-2024, Licence Ouverte Etalab v2.0 ; VEGET5==6 (coupe vidange) / 5 ans"
greco,,D,04,5,3793,5.123,0.0068,0.0013,Chêne rouge,2005-2024,"IGN IFN donnees brutes 2005-2024, Licence Ouverte Etalab v2.0 ; VEGET5==6 (coupe vidange) / 5 ans"
greco,,D,09,446,3793,10.2157,1.2012,0.1176,Hêtre,2005-2024,"IGN IFN donnees brutes 2005-2024, Licence Ouverte Etalab v2.0 ; VEGET5==6 (coupe vidange) / 5 ans"
greco,,D,10,12,3793,6.3809,0.0202,0.0032,Châtaignier,2005-2024,"IGN IFN donnees brutes 2005-2024, Licence Ouverte Etalab v2.0 ; VEGET5==6 (coupe vidange) / 5 ans"
greco,,D,11,75,3793,4.8591,0.0961,0.0198,Charme,2005-2024,"IGN IFN donnees brutes 2005-2024, Licence Ouverte Etalab v2.0 ; VEGET5==6 (coupe vidange) / 5 ans"
greco,,D,12V,43,3793,3.1668,0.0359,0.0113,Bouleau verruqueux,2005-2024,"IGN IFN donnees brutes 2005-2024, Licence Ouverte Etalab v2.0 ; VEGET5==6 (coupe vidange) / 5 ans"
greco,,D,13G,13,3793,6.2582,0.0214,0.0034,Aulne glutineux,2005-2024,"IGN IFN donnees brutes 2005-2024, Licence Ouverte Etalab v2.0 ; VEGET5==6 (coupe vidange) / 5 ans"
greco,,D,14,4,3793,5.2152,0.0055,0.0011,Robinier faux acacia,2005-2024,"IGN IFN donnees brutes 2005-2024, Licence Ouverte Etalab v2.0 ; VEGET5==6 (coupe vidange) / 5 ans"
greco,,D,15P,1,3793,3.1235,8e-04,3e-04,Érable plane,2005-2024,"IGN IFN donnees brutes 2005-2024, Licence Ouverte Etalab v2.0 ; VEGET5==6 (coupe vidange) / 5 ans"
greco,,D,15S,27,3793,5.0146,0.0357,0.0071,Érable sycomore,2005-2024,"IGN IFN donnees brutes 2005-2024, Licence Ouverte Etalab v2.0 ; VEGET5==6 (coupe vidange) / 5 ans"
greco,,D,17C,38,3793,16.975,0.1701,0.01,Frêne commun,2005-2024,"IGN IFN donnees brutes 2005-2024, Licence Ouverte Etalab v2.0 ; VEGET5==6 (coupe vidange) / 5 ans"
greco,,D,18C,1,3793,0.8866,2e-04,3e-04,Orme champêtre,2005-2024,"IGN IFN donnees brutes 2005-2024, Licence Ouverte Etalab v2.0 ; VEGET5==6 (coupe vidange) / 5 ans"
greco,,D,18M,1,3793,6.0203,0.0016,3e-04,Orme de montagne,2005-2024,"IGN IFN donnees brutes 2005-2024, Licence Ouverte Etalab v2.0 ; VEGET5==6 (coupe vidange) / 5 ans"
greco,,D,19,2,3793,53.3092,0.0281,5e-04,Peuplier cultivé,2005-2024,"IGN IFN donnees brutes 2005-2024, Licence Ouverte Etalab v2.0 ; VEGET5==6 (coupe vidange) / 5 ans"
greco,,D,20P,1,3793,6.4489,0.0017,3e-04,Tilleul à petites feuilles,2005-2024,"IGN IFN donnees brutes 2005-2024, Licence Ouverte Etalab v2.0 ; VEGET5==6 (coupe vidange) / 5 ans"
greco,,D,22G,1,3793,6.1778,0.0016,3e-04,Cerisier à grappes,2005-2024,"IGN IFN donnees brutes 2005-2024, Licence Ouverte Etalab v2.0 ; VEGET5==6 (coupe vidange) / 5 ans"
greco,,D,22M,6,3793,7.2105,0.0114,0.0016,Merisier,2005-2024,"IGN IFN donnees brutes 2005-2024, Licence Ouverte Etalab v2.0 ; VEGET5==6 (coupe vidange) / 5 ans"
greco,,D,23AB,2,3793,0.5289,3e-04,5e-04,Alisier blanc,2005-2024,"IGN IFN donnees brutes 2005-2024, Licence Ouverte Etalab v2.0 ; VEGET5==6 (coupe vidange) / 5 ans"
greco,,D,23PD,1,3793,1.5532,4e-04,3e-04,Prunier domestique,2005-2024,"IGN IFN donnees brutes 2005-2024, Licence Ouverte Etalab v2.0 ; VEGET5==6 (coupe vidange) / 5 ans"
greco,,D,23SO,1,3793,2.1804,6e-04,3e-04,Sorbier des oiseleurs,2005-2024,"IGN IFN donnees brutes 2005-2024, Licence Ouverte Etalab v2.0 ; VEGET5==6 (coupe vidange) / 5 ans"
greco,,D,24,9,3793,3.6003,0.0085,0.0024,Tremble,2005-2024,"IGN IFN donnees brutes 2005-2024, Licence Ouverte Etalab v2.0 ; VEGET5==6 (coupe vidange) / 5 ans"
greco,,D,25M,12,3793,2.1869,0.0069,0.0032,Saule marsault,2005-2024,"IGN IFN donnees brutes 2005-2024, Licence Ouverte Etalab v2.0 ; VEGET5==6 (coupe vidange) / 5 ans"
greco,,D,31,8,3793,0.7068,0.0015,0.0021,Noisetier coudrier,2005-2024,"IGN IFN donnees brutes 2005-2024, Licence Ouverte Etalab v2.0 ; VEGET5==6 (coupe vidange) / 5 ans"
greco,,D,49AM,2,3793,1.03,5e-04,5e-04,Aubépine monogyne,2005-2024,"IGN IFN donnees brutes 2005-2024, Licence Ouverte Etalab v2.0 ; VEGET5==6 (coupe vidange) / 5 ans"
greco,,D,49PS,1,3793,0.2616,1e-04,3e-04,Prunelier,2005-2024,"IGN IFN donnees brutes 2005-2024, Licence Ouverte Etalab v2.0 ; VEGET5==6 (coupe vidange) / 5 ans"
greco,,D,49SN,1,3793,0.2796,1e-04,3e-04,Sureau noir,2005-2024,"IGN IFN donnees brutes 2005-2024, Licence Ouverte Etalab v2.0 ; VEGET5==6 (coupe vidange) / 5 ans"
greco,,D,52,106,3793,10.0845,0.2818,0.0279,Pin sylvestre,2005-2024,"IGN IFN donnees brutes 2005-2024, Licence Ouverte Etalab v2.0 ; VEGET5==6 (coupe vidange) / 5 ans"
greco,,D,53CO,1,3793,7.4461,0.002,3e-04,Pin laricio de Corse,2005-2024,"IGN IFN donnees brutes 2005-2024, Licence Ouverte Etalab v2.0 ; VEGET5==6 (coupe vidange) / 5 ans"
greco,,D,56,3,3793,10.95,0.0087,8e-04,Pin Weymouth,2005-2024,"IGN IFN donnees brutes 2005-2024, Licence Ouverte Etalab v2.0 ; VEGET5==6 (coupe vidange) / 5 ans"
greco,,D,61,371,3793,15.664,1.5321,0.0978,Sapin pectiné,2005-2024,"IGN IFN donnees brutes 2005-2024, Licence Ouverte Etalab v2.0 ; VEGET5==6 (coupe vidange) / 5 ans"
greco,,D,62,296,3793,21.6284,1.6878,0.078,Épicéa commun,2005-2024,"IGN IFN donnees brutes 2005-2024, Licence Ouverte Etalab v2.0 ; VEGET5==6 (coupe vidange) / 5 ans"
greco,,D,63,7,3793,4.4782,0.0083,0.0018,Mélèze d'Europe,2005-2024,"IGN IFN donnees brutes 2005-2024, Licence Ouverte Etalab v2.0 ; VEGET5==6 (coupe vidange) / 5 ans"
greco,,D,64,53,3793,12.2138,0.1707,0.014,Douglas,2005-2024,"IGN IFN donnees brutes 2005-2024, Licence Ouverte Etalab v2.0 ; VEGET5==6 (coupe vidange) / 5 ans"
greco,,E,02,31,3305,6.9522,0.0652,0.0094,Chêne pédonculé,2005-2024,"IGN IFN donnees brutes 2005-2024, Licence Ouverte Etalab v2.0 ; VEGET5==6 (coupe vidange) / 5 ans"
greco,,E,03,21,3305,7.4345,0.0472,0.0064,Chêne sessile,2005-2024,"IGN IFN donnees brutes 2005-2024, Licence Ouverte Etalab v2.0 ; VEGET5==6 (coupe vidange) / 5 ans"
greco,,E,05,4,3305,12.877,0.0156,0.0012,Chêne pubescent,2005-2024,"IGN IFN donnees brutes 2005-2024, Licence Ouverte Etalab v2.0 ; VEGET5==6 (coupe vidange) / 5 ans"
greco,,E,09,188,3305,9.1108,0.5183,0.0569,Hêtre,2005-2024,"IGN IFN donnees brutes 2005-2024, Licence Ouverte Etalab v2.0 ; VEGET5==6 (coupe vidange) / 5 ans"
greco,,E,10,1,3305,0.1937,1e-04,3e-04,Châtaignier,2005-2024,"IGN IFN donnees brutes 2005-2024, Licence Ouverte Etalab v2.0 ; VEGET5==6 (coupe vidange) / 5 ans"
greco,,E,11,59,3305,4.0028,0.0715,0.0179,Charme,2005-2024,"IGN IFN donnees brutes 2005-2024, Licence Ouverte Etalab v2.0 ; VEGET5==6 (coupe vidange) / 5 ans"
greco,,E,12V,6,3305,3.1579,0.0057,0.0018,Bouleau verruqueux,2005-2024,"IGN IFN donnees brutes 2005-2024, Licence Ouverte Etalab v2.0 ; VEGET5==6 (coupe vidange) / 5 ans"
greco,,E,14,4,3305,43.0031,0.052,0.0012,Robinier faux acacia,2005-2024,"IGN IFN donnees brutes 2005-2024, Licence Ouverte Etalab v2.0 ; VEGET5==6 (coupe vidange) / 5 ans"
greco,,E,15S,22,3305,3.9414,0.0262,0.0067,Érable sycomore,2005-2024,"IGN IFN donnees brutes 2005-2024, Licence Ouverte Etalab v2.0 ; VEGET5==6 (coupe vidange) / 5 ans"
greco,,E,17C,68,3305,7.4405,0.1531,0.0206,Frêne commun,2005-2024,"IGN IFN donnees brutes 2005-2024, Licence Ouverte Etalab v2.0 ; VEGET5==6 (coupe vidange) / 5 ans"
greco,,E,18M,1,3305,1.3639,4e-04,3e-04,Orme de montagne,2005-2024,"IGN IFN donnees brutes 2005-2024, Licence Ouverte Etalab v2.0 ; VEGET5==6 (coupe vidange) / 5 ans"
greco,,E,20G,8,3305,5.1763,0.0125,0.0024,Tilleul à grandes feuilles,2005-2024,"IGN IFN donnees brutes 2005-2024, Licence Ouverte Etalab v2.0 ; VEGET5==6 (coupe vidange) / 5 ans"
greco,,E,20P,1,3305,0.207,1e-04,3e-04,Tilleul à petites feuilles,2005-2024,"IGN IFN donnees brutes 2005-2024, Licence Ouverte Etalab v2.0 ; VEGET5==6 (coupe vidange) / 5 ans"
greco,,E,21C,6,3305,3.9576,0.0072,0.0018,Érable champêtre,2005-2024,"IGN IFN donnees brutes 2005-2024, Licence Ouverte Etalab v2.0 ; VEGET5==6 (coupe vidange) / 5 ans"
greco,,E,21O,2,3305,2.7488,0.0017,6e-04,Érable à feuilles d'obier,2005-2024,"IGN IFN donnees brutes 2005-2024, Licence Ouverte Etalab v2.0 ; VEGET5==6 (coupe vidange) / 5 ans"
greco,,E,23AB,6,3305,0.5569,0.001,0.0018,Alisier blanc,2005-2024,"IGN IFN donnees brutes 2005-2024, Licence Ouverte Etalab v2.0 ; VEGET5==6 (coupe vidange) / 5 ans"
greco,,E,23PM,2,3305,0.2387,1e-04,6e-04,Pommier sauvage,2005-2024,"IGN IFN donnees brutes 2005-2024, Licence Ouverte Etalab v2.0 ; VEGET5==6 (coupe vidange) / 5 ans"
greco,,E,23SO,6,3305,1.0456,0.0019,0.0018,Sorbier des oiseleurs,2005-2024,"IGN IFN donnees brutes 2005-2024, Licence Ouverte Etalab v2.0 ; VEGET5==6 (coupe vidange) / 5 ans"
greco,,E,24,7,3305,6.5603,0.0139,0.0021,Tremble,2005-2024,"IGN IFN donnees brutes 2005-2024, Licence Ouverte Etalab v2.0 ; VEGET5==6 (coupe vidange) / 5 ans"
greco,,E,25B,1,3305,4.8278,0.0015,3e-04,Saule blanc,2005-2024,"IGN IFN donnees brutes 2005-2024, Licence Ouverte Etalab v2.0 ; VEGET5==6 (coupe vidange) / 5 ans"
greco,,E,25M,14,3305,3.0383,0.0129,0.0042,Saule marsault,2005-2024,"IGN IFN donnees brutes 2005-2024, Licence Ouverte Etalab v2.0 ; VEGET5==6 (coupe vidange) / 5 ans"
greco,,E,27C,1,3305,9.3348,0.0028,3e-04,Noyer commun,2005-2024,"IGN IFN donnees brutes 2005-2024, Licence Ouverte Etalab v2.0 ; VEGET5==6 (coupe vidange) / 5 ans"
greco,,E,31,16,3305,0.4491,0.0022,0.0048,Noisetier coudrier,2005-2024,"IGN IFN donnees brutes 2005-2024, Licence Ouverte Etalab v2.0 ; VEGET5==6 (coupe vidange) / 5 ans"
greco,,E,49AM,8,3305,1.5343,0.0037,0.0024,Aubépine monogyne,2005-2024,"IGN IFN donnees brutes 2005-2024, Licence Ouverte Etalab v2.0 ; VEGET5==6 (coupe vidange) / 5 ans"
greco,,E,49BS,2,3305,0.2694,2e-04,6e-04,Buis,2005-2024,"IGN IFN donnees brutes 2005-2024, Licence Ouverte Etalab v2.0 ; VEGET5==6 (coupe vidange) / 5 ans"
greco,,E,49PM,1,3305,0.8398,3e-04,3e-04,Cerisier de Sainte Lucie,2005-2024,"IGN IFN donnees brutes 2005-2024, Licence Ouverte Etalab v2.0 ; VEGET5==6 (coupe vidange) / 5 ans"
greco,,E,49PS,2,3305,0.283,2e-04,6e-04,Prunelier,2005-2024,"IGN IFN donnees brutes 2005-2024, Licence Ouverte Etalab v2.0 ; VEGET5==6 (coupe vidange) / 5 ans"
greco,,E,52,1,3305,4.3798,0.0013,3e-04,Pin sylvestre,2005-2024,"IGN IFN donnees brutes 2005-2024, Licence Ouverte Etalab v2.0 ; VEGET5==6 (coupe vidange) / 5 ans"
greco,,E,54,5,3305,18.1727,0.0275,0.0015,Pin noir d'Autriche,2005-2024,"IGN IFN donnees brutes 2005-2024, Licence Ouverte Etalab v2.0 ; VEGET5==6 (coupe vidange) / 5 ans"
greco,,E,61,285,3305,16.0071,1.3803,0.0862,Sapin pectiné,2005-2024,"IGN IFN donnees brutes 2005-2024, Licence Ouverte Etalab v2.0 ; VEGET5==6 (coupe vidange) / 5 ans"
greco,,E,62,285,3305,22.5973,1.9486,0.0862,Épicéa commun,2005-2024,"IGN IFN donnees brutes 2005-2024, Licence Ouverte Etalab v2.0 ; VEGET5==6 (coupe vidange) / 5 ans"
greco,,E,63,2,3305,14.0531,0.0085,6e-04,Mélèze d'Europe,2005-2024,"IGN IFN donnees brutes 2005-2024, Licence Ouverte Etalab v2.0 ; VEGET5==6 (coupe vidange) / 5 ans"
greco,,E,64,7,3305,20.1777,0.0427,0.0021,Douglas,2005-2024,"IGN IFN donnees brutes 2005-2024, Licence Ouverte Etalab v2.0 ; VEGET5==6 (coupe vidange) / 5 ans"
greco,,E,72V,1,3305,42.7543,0.0129,3e-04,Sapin de Vancouver,2005-2024,"IGN IFN donnees brutes 2005-2024, Licence Ouverte Etalab v2.0 ; VEGET5==6 (coupe vidange) / 5 ans"
greco,,F,02,259,12252,9.3268,0.1972,0.0211,Chêne pédonculé,2005-2024,"IGN IFN donnees brutes 2005-2024, Licence Ouverte Etalab v2.0 ; VEGET5==6 (coupe vidange) / 5 ans"
greco,,F,03,40,12252,11.4164,0.0373,0.0033,Chêne sessile,2005-2024,"IGN IFN donnees brutes 2005-2024, Licence Ouverte Etalab v2.0 ; VEGET5==6 (coupe vidange) / 5 ans"
greco,,F,04,11,12252,4.4608,0.004,9e-04,Chêne rouge,2005-2024,"IGN IFN donnees brutes 2005-2024, Licence Ouverte Etalab v2.0 ; VEGET5==6 (coupe vidange) / 5 ans"
greco,,F,05,136,12252,8.4948,0.0943,0.0111,Chêne pubescent,2005-2024,"IGN IFN donnees brutes 2005-2024, Licence Ouverte Etalab v2.0 ; VEGET5==6 (coupe vidange) / 5 ans"
greco,,F,06,4,12252,3.8904,0.0013,3e-04,Chêne vert,2005-2024,"IGN IFN donnees brutes 2005-2024, Licence Ouverte Etalab v2.0 ; VEGET5==6 (coupe vidange) / 5 ans"
greco,,F,07,51,12252,5.0173,0.0209,0.0042,Chêne tauzin,2005-2024,"IGN IFN donnees brutes 2005-2024, Licence Ouverte Etalab v2.0 ; VEGET5==6 (coupe vidange) / 5 ans"
greco,,F,08S,2,12252,1.5008,2e-04,2e-04,Chêne-liège,2005-2024,"IGN IFN donnees brutes 2005-2024, Licence Ouverte Etalab v2.0 ; VEGET5==6 (coupe vidange) / 5 ans"
greco,,F,09,10,12252,9.538,0.0078,8e-04,Hêtre,2005-2024,"IGN IFN donnees brutes 2005-2024, Licence Ouverte Etalab v2.0 ; VEGET5==6 (coupe vidange) / 5 ans"
greco,,F,10,188,12252,12.2371,0.1878,0.0153,Châtaignier,2005-2024,"IGN IFN donnees brutes 2005-2024, Licence Ouverte Etalab v2.0 ; VEGET5==6 (coupe vidange) / 5 ans"
greco,,F,11,56,12252,7.2841,0.0333,0.0046,Charme,2005-2024,"IGN IFN donnees brutes 2005-2024, Licence Ouverte Etalab v2.0 ; VEGET5==6 (coupe vidange) / 5 ans"
greco,,F,12V,15,12252,2.5116,0.0031,0.0012,Bouleau verruqueux,2005-2024,"IGN IFN donnees brutes 2005-2024, Licence Ouverte Etalab v2.0 ; VEGET5==6 (coupe vidange) / 5 ans"
greco,,F,13G,14,12252,8.1705,0.0093,0.0011,Aulne glutineux,2005-2024,"IGN IFN donnees brutes 2005-2024, Licence Ouverte Etalab v2.0 ; VEGET5==6 (coupe vidange) / 5 ans"
greco,,F,14,52,12252,11.1133,0.0472,0.0042,Robinier faux acacia,2005-2024,"IGN IFN donnees brutes 2005-2024, Licence Ouverte Etalab v2.0 ; VEGET5==6 (coupe vidange) / 5 ans"
greco,,F,17C,39,12252,4.9225,0.0157,0.0032,Frêne commun,2005-2024,"IGN IFN donnees brutes 2005-2024, Licence Ouverte Etalab v2.0 ; VEGET5==6 (coupe vidange) / 5 ans"
greco,,F,17O,7,12252,2.3502,0.0013,6e-04,Frêne oxyphylle,2005-2024,"IGN IFN donnees brutes 2005-2024, Licence Ouverte Etalab v2.0 ; VEGET5==6 (coupe vidange) / 5 ans"
greco,,F,18C,27,12252,3.0662,0.0068,0.0022,Orme champêtre,2005-2024,"IGN IFN donnees brutes 2005-2024, Licence Ouverte Etalab v2.0 ; VEGET5==6 (coupe vidange) / 5 ans"
greco,,F,18M,1,12252,1.0642,1e-04,1e-04,Orme de montagne,2005-2024,"IGN IFN donnees brutes 2005-2024, Licence Ouverte Etalab v2.0 ; VEGET5==6 (coupe vidange) / 5 ans"
greco,,F,19,136,12252,46.3102,0.5141,0.0111,Peuplier cultivé,2005-2024,"IGN IFN donnees brutes 2005-2024, Licence Ouverte Etalab v2.0 ; VEGET5==6 (coupe vidange) / 5 ans"
greco,,F,20G,4,12252,3.1635,0.001,3e-04,Tilleul à grandes feuilles,2005-2024,"IGN IFN donnees brutes 2005-2024, Licence Ouverte Etalab v2.0 ; VEGET5==6 (coupe vidange) / 5 ans"
greco,,F,20P,2,12252,6.4619,0.0011,2e-04,Tilleul à petites feuilles,2005-2024,"IGN IFN donnees brutes 2005-2024, Licence Ouverte Etalab v2.0 ; VEGET5==6 (coupe vidange) / 5 ans"
greco,,F,21C,19,12252,4.4266,0.0069,0.0016,Érable champêtre,2005-2024,"IGN IFN donnees brutes 2005-2024, Licence Ouverte Etalab v2.0 ; VEGET5==6 (coupe vidange) / 5 ans"
greco,,F,21M,7,12252,1.0823,6e-04,6e-04,Érable de Montpellier,2005-2024,"IGN IFN donnees brutes 2005-2024, Licence Ouverte Etalab v2.0 ; VEGET5==6 (coupe vidange) / 5 ans"
greco,,F,22M,36,12252,2.3244,0.0068,0.0029,Merisier,2005-2024,"IGN IFN donnees brutes 2005-2024, Licence Ouverte Etalab v2.0 ; VEGET5==6 (coupe vidange) / 5 ans"
greco,,F,22S,1,12252,0.2633,0,1e-04,Cerisier tardif,2005-2024,"IGN IFN donnees brutes 2005-2024, Licence Ouverte Etalab v2.0 ; VEGET5==6 (coupe vidange) / 5 ans"
greco,,F,23C,2,12252,2.0962,3e-04,2e-04,Cormier,2005-2024,"IGN IFN donnees brutes 2005-2024, Licence Ouverte Etalab v2.0 ; VEGET5==6 (coupe vidange) / 5 ans"
greco,,F,23PC,1,12252,1.3343,1e-04,1e-04,Poirier commun,2005-2024,"IGN IFN donnees brutes 2005-2024, Licence Ouverte Etalab v2.0 ; VEGET5==6 (coupe vidange) / 5 ans"
greco,,F,23PD,1,12252,2.5032,2e-04,1e-04,Prunier domestique,2005-2024,"IGN IFN donnees brutes 2005-2024, Licence Ouverte Etalab v2.0 ; VEGET5==6 (coupe vidange) / 5 ans"
greco,,F,24,14,12252,10.1339,0.0116,0.0011,Tremble,2005-2024,"IGN IFN donnees brutes 2005-2024, Licence Ouverte Etalab v2.0 ; VEGET5==6 (coupe vidange) / 5 ans"
greco,,F,25B,4,12252,4.6383,0.0015,3e-04,Saule blanc,2005-2024,"IGN IFN donnees brutes 2005-2024, Licence Ouverte Etalab v2.0 ; VEGET5==6 (coupe vidange) / 5 ans"
greco,,F,25C,16,12252,2.4618,0.0032,0.0013,Saule cendré,2005-2024,"IGN IFN donnees brutes 2005-2024, Licence Ouverte Etalab v2.0 ; VEGET5==6 (coupe vidange) / 5 ans"
greco,,F,25M,8,12252,2.9086,0.0019,7e-04,Saule marsault,2005-2024,"IGN IFN donnees brutes 2005-2024, Licence Ouverte Etalab v2.0 ; VEGET5==6 (coupe vidange) / 5 ans"
greco,,F,26E,1,12252,3.3051,3e-04,1e-04,Platane à feuilles d'érable,2005-2024,"IGN IFN donnees brutes 2005-2024, Licence Ouverte Etalab v2.0 ; VEGET5==6 (coupe vidange) / 5 ans"
greco,,F,26OC,1,12252,1.67,1e-04,1e-04,Platane d'Occident,2005-2024,"IGN IFN donnees brutes 2005-2024, Licence Ouverte Etalab v2.0 ; VEGET5==6 (coupe vidange) / 5 ans"
greco,,F,27C,4,12252,1.9619,6e-04,3e-04,Noyer commun,2005-2024,"IGN IFN donnees brutes 2005-2024, Licence Ouverte Etalab v2.0 ; VEGET5==6 (coupe vidange) / 5 ans"
greco,,F,29EN,5,12252,5.2521,0.0021,4e-04,Érable negundo,2005-2024,"IGN IFN donnees brutes 2005-2024, Licence Ouverte Etalab v2.0 ; VEGET5==6 (coupe vidange) / 5 ans"
greco,,F,31,12,12252,1.3041,0.0013,0.001,Noisetier coudrier,2005-2024,"IGN IFN donnees brutes 2005-2024, Licence Ouverte Etalab v2.0 ; VEGET5==6 (coupe vidange) / 5 ans"
greco,,F,33N,1,12252,32.4907,0.0027,1e-04,Peuplier noir,2005-2024,"IGN IFN donnees brutes 2005-2024, Licence Ouverte Etalab v2.0 ; VEGET5==6 (coupe vidange) / 5 ans"
greco,,F,36,1,12252,19.5518,0.0016,1e-04,Eucalyptus (genre),2005-2024,"IGN IFN donnees brutes 2005-2024, Licence Ouverte Etalab v2.0 ; VEGET5==6 (coupe vidange) / 5 ans"
greco,,F,38AU,1,12252,0.2017,0,1e-04,Cytise aubour,2005-2024,"IGN IFN donnees brutes 2005-2024, Licence Ouverte Etalab v2.0 ; VEGET5==6 (coupe vidange) / 5 ans"
greco,,F,40,8,12252,0.6645,4e-04,7e-04,Arbousier,2005-2024,"IGN IFN donnees brutes 2005-2024, Licence Ouverte Etalab v2.0 ; VEGET5==6 (coupe vidange) / 5 ans"
greco,,F,41,31,12252,1.7091,0.0043,0.0025,Alisier torminal,2005-2024,"IGN IFN donnees brutes 2005-2024, Licence Ouverte Etalab v2.0 ; VEGET5==6 (coupe vidange) / 5 ans"
greco,,F,42,1,12252,26.5579,0.0022,1e-04,Tulipier de Virginie,2005-2024,"IGN IFN donnees brutes 2005-2024, Licence Ouverte Etalab v2.0 ; VEGET5==6 (coupe vidange) / 5 ans"
greco,,F,49AM,28,12252,0.4538,0.001,0.0023,Aubépine monogyne,2005-2024,"IGN IFN donnees brutes 2005-2024, Licence Ouverte Etalab v2.0 ; VEGET5==6 (coupe vidange) / 5 ans"
greco,,F,49BO,1,12252,0.3388,0,1e-04,Bourdaine,2005-2024,"IGN IFN donnees brutes 2005-2024, Licence Ouverte Etalab v2.0 ; VEGET5==6 (coupe vidange) / 5 ans"
greco,,F,49EV,1,12252,0.2705,0,1e-04,Fusain d'Europe,2005-2024,"IGN IFN donnees brutes 2005-2024, Licence Ouverte Etalab v2.0 ; VEGET5==6 (coupe vidange) / 5 ans"
greco,,F,49IA,8,12252,0.437,3e-04,7e-04,Houx,2005-2024,"IGN IFN donnees brutes 2005-2024, Licence Ouverte Etalab v2.0 ; VEGET5==6 (coupe vidange) / 5 ans"
greco,,F,49PM,1,12252,0.8338,1e-04,1e-04,Cerisier de Sainte Lucie,2005-2024,"IGN IFN donnees brutes 2005-2024, Licence Ouverte Etalab v2.0 ; VEGET5==6 (coupe vidange) / 5 ans"
greco,,F,49RA,1,12252,2.4318,2e-04,1e-04,Nerprun alaterne,2005-2024,"IGN IFN donnees brutes 2005-2024, Licence Ouverte Etalab v2.0 ; VEGET5==6 (coupe vidange) / 5 ans"
greco,,F,49SN,4,12252,0.6657,2e-04,3e-04,Sureau noir,2005-2024,"IGN IFN donnees brutes 2005-2024, Licence Ouverte Etalab v2.0 ; VEGET5==6 (coupe vidange) / 5 ans"
greco,,F,51,1090,12252,14.0731,1.252,0.089,Pin maritime,2005-2024,"IGN IFN donnees brutes 2005-2024, Licence Ouverte Etalab v2.0 ; VEGET5==6 (coupe vidange) / 5 ans"
greco,,F,52,19,12252,9.2201,0.0143,0.0016,Pin sylvestre,2005-2024,"IGN IFN donnees brutes 2005-2024, Licence Ouverte Etalab v2.0 ; VEGET5==6 (coupe vidange) / 5 ans"
greco,,F,53CO,32,12252,13.8336,0.0361,0.0026,Pin laricio de Corse,2005-2024,"IGN IFN donnees brutes 2005-2024, Licence Ouverte Etalab v2.0 ; VEGET5==6 (coupe vidange) / 5 ans"
greco,,F,54,6,12252,11.6386,0.0057,5e-04,Pin noir d'Autriche,2005-2024,"IGN IFN donnees brutes 2005-2024, Licence Ouverte Etalab v2.0 ; VEGET5==6 (coupe vidange) / 5 ans"
greco,,F,56,3,12252,13.8815,0.0034,2e-04,Pin Weymouth,2005-2024,"IGN IFN donnees brutes 2005-2024, Licence Ouverte Etalab v2.0 ; VEGET5==6 (coupe vidange) / 5 ans"
greco,,F,61,2,12252,11.4842,0.0019,2e-04,Sapin pectiné,2005-2024,"IGN IFN donnees brutes 2005-2024, Licence Ouverte Etalab v2.0 ; VEGET5==6 (coupe vidange) / 5 ans"
greco,,F,62,2,12252,39.8358,0.0065,2e-04,Épicéa commun,2005-2024,"IGN IFN donnees brutes 2005-2024, Licence Ouverte Etalab v2.0 ; VEGET5==6 (coupe vidange) / 5 ans"
greco,,F,64,11,12252,10.6522,0.0096,9e-04,Douglas,2005-2024,"IGN IFN donnees brutes 2005-2024, Licence Ouverte Etalab v2.0 ; VEGET5==6 (coupe vidange) / 5 ans"
greco,,F,68CM,1,12252,2.7821,2e-04,1e-04,Cyprès de Lambert,2005-2024,"IGN IFN donnees brutes 2005-2024, Licence Ouverte Etalab v2.0 ; VEGET5==6 (coupe vidange) / 5 ans"
greco,,F,69JC,4,12252,0.4535,1e-04,3e-04,Genévrier commun,2005-2024,"IGN IFN donnees brutes 2005-2024, Licence Ouverte Etalab v2.0 ; VEGET5==6 (coupe vidange) / 5 ans"
greco,,F,72V,1,12252,14.1321,0.0012,1e-04,Sapin de Vancouver,2005-2024,"IGN IFN donnees brutes 2005-2024, Licence Ouverte Etalab v2.0 ; VEGET5==6 (coupe vidange) / 5 ans"
greco,,F,77,5,12252,7.0704,0.0029,4e-04,Pin à l'encens et hybrides,2005-2024,"IGN IFN donnees brutes 2005-2024, Licence Ouverte Etalab v2.0 ; VEGET5==6 (coupe vidange) / 5 ans"
greco,,G,02,225,15597,13.3702,0.1929,0.0144,Chêne pédonculé,2005-2024,"IGN IFN donnees brutes 2005-2024, Licence Ouverte Etalab v2.0 ; VEGET5==6 (coupe vidange) / 5 ans"
greco,,G,03,161,15597,10.1561,0.1048,0.0103,Chêne sessile,2005-2024,"IGN IFN donnees brutes 2005-2024, Licence Ouverte Etalab v2.0 ; VEGET5==6 (coupe vidange) / 5 ans"
greco,,G,04,14,15597,8.5866,0.0077,9e-04,Chêne rouge,2005-2024,"IGN IFN donnees brutes 2005-2024, Licence Ouverte Etalab v2.0 ; VEGET5==6 (coupe vidange) / 5 ans"
greco,,G,05,13,15597,9.3843,0.0078,8e-04,Chêne pubescent,2005-2024,"IGN IFN donnees brutes 2005-2024, Licence Ouverte Etalab v2.0 ; VEGET5==6 (coupe vidange) / 5 ans"
greco,,G,06,6,15597,5.55,0.0021,4e-04,Chêne vert,2005-2024,"IGN IFN donnees brutes 2005-2024, Licence Ouverte Etalab v2.0 ; VEGET5==6 (coupe vidange) / 5 ans"
greco,,G,09,210,15597,10.4933,0.1413,0.0135,Hêtre,2005-2024,"IGN IFN donnees brutes 2005-2024, Licence Ouverte Etalab v2.0 ; VEGET5==6 (coupe vidange) / 5 ans"
greco,,G,10,221,15597,11.535,0.1634,0.0142,Châtaignier,2005-2024,"IGN IFN donnees brutes 2005-2024, Licence Ouverte Etalab v2.0 ; VEGET5==6 (coupe vidange) / 5 ans"
greco,,G,11,76,15597,5.2116,0.0254,0.0049,Charme,2005-2024,"IGN IFN donnees brutes 2005-2024, Licence Ouverte Etalab v2.0 ; VEGET5==6 (coupe vidange) / 5 ans"
greco,,G,12P,3,15597,4.6075,9e-04,2e-04,Bouleau pubescent,2005-2024,"IGN IFN donnees brutes 2005-2024, Licence Ouverte Etalab v2.0 ; VEGET5==6 (coupe vidange) / 5 ans"
greco,,G,12V,149,15597,6.0739,0.058,0.0096,Bouleau verruqueux,2005-2024,"IGN IFN donnees brutes 2005-2024, Licence Ouverte Etalab v2.0 ; VEGET5==6 (coupe vidange) / 5 ans"
greco,,G,13G,16,15597,14.8691,0.0153,0.001,Aulne glutineux,2005-2024,"IGN IFN donnees brutes 2005-2024, Licence Ouverte Etalab v2.0 ; VEGET5==6 (coupe vidange) / 5 ans"
greco,,G,14,22,15597,6.8767,0.0097,0.0014,Robinier faux acacia,2005-2024,"IGN IFN donnees brutes 2005-2024, Licence Ouverte Etalab v2.0 ; VEGET5==6 (coupe vidange) / 5 ans"
greco,,G,15P,2,15597,1.5891,2e-04,1e-04,Érable plane,2005-2024,"IGN IFN donnees brutes 2005-2024, Licence Ouverte Etalab v2.0 ; VEGET5==6 (coupe vidange) / 5 ans"
greco,,G,15S,16,15597,4.0961,0.0042,0.001,Érable sycomore,2005-2024,"IGN IFN donnees brutes 2005-2024, Licence Ouverte Etalab v2.0 ; VEGET5==6 (coupe vidange) / 5 ans"
greco,,G,17C,54,15597,7.8364,0.0271,0.0035,Frêne commun,2005-2024,"IGN IFN donnees brutes 2005-2024, Licence Ouverte Etalab v2.0 ; VEGET5==6 (coupe vidange) / 5 ans"
greco,,G,18C,5,15597,0.7855,3e-04,3e-04,Orme champêtre,2005-2024,"IGN IFN donnees brutes 2005-2024, Licence Ouverte Etalab v2.0 ; VEGET5==6 (coupe vidange) / 5 ans"
greco,,G,19,11,15597,29.0955,0.0205,7e-04,Peuplier cultivé,2005-2024,"IGN IFN donnees brutes 2005-2024, Licence Ouverte Etalab v2.0 ; VEGET5==6 (coupe vidange) / 5 ans"
greco,,G,20G,2,15597,5.0896,7e-04,1e-04,Tilleul à grandes feuilles,2005-2024,"IGN IFN donnees brutes 2005-2024, Licence Ouverte Etalab v2.0 ; VEGET5==6 (coupe vidange) / 5 ans"
greco,,G,20P,5,15597,6.4361,0.0021,3e-04,Tilleul à petites feuilles,2005-2024,"IGN IFN donnees brutes 2005-2024, Licence Ouverte Etalab v2.0 ; VEGET5==6 (coupe vidange) / 5 ans"
greco,,G,21C,6,15597,4.2316,0.0016,4e-04,Érable champêtre,2005-2024,"IGN IFN donnees brutes 2005-2024, Licence Ouverte Etalab v2.0 ; VEGET5==6 (coupe vidange) / 5 ans"
greco,,G,22G,1,15597,3.5091,2e-04,1e-04,Cerisier à grappes,2005-2024,"IGN IFN donnees brutes 2005-2024, Licence Ouverte Etalab v2.0 ; VEGET5==6 (coupe vidange) / 5 ans"
greco,,G,22M,44,15597,3.4506,0.0097,0.0028,Merisier,2005-2024,"IGN IFN donnees brutes 2005-2024, Licence Ouverte Etalab v2.0 ; VEGET5==6 (coupe vidange) / 5 ans"
greco,,G,22S,1,15597,0.5148,0,1e-04,Cerisier tardif,2005-2024,"IGN IFN donnees brutes 2005-2024, Licence Ouverte Etalab v2.0 ; VEGET5==6 (coupe vidange) / 5 ans"
greco,,G,23AB,10,15597,1.6768,0.0011,6e-04,Alisier blanc,2005-2024,"IGN IFN donnees brutes 2005-2024, Licence Ouverte Etalab v2.0 ; VEGET5==6 (coupe vidange) / 5 ans"
greco,,G,23PC,1,15597,0.2187,0,1e-04,Poirier commun,2005-2024,"IGN IFN donnees brutes 2005-2024, Licence Ouverte Etalab v2.0 ; VEGET5==6 (coupe vidange) / 5 ans"
greco,,G,23PM,6,15597,1.4306,6e-04,4e-04,Pommier sauvage,2005-2024,"IGN IFN donnees brutes 2005-2024, Licence Ouverte Etalab v2.0 ; VEGET5==6 (coupe vidange) / 5 ans"
greco,,G,23SO,14,15597,1.003,9e-04,9e-04,Sorbier des oiseleurs,2005-2024,"IGN IFN donnees brutes 2005-2024, Licence Ouverte Etalab v2.0 ; VEGET5==6 (coupe vidange) / 5 ans"
greco,,G,24,27,15597,7.0112,0.0121,0.0017,Tremble,2005-2024,"IGN IFN donnees brutes 2005-2024, Licence Ouverte Etalab v2.0 ; VEGET5==6 (coupe vidange) / 5 ans"
greco,,G,25B,2,15597,3.011,4e-04,1e-04,Saule blanc,2005-2024,"IGN IFN donnees brutes 2005-2024, Licence Ouverte Etalab v2.0 ; VEGET5==6 (coupe vidange) / 5 ans"
greco,,G,25C,16,15597,2.2666,0.0023,0.001,Saule cendré,2005-2024,"IGN IFN donnees brutes 2005-2024, Licence Ouverte Etalab v2.0 ; VEGET5==6 (coupe vidange) / 5 ans"
greco,,G,25M,27,15597,3.0365,0.0053,0.0017,Saule marsault,2005-2024,"IGN IFN donnees brutes 2005-2024, Licence Ouverte Etalab v2.0 ; VEGET5==6 (coupe vidange) / 5 ans"
greco,,G,25R,1,15597,4.4157,3e-04,1e-04,Saule roux,2005-2024,"IGN IFN donnees brutes 2005-2024, Licence Ouverte Etalab v2.0 ; VEGET5==6 (coupe vidange) / 5 ans"
greco,,G,31,39,15597,1.9703,0.0049,0.0025,Noisetier coudrier,2005-2024,"IGN IFN donnees brutes 2005-2024, Licence Ouverte Etalab v2.0 ; VEGET5==6 (coupe vidange) / 5 ans"
greco,,G,33B,1,15597,1.7394,1e-04,1e-04,Peuplier blanc,2005-2024,"IGN IFN donnees brutes 2005-2024, Licence Ouverte Etalab v2.0 ; VEGET5==6 (coupe vidange) / 5 ans"
greco,,G,33N,2,15597,5.2886,7e-04,1e-04,Peuplier noir,2005-2024,"IGN IFN donnees brutes 2005-2024, Licence Ouverte Etalab v2.0 ; VEGET5==6 (coupe vidange) / 5 ans"
greco,,G,41,2,15597,0.2145,0,1e-04,Alisier torminal,2005-2024,"IGN IFN donnees brutes 2005-2024, Licence Ouverte Etalab v2.0 ; VEGET5==6 (coupe vidange) / 5 ans"
greco,,G,49AM,6,15597,0.9035,3e-04,4e-04,Aubépine monogyne,2005-2024,"IGN IFN donnees brutes 2005-2024, Licence Ouverte Etalab v2.0 ; VEGET5==6 (coupe vidange) / 5 ans"
greco,,G,49IA,20,15597,0.8917,0.0011,0.0013,Houx,2005-2024,"IGN IFN donnees brutes 2005-2024, Licence Ouverte Etalab v2.0 ; VEGET5==6 (coupe vidange) / 5 ans"
greco,,G,49PS,1,15597,0.3513,0,1e-04,Prunelier,2005-2024,"IGN IFN donnees brutes 2005-2024, Licence Ouverte Etalab v2.0 ; VEGET5==6 (coupe vidange) / 5 ans"
greco,,G,49SN,3,15597,1.9073,4e-04,2e-04,Sureau noir,2005-2024,"IGN IFN donnees brutes 2005-2024, Licence Ouverte Etalab v2.0 ; VEGET5==6 (coupe vidange) / 5 ans"
greco,,G,51,18,15597,15.7389,0.0182,0.0012,Pin maritime,2005-2024,"IGN IFN donnees brutes 2005-2024, Licence Ouverte Etalab v2.0 ; VEGET5==6 (coupe vidange) / 5 ans"
greco,,G,52,223,15597,14.2377,0.2036,0.0143,Pin sylvestre,2005-2024,"IGN IFN donnees brutes 2005-2024, Licence Ouverte Etalab v2.0 ; VEGET5==6 (coupe vidange) / 5 ans"
greco,,G,53CO,27,15597,9.8843,0.0171,0.0017,Pin laricio de Corse,2005-2024,"IGN IFN donnees brutes 2005-2024, Licence Ouverte Etalab v2.0 ; VEGET5==6 (coupe vidange) / 5 ans"
greco,,G,54,8,15597,19.051,0.0098,5e-04,Pin noir d'Autriche,2005-2024,"IGN IFN donnees brutes 2005-2024, Licence Ouverte Etalab v2.0 ; VEGET5==6 (coupe vidange) / 5 ans"
greco,,G,55,1,15597,2.82,2e-04,1e-04,Pin parasol,2005-2024,"IGN IFN donnees brutes 2005-2024, Licence Ouverte Etalab v2.0 ; VEGET5==6 (coupe vidange) / 5 ans"
greco,,G,56,2,15597,9.7445,0.0012,1e-04,Pin Weymouth,2005-2024,"IGN IFN donnees brutes 2005-2024, Licence Ouverte Etalab v2.0 ; VEGET5==6 (coupe vidange) / 5 ans"
greco,,G,58,6,15597,5.0203,0.0019,4e-04,Pin à crochets,2005-2024,"IGN IFN donnees brutes 2005-2024, Licence Ouverte Etalab v2.0 ; VEGET5==6 (coupe vidange) / 5 ans"
greco,,G,61,320,15597,22.7731,0.4672,0.0205,Sapin pectiné,2005-2024,"IGN IFN donnees brutes 2005-2024, Licence Ouverte Etalab v2.0 ; VEGET5==6 (coupe vidange) / 5 ans"
greco,,G,62,382,15597,25.7495,0.6307,0.0245,Épicéa commun,2005-2024,"IGN IFN donnees brutes 2005-2024, Licence Ouverte Etalab v2.0 ; VEGET5==6 (coupe vidange) / 5 ans"
greco,,G,63,5,15597,38.0978,0.0122,3e-04,Mélèze d'Europe,2005-2024,"IGN IFN donnees brutes 2005-2024, Licence Ouverte Etalab v2.0 ; VEGET5==6 (coupe vidange) / 5 ans"
greco,,G,64,449,15597,27.4445,0.7901,0.0288,Douglas,2005-2024,"IGN IFN donnees brutes 2005-2024, Licence Ouverte Etalab v2.0 ; VEGET5==6 (coupe vidange) / 5 ans"
greco,,G,65,4,15597,27.3687,0.007,3e-04,Cèdre de l'Atlas,2005-2024,"IGN IFN donnees brutes 2005-2024, Licence Ouverte Etalab v2.0 ; VEGET5==6 (coupe vidange) / 5 ans"
greco,,G,68TH,1,15597,3.8179,2e-04,1e-04,Tsuga heterophylla,2005-2024,"IGN IFN donnees brutes 2005-2024, Licence Ouverte Etalab v2.0 ; VEGET5==6 (coupe vidange) / 5 ans"
greco,,G,69JO,1,15597,1.2486,1e-04,1e-04,Genévrier oxycèdre,2005-2024,"IGN IFN donnees brutes 2005-2024, Licence Ouverte Etalab v2.0 ; VEGET5==6 (coupe vidange) / 5 ans"
greco,,G,72V,38,15597,29.0382,0.0707,0.0024,Sapin de Vancouver,2005-2024,"IGN IFN donnees brutes 2005-2024, Licence Ouverte Etalab v2.0 ; VEGET5==6 (coupe vidange) / 5 ans"
greco,,G,73,38,15597,47.6591,0.1161,0.0024,Épicéa de Sitka,2005-2024,"IGN IFN donnees brutes 2005-2024, Licence Ouverte Etalab v2.0 ; VEGET5==6 (coupe vidange) / 5 ans"
greco,,G,74J,14,15597,22.856,0.0205,9e-04,Mélèze du Japon,2005-2024,"IGN IFN donnees brutes 2005-2024, Licence Ouverte Etalab v2.0 ; VEGET5==6 (coupe vidange) / 5 ans"
greco,,H,03,5,5696,7.0467,0.0062,9e-04,Chêne sessile,2005-2024,"IGN IFN donnees brutes 2005-2024, Licence Ouverte Etalab v2.0 ; VEGET5==6 (coupe vidange) / 5 ans"
greco,,H,05,9,5696,6.4834,0.0102,0.0016,Chêne pubescent,2005-2024,"IGN IFN donnees brutes 2005-2024, Licence Ouverte Etalab v2.0 ; VEGET5==6 (coupe vidange) / 5 ans"
greco,,H,09,65,5696,11.349,0.1295,0.0114,Hêtre,2005-2024,"IGN IFN donnees brutes 2005-2024, Licence Ouverte Etalab v2.0 ; VEGET5==6 (coupe vidange) / 5 ans"
greco,,H,10,7,5696,8.2941,0.0102,0.0012,Châtaignier,2005-2024,"IGN IFN donnees brutes 2005-2024, Licence Ouverte Etalab v2.0 ; VEGET5==6 (coupe vidange) / 5 ans"
greco,,H,11,4,5696,2.9257,0.0021,7e-04,Charme,2005-2024,"IGN IFN donnees brutes 2005-2024, Licence Ouverte Etalab v2.0 ; VEGET5==6 (coupe vidange) / 5 ans"
greco,,H,12V,3,5696,1.785,9e-04,5e-04,Bouleau verruqueux,2005-2024,"IGN IFN donnees brutes 2005-2024, Licence Ouverte Etalab v2.0 ; VEGET5==6 (coupe vidange) / 5 ans"
greco,,H,13B,5,5696,8.6345,0.0076,9e-04,Aulne blanc,2005-2024,"IGN IFN donnees brutes 2005-2024, Licence Ouverte Etalab v2.0 ; VEGET5==6 (coupe vidange) / 5 ans"
greco,,H,14,1,5696,0.7446,1e-04,2e-04,Robinier faux acacia,2005-2024,"IGN IFN donnees brutes 2005-2024, Licence Ouverte Etalab v2.0 ; VEGET5==6 (coupe vidange) / 5 ans"
greco,,H,15P,3,5696,3.8496,0.002,5e-04,Érable plane,2005-2024,"IGN IFN donnees brutes 2005-2024, Licence Ouverte Etalab v2.0 ; VEGET5==6 (coupe vidange) / 5 ans"
greco,,H,15S,17,5696,4.3322,0.0129,0.003,Érable sycomore,2005-2024,"IGN IFN donnees brutes 2005-2024, Licence Ouverte Etalab v2.0 ; VEGET5==6 (coupe vidange) / 5 ans"
greco,,H,17C,18,5696,6.0855,0.0192,0.0032,Frêne commun,2005-2024,"IGN IFN donnees brutes 2005-2024, Licence Ouverte Etalab v2.0 ; VEGET5==6 (coupe vidange) / 5 ans"
greco,,H,20G,5,5696,6.9682,0.0061,9e-04,Tilleul à grandes feuilles,2005-2024,"IGN IFN donnees brutes 2005-2024, Licence Ouverte Etalab v2.0 ; VEGET5==6 (coupe vidange) / 5 ans"
greco,,H,21C,3,5696,0.3677,2e-04,5e-04,Érable champêtre,2005-2024,"IGN IFN donnees brutes 2005-2024, Licence Ouverte Etalab v2.0 ; VEGET5==6 (coupe vidange) / 5 ans"
greco,,H,21O,1,5696,4.0214,7e-04,2e-04,Érable à feuilles d'obier,2005-2024,"IGN IFN donnees brutes 2005-2024, Licence Ouverte Etalab v2.0 ; VEGET5==6 (coupe vidange) / 5 ans"
greco,,H,22M,1,5696,0.3054,1e-04,2e-04,Merisier,2005-2024,"IGN IFN donnees brutes 2005-2024, Licence Ouverte Etalab v2.0 ; VEGET5==6 (coupe vidange) / 5 ans"
greco,,H,23AB,2,5696,1.0489,4e-04,4e-04,Alisier blanc,2005-2024,"IGN IFN donnees brutes 2005-2024, Licence Ouverte Etalab v2.0 ; VEGET5==6 (coupe vidange) / 5 ans"
greco,,H,23SO,4,5696,1.8386,0.0013,7e-04,Sorbier des oiseleurs,2005-2024,"IGN IFN donnees brutes 2005-2024, Licence Ouverte Etalab v2.0 ; VEGET5==6 (coupe vidange) / 5 ans"
greco,,H,24,6,5696,4.3377,0.0046,0.0011,Tremble,2005-2024,"IGN IFN donnees brutes 2005-2024, Licence Ouverte Etalab v2.0 ; VEGET5==6 (coupe vidange) / 5 ans"
greco,,H,25B,1,5696,6.1609,0.0011,2e-04,Saule blanc,2005-2024,"IGN IFN donnees brutes 2005-2024, Licence Ouverte Etalab v2.0 ; VEGET5==6 (coupe vidange) / 5 ans"
greco,,H,25M,5,5696,1.7485,0.0015,9e-04,Saule marsault,2005-2024,"IGN IFN donnees brutes 2005-2024, Licence Ouverte Etalab v2.0 ; VEGET5==6 (coupe vidange) / 5 ans"
greco,,H,31,4,5696,0.4521,3e-04,7e-04,Noisetier coudrier,2005-2024,"IGN IFN donnees brutes 2005-2024, Licence Ouverte Etalab v2.0 ; VEGET5==6 (coupe vidange) / 5 ans"
greco,,H,33N,3,5696,12.7388,0.0067,5e-04,Peuplier noir,2005-2024,"IGN IFN donnees brutes 2005-2024, Licence Ouverte Etalab v2.0 ; VEGET5==6 (coupe vidange) / 5 ans"
greco,,H,49AM,2,5696,0.4917,2e-04,4e-04,Aubépine monogyne,2005-2024,"IGN IFN donnees brutes 2005-2024, Licence Ouverte Etalab v2.0 ; VEGET5==6 (coupe vidange) / 5 ans"
greco,,H,52,55,5696,13.6732,0.132,0.0097,Pin sylvestre,2005-2024,"IGN IFN donnees brutes 2005-2024, Licence Ouverte Etalab v2.0 ; VEGET5==6 (coupe vidange) / 5 ans"
greco,,H,54,27,5696,13.7329,0.0651,0.0047,Pin noir d'Autriche,2005-2024,"IGN IFN donnees brutes 2005-2024, Licence Ouverte Etalab v2.0 ; VEGET5==6 (coupe vidange) / 5 ans"
greco,,H,58,2,5696,8.7392,0.0031,4e-04,Pin à crochets,2005-2024,"IGN IFN donnees brutes 2005-2024, Licence Ouverte Etalab v2.0 ; VEGET5==6 (coupe vidange) / 5 ans"
greco,,H,59,2,5696,4.4763,0.0016,4e-04,Pin cembro,2005-2024,"IGN IFN donnees brutes 2005-2024, Licence Ouverte Etalab v2.0 ; VEGET5==6 (coupe vidange) / 5 ans"
greco,,H,61,90,5696,16.802,0.2655,0.0158,Sapin pectiné,2005-2024,"IGN IFN donnees brutes 2005-2024, Licence Ouverte Etalab v2.0 ; VEGET5==6 (coupe vidange) / 5 ans"
greco,,H,62,137,5696,27.979,0.673,0.0241,Épicéa commun,2005-2024,"IGN IFN donnees brutes 2005-2024, Licence Ouverte Etalab v2.0 ; VEGET5==6 (coupe vidange) / 5 ans"
greco,,H,63,19,5696,12.5381,0.0418,0.0033,Mélèze d'Europe,2005-2024,"IGN IFN donnees brutes 2005-2024, Licence Ouverte Etalab v2.0 ; VEGET5==6 (coupe vidange) / 5 ans"
greco,,H,68EO,1,5696,3.7983,7e-04,2e-04,Épicéa omorika,2005-2024,"IGN IFN donnees brutes 2005-2024, Licence Ouverte Etalab v2.0 ; VEGET5==6 (coupe vidange) / 5 ans"
greco,,H,69JC,4,5696,0.506,4e-04,7e-04,Genévrier commun,2005-2024,"IGN IFN donnees brutes 2005-2024, Licence Ouverte Etalab v2.0 ; VEGET5==6 (coupe vidange) / 5 ans"
greco,,H,74J,1,5696,67.8308,0.0119,2e-04,Mélèze du Japon,2005-2024,"IGN IFN donnees brutes 2005-2024, Licence Ouverte Etalab v2.0 ; VEGET5==6 (coupe vidange) / 5 ans"
greco,,I,02,16,3240,17.2694,0.0853,0.0049,Chêne pédonculé,2005-2024,"IGN IFN donnees brutes 2005-2024, Licence Ouverte Etalab v2.0 ; VEGET5==6 (coupe vidange) / 5 ans"
greco,,I,03,5,3240,8.5406,0.0132,0.0015,Chêne sessile,2005-2024,"IGN IFN donnees brutes 2005-2024, Licence Ouverte Etalab v2.0 ; VEGET5==6 (coupe vidange) / 5 ans"
greco,,I,04,3,3240,7.3104,0.0068,9e-04,Chêne rouge,2005-2024,"IGN IFN donnees brutes 2005-2024, Licence Ouverte Etalab v2.0 ; VEGET5==6 (coupe vidange) / 5 ans"
greco,,I,05,9,3240,6.043,0.0168,0.0028,Chêne pubescent,2005-2024,"IGN IFN donnees brutes 2005-2024, Licence Ouverte Etalab v2.0 ; VEGET5==6 (coupe vidange) / 5 ans"
greco,,I,06,3,3240,9.2213,0.0085,9e-04,Chêne vert,2005-2024,"IGN IFN donnees brutes 2005-2024, Licence Ouverte Etalab v2.0 ; VEGET5==6 (coupe vidange) / 5 ans"
greco,,I,09,71,3240,13.6191,0.2984,0.0219,Hêtre,2005-2024,"IGN IFN donnees brutes 2005-2024, Licence Ouverte Etalab v2.0 ; VEGET5==6 (coupe vidange) / 5 ans"
greco,,I,10,21,3240,5.892,0.0382,0.0065,Châtaignier,2005-2024,"IGN IFN donnees brutes 2005-2024, Licence Ouverte Etalab v2.0 ; VEGET5==6 (coupe vidange) / 5 ans"
greco,,I,12V,5,3240,9.0184,0.0139,0.0015,Bouleau verruqueux,2005-2024,"IGN IFN donnees brutes 2005-2024, Licence Ouverte Etalab v2.0 ; VEGET5==6 (coupe vidange) / 5 ans"
greco,,I,13G,4,3240,11.3692,0.014,0.0012,Aulne glutineux,2005-2024,"IGN IFN donnees brutes 2005-2024, Licence Ouverte Etalab v2.0 ; VEGET5==6 (coupe vidange) / 5 ans"
greco,,I,14,10,3240,10.2845,0.0317,0.0031,Robinier faux acacia,2005-2024,"IGN IFN donnees brutes 2005-2024, Licence Ouverte Etalab v2.0 ; VEGET5==6 (coupe vidange) / 5 ans"
greco,,I,17C,17,3240,4.2404,0.0222,0.0052,Frêne commun,2005-2024,"IGN IFN donnees brutes 2005-2024, Licence Ouverte Etalab v2.0 ; VEGET5==6 (coupe vidange) / 5 ans"
greco,,I,18C,2,3240,3.099,0.0019,6e-04,Orme champêtre,2005-2024,"IGN IFN donnees brutes 2005-2024, Licence Ouverte Etalab v2.0 ; VEGET5==6 (coupe vidange) / 5 ans"
greco,,I,18M,2,3240,0.4383,3e-04,6e-04,Orme de montagne,2005-2024,"IGN IFN donnees brutes 2005-2024, Licence Ouverte Etalab v2.0 ; VEGET5==6 (coupe vidange) / 5 ans"
greco,,I,19,2,3240,89.2527,0.0551,6e-04,Peuplier cultivé,2005-2024,"IGN IFN donnees brutes 2005-2024, Licence Ouverte Etalab v2.0 ; VEGET5==6 (coupe vidange) / 5 ans"
greco,,I,20G,1,3240,3.9045,0.0012,3e-04,Tilleul à grandes feuilles,2005-2024,"IGN IFN donnees brutes 2005-2024, Licence Ouverte Etalab v2.0 ; VEGET5==6 (coupe vidange) / 5 ans"
greco,,I,21C,5,3240,1.7995,0.0028,0.0015,Érable champêtre,2005-2024,"IGN IFN donnees brutes 2005-2024, Licence Ouverte Etalab v2.0 ; VEGET5==6 (coupe vidange) / 5 ans"
greco,,I,21M,1,3240,5.9115,0.0018,3e-04,Érable de Montpellier,2005-2024,"IGN IFN donnees brutes 2005-2024, Licence Ouverte Etalab v2.0 ; VEGET5==6 (coupe vidange) / 5 ans"
greco,,I,21O,1,3240,3.4592,0.0011,3e-04,Érable à feuilles d'obier,2005-2024,"IGN IFN donnees brutes 2005-2024, Licence Ouverte Etalab v2.0 ; VEGET5==6 (coupe vidange) / 5 ans"
greco,,I,22M,7,3240,3.8097,0.0082,0.0022,Merisier,2005-2024,"IGN IFN donnees brutes 2005-2024, Licence Ouverte Etalab v2.0 ; VEGET5==6 (coupe vidange) / 5 ans"
greco,,I,24,3,3240,6.3745,0.0059,9e-04,Tremble,2005-2024,"IGN IFN donnees brutes 2005-2024, Licence Ouverte Etalab v2.0 ; VEGET5==6 (coupe vidange) / 5 ans"
greco,,I,25C,1,3240,0.945,3e-04,3e-04,Saule cendré,2005-2024,"IGN IFN donnees brutes 2005-2024, Licence Ouverte Etalab v2.0 ; VEGET5==6 (coupe vidange) / 5 ans"
greco,,I,25M,3,3240,0.9763,9e-04,9e-04,Saule marsault,2005-2024,"IGN IFN donnees brutes 2005-2024, Licence Ouverte Etalab v2.0 ; VEGET5==6 (coupe vidange) / 5 ans"
greco,,I,31,7,3240,2.0206,0.0044,0.0022,Noisetier coudrier,2005-2024,"IGN IFN donnees brutes 2005-2024, Licence Ouverte Etalab v2.0 ; VEGET5==6 (coupe vidange) / 5 ans"
greco,,I,33B,1,3240,4.7887,0.0015,3e-04,Peuplier blanc,2005-2024,"IGN IFN donnees brutes 2005-2024, Licence Ouverte Etalab v2.0 ; VEGET5==6 (coupe vidange) / 5 ans"
greco,,I,33N,2,3240,25.9904,0.016,6e-04,Peuplier noir,2005-2024,"IGN IFN donnees brutes 2005-2024, Licence Ouverte Etalab v2.0 ; VEGET5==6 (coupe vidange) / 5 ans"
greco,,I,41,1,3240,0.3262,1e-04,3e-04,Alisier torminal,2005-2024,"IGN IFN donnees brutes 2005-2024, Licence Ouverte Etalab v2.0 ; VEGET5==6 (coupe vidange) / 5 ans"
greco,,I,49AM,5,3240,0.4407,7e-04,0.0015,Aubépine monogyne,2005-2024,"IGN IFN donnees brutes 2005-2024, Licence Ouverte Etalab v2.0 ; VEGET5==6 (coupe vidange) / 5 ans"
greco,,I,49BS,2,3240,0.3705,2e-04,6e-04,Buis,2005-2024,"IGN IFN donnees brutes 2005-2024, Licence Ouverte Etalab v2.0 ; VEGET5==6 (coupe vidange) / 5 ans"
greco,,I,49IA,2,3240,0.7696,5e-04,6e-04,Houx,2005-2024,"IGN IFN donnees brutes 2005-2024, Licence Ouverte Etalab v2.0 ; VEGET5==6 (coupe vidange) / 5 ans"
greco,,I,49SN,4,3240,1.405,0.0017,0.0012,Sureau noir,2005-2024,"IGN IFN donnees brutes 2005-2024, Licence Ouverte Etalab v2.0 ; VEGET5==6 (coupe vidange) / 5 ans"
greco,,I,52,9,3240,12.2424,0.034,0.0028,Pin sylvestre,2005-2024,"IGN IFN donnees brutes 2005-2024, Licence Ouverte Etalab v2.0 ; VEGET5==6 (coupe vidange) / 5 ans"
greco,,I,53CO,2,3240,3.62,0.0022,6e-04,Pin laricio de Corse,2005-2024,"IGN IFN donnees brutes 2005-2024, Licence Ouverte Etalab v2.0 ; VEGET5==6 (coupe vidange) / 5 ans"
greco,,I,54,2,3240,20.7096,0.0128,6e-04,Pin noir d'Autriche,2005-2024,"IGN IFN donnees brutes 2005-2024, Licence Ouverte Etalab v2.0 ; VEGET5==6 (coupe vidange) / 5 ans"
greco,,I,58,7,3240,6.0473,0.0131,0.0022,Pin à crochets,2005-2024,"IGN IFN donnees brutes 2005-2024, Licence Ouverte Etalab v2.0 ; VEGET5==6 (coupe vidange) / 5 ans"
greco,,I,61,46,3240,18.5947,0.264,0.0142,Sapin pectiné,2005-2024,"IGN IFN donnees brutes 2005-2024, Licence Ouverte Etalab v2.0 ; VEGET5==6 (coupe vidange) / 5 ans"
greco,,I,62,9,3240,31.8454,0.0885,0.0028,Épicéa commun,2005-2024,"IGN IFN donnees brutes 2005-2024, Licence Ouverte Etalab v2.0 ; VEGET5==6 (coupe vidange) / 5 ans"
greco,,I,64,6,3240,17.9337,0.0332,0.0019,Douglas,2005-2024,"IGN IFN donnees brutes 2005-2024, Licence Ouverte Etalab v2.0 ; VEGET5==6 (coupe vidange) / 5 ans"
greco,,I,65,1,3240,32.8794,0.0101,3e-04,Cèdre de l'Atlas,2005-2024,"IGN IFN donnees brutes 2005-2024, Licence Ouverte Etalab v2.0 ; VEGET5==6 (coupe vidange) / 5 ans"
greco,,I,73,2,3240,30.5309,0.0188,6e-04,Épicéa de Sitka,2005-2024,"IGN IFN donnees brutes 2005-2024, Licence Ouverte Etalab v2.0 ; VEGET5==6 (coupe vidange) / 5 ans"
greco,,I,74H,2,3240,14.542,0.009,6e-04,Mélèze hybride,2005-2024,"IGN IFN donnees brutes 2005-2024, Licence Ouverte Etalab v2.0 ; VEGET5==6 (coupe vidange) / 5 ans"
greco,,J,05,80,4651,5.3947,0.0928,0.0172,Chêne pubescent,2005-2024,"IGN IFN donnees brutes 2005-2024, Licence Ouverte Etalab v2.0 ; VEGET5==6 (coupe vidange) / 5 ans"
greco,,J,06,57,4651,4.2425,0.052,0.0123,Chêne vert,2005-2024,"IGN IFN donnees brutes 2005-2024, Licence Ouverte Etalab v2.0 ; VEGET5==6 (coupe vidange) / 5 ans"
greco,,J,08S,5,4651,1.4373,0.0015,0.0011,Chêne-liège,2005-2024,"IGN IFN donnees brutes 2005-2024, Licence Ouverte Etalab v2.0 ; VEGET5==6 (coupe vidange) / 5 ans"
greco,,J,10,2,4651,3.2824,0.0014,4e-04,Châtaignier,2005-2024,"IGN IFN donnees brutes 2005-2024, Licence Ouverte Etalab v2.0 ; VEGET5==6 (coupe vidange) / 5 ans"
greco,,J,14,3,4651,2.0483,0.0013,6e-04,Robinier faux acacia,2005-2024,"IGN IFN donnees brutes 2005-2024, Licence Ouverte Etalab v2.0 ; VEGET5==6 (coupe vidange) / 5 ans"
greco,,J,15P,1,4651,0.373,1e-04,2e-04,Érable plane,2005-2024,"IGN IFN donnees brutes 2005-2024, Licence Ouverte Etalab v2.0 ; VEGET5==6 (coupe vidange) / 5 ans"
greco,,J,17O,2,4651,1.7852,8e-04,4e-04,Frêne oxyphylle,2005-2024,"IGN IFN donnees brutes 2005-2024, Licence Ouverte Etalab v2.0 ; VEGET5==6 (coupe vidange) / 5 ans"
greco,,J,18C,2,4651,1.7795,8e-04,4e-04,Orme champêtre,2005-2024,"IGN IFN donnees brutes 2005-2024, Licence Ouverte Etalab v2.0 ; VEGET5==6 (coupe vidange) / 5 ans"
greco,,J,19,4,4651,63.4578,0.0546,9e-04,Peuplier cultivé,2005-2024,"IGN IFN donnees brutes 2005-2024, Licence Ouverte Etalab v2.0 ; VEGET5==6 (coupe vidange) / 5 ans"
greco,,J,21C,1,4651,1.2706,3e-04,2e-04,Érable champêtre,2005-2024,"IGN IFN donnees brutes 2005-2024, Licence Ouverte Etalab v2.0 ; VEGET5==6 (coupe vidange) / 5 ans"
greco,,J,21M,2,4651,1.4288,6e-04,4e-04,Érable de Montpellier,2005-2024,"IGN IFN donnees brutes 2005-2024, Licence Ouverte Etalab v2.0 ; VEGET5==6 (coupe vidange) / 5 ans"
greco,,J,23AB,1,4651,0.3054,1e-04,2e-04,Alisier blanc,2005-2024,"IGN IFN donnees brutes 2005-2024, Licence Ouverte Etalab v2.0 ; VEGET5==6 (coupe vidange) / 5 ans"
greco,,J,23PA,1,4651,0.2185,0,2e-04,Poirier à feuilles d'amandier,2005-2024,"IGN IFN donnees brutes 2005-2024, Licence Ouverte Etalab v2.0 ; VEGET5==6 (coupe vidange) / 5 ans"
greco,,J,23PC,1,4651,1.7175,4e-04,2e-04,Poirier commun,2005-2024,"IGN IFN donnees brutes 2005-2024, Licence Ouverte Etalab v2.0 ; VEGET5==6 (coupe vidange) / 5 ans"
greco,,J,23PD,1,4651,5.3309,0.0011,2e-04,Prunier domestique,2005-2024,"IGN IFN donnees brutes 2005-2024, Licence Ouverte Etalab v2.0 ; VEGET5==6 (coupe vidange) / 5 ans"
greco,,J,29MI,1,4651,3.3958,7e-04,2e-04,Mimosa,2005-2024,"IGN IFN donnees brutes 2005-2024, Licence Ouverte Etalab v2.0 ; VEGET5==6 (coupe vidange) / 5 ans"
greco,,J,33B,1,4651,2.4682,5e-04,2e-04,Peuplier blanc,2005-2024,"IGN IFN donnees brutes 2005-2024, Licence Ouverte Etalab v2.0 ; VEGET5==6 (coupe vidange) / 5 ans"
greco,,J,33N,2,4651,4.4924,0.0019,4e-04,Peuplier noir,2005-2024,"IGN IFN donnees brutes 2005-2024, Licence Ouverte Etalab v2.0 ; VEGET5==6 (coupe vidange) / 5 ans"
greco,,J,40,11,4651,2.5689,0.0061,0.0024,Arbousier,2005-2024,"IGN IFN donnees brutes 2005-2024, Licence Ouverte Etalab v2.0 ; VEGET5==6 (coupe vidange) / 5 ans"
greco,,J,41,1,4651,1.0521,2e-04,2e-04,Alisier torminal,2005-2024,"IGN IFN donnees brutes 2005-2024, Licence Ouverte Etalab v2.0 ; VEGET5==6 (coupe vidange) / 5 ans"
greco,,J,49FL,4,4651,0.3379,3e-04,9e-04,Filaire à feuilles larges,2005-2024,"IGN IFN donnees brutes 2005-2024, Licence Ouverte Etalab v2.0 ; VEGET5==6 (coupe vidange) / 5 ans"
greco,,J,49SN,1,4651,0.3884,1e-04,2e-04,Sureau noir,2005-2024,"IGN IFN donnees brutes 2005-2024, Licence Ouverte Etalab v2.0 ; VEGET5==6 (coupe vidange) / 5 ans"
greco,,J,51,7,4651,8.4568,0.0127,0.0015,Pin maritime,2005-2024,"IGN IFN donnees brutes 2005-2024, Licence Ouverte Etalab v2.0 ; VEGET5==6 (coupe vidange) / 5 ans"
greco,,J,52,11,4651,3.7912,0.009,0.0024,Pin sylvestre,2005-2024,"IGN IFN donnees brutes 2005-2024, Licence Ouverte Etalab v2.0 ; VEGET5==6 (coupe vidange) / 5 ans"
greco,,J,54,5,4651,13.0563,0.014,0.0011,Pin noir d'Autriche,2005-2024,"IGN IFN donnees brutes 2005-2024, Licence Ouverte Etalab v2.0 ; VEGET5==6 (coupe vidange) / 5 ans"
greco,,J,55,4,4651,4.2457,0.0037,9e-04,Pin parasol,2005-2024,"IGN IFN donnees brutes 2005-2024, Licence Ouverte Etalab v2.0 ; VEGET5==6 (coupe vidange) / 5 ans"
greco,,J,57A,54,4651,9.4554,0.1098,0.0116,Pin d'Alep,2005-2024,"IGN IFN donnees brutes 2005-2024, Licence Ouverte Etalab v2.0 ; VEGET5==6 (coupe vidange) / 5 ans"
greco,,J,57B,1,4651,6.9504,0.0015,2e-04,Pin brutia (ou) eldarica,2005-2024,"IGN IFN donnees brutes 2005-2024, Licence Ouverte Etalab v2.0 ; VEGET5==6 (coupe vidange) / 5 ans"
greco,,J,65,1,4651,19.1426,0.0041,2e-04,Cèdre de l'Atlas,2005-2024,"IGN IFN donnees brutes 2005-2024, Licence Ouverte Etalab v2.0 ; VEGET5==6 (coupe vidange) / 5 ans"
greco,,J,69JC,2,4651,0.2966,1e-04,4e-04,Genévrier commun,2005-2024,"IGN IFN donnees brutes 2005-2024, Licence Ouverte Etalab v2.0 ; VEGET5==6 (coupe vidange) / 5 ans"
greco,,J,69JO,3,4651,0.5248,3e-04,6e-04,Genévrier oxycèdre,2005-2024,"IGN IFN donnees brutes 2005-2024, Licence Ouverte Etalab v2.0 ; VEGET5==6 (coupe vidange) / 5 ans"
greco,,K,06,13,1099,5.6923,0.0673,0.0118,Chêne vert,2005-2024,"IGN IFN donnees brutes 2005-2024, Licence Ouverte Etalab v2.0 ; VEGET5==6 (coupe vidange) / 5 ans"
greco,,K,08S,1,1099,0.2909,3e-04,9e-04,Chêne-liège,2005-2024,"IGN IFN donnees brutes 2005-2024, Licence Ouverte Etalab v2.0 ; VEGET5==6 (coupe vidange) / 5 ans"
greco,,K,12V,1,1099,1.7002,0.0015,9e-04,Bouleau verruqueux,2005-2024,"IGN IFN donnees brutes 2005-2024, Licence Ouverte Etalab v2.0 ; VEGET5==6 (coupe vidange) / 5 ans"
greco,,K,17F,4,1099,5.8697,0.0214,0.0036,Frêne à fleur,2005-2024,"IGN IFN donnees brutes 2005-2024, Licence Ouverte Etalab v2.0 ; VEGET5==6 (coupe vidange) / 5 ans"
greco,,K,22M,1,1099,1.0891,0.001,9e-04,Merisier,2005-2024,"IGN IFN donnees brutes 2005-2024, Licence Ouverte Etalab v2.0 ; VEGET5==6 (coupe vidange) / 5 ans"
greco,,K,23F,1,1099,3.444,0.0031,9e-04,Figuier de Carie,2005-2024,"IGN IFN donnees brutes 2005-2024, Licence Ouverte Etalab v2.0 ; VEGET5==6 (coupe vidange) / 5 ans"
greco,,K,23PA,1,1099,1.1813,0.0011,9e-04,Poirier à feuilles d'amandier,2005-2024,"IGN IFN donnees brutes 2005-2024, Licence Ouverte Etalab v2.0 ; VEGET5==6 (coupe vidange) / 5 ans"
greco,,K,23PM,1,1099,0.8175,7e-04,9e-04,Pommier sauvage,2005-2024,"IGN IFN donnees brutes 2005-2024, Licence Ouverte Etalab v2.0 ; VEGET5==6 (coupe vidange) / 5 ans"
greco,,K,32,1,1099,4.2424,0.0039,9e-04,Charme houblon,2005-2024,"IGN IFN donnees brutes 2005-2024, Licence Ouverte Etalab v2.0 ; VEGET5==6 (coupe vidange) / 5 ans"
greco,,K,40,3,1099,1.1815,0.0032,0.0027,Arbousier,2005-2024,"IGN IFN donnees brutes 2005-2024, Licence Ouverte Etalab v2.0 ; VEGET5==6 (coupe vidange) / 5 ans"
greco,,K,49FL,1,1099,0.6256,6e-04,9e-04,Filaire à feuilles larges,2005-2024,"IGN IFN donnees brutes 2005-2024, Licence Ouverte Etalab v2.0 ; VEGET5==6 (coupe vidange) / 5 ans"
greco,,K,49IA,1,1099,0.756,7e-04,9e-04,Houx,2005-2024,"IGN IFN donnees brutes 2005-2024, Licence Ouverte Etalab v2.0 ; VEGET5==6 (coupe vidange) / 5 ans"
greco,,K,51,1,1099,4.2782,0.0039,9e-04,Pin maritime,2005-2024,"IGN IFN donnees brutes 2005-2024, Licence Ouverte Etalab v2.0 ; VEGET5==6 (coupe vidange) / 5 ans"
greco,,K,53CO,5,1099,23.7514,0.1081,0.0045,Pin laricio de Corse,2005-2024,"IGN IFN donnees brutes 2005-2024, Licence Ouverte Etalab v2.0 ; VEGET5==6 (coupe vidange) / 5 ans"
greco,,K,57A,1,1099,0.767,7e-04,9e-04,Pin d'Alep,2005-2024,"IGN IFN donnees brutes 2005-2024, Licence Ouverte Etalab v2.0 ; VEGET5==6 (coupe vidange) / 5 ans"
national,,,02,1782,89658,9.5751,0.1903,0.0199,Chêne pédonculé,2005-2024,"IGN IFN donnees brutes 2005-2024, Licence Ouverte Etalab v2.0 ; VEGET5==6 (coupe vidange) / 5 ans"
national,,,03,1982,89658,10.1437,0.2242,0.0221,Chêne sessile,2005-2024,"IGN IFN donnees brutes 2005-2024, Licence Ouverte Etalab v2.0 ; VEGET5==6 (coupe vidange) / 5 ans"
national,,,04,93,89658,8.4601,0.0088,0.001,Chêne rouge,2005-2024,"IGN IFN donnees brutes 2005-2024, Licence Ouverte Etalab v2.0 ; VEGET5==6 (coupe vidange) / 5 ans"
national,,,05,299,89658,7.3456,0.0245,0.0033,Chêne pubescent,2005-2024,"IGN IFN donnees brutes 2005-2024, Licence Ouverte Etalab v2.0 ; VEGET5==6 (coupe vidange) / 5 ans"
national,,,06,83,89658,4.7271,0.0044,9e-04,Chêne vert,2005-2024,"IGN IFN donnees brutes 2005-2024, Licence Ouverte Etalab v2.0 ; VEGET5==6 (coupe vidange) / 5 ans"
national,,,07,62,89658,4.9517,0.0034,7e-04,Chêne tauzin,2005-2024,"IGN IFN donnees brutes 2005-2024, Licence Ouverte Etalab v2.0 ; VEGET5==6 (coupe vidange) / 5 ans"
national,,,08S,8,89658,1.3098,1e-04,1e-04,Chêne-liège,2005-2024,"IGN IFN donnees brutes 2005-2024, Licence Ouverte Etalab v2.0 ; VEGET5==6 (coupe vidange) / 5 ans"
national,,,09,2309,89658,9.6821,0.2493,0.0258,Hêtre,2005-2024,"IGN IFN donnees brutes 2005-2024, Licence Ouverte Etalab v2.0 ; VEGET5==6 (coupe vidange) / 5 ans"
national,,,10,889,89658,11.1618,0.1107,0.0099,Châtaignier,2005-2024,"IGN IFN donnees brutes 2005-2024, Licence Ouverte Etalab v2.0 ; VEGET5==6 (coupe vidange) / 5 ans"
national,,,11,2087,89658,5.4986,0.128,0.0233,Charme,2005-2024,"IGN IFN donnees brutes 2005-2024, Licence Ouverte Etalab v2.0 ; VEGET5==6 (coupe vidange) / 5 ans"
national,,,12P,24,89658,6.559,0.0018,3e-04,Bouleau pubescent,2005-2024,"IGN IFN donnees brutes 2005-2024, Licence Ouverte Etalab v2.0 ; VEGET5==6 (coupe vidange) / 5 ans"
national,,,12V,841,89658,5.55,0.0521,0.0094,Bouleau verruqueux,2005-2024,"IGN IFN donnees brutes 2005-2024, Licence Ouverte Etalab v2.0 ; VEGET5==6 (coupe vidange) / 5 ans"
national,,,13B,6,89658,7.3752,5e-04,1e-04,Aulne blanc,2005-2024,"IGN IFN donnees brutes 2005-2024, Licence Ouverte Etalab v2.0 ; VEGET5==6 (coupe vidange) / 5 ans"
national,,,13G,176,89658,8.2205,0.0161,0.002,Aulne glutineux,2005-2024,"IGN IFN donnees brutes 2005-2024, Licence Ouverte Etalab v2.0 ; VEGET5==6 (coupe vidange) / 5 ans"
national,,,14,292,89658,9.6892,0.0316,0.0033,Robinier faux acacia,2005-2024,"IGN IFN donnees brutes 2005-2024, Licence Ouverte Etalab v2.0 ; VEGET5==6 (coupe vidange) / 5 ans"
national,,,15P,27,89658,4.3284,0.0013,3e-04,Érable plane,2005-2024,"IGN IFN donnees brutes 2005-2024, Licence Ouverte Etalab v2.0 ; VEGET5==6 (coupe vidange) / 5 ans"
national,,,15S,310,89658,4.5604,0.0158,0.0035,Érable sycomore,2005-2024,"IGN IFN donnees brutes 2005-2024, Licence Ouverte Etalab v2.0 ; VEGET5==6 (coupe vidange) / 5 ans"
national,,,17C,980,89658,9.3422,0.1021,0.0109,Frêne commun,2005-2024,"IGN IFN donnees brutes 2005-2024, Licence Ouverte Etalab v2.0 ; VEGET5==6 (coupe vidange) / 5 ans"
national,,,17F,4,89658,5.8697,3e-04,0,Frêne à fleur,2005-2024,"IGN IFN donnees brutes 2005-2024, Licence Ouverte Etalab v2.0 ; VEGET5==6 (coupe vidange) / 5 ans"
national,,,17O,18,89658,2.0099,4e-04,2e-04,Frêne oxyphylle,2005-2024,"IGN IFN donnees brutes 2005-2024, Licence Ouverte Etalab v2.0 ; VEGET5==6 (coupe vidange) / 5 ans"
national,,,18C,108,89658,2.8635,0.0034,0.0012,Orme champêtre,2005-2024,"IGN IFN donnees brutes 2005-2024, Licence Ouverte Etalab v2.0 ; VEGET5==6 (coupe vidange) / 5 ans"
national,,,18D,1,89658,1.0484,0,0,Orme lisse,2005-2024,"IGN IFN donnees brutes 2005-2024, Licence Ouverte Etalab v2.0 ; VEGET5==6 (coupe vidange) / 5 ans"
national,,,18M,9,89658,1.594,2e-04,1e-04,Orme de montagne,2005-2024,"IGN IFN donnees brutes 2005-2024, Licence Ouverte Etalab v2.0 ; VEGET5==6 (coupe vidange) / 5 ans"
national,,,19,592,89658,40.4508,0.2671,0.0066,Peuplier cultivé,2005-2024,"IGN IFN donnees brutes 2005-2024, Licence Ouverte Etalab v2.0 ; VEGET5==6 (coupe vidange) / 5 ans"
national,,,20G,55,89658,5.4753,0.0034,6e-04,Tilleul à grandes feuilles,2005-2024,"IGN IFN donnees brutes 2005-2024, Licence Ouverte Etalab v2.0 ; VEGET5==6 (coupe vidange) / 5 ans"
national,,,20P,128,89658,5.5814,0.008,0.0014,Tilleul à petites feuilles,2005-2024,"IGN IFN donnees brutes 2005-2024, Licence Ouverte Etalab v2.0 ; VEGET5==6 (coupe vidange) / 5 ans"
national,,,21C,296,89658,3.5761,0.0118,0.0033,Érable champêtre,2005-2024,"IGN IFN donnees brutes 2005-2024, Licence Ouverte Etalab v2.0 ; VEGET5==6 (coupe vidange) / 5 ans"
national,,,21M,10,89658,1.6346,2e-04,1e-04,Érable de Montpellier,2005-2024,"IGN IFN donnees brutes 2005-2024, Licence Ouverte Etalab v2.0 ; VEGET5==6 (coupe vidange) / 5 ans"
national,,,21O,4,89658,3.2446,1e-04,0,Érable à feuilles d'obier,2005-2024,"IGN IFN donnees brutes 2005-2024, Licence Ouverte Etalab v2.0 ; VEGET5==6 (coupe vidange) / 5 ans"
national,,,22C,1,89658,2.163,0,0,Cerisier,2005-2024,"IGN IFN donnees brutes 2005-2024, Licence Ouverte Etalab v2.0 ; VEGET5==6 (coupe vidange) / 5 ans"
national,,,22G,8,89658,2.2007,2e-04,1e-04,Cerisier à grappes,2005-2024,"IGN IFN donnees brutes 2005-2024, Licence Ouverte Etalab v2.0 ; VEGET5==6 (coupe vidange) / 5 ans"
national,,,22M,270,89658,4.0028,0.0121,0.003,Merisier,2005-2024,"IGN IFN donnees brutes 2005-2024, Licence Ouverte Etalab v2.0 ; VEGET5==6 (coupe vidange) / 5 ans"
national,,,22S,6,89658,2.2946,2e-04,1e-04,Cerisier tardif,2005-2024,"IGN IFN donnees brutes 2005-2024, Licence Ouverte Etalab v2.0 ; VEGET5==6 (coupe vidange) / 5 ans"
national,,,23AB,61,89658,1.4939,0.001,7e-04,Alisier blanc,2005-2024,"IGN IFN donnees brutes 2005-2024, Licence Ouverte Etalab v2.0 ; VEGET5==6 (coupe vidange) / 5 ans"
national,,,23C,5,89658,3.2627,2e-04,1e-04,Cormier,2005-2024,"IGN IFN donnees brutes 2005-2024, Licence Ouverte Etalab v2.0 ; VEGET5==6 (coupe vidange) / 5 ans"
national,,,23F,1,89658,3.444,0,0,Figuier de Carie,2005-2024,"IGN IFN donnees brutes 2005-2024, Licence Ouverte Etalab v2.0 ; VEGET5==6 (coupe vidange) / 5 ans"
national,,,23PA,2,89658,0.6999,0,0,Poirier à feuilles d'amandier,2005-2024,"IGN IFN donnees brutes 2005-2024, Licence Ouverte Etalab v2.0 ; VEGET5==6 (coupe vidange) / 5 ans"
national,,,23PC,19,89658,1.4477,3e-04,2e-04,Poirier commun,2005-2024,"IGN IFN donnees brutes 2005-2024, Licence Ouverte Etalab v2.0 ; VEGET5==6 (coupe vidange) / 5 ans"
national,,,23PD,7,89658,2.2848,2e-04,1e-04,Prunier domestique,2005-2024,"IGN IFN donnees brutes 2005-2024, Licence Ouverte Etalab v2.0 ; VEGET5==6 (coupe vidange) / 5 ans"
national,,,23PM,23,89658,1.21,3e-04,3e-04,Pommier sauvage,2005-2024,"IGN IFN donnees brutes 2005-2024, Licence Ouverte Etalab v2.0 ; VEGET5==6 (coupe vidange) / 5 ans"
national,,,23SO,33,89658,1.2924,5e-04,4e-04,Sorbier des oiseleurs,2005-2024,"IGN IFN donnees brutes 2005-2024, Licence Ouverte Etalab v2.0 ; VEGET5==6 (coupe vidange) / 5 ans"
national,,,24,404,89658,8.1872,0.0369,0.0045,Tremble,2005-2024,"IGN IFN donnees brutes 2005-2024, Licence Ouverte Etalab v2.0 ; VEGET5==6 (coupe vidange) / 5 ans"
national,,,25B,41,89658,6.6958,0.0031,5e-04,Saule blanc,2005-2024,"IGN IFN donnees brutes 2005-2024, Licence Ouverte Etalab v2.0 ; VEGET5==6 (coupe vidange) / 5 ans"
national,,,25C,46,89658,2.2209,0.0011,5e-04,Saule cendré,2005-2024,"IGN IFN donnees brutes 2005-2024, Licence Ouverte Etalab v2.0 ; VEGET5==6 (coupe vidange) / 5 ans"
national,,,25FR,10,89658,3.7721,4e-04,1e-04,Saule cassant,2005-2024,"IGN IFN donnees brutes 2005-2024, Licence Ouverte Etalab v2.0 ; VEGET5==6 (coupe vidange) / 5 ans"
national,,,25M,293,89658,2.5103,0.0082,0.0033,Saule marsault,2005-2024,"IGN IFN donnees brutes 2005-2024, Licence Ouverte Etalab v2.0 ; VEGET5==6 (coupe vidange) / 5 ans"
national,,,25R,6,89658,3.5092,2e-04,1e-04,Saule roux,2005-2024,"IGN IFN donnees brutes 2005-2024, Licence Ouverte Etalab v2.0 ; VEGET5==6 (coupe vidange) / 5 ans"
national,,,26E,2,89658,3.5121,1e-04,0,Platane à feuilles d'érable,2005-2024,"IGN IFN donnees brutes 2005-2024, Licence Ouverte Etalab v2.0 ; VEGET5==6 (coupe vidange) / 5 ans"
national,,,26OC,1,89658,1.67,0,0,Platane d'Occident,2005-2024,"IGN IFN donnees brutes 2005-2024, Licence Ouverte Etalab v2.0 ; VEGET5==6 (coupe vidange) / 5 ans"
national,,,27C,17,89658,2.8929,5e-04,2e-04,Noyer commun,2005-2024,"IGN IFN donnees brutes 2005-2024, Licence Ouverte Etalab v2.0 ; VEGET5==6 (coupe vidange) / 5 ans"
national,,,29AF,1,89658,0.3324,0,0,,2005-2024,"IGN IFN donnees brutes 2005-2024, Licence Ouverte Etalab v2.0 ; VEGET5==6 (coupe vidange) / 5 ans"
national,,,29CM,2,89658,5.0722,1e-04,0,Chêne des marais,2005-2024,"IGN IFN donnees brutes 2005-2024, Licence Ouverte Etalab v2.0 ; VEGET5==6 (coupe vidange) / 5 ans"
national,,,29EN,8,89658,4.2874,4e-04,1e-04,Érable negundo,2005-2024,"IGN IFN donnees brutes 2005-2024, Licence Ouverte Etalab v2.0 ; VEGET5==6 (coupe vidange) / 5 ans"
national,,,29MA,4,89658,13.3772,6e-04,0,Marronnier d'Inde,2005-2024,"IGN IFN donnees brutes 2005-2024, Licence Ouverte Etalab v2.0 ; VEGET5==6 (coupe vidange) / 5 ans"
national,,,29MI,1,89658,3.3958,0,0,Mimosa,2005-2024,"IGN IFN donnees brutes 2005-2024, Licence Ouverte Etalab v2.0 ; VEGET5==6 (coupe vidange) / 5 ans"
national,,,31,317,89658,1.4918,0.0053,0.0035,Noisetier coudrier,2005-2024,"IGN IFN donnees brutes 2005-2024, Licence Ouverte Etalab v2.0 ; VEGET5==6 (coupe vidange) / 5 ans"
national,,,32,1,89658,4.2424,0,0,Charme houblon,2005-2024,"IGN IFN donnees brutes 2005-2024, Licence Ouverte Etalab v2.0 ; VEGET5==6 (coupe vidange) / 5 ans"
national,,,332G,4,89658,24.0212,0.0011,0,,2005-2024,"IGN IFN donnees brutes 2005-2024, Licence Ouverte Etalab v2.0 ; VEGET5==6 (coupe vidange) / 5 ans"
national,,,33B,5,89658,9.7569,5e-04,1e-04,Peuplier blanc,2005-2024,"IGN IFN donnees brutes 2005-2024, Licence Ouverte Etalab v2.0 ; VEGET5==6 (coupe vidange) / 5 ans"
national,,,33G,16,89658,12.8343,0.0023,2e-04,Peuplier grisard,2005-2024,"IGN IFN donnees brutes 2005-2024, Licence Ouverte Etalab v2.0 ; VEGET5==6 (coupe vidange) / 5 ans"
national,,,33N,12,89658,14.9938,0.002,1e-04,Peuplier noir,2005-2024,"IGN IFN donnees brutes 2005-2024, Licence Ouverte Etalab v2.0 ; VEGET5==6 (coupe vidange) / 5 ans"
national,,,34,4,89658,9.4749,4e-04,0,Chêne chevelu,2005-2024,"IGN IFN donnees brutes 2005-2024, Licence Ouverte Etalab v2.0 ; VEGET5==6 (coupe vidange) / 5 ans"
national,,,36,1,89658,19.5518,2e-04,0,Eucalyptus (genre),2005-2024,"IGN IFN donnees brutes 2005-2024, Licence Ouverte Etalab v2.0 ; VEGET5==6 (coupe vidange) / 5 ans"
national,,,38AU,5,89658,0.6394,0,1e-04,Cytise aubour,2005-2024,"IGN IFN donnees brutes 2005-2024, Licence Ouverte Etalab v2.0 ; VEGET5==6 (coupe vidange) / 5 ans"
national,,,39,6,89658,0.281,0,1e-04,Cornouiller mâle,2005-2024,"IGN IFN donnees brutes 2005-2024, Licence Ouverte Etalab v2.0 ; VEGET5==6 (coupe vidange) / 5 ans"
national,,,40,22,89658,1.6872,4e-04,2e-04,Arbousier,2005-2024,"IGN IFN donnees brutes 2005-2024, Licence Ouverte Etalab v2.0 ; VEGET5==6 (coupe vidange) / 5 ans"
national,,,41,115,89658,1.4197,0.0018,0.0013,Alisier torminal,2005-2024,"IGN IFN donnees brutes 2005-2024, Licence Ouverte Etalab v2.0 ; VEGET5==6 (coupe vidange) / 5 ans"
national,,,42,1,89658,26.5579,3e-04,0,Tulipier de Virginie,2005-2024,"IGN IFN donnees brutes 2005-2024, Licence Ouverte Etalab v2.0 ; VEGET5==6 (coupe vidange) / 5 ans"
national,,,49AE,4,89658,0.3898,0,0,Aubépine épineuse,2005-2024,"IGN IFN donnees brutes 2005-2024, Licence Ouverte Etalab v2.0 ; VEGET5==6 (coupe vidange) / 5 ans"
national,,,49AM,138,89658,0.7104,0.0011,0.0015,Aubépine monogyne,2005-2024,"IGN IFN donnees brutes 2005-2024, Licence Ouverte Etalab v2.0 ; VEGET5==6 (coupe vidange) / 5 ans"
national,,,49BO,1,89658,0.3388,0,0,Bourdaine,2005-2024,"IGN IFN donnees brutes 2005-2024, Licence Ouverte Etalab v2.0 ; VEGET5==6 (coupe vidange) / 5 ans"
national,,,49BS,5,89658,0.3831,0,1e-04,Buis,2005-2024,"IGN IFN donnees brutes 2005-2024, Licence Ouverte Etalab v2.0 ; VEGET5==6 (coupe vidange) / 5 ans"
national,,,49EV,4,89658,0.2882,0,0,Fusain d'Europe,2005-2024,"IGN IFN donnees brutes 2005-2024, Licence Ouverte Etalab v2.0 ; VEGET5==6 (coupe vidange) / 5 ans"
national,,,49FL,5,89658,0.3954,0,1e-04,Filaire à feuilles larges,2005-2024,"IGN IFN donnees brutes 2005-2024, Licence Ouverte Etalab v2.0 ; VEGET5==6 (coupe vidange) / 5 ans"
national,,,49IA,56,89658,0.7586,5e-04,6e-04,Houx,2005-2024,"IGN IFN donnees brutes 2005-2024, Licence Ouverte Etalab v2.0 ; VEGET5==6 (coupe vidange) / 5 ans"
national,,,49LN,1,89658,0.3302,0,0,Laurier noble,2005-2024,"IGN IFN donnees brutes 2005-2024, Licence Ouverte Etalab v2.0 ; VEGET5==6 (coupe vidange) / 5 ans"
national,,,49PM,5,89658,1.3214,1e-04,1e-04,Cerisier de Sainte Lucie,2005-2024,"IGN IFN donnees brutes 2005-2024, Licence Ouverte Etalab v2.0 ; VEGET5==6 (coupe vidange) / 5 ans"
national,,,49PS,11,89658,0.5019,1e-04,1e-04,Prunelier,2005-2024,"IGN IFN donnees brutes 2005-2024, Licence Ouverte Etalab v2.0 ; VEGET5==6 (coupe vidange) / 5 ans"
national,,,49RA,1,89658,2.4318,0,0,Nerprun alaterne,2005-2024,"IGN IFN donnees brutes 2005-2024, Licence Ouverte Etalab v2.0 ; VEGET5==6 (coupe vidange) / 5 ans"
national,,,49RC,2,89658,0.539,0,0,Nerprun purgatif,2005-2024,"IGN IFN donnees brutes 2005-2024, Licence Ouverte Etalab v2.0 ; VEGET5==6 (coupe vidange) / 5 ans"
national,,,49SN,55,89658,0.9236,6e-04,6e-04,Sureau noir,2005-2024,"IGN IFN donnees brutes 2005-2024, Licence Ouverte Etalab v2.0 ; VEGET5==6 (coupe vidange) / 5 ans"
national,,,51,1347,89658,14.7961,0.2223,0.015,Pin maritime,2005-2024,"IGN IFN donnees brutes 2005-2024, Licence Ouverte Etalab v2.0 ; VEGET5==6 (coupe vidange) / 5 ans"
national,,,52,786,89658,12.3008,0.1078,0.0088,Pin sylvestre,2005-2024,"IGN IFN donnees brutes 2005-2024, Licence Ouverte Etalab v2.0 ; VEGET5==6 (coupe vidange) / 5 ans"
national,,,53CA,1,89658,21.0626,2e-04,0,Pin laricio de Calabre,2005-2024,"IGN IFN donnees brutes 2005-2024, Licence Ouverte Etalab v2.0 ; VEGET5==6 (coupe vidange) / 5 ans"
national,,,53CO,230,89658,11.327,0.0291,0.0026,Pin laricio de Corse,2005-2024,"IGN IFN donnees brutes 2005-2024, Licence Ouverte Etalab v2.0 ; VEGET5==6 (coupe vidange) / 5 ans"
national,,,54,107,89658,15.1921,0.0181,0.0012,Pin noir d'Autriche,2005-2024,"IGN IFN donnees brutes 2005-2024, Licence Ouverte Etalab v2.0 ; VEGET5==6 (coupe vidange) / 5 ans"
national,,,55,5,89658,3.9605,2e-04,1e-04,Pin parasol,2005-2024,"IGN IFN donnees brutes 2005-2024, Licence Ouverte Etalab v2.0 ; VEGET5==6 (coupe vidange) / 5 ans"
national,,,56,15,89658,16.3151,0.0027,2e-04,Pin Weymouth,2005-2024,"IGN IFN donnees brutes 2005-2024, Licence Ouverte Etalab v2.0 ; VEGET5==6 (coupe vidange) / 5 ans"
national,,,57A,55,89658,9.2975,0.0057,6e-04,Pin d'Alep,2005-2024,"IGN IFN donnees brutes 2005-2024, Licence Ouverte Etalab v2.0 ; VEGET5==6 (coupe vidange) / 5 ans"
national,,,57B,1,89658,6.9504,1e-04,0,Pin brutia (ou) eldarica,2005-2024,"IGN IFN donnees brutes 2005-2024, Licence Ouverte Etalab v2.0 ; VEGET5==6 (coupe vidange) / 5 ans"
national,,,58,15,89658,5.9954,0.001,2e-04,Pin à crochets,2005-2024,"IGN IFN donnees brutes 2005-2024, Licence Ouverte Etalab v2.0 ; VEGET5==6 (coupe vidange) / 5 ans"
national,,,59,2,89658,4.4763,1e-04,0,Pin cembro,2005-2024,"IGN IFN donnees brutes 2005-2024, Licence Ouverte Etalab v2.0 ; VEGET5==6 (coupe vidange) / 5 ans"
national,,,61,1216,89658,17.5222,0.2376,0.0136,Sapin pectiné,2005-2024,"IGN IFN donnees brutes 2005-2024, Licence Ouverte Etalab v2.0 ; VEGET5==6 (coupe vidange) / 5 ans"
national,,,62,1471,89658,23.6617,0.3882,0.0164,Épicéa commun,2005-2024,"IGN IFN donnees brutes 2005-2024, Licence Ouverte Etalab v2.0 ; VEGET5==6 (coupe vidange) / 5 ans"
national,,,63,40,89658,16.6909,0.0074,4e-04,Mélèze d'Europe,2005-2024,"IGN IFN donnees brutes 2005-2024, Licence Ouverte Etalab v2.0 ; VEGET5==6 (coupe vidange) / 5 ans"
national,,,64,786,89658,22.5091,0.1973,0.0088,Douglas,2005-2024,"IGN IFN donnees brutes 2005-2024, Licence Ouverte Etalab v2.0 ; VEGET5==6 (coupe vidange) / 5 ans"
national,,,65,6,89658,26.9162,0.0018,1e-04,Cèdre de l'Atlas,2005-2024,"IGN IFN donnees brutes 2005-2024, Licence Ouverte Etalab v2.0 ; VEGET5==6 (coupe vidange) / 5 ans"
national,,,67,3,89658,0.6266,0,0,If,2005-2024,"IGN IFN donnees brutes 2005-2024, Licence Ouverte Etalab v2.0 ; VEGET5==6 (coupe vidange) / 5 ans"
national,,,68CL,1,89658,3.8411,0,0,Cyprès de Lawson,2005-2024,"IGN IFN donnees brutes 2005-2024, Licence Ouverte Etalab v2.0 ; VEGET5==6 (coupe vidange) / 5 ans"
national,,,68CM,1,89658,2.7821,0,0,Cyprès de Lambert,2005-2024,"IGN IFN donnees brutes 2005-2024, Licence Ouverte Etalab v2.0 ; VEGET5==6 (coupe vidange) / 5 ans"
national,,,68EO,1,89658,3.7983,0,0,Épicéa omorika,2005-2024,"IGN IFN donnees brutes 2005-2024, Licence Ouverte Etalab v2.0 ; VEGET5==6 (coupe vidange) / 5 ans"
national,,,68PC,1,89658,4.7969,1e-04,0,Pin de Murray,2005-2024,"IGN IFN donnees brutes 2005-2024, Licence Ouverte Etalab v2.0 ; VEGET5==6 (coupe vidange) / 5 ans"
national,,,68PM,1,89658,107.6176,0.0012,0,Pin de Monterey,2005-2024,"IGN IFN donnees brutes 2005-2024, Licence Ouverte Etalab v2.0 ; VEGET5==6 (coupe vidange) / 5 ans"
national,,,68TG,1,89658,19.7973,2e-04,0,Thuya géant,2005-2024,"IGN IFN donnees brutes 2005-2024, Licence Ouverte Etalab v2.0 ; VEGET5==6 (coupe vidange) / 5 ans"
national,,,68TH,3,89658,6.4309,2e-04,0,Tsuga heterophylla,2005-2024,"IGN IFN donnees brutes 2005-2024, Licence Ouverte Etalab v2.0 ; VEGET5==6 (coupe vidange) / 5 ans"
national,,,69JC,12,89658,0.4611,1e-04,1e-04,Genévrier commun,2005-2024,"IGN IFN donnees brutes 2005-2024, Licence Ouverte Etalab v2.0 ; VEGET5==6 (coupe vidange) / 5 ans"
national,,,69JO,4,89658,0.7058,0,0,Genévrier oxycèdre,2005-2024,"IGN IFN donnees brutes 2005-2024, Licence Ouverte Etalab v2.0 ; VEGET5==6 (coupe vidange) / 5 ans"
national,,,71,2,89658,1.9565,0,0,Sapin de Nordmann,2005-2024,"IGN IFN donnees brutes 2005-2024, Licence Ouverte Etalab v2.0 ; VEGET5==6 (coupe vidange) / 5 ans"
national,,,72V,57,89658,27.5676,0.0175,6e-04,Sapin de Vancouver,2005-2024,"IGN IFN donnees brutes 2005-2024, Licence Ouverte Etalab v2.0 ; VEGET5==6 (coupe vidange) / 5 ans"
national,,,73,109,89658,38.3917,0.0467,0.0012,Épicéa de Sitka,2005-2024,"IGN IFN donnees brutes 2005-2024, Licence Ouverte Etalab v2.0 ; VEGET5==6 (coupe vidange) / 5 ans"
national,,,74H,3,89658,15.5769,5e-04,0,Mélèze hybride,2005-2024,"IGN IFN donnees brutes 2005-2024, Licence Ouverte Etalab v2.0 ; VEGET5==6 (coupe vidange) / 5 ans"
national,,,74J,24,89658,20.3932,0.0055,3e-04,Mélèze du Japon,2005-2024,"IGN IFN donnees brutes 2005-2024, Licence Ouverte Etalab v2.0 ; VEGET5==6 (coupe vidange) / 5 ans"
national,,,77,5,89658,7.0704,4e-04,1e-04,Pin à l'encens et hybrides,2005-2024,"IGN IFN donnees brutes 2005-2024, Licence Ouverte Etalab v2.0 ; VEGET5==6 (coupe vidange) / 5 ans"
ser,A11,,02,43,1426,6.053,0.1825,0.0302,Chêne pédonculé,2005-2024,"IGN IFN donnees brutes 2005-2024, Licence Ouverte Etalab v2.0 ; VEGET5==6 (coupe vidange) / 5 ans"
ser,A11,,03,12,1426,7.8354,0.0659,0.0084,Chêne sessile,2005-2024,"IGN IFN donnees brutes 2005-2024, Licence Ouverte Etalab v2.0 ; VEGET5==6 (coupe vidange) / 5 ans"
ser,A11,,04,2,1426,4.8554,0.0068,0.0014,Chêne rouge,2005-2024,"IGN IFN donnees brutes 2005-2024, Licence Ouverte Etalab v2.0 ; VEGET5==6 (coupe vidange) / 5 ans"
ser,A11,,09,27,1426,7.864,0.1489,0.0189,Hêtre,2005-2024,"IGN IFN donnees brutes 2005-2024, Licence Ouverte Etalab v2.0 ; VEGET5==6 (coupe vidange) / 5 ans"
ser,A11,,10,31,1426,8.6645,0.1884,0.0217,Châtaignier,2005-2024,"IGN IFN donnees brutes 2005-2024, Licence Ouverte Etalab v2.0 ; VEGET5==6 (coupe vidange) / 5 ans"
ser,A11,,12P,2,1426,7.6852,0.0108,0.0014,Bouleau pubescent,2005-2024,"IGN IFN donnees brutes 2005-2024, Licence Ouverte Etalab v2.0 ; VEGET5==6 (coupe vidange) / 5 ans"
ser,A11,,12V,13,1426,3.1306,0.0285,0.0091,Bouleau verruqueux,2005-2024,"IGN IFN donnees brutes 2005-2024, Licence Ouverte Etalab v2.0 ; VEGET5==6 (coupe vidange) / 5 ans"
ser,A11,,13G,2,1426,3.22,0.0045,0.0014,Aulne glutineux,2005-2024,"IGN IFN donnees brutes 2005-2024, Licence Ouverte Etalab v2.0 ; VEGET5==6 (coupe vidange) / 5 ans"
ser,A11,,15S,3,1426,0.662,0.0014,0.0021,Érable sycomore,2005-2024,"IGN IFN donnees brutes 2005-2024, Licence Ouverte Etalab v2.0 ; VEGET5==6 (coupe vidange) / 5 ans"
ser,A11,,17C,5,1426,4.2411,0.0149,0.0035,Frêne commun,2005-2024,"IGN IFN donnees brutes 2005-2024, Licence Ouverte Etalab v2.0 ; VEGET5==6 (coupe vidange) / 5 ans"
ser,A11,,18C,1,1426,17.1322,0.012,7e-04,Orme champêtre,2005-2024,"IGN IFN donnees brutes 2005-2024, Licence Ouverte Etalab v2.0 ; VEGET5==6 (coupe vidange) / 5 ans"
ser,A11,,19,9,1426,30.6226,0.1933,0.0063,Peuplier cultivé,2005-2024,"IGN IFN donnees brutes 2005-2024, Licence Ouverte Etalab v2.0 ; VEGET5==6 (coupe vidange) / 5 ans"
ser,A11,,21C,1,1426,0.4048,3e-04,7e-04,Érable champêtre,2005-2024,"IGN IFN donnees brutes 2005-2024, Licence Ouverte Etalab v2.0 ; VEGET5==6 (coupe vidange) / 5 ans"
ser,A11,,22M,3,1426,1.5628,0.0033,0.0021,Merisier,2005-2024,"IGN IFN donnees brutes 2005-2024, Licence Ouverte Etalab v2.0 ; VEGET5==6 (coupe vidange) / 5 ans"
ser,A11,,23PC,1,1426,0.856,6e-04,7e-04,Poirier commun,2005-2024,"IGN IFN donnees brutes 2005-2024, Licence Ouverte Etalab v2.0 ; VEGET5==6 (coupe vidange) / 5 ans"
ser,A11,,24,1,1426,2.723,0.0019,7e-04,Tremble,2005-2024,"IGN IFN donnees brutes 2005-2024, Licence Ouverte Etalab v2.0 ; VEGET5==6 (coupe vidange) / 5 ans"
ser,A11,,25M,11,1426,3.2663,0.0252,0.0077,Saule marsault,2005-2024,"IGN IFN donnees brutes 2005-2024, Licence Ouverte Etalab v2.0 ; VEGET5==6 (coupe vidange) / 5 ans"
ser,A11,,25R,1,1426,4.176,0.0029,7e-04,Saule roux,2005-2024,"IGN IFN donnees brutes 2005-2024, Licence Ouverte Etalab v2.0 ; VEGET5==6 (coupe vidange) / 5 ans"
ser,A11,,29MA,1,1426,0.1811,1e-04,7e-04,Marronnier d'Inde,2005-2024,"IGN IFN donnees brutes 2005-2024, Licence Ouverte Etalab v2.0 ; VEGET5==6 (coupe vidange) / 5 ans"
ser,A11,,31,6,1426,1.0328,0.0043,0.0042,Noisetier coudrier,2005-2024,"IGN IFN donnees brutes 2005-2024, Licence Ouverte Etalab v2.0 ; VEGET5==6 (coupe vidange) / 5 ans"
ser,A11,,49AM,1,1426,0.3454,2e-04,7e-04,Aubépine monogyne,2005-2024,"IGN IFN donnees brutes 2005-2024, Licence Ouverte Etalab v2.0 ; VEGET5==6 (coupe vidange) / 5 ans"
ser,A11,,49IA,5,1426,0.5551,0.0019,0.0035,Houx,2005-2024,"IGN IFN donnees brutes 2005-2024, Licence Ouverte Etalab v2.0 ; VEGET5==6 (coupe vidange) / 5 ans"
ser,A11,,49SN,3,1426,0.3295,7e-04,0.0021,Sureau noir,2005-2024,"IGN IFN donnees brutes 2005-2024, Licence Ouverte Etalab v2.0 ; VEGET5==6 (coupe vidange) / 5 ans"
ser,A11,,51,6,1426,23.0657,0.0971,0.0042,Pin maritime,2005-2024,"IGN IFN donnees brutes 2005-2024, Licence Ouverte Etalab v2.0 ; VEGET5==6 (coupe vidange) / 5 ans"
ser,A11,,52,6,1426,10.6638,0.0449,0.0042,Pin sylvestre,2005-2024,"IGN IFN donnees brutes 2005-2024, Licence Ouverte Etalab v2.0 ; VEGET5==6 (coupe vidange) / 5 ans"
ser,A11,,53CO,4,1426,9.5815,0.0269,0.0028,Pin laricio de Corse,2005-2024,"IGN IFN donnees brutes 2005-2024, Licence Ouverte Etalab v2.0 ; VEGET5==6 (coupe vidange) / 5 ans"
ser,A11,,56,1,1426,57.2259,0.0401,7e-04,Pin Weymouth,2005-2024,"IGN IFN donnees brutes 2005-2024, Licence Ouverte Etalab v2.0 ; VEGET5==6 (coupe vidange) / 5 ans"
ser,A11,,61,6,1426,12.0866,0.0509,0.0042,Sapin pectiné,2005-2024,"IGN IFN donnees brutes 2005-2024, Licence Ouverte Etalab v2.0 ; VEGET5==6 (coupe vidange) / 5 ans"
ser,A11,,62,1,1426,26.6646,0.0187,7e-04,Épicéa commun,2005-2024,"IGN IFN donnees brutes 2005-2024, Licence Ouverte Etalab v2.0 ; VEGET5==6 (coupe vidange) / 5 ans"
ser,A11,,64,15,1426,19.4873,0.205,0.0105,Douglas,2005-2024,"IGN IFN donnees brutes 2005-2024, Licence Ouverte Etalab v2.0 ; VEGET5==6 (coupe vidange) / 5 ans"
ser,A11,,67,1,1426,0.2455,2e-04,7e-04,If,2005-2024,"IGN IFN donnees brutes 2005-2024, Licence Ouverte Etalab v2.0 ; VEGET5==6 (coupe vidange) / 5 ans"
ser,A11,,68CL,1,1426,3.8411,0.0027,7e-04,Cyprès de Lawson,2005-2024,"IGN IFN donnees brutes 2005-2024, Licence Ouverte Etalab v2.0 ; VEGET5==6 (coupe vidange) / 5 ans"
ser,A11,,68PM,1,1426,107.6176,0.0755,7e-04,Pin de Monterey,2005-2024,"IGN IFN donnees brutes 2005-2024, Licence Ouverte Etalab v2.0 ; VEGET5==6 (coupe vidange) / 5 ans"
ser,A11,,72V,1,1426,44.3757,0.0311,7e-04,Sapin de Vancouver,2005-2024,"IGN IFN donnees brutes 2005-2024, Licence Ouverte Etalab v2.0 ; VEGET5==6 (coupe vidange) / 5 ans"
ser,A11,,73,38,1426,34.4966,0.9193,0.0266,Épicéa de Sitka,2005-2024,"IGN IFN donnees brutes 2005-2024, Licence Ouverte Etalab v2.0 ; VEGET5==6 (coupe vidange) / 5 ans"
ser,A11,,74H,1,1426,17.6468,0.0124,7e-04,Mélèze hybride,2005-2024,"IGN IFN donnees brutes 2005-2024, Licence Ouverte Etalab v2.0 ; VEGET5==6 (coupe vidange) / 5 ans"
ser,A11,,74J,2,1426,2.9832,0.0042,0.0014,Mélèze du Japon,2005-2024,"IGN IFN donnees brutes 2005-2024, Licence Ouverte Etalab v2.0 ; VEGET5==6 (coupe vidange) / 5 ans"
ser,A12,,02,18,518,5.7589,0.2001,0.0347,Chêne pédonculé,2005-2024,"IGN IFN donnees brutes 2005-2024, Licence Ouverte Etalab v2.0 ; VEGET5==6 (coupe vidange) / 5 ans"
ser,A12,,03,5,518,5.0356,0.0486,0.0097,Chêne sessile,2005-2024,"IGN IFN donnees brutes 2005-2024, Licence Ouverte Etalab v2.0 ; VEGET5==6 (coupe vidange) / 5 ans"
ser,A12,,09,13,518,7.4776,0.1877,0.0251,Hêtre,2005-2024,"IGN IFN donnees brutes 2005-2024, Licence Ouverte Etalab v2.0 ; VEGET5==6 (coupe vidange) / 5 ans"
ser,A12,,10,19,518,5.908,0.2167,0.0367,Châtaignier,2005-2024,"IGN IFN donnees brutes 2005-2024, Licence Ouverte Etalab v2.0 ; VEGET5==6 (coupe vidange) / 5 ans"
ser,A12,,11,1,518,0.6412,0.0012,0.0019,Charme,2005-2024,"IGN IFN donnees brutes 2005-2024, Licence Ouverte Etalab v2.0 ; VEGET5==6 (coupe vidange) / 5 ans"
ser,A12,,12P,2,518,2.1173,0.0082,0.0039,Bouleau pubescent,2005-2024,"IGN IFN donnees brutes 2005-2024, Licence Ouverte Etalab v2.0 ; VEGET5==6 (coupe vidange) / 5 ans"
ser,A12,,12V,12,518,1.6306,0.0378,0.0232,Bouleau verruqueux,2005-2024,"IGN IFN donnees brutes 2005-2024, Licence Ouverte Etalab v2.0 ; VEGET5==6 (coupe vidange) / 5 ans"
ser,A12,,15S,3,518,6.9017,0.04,0.0058,Érable sycomore,2005-2024,"IGN IFN donnees brutes 2005-2024, Licence Ouverte Etalab v2.0 ; VEGET5==6 (coupe vidange) / 5 ans"
ser,A12,,17C,1,518,3.1555,0.0061,0.0019,Frêne commun,2005-2024,"IGN IFN donnees brutes 2005-2024, Licence Ouverte Etalab v2.0 ; VEGET5==6 (coupe vidange) / 5 ans"
ser,A12,,19,6,518,53.906,0.6244,0.0116,Peuplier cultivé,2005-2024,"IGN IFN donnees brutes 2005-2024, Licence Ouverte Etalab v2.0 ; VEGET5==6 (coupe vidange) / 5 ans"
ser,A12,,22M,1,518,1.6088,0.0031,0.0019,Merisier,2005-2024,"IGN IFN donnees brutes 2005-2024, Licence Ouverte Etalab v2.0 ; VEGET5==6 (coupe vidange) / 5 ans"
ser,A12,,23PM,1,518,0.4894,9e-04,0.0019,Pommier sauvage,2005-2024,"IGN IFN donnees brutes 2005-2024, Licence Ouverte Etalab v2.0 ; VEGET5==6 (coupe vidange) / 5 ans"
ser,A12,,24,2,518,9.107,0.0352,0.0039,Tremble,2005-2024,"IGN IFN donnees brutes 2005-2024, Licence Ouverte Etalab v2.0 ; VEGET5==6 (coupe vidange) / 5 ans"
ser,A12,,25FR,1,518,3.5793,0.0069,0.0019,Saule cassant,2005-2024,"IGN IFN donnees brutes 2005-2024, Licence Ouverte Etalab v2.0 ; VEGET5==6 (coupe vidange) / 5 ans"
ser,A12,,25M,12,518,3.666,0.0849,0.0232,Saule marsault,2005-2024,"IGN IFN donnees brutes 2005-2024, Licence Ouverte Etalab v2.0 ; VEGET5==6 (coupe vidange) / 5 ans"
ser,A12,,25R,3,518,4.0353,0.0234,0.0058,Saule roux,2005-2024,"IGN IFN donnees brutes 2005-2024, Licence Ouverte Etalab v2.0 ; VEGET5==6 (coupe vidange) / 5 ans"
ser,A12,,31,1,518,0.2424,5e-04,0.0019,Noisetier coudrier,2005-2024,"IGN IFN donnees brutes 2005-2024, Licence Ouverte Etalab v2.0 ; VEGET5==6 (coupe vidange) / 5 ans"
ser,A12,,33G,1,518,3.3865,0.0065,0.0019,Peuplier grisard,2005-2024,"IGN IFN donnees brutes 2005-2024, Licence Ouverte Etalab v2.0 ; VEGET5==6 (coupe vidange) / 5 ans"
ser,A12,,49IA,2,518,0.801,0.0031,0.0039,Houx,2005-2024,"IGN IFN donnees brutes 2005-2024, Licence Ouverte Etalab v2.0 ; VEGET5==6 (coupe vidange) / 5 ans"
ser,A12,,49SN,2,518,0.5698,0.0022,0.0039,Sureau noir,2005-2024,"IGN IFN donnees brutes 2005-2024, Licence Ouverte Etalab v2.0 ; VEGET5==6 (coupe vidange) / 5 ans"
ser,A12,,51,5,518,12.3156,0.1189,0.0097,Pin maritime,2005-2024,"IGN IFN donnees brutes 2005-2024, Licence Ouverte Etalab v2.0 ; VEGET5==6 (coupe vidange) / 5 ans"
ser,A12,,52,7,518,5.8352,0.0789,0.0135,Pin sylvestre,2005-2024,"IGN IFN donnees brutes 2005-2024, Licence Ouverte Etalab v2.0 ; VEGET5==6 (coupe vidange) / 5 ans"
ser,A12,,53CO,5,518,9.9391,0.0959,0.0097,Pin laricio de Corse,2005-2024,"IGN IFN donnees brutes 2005-2024, Licence Ouverte Etalab v2.0 ; VEGET5==6 (coupe vidange) / 5 ans"
ser,A12,,61,5,518,33.3499,0.3219,0.0097,Sapin pectiné,2005-2024,"IGN IFN donnees brutes 2005-2024, Licence Ouverte Etalab v2.0 ; VEGET5==6 (coupe vidange) / 5 ans"
ser,A12,,62,2,518,26.1114,0.1008,0.0039,Épicéa commun,2005-2024,"IGN IFN donnees brutes 2005-2024, Licence Ouverte Etalab v2.0 ; VEGET5==6 (coupe vidange) / 5 ans"
ser,A12,,64,5,518,9.9591,0.0961,0.0097,Douglas,2005-2024,"IGN IFN donnees brutes 2005-2024, Licence Ouverte Etalab v2.0 ; VEGET5==6 (coupe vidange) / 5 ans"
ser,A12,,68TH,1,518,10.1197,0.0195,0.0019,Tsuga heterophylla,2005-2024,"IGN IFN donnees brutes 2005-2024, Licence Ouverte Etalab v2.0 ; VEGET5==6 (coupe vidange) / 5 ans"
ser,A12,,73,9,518,51.6263,0.897,0.0174,Épicéa de Sitka,2005-2024,"IGN IFN donnees brutes 2005-2024, Licence Ouverte Etalab v2.0 ; VEGET5==6 (coupe vidange) / 5 ans"
ser,A13,,02,28,930,10.7414,0.3234,0.0301,Chêne pédonculé,2005-2024,"IGN IFN donnees brutes 2005-2024, Licence Ouverte Etalab v2.0 ; VEGET5==6 (coupe vidange) / 5 ans"
ser,A13,,03,47,930,10.0105,0.5059,0.0505,Chêne sessile,2005-2024,"IGN IFN donnees brutes 2005-2024, Licence Ouverte Etalab v2.0 ; VEGET5==6 (coupe vidange) / 5 ans"
ser,A13,,09,49,930,9.476,0.4993,0.0527,Hêtre,2005-2024,"IGN IFN donnees brutes 2005-2024, Licence Ouverte Etalab v2.0 ; VEGET5==6 (coupe vidange) / 5 ans"
ser,A13,,10,21,930,9.5389,0.2154,0.0226,Châtaignier,2005-2024,"IGN IFN donnees brutes 2005-2024, Licence Ouverte Etalab v2.0 ; VEGET5==6 (coupe vidange) / 5 ans"
ser,A13,,11,2,930,1.8917,0.0041,0.0022,Charme,2005-2024,"IGN IFN donnees brutes 2005-2024, Licence Ouverte Etalab v2.0 ; VEGET5==6 (coupe vidange) / 5 ans"
ser,A13,,12V,24,930,4.9435,0.1276,0.0258,Bouleau verruqueux,2005-2024,"IGN IFN donnees brutes 2005-2024, Licence Ouverte Etalab v2.0 ; VEGET5==6 (coupe vidange) / 5 ans"
ser,A13,,13G,1,930,74.3114,0.0799,0.0011,Aulne glutineux,2005-2024,"IGN IFN donnees brutes 2005-2024, Licence Ouverte Etalab v2.0 ; VEGET5==6 (coupe vidange) / 5 ans"
ser,A13,,19,4,930,29.4931,0.1269,0.0043,Peuplier cultivé,2005-2024,"IGN IFN donnees brutes 2005-2024, Licence Ouverte Etalab v2.0 ; VEGET5==6 (coupe vidange) / 5 ans"
ser,A13,,20P,1,930,0.5161,6e-04,0.0011,Tilleul à petites feuilles,2005-2024,"IGN IFN donnees brutes 2005-2024, Licence Ouverte Etalab v2.0 ; VEGET5==6 (coupe vidange) / 5 ans"
ser,A13,,22M,5,930,1.3655,0.0073,0.0054,Merisier,2005-2024,"IGN IFN donnees brutes 2005-2024, Licence Ouverte Etalab v2.0 ; VEGET5==6 (coupe vidange) / 5 ans"
ser,A13,,24,4,930,6.4871,0.0279,0.0043,Tremble,2005-2024,"IGN IFN donnees brutes 2005-2024, Licence Ouverte Etalab v2.0 ; VEGET5==6 (coupe vidange) / 5 ans"
ser,A13,,25M,7,930,2.2612,0.017,0.0075,Saule marsault,2005-2024,"IGN IFN donnees brutes 2005-2024, Licence Ouverte Etalab v2.0 ; VEGET5==6 (coupe vidange) / 5 ans"
ser,A13,,31,3,930,5.9701,0.0193,0.0032,Noisetier coudrier,2005-2024,"IGN IFN donnees brutes 2005-2024, Licence Ouverte Etalab v2.0 ; VEGET5==6 (coupe vidange) / 5 ans"
ser,A13,,49AM,3,930,0.4002,0.0013,0.0032,Aubépine monogyne,2005-2024,"IGN IFN donnees brutes 2005-2024, Licence Ouverte Etalab v2.0 ; VEGET5==6 (coupe vidange) / 5 ans"
ser,A13,,49IA,1,930,1.2695,0.0014,0.0011,Houx,2005-2024,"IGN IFN donnees brutes 2005-2024, Licence Ouverte Etalab v2.0 ; VEGET5==6 (coupe vidange) / 5 ans"
ser,A13,,51,4,930,14.5907,0.0628,0.0043,Pin maritime,2005-2024,"IGN IFN donnees brutes 2005-2024, Licence Ouverte Etalab v2.0 ; VEGET5==6 (coupe vidange) / 5 ans"
ser,A13,,52,11,930,10.5236,0.1245,0.0118,Pin sylvestre,2005-2024,"IGN IFN donnees brutes 2005-2024, Licence Ouverte Etalab v2.0 ; VEGET5==6 (coupe vidange) / 5 ans"
ser,A13,,53CO,4,930,9.3112,0.04,0.0043,Pin laricio de Corse,2005-2024,"IGN IFN donnees brutes 2005-2024, Licence Ouverte Etalab v2.0 ; VEGET5==6 (coupe vidange) / 5 ans"
ser,A13,,61,13,930,15.0535,0.2104,0.014,Sapin pectiné,2005-2024,"IGN IFN donnees brutes 2005-2024, Licence Ouverte Etalab v2.0 ; VEGET5==6 (coupe vidange) / 5 ans"
ser,A13,,62,14,930,16.2534,0.2447,0.0151,Épicéa commun,2005-2024,"IGN IFN donnees brutes 2005-2024, Licence Ouverte Etalab v2.0 ; VEGET5==6 (coupe vidange) / 5 ans"
ser,A13,,64,29,930,17.7092,0.5522,0.0312,Douglas,2005-2024,"IGN IFN donnees brutes 2005-2024, Licence Ouverte Etalab v2.0 ; VEGET5==6 (coupe vidange) / 5 ans"
ser,A13,,67,1,930,0.8061,9e-04,0.0011,If,2005-2024,"IGN IFN donnees brutes 2005-2024, Licence Ouverte Etalab v2.0 ; VEGET5==6 (coupe vidange) / 5 ans"
ser,A13,,72V,2,930,14.534,0.0313,0.0022,Sapin de Vancouver,2005-2024,"IGN IFN donnees brutes 2005-2024, Licence Ouverte Etalab v2.0 ; VEGET5==6 (coupe vidange) / 5 ans"
ser,A13,,73,4,930,18.4141,0.0792,0.0043,Épicéa de Sitka,2005-2024,"IGN IFN donnees brutes 2005-2024, Licence Ouverte Etalab v2.0 ; VEGET5==6 (coupe vidange) / 5 ans"
ser,A13,,74J,1,930,7.4494,0.008,0.0011,Mélèze du Japon,2005-2024,"IGN IFN donnees brutes 2005-2024, Licence Ouverte Etalab v2.0 ; VEGET5==6 (coupe vidange) / 5 ans"
ser,A21,,02,11,573,6.5614,0.126,0.0192,Chêne pédonculé,2005-2024,"IGN IFN donnees brutes 2005-2024, Licence Ouverte Etalab v2.0 ; VEGET5==6 (coupe vidange) / 5 ans"
ser,A21,,03,3,573,15.2922,0.0801,0.0052,Chêne sessile,2005-2024,"IGN IFN donnees brutes 2005-2024, Licence Ouverte Etalab v2.0 ; VEGET5==6 (coupe vidange) / 5 ans"
ser,A21,,04,3,573,4.1695,0.0218,0.0052,Chêne rouge,2005-2024,"IGN IFN donnees brutes 2005-2024, Licence Ouverte Etalab v2.0 ; VEGET5==6 (coupe vidange) / 5 ans"
ser,A21,,09,2,573,13.8444,0.0483,0.0035,Hêtre,2005-2024,"IGN IFN donnees brutes 2005-2024, Licence Ouverte Etalab v2.0 ; VEGET5==6 (coupe vidange) / 5 ans"
ser,A21,,10,25,573,7.1457,0.3118,0.0436,Châtaignier,2005-2024,"IGN IFN donnees brutes 2005-2024, Licence Ouverte Etalab v2.0 ; VEGET5==6 (coupe vidange) / 5 ans"
ser,A21,,12P,2,573,2.1909,0.0076,0.0035,Bouleau pubescent,2005-2024,"IGN IFN donnees brutes 2005-2024, Licence Ouverte Etalab v2.0 ; VEGET5==6 (coupe vidange) / 5 ans"
ser,A21,,12V,9,573,3.3761,0.053,0.0157,Bouleau verruqueux,2005-2024,"IGN IFN donnees brutes 2005-2024, Licence Ouverte Etalab v2.0 ; VEGET5==6 (coupe vidange) / 5 ans"
ser,A21,,17C,1,573,2.8739,0.005,0.0017,Frêne commun,2005-2024,"IGN IFN donnees brutes 2005-2024, Licence Ouverte Etalab v2.0 ; VEGET5==6 (coupe vidange) / 5 ans"
ser,A21,,19,1,573,32.4042,0.0566,0.0017,Peuplier cultivé,2005-2024,"IGN IFN donnees brutes 2005-2024, Licence Ouverte Etalab v2.0 ; VEGET5==6 (coupe vidange) / 5 ans"
ser,A21,,23PM,1,573,2.0203,0.0035,0.0017,Pommier sauvage,2005-2024,"IGN IFN donnees brutes 2005-2024, Licence Ouverte Etalab v2.0 ; VEGET5==6 (coupe vidange) / 5 ans"
ser,A21,,24,1,573,2.0831,0.0036,0.0017,Tremble,2005-2024,"IGN IFN donnees brutes 2005-2024, Licence Ouverte Etalab v2.0 ; VEGET5==6 (coupe vidange) / 5 ans"
ser,A21,,25M,3,573,3.4139,0.0179,0.0052,Saule marsault,2005-2024,"IGN IFN donnees brutes 2005-2024, Licence Ouverte Etalab v2.0 ; VEGET5==6 (coupe vidange) / 5 ans"
ser,A21,,31,2,573,3.58,0.0125,0.0035,Noisetier coudrier,2005-2024,"IGN IFN donnees brutes 2005-2024, Licence Ouverte Etalab v2.0 ; VEGET5==6 (coupe vidange) / 5 ans"
ser,A21,,49IA,1,573,0.1639,3e-04,0.0017,Houx,2005-2024,"IGN IFN donnees brutes 2005-2024, Licence Ouverte Etalab v2.0 ; VEGET5==6 (coupe vidange) / 5 ans"
ser,A21,,51,32,573,23.9127,1.3354,0.0558,Pin maritime,2005-2024,"IGN IFN donnees brutes 2005-2024, Licence Ouverte Etalab v2.0 ; VEGET5==6 (coupe vidange) / 5 ans"
ser,A21,,52,6,573,5.0968,0.0534,0.0105,Pin sylvestre,2005-2024,"IGN IFN donnees brutes 2005-2024, Licence Ouverte Etalab v2.0 ; VEGET5==6 (coupe vidange) / 5 ans"
ser,A21,,53CA,1,573,21.0626,0.0368,0.0017,Pin laricio de Calabre,2005-2024,"IGN IFN donnees brutes 2005-2024, Licence Ouverte Etalab v2.0 ; VEGET5==6 (coupe vidange) / 5 ans"
ser,A21,,61,1,573,0.6279,0.0011,0.0017,Sapin pectiné,2005-2024,"IGN IFN donnees brutes 2005-2024, Licence Ouverte Etalab v2.0 ; VEGET5==6 (coupe vidange) / 5 ans"
ser,A21,,64,3,573,7.8512,0.0411,0.0052,Douglas,2005-2024,"IGN IFN donnees brutes 2005-2024, Licence Ouverte Etalab v2.0 ; VEGET5==6 (coupe vidange) / 5 ans"
ser,A21,,68TH,1,573,5.355,0.0093,0.0017,Tsuga heterophylla,2005-2024,"IGN IFN donnees brutes 2005-2024, Licence Ouverte Etalab v2.0 ; VEGET5==6 (coupe vidange) / 5 ans"
ser,A21,,73,2,573,32.8533,0.1147,0.0035,Épicéa de Sitka,2005-2024,"IGN IFN donnees brutes 2005-2024, Licence Ouverte Etalab v2.0 ; VEGET5==6 (coupe vidange) / 5 ans"
ser,A21,,74J,2,573,4.9471,0.0173,0.0035,Mélèze du Japon,2005-2024,"IGN IFN donnees brutes 2005-2024, Licence Ouverte Etalab v2.0 ; VEGET5==6 (coupe vidange) / 5 ans"
ser,A22,,02,18,590,6.2498,0.1907,0.0305,Chêne pédonculé,2005-2024,"IGN IFN donnees brutes 2005-2024, Licence Ouverte Etalab v2.0 ; VEGET5==6 (coupe vidange) / 5 ans"
ser,A22,,03,27,590,10.5796,0.4842,0.0458,Chêne sessile,2005-2024,"IGN IFN donnees brutes 2005-2024, Licence Ouverte Etalab v2.0 ; VEGET5==6 (coupe vidange) / 5 ans"
ser,A22,,07,3,590,2.4615,0.0125,0.0051,Chêne tauzin,2005-2024,"IGN IFN donnees brutes 2005-2024, Licence Ouverte Etalab v2.0 ; VEGET5==6 (coupe vidange) / 5 ans"
ser,A22,,09,8,590,4.2137,0.0571,0.0136,Hêtre,2005-2024,"IGN IFN donnees brutes 2005-2024, Licence Ouverte Etalab v2.0 ; VEGET5==6 (coupe vidange) / 5 ans"
ser,A22,,10,14,590,6.259,0.1485,0.0237,Châtaignier,2005-2024,"IGN IFN donnees brutes 2005-2024, Licence Ouverte Etalab v2.0 ; VEGET5==6 (coupe vidange) / 5 ans"
ser,A22,,11,6,590,2.0263,0.0206,0.0102,Charme,2005-2024,"IGN IFN donnees brutes 2005-2024, Licence Ouverte Etalab v2.0 ; VEGET5==6 (coupe vidange) / 5 ans"
ser,A22,,12V,1,590,0.3091,5e-04,0.0017,Bouleau verruqueux,2005-2024,"IGN IFN donnees brutes 2005-2024, Licence Ouverte Etalab v2.0 ; VEGET5==6 (coupe vidange) / 5 ans"
ser,A22,,13G,1,590,9.6558,0.0164,0.0017,Aulne glutineux,2005-2024,"IGN IFN donnees brutes 2005-2024, Licence Ouverte Etalab v2.0 ; VEGET5==6 (coupe vidange) / 5 ans"
ser,A22,,14,1,590,5.6497,0.0096,0.0017,Robinier faux acacia,2005-2024,"IGN IFN donnees brutes 2005-2024, Licence Ouverte Etalab v2.0 ; VEGET5==6 (coupe vidange) / 5 ans"
ser,A22,,17C,1,590,2.4642,0.0042,0.0017,Frêne commun,2005-2024,"IGN IFN donnees brutes 2005-2024, Licence Ouverte Etalab v2.0 ; VEGET5==6 (coupe vidange) / 5 ans"
ser,A22,,17O,1,590,0.2222,4e-04,0.0017,Frêne oxyphylle,2005-2024,"IGN IFN donnees brutes 2005-2024, Licence Ouverte Etalab v2.0 ; VEGET5==6 (coupe vidange) / 5 ans"
ser,A22,,19,3,590,12.7218,0.0647,0.0051,Peuplier cultivé,2005-2024,"IGN IFN donnees brutes 2005-2024, Licence Ouverte Etalab v2.0 ; VEGET5==6 (coupe vidange) / 5 ans"
ser,A22,,22M,1,590,1.1295,0.0019,0.0017,Merisier,2005-2024,"IGN IFN donnees brutes 2005-2024, Licence Ouverte Etalab v2.0 ; VEGET5==6 (coupe vidange) / 5 ans"
ser,A22,,23PM,1,590,1.1489,0.0019,0.0017,Pommier sauvage,2005-2024,"IGN IFN donnees brutes 2005-2024, Licence Ouverte Etalab v2.0 ; VEGET5==6 (coupe vidange) / 5 ans"
ser,A22,,24,2,590,2.5774,0.0087,0.0034,Tremble,2005-2024,"IGN IFN donnees brutes 2005-2024, Licence Ouverte Etalab v2.0 ; VEGET5==6 (coupe vidange) / 5 ans"
ser,A22,,25B,1,590,1.9393,0.0033,0.0017,Saule blanc,2005-2024,"IGN IFN donnees brutes 2005-2024, Licence Ouverte Etalab v2.0 ; VEGET5==6 (coupe vidange) / 5 ans"
ser,A22,,25M,4,590,0.7542,0.0051,0.0068,Saule marsault,2005-2024,"IGN IFN donnees brutes 2005-2024, Licence Ouverte Etalab v2.0 ; VEGET5==6 (coupe vidange) / 5 ans"
ser,A22,,31,4,590,1.4215,0.0096,0.0068,Noisetier coudrier,2005-2024,"IGN IFN donnees brutes 2005-2024, Licence Ouverte Etalab v2.0 ; VEGET5==6 (coupe vidange) / 5 ans"
ser,A22,,41,1,590,0.7112,0.0012,0.0017,Alisier torminal,2005-2024,"IGN IFN donnees brutes 2005-2024, Licence Ouverte Etalab v2.0 ; VEGET5==6 (coupe vidange) / 5 ans"
ser,A22,,49EV,1,590,0.1513,3e-04,0.0017,Fusain d'Europe,2005-2024,"IGN IFN donnees brutes 2005-2024, Licence Ouverte Etalab v2.0 ; VEGET5==6 (coupe vidange) / 5 ans"
ser,A22,,49IA,3,590,0.8656,0.0044,0.0051,Houx,2005-2024,"IGN IFN donnees brutes 2005-2024, Licence Ouverte Etalab v2.0 ; VEGET5==6 (coupe vidange) / 5 ans"
ser,A22,,51,7,590,11.1659,0.1325,0.0119,Pin maritime,2005-2024,"IGN IFN donnees brutes 2005-2024, Licence Ouverte Etalab v2.0 ; VEGET5==6 (coupe vidange) / 5 ans"
ser,A22,,52,6,590,10.602,0.1078,0.0102,Pin sylvestre,2005-2024,"IGN IFN donnees brutes 2005-2024, Licence Ouverte Etalab v2.0 ; VEGET5==6 (coupe vidange) / 5 ans"
ser,A22,,53CO,8,590,12.3147,0.167,0.0136,Pin laricio de Corse,2005-2024,"IGN IFN donnees brutes 2005-2024, Licence Ouverte Etalab v2.0 ; VEGET5==6 (coupe vidange) / 5 ans"
ser,A22,,61,1,590,5.699,0.0097,0.0017,Sapin pectiné,2005-2024,"IGN IFN donnees brutes 2005-2024, Licence Ouverte Etalab v2.0 ; VEGET5==6 (coupe vidange) / 5 ans"
ser,A22,,62,1,590,2.2745,0.0039,0.0017,Épicéa commun,2005-2024,"IGN IFN donnees brutes 2005-2024, Licence Ouverte Etalab v2.0 ; VEGET5==6 (coupe vidange) / 5 ans"
ser,A22,,64,4,590,10.6244,0.072,0.0068,Douglas,2005-2024,"IGN IFN donnees brutes 2005-2024, Licence Ouverte Etalab v2.0 ; VEGET5==6 (coupe vidange) / 5 ans"
ser,A22,,73,1,590,4.4067,0.0075,0.0017,Épicéa de Sitka,2005-2024,"IGN IFN donnees brutes 2005-2024, Licence Ouverte Etalab v2.0 ; VEGET5==6 (coupe vidange) / 5 ans"
ser,A30,,02,21,508,10.137,0.419,0.0413,Chêne pédonculé,2005-2024,"IGN IFN donnees brutes 2005-2024, Licence Ouverte Etalab v2.0 ; VEGET5==6 (coupe vidange) / 5 ans"
ser,A30,,03,13,508,9.2105,0.2357,0.0256,Chêne sessile,2005-2024,"IGN IFN donnees brutes 2005-2024, Licence Ouverte Etalab v2.0 ; VEGET5==6 (coupe vidange) / 5 ans"
ser,A30,,04,3,508,6.0918,0.036,0.0059,Chêne rouge,2005-2024,"IGN IFN donnees brutes 2005-2024, Licence Ouverte Etalab v2.0 ; VEGET5==6 (coupe vidange) / 5 ans"
ser,A30,,10,14,508,9.0777,0.2502,0.0276,Châtaignier,2005-2024,"IGN IFN donnees brutes 2005-2024, Licence Ouverte Etalab v2.0 ; VEGET5==6 (coupe vidange) / 5 ans"
ser,A30,,11,4,508,4.4448,0.035,0.0079,Charme,2005-2024,"IGN IFN donnees brutes 2005-2024, Licence Ouverte Etalab v2.0 ; VEGET5==6 (coupe vidange) / 5 ans"
ser,A30,,12V,1,508,1.1859,0.0023,0.002,Bouleau verruqueux,2005-2024,"IGN IFN donnees brutes 2005-2024, Licence Ouverte Etalab v2.0 ; VEGET5==6 (coupe vidange) / 5 ans"
ser,A30,,14,4,508,8.4618,0.0666,0.0079,Robinier faux acacia,2005-2024,"IGN IFN donnees brutes 2005-2024, Licence Ouverte Etalab v2.0 ; VEGET5==6 (coupe vidange) / 5 ans"
ser,A30,,17C,9,508,8.3392,0.1477,0.0177,Frêne commun,2005-2024,"IGN IFN donnees brutes 2005-2024, Licence Ouverte Etalab v2.0 ; VEGET5==6 (coupe vidange) / 5 ans"
ser,A30,,17O,3,508,1.6793,0.0099,0.0059,Frêne oxyphylle,2005-2024,"IGN IFN donnees brutes 2005-2024, Licence Ouverte Etalab v2.0 ; VEGET5==6 (coupe vidange) / 5 ans"
ser,A30,,18C,1,508,0.385,8e-04,0.002,Orme champêtre,2005-2024,"IGN IFN donnees brutes 2005-2024, Licence Ouverte Etalab v2.0 ; VEGET5==6 (coupe vidange) / 5 ans"
ser,A30,,19,4,508,33.3043,0.2622,0.0079,Peuplier cultivé,2005-2024,"IGN IFN donnees brutes 2005-2024, Licence Ouverte Etalab v2.0 ; VEGET5==6 (coupe vidange) / 5 ans"
ser,A30,,21C,1,508,23.6738,0.0466,0.002,Érable champêtre,2005-2024,"IGN IFN donnees brutes 2005-2024, Licence Ouverte Etalab v2.0 ; VEGET5==6 (coupe vidange) / 5 ans"
ser,A30,,22M,1,508,3.276,0.0064,0.002,Merisier,2005-2024,"IGN IFN donnees brutes 2005-2024, Licence Ouverte Etalab v2.0 ; VEGET5==6 (coupe vidange) / 5 ans"
ser,A30,,22S,1,508,3.9388,0.0078,0.002,Cerisier tardif,2005-2024,"IGN IFN donnees brutes 2005-2024, Licence Ouverte Etalab v2.0 ; VEGET5==6 (coupe vidange) / 5 ans"
ser,A30,,23PC,1,508,1.1241,0.0022,0.002,Poirier commun,2005-2024,"IGN IFN donnees brutes 2005-2024, Licence Ouverte Etalab v2.0 ; VEGET5==6 (coupe vidange) / 5 ans"
ser,A30,,23PM,1,508,0.4015,8e-04,0.002,Pommier sauvage,2005-2024,"IGN IFN donnees brutes 2005-2024, Licence Ouverte Etalab v2.0 ; VEGET5==6 (coupe vidange) / 5 ans"
ser,A30,,24,5,508,9.0719,0.0893,0.0098,Tremble,2005-2024,"IGN IFN donnees brutes 2005-2024, Licence Ouverte Etalab v2.0 ; VEGET5==6 (coupe vidange) / 5 ans"
ser,A30,,25M,5,508,0.9835,0.0097,0.0098,Saule marsault,2005-2024,"IGN IFN donnees brutes 2005-2024, Licence Ouverte Etalab v2.0 ; VEGET5==6 (coupe vidange) / 5 ans"
ser,A30,,27C,1,508,2.7389,0.0054,0.002,Noyer commun,2005-2024,"IGN IFN donnees brutes 2005-2024, Licence Ouverte Etalab v2.0 ; VEGET5==6 (coupe vidange) / 5 ans"
ser,A30,,31,2,508,4.5492,0.0179,0.0039,Noisetier coudrier,2005-2024,"IGN IFN donnees brutes 2005-2024, Licence Ouverte Etalab v2.0 ; VEGET5==6 (coupe vidange) / 5 ans"
ser,A30,,41,3,508,0.5322,0.0031,0.0059,Alisier torminal,2005-2024,"IGN IFN donnees brutes 2005-2024, Licence Ouverte Etalab v2.0 ; VEGET5==6 (coupe vidange) / 5 ans"
ser,A30,,49AM,1,508,0.2154,4e-04,0.002,Aubépine monogyne,2005-2024,"IGN IFN donnees brutes 2005-2024, Licence Ouverte Etalab v2.0 ; VEGET5==6 (coupe vidange) / 5 ans"
ser,A30,,49IA,3,508,1.0633,0.0063,0.0059,Houx,2005-2024,"IGN IFN donnees brutes 2005-2024, Licence Ouverte Etalab v2.0 ; VEGET5==6 (coupe vidange) / 5 ans"
ser,A30,,49LN,1,508,0.3302,7e-04,0.002,Laurier noble,2005-2024,"IGN IFN donnees brutes 2005-2024, Licence Ouverte Etalab v2.0 ; VEGET5==6 (coupe vidange) / 5 ans"
ser,A30,,51,4,508,11.1285,0.0876,0.0079,Pin maritime,2005-2024,"IGN IFN donnees brutes 2005-2024, Licence Ouverte Etalab v2.0 ; VEGET5==6 (coupe vidange) / 5 ans"
ser,A30,,53CO,4,508,6.5003,0.0512,0.0079,Pin laricio de Corse,2005-2024,"IGN IFN donnees brutes 2005-2024, Licence Ouverte Etalab v2.0 ; VEGET5==6 (coupe vidange) / 5 ans"
ser,A30,,64,4,508,10.0842,0.0794,0.0079,Douglas,2005-2024,"IGN IFN donnees brutes 2005-2024, Licence Ouverte Etalab v2.0 ; VEGET5==6 (coupe vidange) / 5 ans"
ser,B10,,02,45,1469,8.9409,0.2739,0.0306,Chêne pédonculé,2005-2024,"IGN IFN donnees brutes 2005-2024, Licence Ouverte Etalab v2.0 ; VEGET5==6 (coupe vidange) / 5 ans"
ser,B10,,03,33,1469,9.0488,0.2033,0.0225,Chêne sessile,2005-2024,"IGN IFN donnees brutes 2005-2024, Licence Ouverte Etalab v2.0 ; VEGET5==6 (coupe vidange) / 5 ans"
ser,B10,,04,2,1469,6.3366,0.0086,0.0014,Chêne rouge,2005-2024,"IGN IFN donnees brutes 2005-2024, Licence Ouverte Etalab v2.0 ; VEGET5==6 (coupe vidange) / 5 ans"
ser,B10,,09,121,1469,11.8636,0.9772,0.0824,Hêtre,2005-2024,"IGN IFN donnees brutes 2005-2024, Licence Ouverte Etalab v2.0 ; VEGET5==6 (coupe vidange) / 5 ans"
ser,B10,,10,4,1469,4.0488,0.011,0.0027,Châtaignier,2005-2024,"IGN IFN donnees brutes 2005-2024, Licence Ouverte Etalab v2.0 ; VEGET5==6 (coupe vidange) / 5 ans"
ser,B10,,11,60,1469,4.7634,0.1946,0.0408,Charme,2005-2024,"IGN IFN donnees brutes 2005-2024, Licence Ouverte Etalab v2.0 ; VEGET5==6 (coupe vidange) / 5 ans"
ser,B10,,12V,52,1469,5.3784,0.1904,0.0354,Bouleau verruqueux,2005-2024,"IGN IFN donnees brutes 2005-2024, Licence Ouverte Etalab v2.0 ; VEGET5==6 (coupe vidange) / 5 ans"
ser,B10,,13B,1,1469,1.0788,7e-04,7e-04,Aulne blanc,2005-2024,"IGN IFN donnees brutes 2005-2024, Licence Ouverte Etalab v2.0 ; VEGET5==6 (coupe vidange) / 5 ans"
ser,B10,,13G,4,1469,4.6083,0.0125,0.0027,Aulne glutineux,2005-2024,"IGN IFN donnees brutes 2005-2024, Licence Ouverte Etalab v2.0 ; VEGET5==6 (coupe vidange) / 5 ans"
ser,B10,,14,1,1469,7.3031,0.005,7e-04,Robinier faux acacia,2005-2024,"IGN IFN donnees brutes 2005-2024, Licence Ouverte Etalab v2.0 ; VEGET5==6 (coupe vidange) / 5 ans"
ser,B10,,15S,33,1469,5.0089,0.1125,0.0225,Érable sycomore,2005-2024,"IGN IFN donnees brutes 2005-2024, Licence Ouverte Etalab v2.0 ; VEGET5==6 (coupe vidange) / 5 ans"
ser,B10,,17C,84,1469,9.092,0.5199,0.0572,Frêne commun,2005-2024,"IGN IFN donnees brutes 2005-2024, Licence Ouverte Etalab v2.0 ; VEGET5==6 (coupe vidange) / 5 ans"
ser,B10,,18C,4,1469,11.8609,0.0323,0.0027,Orme champêtre,2005-2024,"IGN IFN donnees brutes 2005-2024, Licence Ouverte Etalab v2.0 ; VEGET5==6 (coupe vidange) / 5 ans"
ser,B10,,19,23,1469,39.9192,0.625,0.0157,Peuplier cultivé,2005-2024,"IGN IFN donnees brutes 2005-2024, Licence Ouverte Etalab v2.0 ; VEGET5==6 (coupe vidange) / 5 ans"
ser,B10,,20P,7,1469,5.5168,0.0263,0.0048,Tilleul à petites feuilles,2005-2024,"IGN IFN donnees brutes 2005-2024, Licence Ouverte Etalab v2.0 ; VEGET5==6 (coupe vidange) / 5 ans"
ser,B10,,21C,7,1469,4.118,0.0196,0.0048,Érable champêtre,2005-2024,"IGN IFN donnees brutes 2005-2024, Licence Ouverte Etalab v2.0 ; VEGET5==6 (coupe vidange) / 5 ans"
ser,B10,,22M,13,1469,5.0671,0.0448,0.0088,Merisier,2005-2024,"IGN IFN donnees brutes 2005-2024, Licence Ouverte Etalab v2.0 ; VEGET5==6 (coupe vidange) / 5 ans"
ser,B10,,24,8,1469,5.0853,0.0277,0.0054,Tremble,2005-2024,"IGN IFN donnees brutes 2005-2024, Licence Ouverte Etalab v2.0 ; VEGET5==6 (coupe vidange) / 5 ans"
ser,B10,,25B,4,1469,13.2097,0.036,0.0027,Saule blanc,2005-2024,"IGN IFN donnees brutes 2005-2024, Licence Ouverte Etalab v2.0 ; VEGET5==6 (coupe vidange) / 5 ans"
ser,B10,,25C,1,1469,0.4214,3e-04,7e-04,Saule cendré,2005-2024,"IGN IFN donnees brutes 2005-2024, Licence Ouverte Etalab v2.0 ; VEGET5==6 (coupe vidange) / 5 ans"
ser,B10,,25M,16,1469,3.4481,0.0376,0.0109,Saule marsault,2005-2024,"IGN IFN donnees brutes 2005-2024, Licence Ouverte Etalab v2.0 ; VEGET5==6 (coupe vidange) / 5 ans"
ser,B10,,31,15,1469,1.5773,0.0161,0.0102,Noisetier coudrier,2005-2024,"IGN IFN donnees brutes 2005-2024, Licence Ouverte Etalab v2.0 ; VEGET5==6 (coupe vidange) / 5 ans"
ser,B10,,38AU,1,1469,0.2999,2e-04,7e-04,Cytise aubour,2005-2024,"IGN IFN donnees brutes 2005-2024, Licence Ouverte Etalab v2.0 ; VEGET5==6 (coupe vidange) / 5 ans"
ser,B10,,39,1,1469,0.4425,3e-04,7e-04,Cornouiller mâle,2005-2024,"IGN IFN donnees brutes 2005-2024, Licence Ouverte Etalab v2.0 ; VEGET5==6 (coupe vidange) / 5 ans"
ser,B10,,41,1,1469,0.5714,4e-04,7e-04,Alisier torminal,2005-2024,"IGN IFN donnees brutes 2005-2024, Licence Ouverte Etalab v2.0 ; VEGET5==6 (coupe vidange) / 5 ans"
ser,B10,,49AM,3,1469,0.5012,0.001,0.002,Aubépine monogyne,2005-2024,"IGN IFN donnees brutes 2005-2024, Licence Ouverte Etalab v2.0 ; VEGET5==6 (coupe vidange) / 5 ans"
ser,B10,,49IA,1,1469,0.3065,2e-04,7e-04,Houx,2005-2024,"IGN IFN donnees brutes 2005-2024, Licence Ouverte Etalab v2.0 ; VEGET5==6 (coupe vidange) / 5 ans"
ser,B10,,49PS,1,1469,0.4016,3e-04,7e-04,Prunelier,2005-2024,"IGN IFN donnees brutes 2005-2024, Licence Ouverte Etalab v2.0 ; VEGET5==6 (coupe vidange) / 5 ans"
ser,B10,,49SN,3,1469,1.2073,0.0025,0.002,Sureau noir,2005-2024,"IGN IFN donnees brutes 2005-2024, Licence Ouverte Etalab v2.0 ; VEGET5==6 (coupe vidange) / 5 ans"
ser,B10,,52,6,1469,14.6306,0.0598,0.0041,Pin sylvestre,2005-2024,"IGN IFN donnees brutes 2005-2024, Licence Ouverte Etalab v2.0 ; VEGET5==6 (coupe vidange) / 5 ans"
ser,B10,,53CO,2,1469,63.5595,0.0865,0.0014,Pin laricio de Corse,2005-2024,"IGN IFN donnees brutes 2005-2024, Licence Ouverte Etalab v2.0 ; VEGET5==6 (coupe vidange) / 5 ans"
ser,B10,,54,1,1469,2.6047,0.0018,7e-04,Pin noir d'Autriche,2005-2024,"IGN IFN donnees brutes 2005-2024, Licence Ouverte Etalab v2.0 ; VEGET5==6 (coupe vidange) / 5 ans"
ser,B10,,62,8,1469,12.4157,0.0676,0.0054,Épicéa commun,2005-2024,"IGN IFN donnees brutes 2005-2024, Licence Ouverte Etalab v2.0 ; VEGET5==6 (coupe vidange) / 5 ans"
ser,B10,,64,6,1469,5.6083,0.0229,0.0041,Douglas,2005-2024,"IGN IFN donnees brutes 2005-2024, Licence Ouverte Etalab v2.0 ; VEGET5==6 (coupe vidange) / 5 ans"
ser,B10,,72V,1,1469,5.8486,0.004,7e-04,Sapin de Vancouver,2005-2024,"IGN IFN donnees brutes 2005-2024, Licence Ouverte Etalab v2.0 ; VEGET5==6 (coupe vidange) / 5 ans"
ser,B10,,73,9,1469,36.8885,0.226,0.0061,Épicéa de Sitka,2005-2024,"IGN IFN donnees brutes 2005-2024, Licence Ouverte Etalab v2.0 ; VEGET5==6 (coupe vidange) / 5 ans"
ser,B10,,74J,3,1469,23.0632,0.0471,0.002,Mélèze du Japon,2005-2024,"IGN IFN donnees brutes 2005-2024, Licence Ouverte Etalab v2.0 ; VEGET5==6 (coupe vidange) / 5 ans"
ser,B21,,02,10,250,9.2252,0.369,0.04,Chêne pédonculé,2005-2024,"IGN IFN donnees brutes 2005-2024, Licence Ouverte Etalab v2.0 ; VEGET5==6 (coupe vidange) / 5 ans"
ser,B21,,03,2,250,5.2338,0.0419,0.008,Chêne sessile,2005-2024,"IGN IFN donnees brutes 2005-2024, Licence Ouverte Etalab v2.0 ; VEGET5==6 (coupe vidange) / 5 ans"
ser,B21,,04,1,250,7.4307,0.0297,0.004,Chêne rouge,2005-2024,"IGN IFN donnees brutes 2005-2024, Licence Ouverte Etalab v2.0 ; VEGET5==6 (coupe vidange) / 5 ans"
ser,B21,,09,1,250,13.4981,0.054,0.004,Hêtre,2005-2024,"IGN IFN donnees brutes 2005-2024, Licence Ouverte Etalab v2.0 ; VEGET5==6 (coupe vidange) / 5 ans"
ser,B21,,10,1,250,1.0854,0.0043,0.004,Châtaignier,2005-2024,"IGN IFN donnees brutes 2005-2024, Licence Ouverte Etalab v2.0 ; VEGET5==6 (coupe vidange) / 5 ans"
ser,B21,,11,10,250,6.0415,0.2417,0.04,Charme,2005-2024,"IGN IFN donnees brutes 2005-2024, Licence Ouverte Etalab v2.0 ; VEGET5==6 (coupe vidange) / 5 ans"
ser,B21,,12V,9,250,4.0426,0.1455,0.036,Bouleau verruqueux,2005-2024,"IGN IFN donnees brutes 2005-2024, Licence Ouverte Etalab v2.0 ; VEGET5==6 (coupe vidange) / 5 ans"
ser,B21,,13G,1,250,14.3408,0.0574,0.004,Aulne glutineux,2005-2024,"IGN IFN donnees brutes 2005-2024, Licence Ouverte Etalab v2.0 ; VEGET5==6 (coupe vidange) / 5 ans"
ser,B21,,15P,1,250,0.4172,0.0017,0.004,Érable plane,2005-2024,"IGN IFN donnees brutes 2005-2024, Licence Ouverte Etalab v2.0 ; VEGET5==6 (coupe vidange) / 5 ans"
ser,B21,,15S,12,250,6.5673,0.3152,0.048,Érable sycomore,2005-2024,"IGN IFN donnees brutes 2005-2024, Licence Ouverte Etalab v2.0 ; VEGET5==6 (coupe vidange) / 5 ans"
ser,B21,,17C,11,250,10.0577,0.4425,0.044,Frêne commun,2005-2024,"IGN IFN donnees brutes 2005-2024, Licence Ouverte Etalab v2.0 ; VEGET5==6 (coupe vidange) / 5 ans"
ser,B21,,18C,2,250,0.638,0.0051,0.008,Orme champêtre,2005-2024,"IGN IFN donnees brutes 2005-2024, Licence Ouverte Etalab v2.0 ; VEGET5==6 (coupe vidange) / 5 ans"
ser,B21,,19,13,250,42.3755,2.2035,0.052,Peuplier cultivé,2005-2024,"IGN IFN donnees brutes 2005-2024, Licence Ouverte Etalab v2.0 ; VEGET5==6 (coupe vidange) / 5 ans"
ser,B21,,20P,1,250,6.5463,0.0262,0.004,Tilleul à petites feuilles,2005-2024,"IGN IFN donnees brutes 2005-2024, Licence Ouverte Etalab v2.0 ; VEGET5==6 (coupe vidange) / 5 ans"
ser,B21,,21C,1,250,0.4407,0.0018,0.004,Érable champêtre,2005-2024,"IGN IFN donnees brutes 2005-2024, Licence Ouverte Etalab v2.0 ; VEGET5==6 (coupe vidange) / 5 ans"
ser,B21,,22M,4,250,5.2958,0.0847,0.016,Merisier,2005-2024,"IGN IFN donnees brutes 2005-2024, Licence Ouverte Etalab v2.0 ; VEGET5==6 (coupe vidange) / 5 ans"
ser,B21,,22S,1,250,2.1033,0.0084,0.004,Cerisier tardif,2005-2024,"IGN IFN donnees brutes 2005-2024, Licence Ouverte Etalab v2.0 ; VEGET5==6 (coupe vidange) / 5 ans"
ser,B21,,23SO,1,250,2.9179,0.0117,0.004,Sorbier des oiseleurs,2005-2024,"IGN IFN donnees brutes 2005-2024, Licence Ouverte Etalab v2.0 ; VEGET5==6 (coupe vidange) / 5 ans"
ser,B21,,24,1,250,2.7252,0.0109,0.004,Tremble,2005-2024,"IGN IFN donnees brutes 2005-2024, Licence Ouverte Etalab v2.0 ; VEGET5==6 (coupe vidange) / 5 ans"
ser,B21,,25B,1,250,2.5557,0.0102,0.004,Saule blanc,2005-2024,"IGN IFN donnees brutes 2005-2024, Licence Ouverte Etalab v2.0 ; VEGET5==6 (coupe vidange) / 5 ans"
ser,B21,,25C,1,250,6.8243,0.0273,0.004,Saule cendré,2005-2024,"IGN IFN donnees brutes 2005-2024, Licence Ouverte Etalab v2.0 ; VEGET5==6 (coupe vidange) / 5 ans"
ser,B21,,25FR,1,250,5.5375,0.0221,0.004,Saule cassant,2005-2024,"IGN IFN donnees brutes 2005-2024, Licence Ouverte Etalab v2.0 ; VEGET5==6 (coupe vidange) / 5 ans"
ser,B21,,25M,3,250,2.3218,0.0279,0.012,Saule marsault,2005-2024,"IGN IFN donnees brutes 2005-2024, Licence Ouverte Etalab v2.0 ; VEGET5==6 (coupe vidange) / 5 ans"
ser,B21,,49AM,1,250,1.3253,0.0053,0.004,Aubépine monogyne,2005-2024,"IGN IFN donnees brutes 2005-2024, Licence Ouverte Etalab v2.0 ; VEGET5==6 (coupe vidange) / 5 ans"
ser,B21,,49SN,2,250,0.8576,0.0069,0.008,Sureau noir,2005-2024,"IGN IFN donnees brutes 2005-2024, Licence Ouverte Etalab v2.0 ; VEGET5==6 (coupe vidange) / 5 ans"
ser,B21,,52,1,250,9.0322,0.0361,0.004,Pin sylvestre,2005-2024,"IGN IFN donnees brutes 2005-2024, Licence Ouverte Etalab v2.0 ; VEGET5==6 (coupe vidange) / 5 ans"
ser,B21,,53CO,1,250,13.0368,0.0521,0.004,Pin laricio de Corse,2005-2024,"IGN IFN donnees brutes 2005-2024, Licence Ouverte Etalab v2.0 ; VEGET5==6 (coupe vidange) / 5 ans"
ser,B22,,02,4,354,6.0665,0.0685,0.0113,Chêne pédonculé,2005-2024,"IGN IFN donnees brutes 2005-2024, Licence Ouverte Etalab v2.0 ; VEGET5==6 (coupe vidange) / 5 ans"
ser,B22,,03,1,354,1.856,0.0052,0.0028,Chêne sessile,2005-2024,"IGN IFN donnees brutes 2005-2024, Licence Ouverte Etalab v2.0 ; VEGET5==6 (coupe vidange) / 5 ans"
ser,B22,,09,3,354,1.4704,0.0125,0.0085,Hêtre,2005-2024,"IGN IFN donnees brutes 2005-2024, Licence Ouverte Etalab v2.0 ; VEGET5==6 (coupe vidange) / 5 ans"
ser,B22,,10,3,354,8.4431,0.0716,0.0085,Châtaignier,2005-2024,"IGN IFN donnees brutes 2005-2024, Licence Ouverte Etalab v2.0 ; VEGET5==6 (coupe vidange) / 5 ans"
ser,B22,,11,3,354,3.094,0.0262,0.0085,Charme,2005-2024,"IGN IFN donnees brutes 2005-2024, Licence Ouverte Etalab v2.0 ; VEGET5==6 (coupe vidange) / 5 ans"
ser,B22,,12P,1,354,7.8609,0.0222,0.0028,Bouleau pubescent,2005-2024,"IGN IFN donnees brutes 2005-2024, Licence Ouverte Etalab v2.0 ; VEGET5==6 (coupe vidange) / 5 ans"
ser,B22,,12V,3,354,14.4038,0.1221,0.0085,Bouleau verruqueux,2005-2024,"IGN IFN donnees brutes 2005-2024, Licence Ouverte Etalab v2.0 ; VEGET5==6 (coupe vidange) / 5 ans"
ser,B22,,13G,2,354,22.4523,0.1268,0.0056,Aulne glutineux,2005-2024,"IGN IFN donnees brutes 2005-2024, Licence Ouverte Etalab v2.0 ; VEGET5==6 (coupe vidange) / 5 ans"
ser,B22,,15P,1,354,1.0911,0.0031,0.0028,Érable plane,2005-2024,"IGN IFN donnees brutes 2005-2024, Licence Ouverte Etalab v2.0 ; VEGET5==6 (coupe vidange) / 5 ans"
ser,B22,,15S,13,354,4.6559,0.171,0.0367,Érable sycomore,2005-2024,"IGN IFN donnees brutes 2005-2024, Licence Ouverte Etalab v2.0 ; VEGET5==6 (coupe vidange) / 5 ans"
ser,B22,,17C,24,354,7.0056,0.475,0.0678,Frêne commun,2005-2024,"IGN IFN donnees brutes 2005-2024, Licence Ouverte Etalab v2.0 ; VEGET5==6 (coupe vidange) / 5 ans"
ser,B22,,18C,2,354,1.9658,0.0111,0.0056,Orme champêtre,2005-2024,"IGN IFN donnees brutes 2005-2024, Licence Ouverte Etalab v2.0 ; VEGET5==6 (coupe vidange) / 5 ans"
ser,B22,,19,22,354,30.7901,1.9135,0.0621,Peuplier cultivé,2005-2024,"IGN IFN donnees brutes 2005-2024, Licence Ouverte Etalab v2.0 ; VEGET5==6 (coupe vidange) / 5 ans"
ser,B22,,20G,1,354,0.3449,0.001,0.0028,Tilleul à grandes feuilles,2005-2024,"IGN IFN donnees brutes 2005-2024, Licence Ouverte Etalab v2.0 ; VEGET5==6 (coupe vidange) / 5 ans"
ser,B22,,20P,3,354,3.7917,0.0321,0.0085,Tilleul à petites feuilles,2005-2024,"IGN IFN donnees brutes 2005-2024, Licence Ouverte Etalab v2.0 ; VEGET5==6 (coupe vidange) / 5 ans"
ser,B22,,21C,1,354,0.1095,3e-04,0.0028,Érable champêtre,2005-2024,"IGN IFN donnees brutes 2005-2024, Licence Ouverte Etalab v2.0 ; VEGET5==6 (coupe vidange) / 5 ans"
ser,B22,,22M,4,354,11.289,0.1276,0.0113,Merisier,2005-2024,"IGN IFN donnees brutes 2005-2024, Licence Ouverte Etalab v2.0 ; VEGET5==6 (coupe vidange) / 5 ans"
ser,B22,,25B,1,354,0.9856,0.0028,0.0028,Saule blanc,2005-2024,"IGN IFN donnees brutes 2005-2024, Licence Ouverte Etalab v2.0 ; VEGET5==6 (coupe vidange) / 5 ans"
ser,B22,,25C,2,354,1.1754,0.0066,0.0056,Saule cendré,2005-2024,"IGN IFN donnees brutes 2005-2024, Licence Ouverte Etalab v2.0 ; VEGET5==6 (coupe vidange) / 5 ans"
ser,B22,,25FR,1,354,3.542,0.01,0.0028,Saule cassant,2005-2024,"IGN IFN donnees brutes 2005-2024, Licence Ouverte Etalab v2.0 ; VEGET5==6 (coupe vidange) / 5 ans"
ser,B22,,31,4,354,0.9396,0.0106,0.0113,Noisetier coudrier,2005-2024,"IGN IFN donnees brutes 2005-2024, Licence Ouverte Etalab v2.0 ; VEGET5==6 (coupe vidange) / 5 ans"
ser,B22,,33G,1,354,5.8638,0.0166,0.0028,Peuplier grisard,2005-2024,"IGN IFN donnees brutes 2005-2024, Licence Ouverte Etalab v2.0 ; VEGET5==6 (coupe vidange) / 5 ans"
ser,B22,,34,1,354,2.4619,0.007,0.0028,Chêne chevelu,2005-2024,"IGN IFN donnees brutes 2005-2024, Licence Ouverte Etalab v2.0 ; VEGET5==6 (coupe vidange) / 5 ans"
ser,B22,,49AM,2,354,0.3818,0.0022,0.0056,Aubépine monogyne,2005-2024,"IGN IFN donnees brutes 2005-2024, Licence Ouverte Etalab v2.0 ; VEGET5==6 (coupe vidange) / 5 ans"
ser,B22,,49SN,4,354,1.5046,0.017,0.0113,Sureau noir,2005-2024,"IGN IFN donnees brutes 2005-2024, Licence Ouverte Etalab v2.0 ; VEGET5==6 (coupe vidange) / 5 ans"
ser,B22,,62,1,354,15.7772,0.0446,0.0028,Épicéa commun,2005-2024,"IGN IFN donnees brutes 2005-2024, Licence Ouverte Etalab v2.0 ; VEGET5==6 (coupe vidange) / 5 ans"
ser,B23,,02,28,364,12.1883,0.9376,0.0769,Chêne pédonculé,2005-2024,"IGN IFN donnees brutes 2005-2024, Licence Ouverte Etalab v2.0 ; VEGET5==6 (coupe vidange) / 5 ans"
ser,B23,,03,11,364,10.8468,0.3278,0.0302,Chêne sessile,2005-2024,"IGN IFN donnees brutes 2005-2024, Licence Ouverte Etalab v2.0 ; VEGET5==6 (coupe vidange) / 5 ans"
ser,B23,,04,2,364,5.1878,0.0285,0.0055,Chêne rouge,2005-2024,"IGN IFN donnees brutes 2005-2024, Licence Ouverte Etalab v2.0 ; VEGET5==6 (coupe vidange) / 5 ans"
ser,B23,,09,14,364,12.0581,0.4638,0.0385,Hêtre,2005-2024,"IGN IFN donnees brutes 2005-2024, Licence Ouverte Etalab v2.0 ; VEGET5==6 (coupe vidange) / 5 ans"
ser,B23,,11,53,364,6.8826,1.0021,0.1456,Charme,2005-2024,"IGN IFN donnees brutes 2005-2024, Licence Ouverte Etalab v2.0 ; VEGET5==6 (coupe vidange) / 5 ans"
ser,B23,,12V,17,364,6.5909,0.3078,0.0467,Bouleau verruqueux,2005-2024,"IGN IFN donnees brutes 2005-2024, Licence Ouverte Etalab v2.0 ; VEGET5==6 (coupe vidange) / 5 ans"
ser,B23,,13G,10,364,5.7685,0.1585,0.0275,Aulne glutineux,2005-2024,"IGN IFN donnees brutes 2005-2024, Licence Ouverte Etalab v2.0 ; VEGET5==6 (coupe vidange) / 5 ans"
ser,B23,,15S,22,364,5.6901,0.3439,0.0604,Érable sycomore,2005-2024,"IGN IFN donnees brutes 2005-2024, Licence Ouverte Etalab v2.0 ; VEGET5==6 (coupe vidange) / 5 ans"
ser,B23,,17C,30,364,11.5314,0.9504,0.0824,Frêne commun,2005-2024,"IGN IFN donnees brutes 2005-2024, Licence Ouverte Etalab v2.0 ; VEGET5==6 (coupe vidange) / 5 ans"
ser,B23,,18C,1,364,1.3905,0.0038,0.0027,Orme champêtre,2005-2024,"IGN IFN donnees brutes 2005-2024, Licence Ouverte Etalab v2.0 ; VEGET5==6 (coupe vidange) / 5 ans"
ser,B23,,19,9,364,43.0932,1.0655,0.0247,Peuplier cultivé,2005-2024,"IGN IFN donnees brutes 2005-2024, Licence Ouverte Etalab v2.0 ; VEGET5==6 (coupe vidange) / 5 ans"
ser,B23,,21C,2,364,4.9261,0.0271,0.0055,Érable champêtre,2005-2024,"IGN IFN donnees brutes 2005-2024, Licence Ouverte Etalab v2.0 ; VEGET5==6 (coupe vidange) / 5 ans"
ser,B23,,22M,11,364,4.8298,0.146,0.0302,Merisier,2005-2024,"IGN IFN donnees brutes 2005-2024, Licence Ouverte Etalab v2.0 ; VEGET5==6 (coupe vidange) / 5 ans"
ser,B23,,23PM,1,364,2.8622,0.0079,0.0027,Pommier sauvage,2005-2024,"IGN IFN donnees brutes 2005-2024, Licence Ouverte Etalab v2.0 ; VEGET5==6 (coupe vidange) / 5 ans"
ser,B23,,23SO,1,364,0.6666,0.0018,0.0027,Sorbier des oiseleurs,2005-2024,"IGN IFN donnees brutes 2005-2024, Licence Ouverte Etalab v2.0 ; VEGET5==6 (coupe vidange) / 5 ans"
ser,B23,,24,7,364,4.0851,0.0786,0.0192,Tremble,2005-2024,"IGN IFN donnees brutes 2005-2024, Licence Ouverte Etalab v2.0 ; VEGET5==6 (coupe vidange) / 5 ans"
ser,B23,,25B,1,364,2.8138,0.0077,0.0027,Saule blanc,2005-2024,"IGN IFN donnees brutes 2005-2024, Licence Ouverte Etalab v2.0 ; VEGET5==6 (coupe vidange) / 5 ans"
ser,B23,,25M,4,364,6.0824,0.0668,0.011,Saule marsault,2005-2024,"IGN IFN donnees brutes 2005-2024, Licence Ouverte Etalab v2.0 ; VEGET5==6 (coupe vidange) / 5 ans"
ser,B23,,31,7,364,1.397,0.0269,0.0192,Noisetier coudrier,2005-2024,"IGN IFN donnees brutes 2005-2024, Licence Ouverte Etalab v2.0 ; VEGET5==6 (coupe vidange) / 5 ans"
ser,B23,,62,11,364,16.3529,0.4942,0.0302,Épicéa commun,2005-2024,"IGN IFN donnees brutes 2005-2024, Licence Ouverte Etalab v2.0 ; VEGET5==6 (coupe vidange) / 5 ans"
ser,B23,,72V,1,364,90.4708,0.2485,0.0027,Sapin de Vancouver,2005-2024,"IGN IFN donnees brutes 2005-2024, Licence Ouverte Etalab v2.0 ; VEGET5==6 (coupe vidange) / 5 ans"
ser,B23,,73,1,364,13.7182,0.0377,0.0027,Épicéa de Sitka,2005-2024,"IGN IFN donnees brutes 2005-2024, Licence Ouverte Etalab v2.0 ; VEGET5==6 (coupe vidange) / 5 ans"
ser,B31,,02,10,392,10.5174,0.2683,0.0255,Chêne pédonculé,2005-2024,"IGN IFN donnees brutes 2005-2024, Licence Ouverte Etalab v2.0 ; VEGET5==6 (coupe vidange) / 5 ans"
ser,B31,,03,10,392,12.0821,0.3082,0.0255,Chêne sessile,2005-2024,"IGN IFN donnees brutes 2005-2024, Licence Ouverte Etalab v2.0 ; VEGET5==6 (coupe vidange) / 5 ans"
ser,B31,,09,8,392,8.0281,0.1638,0.0204,Hêtre,2005-2024,"IGN IFN donnees brutes 2005-2024, Licence Ouverte Etalab v2.0 ; VEGET5==6 (coupe vidange) / 5 ans"
ser,B31,,10,3,392,12.7027,0.0972,0.0077,Châtaignier,2005-2024,"IGN IFN donnees brutes 2005-2024, Licence Ouverte Etalab v2.0 ; VEGET5==6 (coupe vidange) / 5 ans"
ser,B31,,11,2,392,5.5726,0.0284,0.0051,Charme,2005-2024,"IGN IFN donnees brutes 2005-2024, Licence Ouverte Etalab v2.0 ; VEGET5==6 (coupe vidange) / 5 ans"
ser,B31,,12V,18,392,5.6129,0.2577,0.0459,Bouleau verruqueux,2005-2024,"IGN IFN donnees brutes 2005-2024, Licence Ouverte Etalab v2.0 ; VEGET5==6 (coupe vidange) / 5 ans"
ser,B31,,13G,3,392,7.687,0.0588,0.0077,Aulne glutineux,2005-2024,"IGN IFN donnees brutes 2005-2024, Licence Ouverte Etalab v2.0 ; VEGET5==6 (coupe vidange) / 5 ans"
ser,B31,,14,1,392,1.689,0.0043,0.0026,Robinier faux acacia,2005-2024,"IGN IFN donnees brutes 2005-2024, Licence Ouverte Etalab v2.0 ; VEGET5==6 (coupe vidange) / 5 ans"
ser,B31,,15S,2,392,21.7474,0.111,0.0051,Érable sycomore,2005-2024,"IGN IFN donnees brutes 2005-2024, Licence Ouverte Etalab v2.0 ; VEGET5==6 (coupe vidange) / 5 ans"
ser,B31,,17C,12,392,3.775,0.1156,0.0306,Frêne commun,2005-2024,"IGN IFN donnees brutes 2005-2024, Licence Ouverte Etalab v2.0 ; VEGET5==6 (coupe vidange) / 5 ans"
ser,B31,,18C,2,392,1.7345,0.0088,0.0051,Orme champêtre,2005-2024,"IGN IFN donnees brutes 2005-2024, Licence Ouverte Etalab v2.0 ; VEGET5==6 (coupe vidange) / 5 ans"
ser,B31,,19,4,392,54.2251,0.5533,0.0102,Peuplier cultivé,2005-2024,"IGN IFN donnees brutes 2005-2024, Licence Ouverte Etalab v2.0 ; VEGET5==6 (coupe vidange) / 5 ans"
ser,B31,,20P,1,392,15.7195,0.0401,0.0026,Tilleul à petites feuilles,2005-2024,"IGN IFN donnees brutes 2005-2024, Licence Ouverte Etalab v2.0 ; VEGET5==6 (coupe vidange) / 5 ans"
ser,B31,,21C,3,392,1.6176,0.0124,0.0077,Érable champêtre,2005-2024,"IGN IFN donnees brutes 2005-2024, Licence Ouverte Etalab v2.0 ; VEGET5==6 (coupe vidange) / 5 ans"
ser,B31,,22M,1,392,5.0095,0.0128,0.0026,Merisier,2005-2024,"IGN IFN donnees brutes 2005-2024, Licence Ouverte Etalab v2.0 ; VEGET5==6 (coupe vidange) / 5 ans"
ser,B31,,23PC,1,392,0.2692,7e-04,0.0026,Poirier commun,2005-2024,"IGN IFN donnees brutes 2005-2024, Licence Ouverte Etalab v2.0 ; VEGET5==6 (coupe vidange) / 5 ans"
ser,B31,,24,8,392,6.2014,0.1266,0.0204,Tremble,2005-2024,"IGN IFN donnees brutes 2005-2024, Licence Ouverte Etalab v2.0 ; VEGET5==6 (coupe vidange) / 5 ans"
ser,B31,,25M,7,392,3.9264,0.0701,0.0179,Saule marsault,2005-2024,"IGN IFN donnees brutes 2005-2024, Licence Ouverte Etalab v2.0 ; VEGET5==6 (coupe vidange) / 5 ans"
ser,B31,,31,9,392,1.8423,0.0423,0.023,Noisetier coudrier,2005-2024,"IGN IFN donnees brutes 2005-2024, Licence Ouverte Etalab v2.0 ; VEGET5==6 (coupe vidange) / 5 ans"
ser,B31,,49PS,1,392,0.2092,5e-04,0.0026,Prunelier,2005-2024,"IGN IFN donnees brutes 2005-2024, Licence Ouverte Etalab v2.0 ; VEGET5==6 (coupe vidange) / 5 ans"
ser,B31,,49SN,2,392,0.6615,0.0034,0.0051,Sureau noir,2005-2024,"IGN IFN donnees brutes 2005-2024, Licence Ouverte Etalab v2.0 ; VEGET5==6 (coupe vidange) / 5 ans"
ser,B31,,52,2,392,12.5794,0.0642,0.0051,Pin sylvestre,2005-2024,"IGN IFN donnees brutes 2005-2024, Licence Ouverte Etalab v2.0 ; VEGET5==6 (coupe vidange) / 5 ans"
ser,B31,,53CO,1,392,4.3974,0.0112,0.0026,Pin laricio de Corse,2005-2024,"IGN IFN donnees brutes 2005-2024, Licence Ouverte Etalab v2.0 ; VEGET5==6 (coupe vidange) / 5 ans"
ser,B31,,64,5,392,18.7402,0.239,0.0128,Douglas,2005-2024,"IGN IFN donnees brutes 2005-2024, Licence Ouverte Etalab v2.0 ; VEGET5==6 (coupe vidange) / 5 ans"
ser,B31,,73,1,392,4.5408,0.0116,0.0026,Épicéa de Sitka,2005-2024,"IGN IFN donnees brutes 2005-2024, Licence Ouverte Etalab v2.0 ; VEGET5==6 (coupe vidange) / 5 ans"
ser,B32,,02,15,952,13.082,0.2061,0.0158,Chêne pédonculé,2005-2024,"IGN IFN donnees brutes 2005-2024, Licence Ouverte Etalab v2.0 ; VEGET5==6 (coupe vidange) / 5 ans"
ser,B32,,03,81,952,10.875,0.9253,0.0851,Chêne sessile,2005-2024,"IGN IFN donnees brutes 2005-2024, Licence Ouverte Etalab v2.0 ; VEGET5==6 (coupe vidange) / 5 ans"
ser,B32,,04,3,952,2.4556,0.0077,0.0032,Chêne rouge,2005-2024,"IGN IFN donnees brutes 2005-2024, Licence Ouverte Etalab v2.0 ; VEGET5==6 (coupe vidange) / 5 ans"
ser,B32,,09,41,952,7.8697,0.3389,0.0431,Hêtre,2005-2024,"IGN IFN donnees brutes 2005-2024, Licence Ouverte Etalab v2.0 ; VEGET5==6 (coupe vidange) / 5 ans"
ser,B32,,10,7,952,8.9552,0.0658,0.0074,Châtaignier,2005-2024,"IGN IFN donnees brutes 2005-2024, Licence Ouverte Etalab v2.0 ; VEGET5==6 (coupe vidange) / 5 ans"
ser,B32,,11,36,952,4.0762,0.1541,0.0378,Charme,2005-2024,"IGN IFN donnees brutes 2005-2024, Licence Ouverte Etalab v2.0 ; VEGET5==6 (coupe vidange) / 5 ans"
ser,B32,,12P,2,952,13.3989,0.0281,0.0021,Bouleau pubescent,2005-2024,"IGN IFN donnees brutes 2005-2024, Licence Ouverte Etalab v2.0 ; VEGET5==6 (coupe vidange) / 5 ans"
ser,B32,,12V,44,952,5.1516,0.2381,0.0462,Bouleau verruqueux,2005-2024,"IGN IFN donnees brutes 2005-2024, Licence Ouverte Etalab v2.0 ; VEGET5==6 (coupe vidange) / 5 ans"
ser,B32,,14,2,952,3.0126,0.0063,0.0021,Robinier faux acacia,2005-2024,"IGN IFN donnees brutes 2005-2024, Licence Ouverte Etalab v2.0 ; VEGET5==6 (coupe vidange) / 5 ans"
ser,B32,,15P,1,952,0.1894,2e-04,0.0011,Érable plane,2005-2024,"IGN IFN donnees brutes 2005-2024, Licence Ouverte Etalab v2.0 ; VEGET5==6 (coupe vidange) / 5 ans"
ser,B32,,17C,5,952,12.3986,0.0651,0.0053,Frêne commun,2005-2024,"IGN IFN donnees brutes 2005-2024, Licence Ouverte Etalab v2.0 ; VEGET5==6 (coupe vidange) / 5 ans"
ser,B32,,18C,3,952,1.5142,0.0048,0.0032,Orme champêtre,2005-2024,"IGN IFN donnees brutes 2005-2024, Licence Ouverte Etalab v2.0 ; VEGET5==6 (coupe vidange) / 5 ans"
ser,B32,,19,4,952,33.6803,0.1415,0.0042,Peuplier cultivé,2005-2024,"IGN IFN donnees brutes 2005-2024, Licence Ouverte Etalab v2.0 ; VEGET5==6 (coupe vidange) / 5 ans"
ser,B32,,20P,3,952,21.5326,0.0679,0.0032,Tilleul à petites feuilles,2005-2024,"IGN IFN donnees brutes 2005-2024, Licence Ouverte Etalab v2.0 ; VEGET5==6 (coupe vidange) / 5 ans"
ser,B32,,21C,4,952,7.464,0.0314,0.0042,Érable champêtre,2005-2024,"IGN IFN donnees brutes 2005-2024, Licence Ouverte Etalab v2.0 ; VEGET5==6 (coupe vidange) / 5 ans"
ser,B32,,22M,8,952,6.4832,0.0545,0.0084,Merisier,2005-2024,"IGN IFN donnees brutes 2005-2024, Licence Ouverte Etalab v2.0 ; VEGET5==6 (coupe vidange) / 5 ans"
ser,B32,,24,5,952,9.8222,0.0516,0.0053,Tremble,2005-2024,"IGN IFN donnees brutes 2005-2024, Licence Ouverte Etalab v2.0 ; VEGET5==6 (coupe vidange) / 5 ans"
ser,B32,,25M,10,952,3.8602,0.0405,0.0105,Saule marsault,2005-2024,"IGN IFN donnees brutes 2005-2024, Licence Ouverte Etalab v2.0 ; VEGET5==6 (coupe vidange) / 5 ans"
ser,B32,,29MA,1,952,27.2837,0.0287,0.0011,Marronnier d'Inde,2005-2024,"IGN IFN donnees brutes 2005-2024, Licence Ouverte Etalab v2.0 ; VEGET5==6 (coupe vidange) / 5 ans"
ser,B32,,31,6,952,1.3705,0.0086,0.0063,Noisetier coudrier,2005-2024,"IGN IFN donnees brutes 2005-2024, Licence Ouverte Etalab v2.0 ; VEGET5==6 (coupe vidange) / 5 ans"
ser,B32,,49AM,4,952,1.4136,0.0059,0.0042,Aubépine monogyne,2005-2024,"IGN IFN donnees brutes 2005-2024, Licence Ouverte Etalab v2.0 ; VEGET5==6 (coupe vidange) / 5 ans"
ser,B32,,49SN,3,952,0.6808,0.0021,0.0032,Sureau noir,2005-2024,"IGN IFN donnees brutes 2005-2024, Licence Ouverte Etalab v2.0 ; VEGET5==6 (coupe vidange) / 5 ans"
ser,B32,,52,21,952,11.4995,0.2537,0.0221,Pin sylvestre,2005-2024,"IGN IFN donnees brutes 2005-2024, Licence Ouverte Etalab v2.0 ; VEGET5==6 (coupe vidange) / 5 ans"
ser,B32,,53CO,11,952,6.4129,0.0741,0.0116,Pin laricio de Corse,2005-2024,"IGN IFN donnees brutes 2005-2024, Licence Ouverte Etalab v2.0 ; VEGET5==6 (coupe vidange) / 5 ans"
ser,B32,,61,1,952,4.9153,0.0052,0.0011,Sapin pectiné,2005-2024,"IGN IFN donnees brutes 2005-2024, Licence Ouverte Etalab v2.0 ; VEGET5==6 (coupe vidange) / 5 ans"
ser,B32,,62,8,952,21.6021,0.1815,0.0084,Épicéa commun,2005-2024,"IGN IFN donnees brutes 2005-2024, Licence Ouverte Etalab v2.0 ; VEGET5==6 (coupe vidange) / 5 ans"
ser,B32,,64,15,952,19.4739,0.3068,0.0158,Douglas,2005-2024,"IGN IFN donnees brutes 2005-2024, Licence Ouverte Etalab v2.0 ; VEGET5==6 (coupe vidange) / 5 ans"
ser,B32,,67,1,952,0.8282,9e-04,0.0011,If,2005-2024,"IGN IFN donnees brutes 2005-2024, Licence Ouverte Etalab v2.0 ; VEGET5==6 (coupe vidange) / 5 ans"
ser,B32,,68PC,1,952,4.7969,0.005,0.0011,Pin de Murray,2005-2024,"IGN IFN donnees brutes 2005-2024, Licence Ouverte Etalab v2.0 ; VEGET5==6 (coupe vidange) / 5 ans"
ser,B32,,73,1,952,7.1637,0.0075,0.0011,Épicéa de Sitka,2005-2024,"IGN IFN donnees brutes 2005-2024, Licence Ouverte Etalab v2.0 ; VEGET5==6 (coupe vidange) / 5 ans"
ser,B33,,02,26,901,11.3004,0.3261,0.0289,Chêne pédonculé,2005-2024,"IGN IFN donnees brutes 2005-2024, Licence Ouverte Etalab v2.0 ; VEGET5==6 (coupe vidange) / 5 ans"
ser,B33,,03,105,901,9.8464,1.1475,0.1165,Chêne sessile,2005-2024,"IGN IFN donnees brutes 2005-2024, Licence Ouverte Etalab v2.0 ; VEGET5==6 (coupe vidange) / 5 ans"
ser,B33,,04,1,901,68.4375,0.076,0.0011,Chêne rouge,2005-2024,"IGN IFN donnees brutes 2005-2024, Licence Ouverte Etalab v2.0 ; VEGET5==6 (coupe vidange) / 5 ans"
ser,B33,,09,26,901,8.811,0.2543,0.0289,Hêtre,2005-2024,"IGN IFN donnees brutes 2005-2024, Licence Ouverte Etalab v2.0 ; VEGET5==6 (coupe vidange) / 5 ans"
ser,B33,,10,21,901,8.3898,0.1955,0.0233,Châtaignier,2005-2024,"IGN IFN donnees brutes 2005-2024, Licence Ouverte Etalab v2.0 ; VEGET5==6 (coupe vidange) / 5 ans"
ser,B33,,11,26,901,4.0931,0.1181,0.0289,Charme,2005-2024,"IGN IFN donnees brutes 2005-2024, Licence Ouverte Etalab v2.0 ; VEGET5==6 (coupe vidange) / 5 ans"
ser,B33,,12V,19,901,7.3482,0.155,0.0211,Bouleau verruqueux,2005-2024,"IGN IFN donnees brutes 2005-2024, Licence Ouverte Etalab v2.0 ; VEGET5==6 (coupe vidange) / 5 ans"
ser,B33,,13G,1,901,4.4758,0.005,0.0011,Aulne glutineux,2005-2024,"IGN IFN donnees brutes 2005-2024, Licence Ouverte Etalab v2.0 ; VEGET5==6 (coupe vidange) / 5 ans"
ser,B33,,14,5,901,8.0146,0.0445,0.0055,Robinier faux acacia,2005-2024,"IGN IFN donnees brutes 2005-2024, Licence Ouverte Etalab v2.0 ; VEGET5==6 (coupe vidange) / 5 ans"
ser,B33,,15S,1,901,3.6552,0.0041,0.0011,Érable sycomore,2005-2024,"IGN IFN donnees brutes 2005-2024, Licence Ouverte Etalab v2.0 ; VEGET5==6 (coupe vidange) / 5 ans"
ser,B33,,17C,4,901,17.9082,0.0795,0.0044,Frêne commun,2005-2024,"IGN IFN donnees brutes 2005-2024, Licence Ouverte Etalab v2.0 ; VEGET5==6 (coupe vidange) / 5 ans"
ser,B33,,19,4,901,28.6825,0.1273,0.0044,Peuplier cultivé,2005-2024,"IGN IFN donnees brutes 2005-2024, Licence Ouverte Etalab v2.0 ; VEGET5==6 (coupe vidange) / 5 ans"
ser,B33,,20P,1,901,2.7905,0.0031,0.0011,Tilleul à petites feuilles,2005-2024,"IGN IFN donnees brutes 2005-2024, Licence Ouverte Etalab v2.0 ; VEGET5==6 (coupe vidange) / 5 ans"
ser,B33,,21C,2,901,0.5396,0.0012,0.0022,Érable champêtre,2005-2024,"IGN IFN donnees brutes 2005-2024, Licence Ouverte Etalab v2.0 ; VEGET5==6 (coupe vidange) / 5 ans"
ser,B33,,22M,4,901,1.952,0.0087,0.0044,Merisier,2005-2024,"IGN IFN donnees brutes 2005-2024, Licence Ouverte Etalab v2.0 ; VEGET5==6 (coupe vidange) / 5 ans"
ser,B33,,24,10,901,7.5158,0.0834,0.0111,Tremble,2005-2024,"IGN IFN donnees brutes 2005-2024, Licence Ouverte Etalab v2.0 ; VEGET5==6 (coupe vidange) / 5 ans"
ser,B33,,25M,1,901,0.5727,6e-04,0.0011,Saule marsault,2005-2024,"IGN IFN donnees brutes 2005-2024, Licence Ouverte Etalab v2.0 ; VEGET5==6 (coupe vidange) / 5 ans"
ser,B33,,31,8,901,1.6629,0.0148,0.0089,Noisetier coudrier,2005-2024,"IGN IFN donnees brutes 2005-2024, Licence Ouverte Etalab v2.0 ; VEGET5==6 (coupe vidange) / 5 ans"
ser,B33,,41,4,901,1.4871,0.0066,0.0044,Alisier torminal,2005-2024,"IGN IFN donnees brutes 2005-2024, Licence Ouverte Etalab v2.0 ; VEGET5==6 (coupe vidange) / 5 ans"
ser,B33,,49AM,1,901,0.5576,6e-04,0.0011,Aubépine monogyne,2005-2024,"IGN IFN donnees brutes 2005-2024, Licence Ouverte Etalab v2.0 ; VEGET5==6 (coupe vidange) / 5 ans"
ser,B33,,49IA,1,901,0.4599,5e-04,0.0011,Houx,2005-2024,"IGN IFN donnees brutes 2005-2024, Licence Ouverte Etalab v2.0 ; VEGET5==6 (coupe vidange) / 5 ans"
ser,B33,,51,2,901,9.309,0.0207,0.0022,Pin maritime,2005-2024,"IGN IFN donnees brutes 2005-2024, Licence Ouverte Etalab v2.0 ; VEGET5==6 (coupe vidange) / 5 ans"
ser,B33,,52,5,901,16.7529,0.093,0.0055,Pin sylvestre,2005-2024,"IGN IFN donnees brutes 2005-2024, Licence Ouverte Etalab v2.0 ; VEGET5==6 (coupe vidange) / 5 ans"
ser,B33,,53CO,8,901,11.9164,0.1058,0.0089,Pin laricio de Corse,2005-2024,"IGN IFN donnees brutes 2005-2024, Licence Ouverte Etalab v2.0 ; VEGET5==6 (coupe vidange) / 5 ans"
ser,B33,,61,2,901,4.6118,0.0102,0.0022,Sapin pectiné,2005-2024,"IGN IFN donnees brutes 2005-2024, Licence Ouverte Etalab v2.0 ; VEGET5==6 (coupe vidange) / 5 ans"
ser,B33,,62,3,901,11.8515,0.0395,0.0033,Épicéa commun,2005-2024,"IGN IFN donnees brutes 2005-2024, Licence Ouverte Etalab v2.0 ; VEGET5==6 (coupe vidange) / 5 ans"
ser,B33,,64,7,901,27.1502,0.2109,0.0078,Douglas,2005-2024,"IGN IFN donnees brutes 2005-2024, Licence Ouverte Etalab v2.0 ; VEGET5==6 (coupe vidange) / 5 ans"
ser,B33,,73,1,901,3.7415,0.0042,0.0011,Épicéa de Sitka,2005-2024,"IGN IFN donnees brutes 2005-2024, Licence Ouverte Etalab v2.0 ; VEGET5==6 (coupe vidange) / 5 ans"
ser,B41,,02,47,2509,8.8568,0.1659,0.0187,Chêne pédonculé,2005-2024,"IGN IFN donnees brutes 2005-2024, Licence Ouverte Etalab v2.0 ; VEGET5==6 (coupe vidange) / 5 ans"
ser,B41,,03,84,2509,9.4778,0.3173,0.0335,Chêne sessile,2005-2024,"IGN IFN donnees brutes 2005-2024, Licence Ouverte Etalab v2.0 ; VEGET5==6 (coupe vidange) / 5 ans"
ser,B41,,04,1,2509,4.1374,0.0016,4e-04,Chêne rouge,2005-2024,"IGN IFN donnees brutes 2005-2024, Licence Ouverte Etalab v2.0 ; VEGET5==6 (coupe vidange) / 5 ans"
ser,B41,,05,1,2509,11.2304,0.0045,4e-04,Chêne pubescent,2005-2024,"IGN IFN donnees brutes 2005-2024, Licence Ouverte Etalab v2.0 ; VEGET5==6 (coupe vidange) / 5 ans"
ser,B41,,09,83,2509,10.8194,0.3579,0.0331,Hêtre,2005-2024,"IGN IFN donnees brutes 2005-2024, Licence Ouverte Etalab v2.0 ; VEGET5==6 (coupe vidange) / 5 ans"
ser,B41,,10,47,2509,10.3731,0.1943,0.0187,Châtaignier,2005-2024,"IGN IFN donnees brutes 2005-2024, Licence Ouverte Etalab v2.0 ; VEGET5==6 (coupe vidange) / 5 ans"
ser,B41,,11,84,2509,4.8331,0.1618,0.0335,Charme,2005-2024,"IGN IFN donnees brutes 2005-2024, Licence Ouverte Etalab v2.0 ; VEGET5==6 (coupe vidange) / 5 ans"
ser,B41,,12P,2,2509,12.2183,0.0097,8e-04,Bouleau pubescent,2005-2024,"IGN IFN donnees brutes 2005-2024, Licence Ouverte Etalab v2.0 ; VEGET5==6 (coupe vidange) / 5 ans"
ser,B41,,12V,42,2509,7.7647,0.13,0.0167,Bouleau verruqueux,2005-2024,"IGN IFN donnees brutes 2005-2024, Licence Ouverte Etalab v2.0 ; VEGET5==6 (coupe vidange) / 5 ans"
ser,B41,,13G,7,2509,9.6049,0.0268,0.0028,Aulne glutineux,2005-2024,"IGN IFN donnees brutes 2005-2024, Licence Ouverte Etalab v2.0 ; VEGET5==6 (coupe vidange) / 5 ans"
ser,B41,,14,12,2509,4.8327,0.0231,0.0048,Robinier faux acacia,2005-2024,"IGN IFN donnees brutes 2005-2024, Licence Ouverte Etalab v2.0 ; VEGET5==6 (coupe vidange) / 5 ans"
ser,B41,,15P,1,2509,7.6512,0.003,4e-04,Érable plane,2005-2024,"IGN IFN donnees brutes 2005-2024, Licence Ouverte Etalab v2.0 ; VEGET5==6 (coupe vidange) / 5 ans"
ser,B41,,15S,22,2509,3.8742,0.034,0.0088,Érable sycomore,2005-2024,"IGN IFN donnees brutes 2005-2024, Licence Ouverte Etalab v2.0 ; VEGET5==6 (coupe vidange) / 5 ans"
ser,B41,,17C,70,2509,9.4834,0.2646,0.0279,Frêne commun,2005-2024,"IGN IFN donnees brutes 2005-2024, Licence Ouverte Etalab v2.0 ; VEGET5==6 (coupe vidange) / 5 ans"
ser,B41,,18C,10,2509,1.2699,0.0051,0.004,Orme champêtre,2005-2024,"IGN IFN donnees brutes 2005-2024, Licence Ouverte Etalab v2.0 ; VEGET5==6 (coupe vidange) / 5 ans"
ser,B41,,19,40,2509,29.3725,0.4683,0.0159,Peuplier cultivé,2005-2024,"IGN IFN donnees brutes 2005-2024, Licence Ouverte Etalab v2.0 ; VEGET5==6 (coupe vidange) / 5 ans"
ser,B41,,20P,27,2509,4.0303,0.0434,0.0108,Tilleul à petites feuilles,2005-2024,"IGN IFN donnees brutes 2005-2024, Licence Ouverte Etalab v2.0 ; VEGET5==6 (coupe vidange) / 5 ans"
ser,B41,,21C,6,2509,7.8307,0.0187,0.0024,Érable champêtre,2005-2024,"IGN IFN donnees brutes 2005-2024, Licence Ouverte Etalab v2.0 ; VEGET5==6 (coupe vidange) / 5 ans"
ser,B41,,22G,1,2509,0.3018,1e-04,4e-04,Cerisier à grappes,2005-2024,"IGN IFN donnees brutes 2005-2024, Licence Ouverte Etalab v2.0 ; VEGET5==6 (coupe vidange) / 5 ans"
ser,B41,,22M,11,2509,3.1389,0.0138,0.0044,Merisier,2005-2024,"IGN IFN donnees brutes 2005-2024, Licence Ouverte Etalab v2.0 ; VEGET5==6 (coupe vidange) / 5 ans"
ser,B41,,22S,2,2509,3.4737,0.0028,8e-04,Cerisier tardif,2005-2024,"IGN IFN donnees brutes 2005-2024, Licence Ouverte Etalab v2.0 ; VEGET5==6 (coupe vidange) / 5 ans"
ser,B41,,23PD,1,2509,1.3831,6e-04,4e-04,Prunier domestique,2005-2024,"IGN IFN donnees brutes 2005-2024, Licence Ouverte Etalab v2.0 ; VEGET5==6 (coupe vidange) / 5 ans"
ser,B41,,24,18,2509,7.6581,0.0549,0.0072,Tremble,2005-2024,"IGN IFN donnees brutes 2005-2024, Licence Ouverte Etalab v2.0 ; VEGET5==6 (coupe vidange) / 5 ans"
ser,B41,,25B,4,2509,10.0528,0.016,0.0016,Saule blanc,2005-2024,"IGN IFN donnees brutes 2005-2024, Licence Ouverte Etalab v2.0 ; VEGET5==6 (coupe vidange) / 5 ans"
ser,B41,,25FR,2,2509,6.5458,0.0052,8e-04,Saule cassant,2005-2024,"IGN IFN donnees brutes 2005-2024, Licence Ouverte Etalab v2.0 ; VEGET5==6 (coupe vidange) / 5 ans"
ser,B41,,25M,22,2509,1.6735,0.0147,0.0088,Saule marsault,2005-2024,"IGN IFN donnees brutes 2005-2024, Licence Ouverte Etalab v2.0 ; VEGET5==6 (coupe vidange) / 5 ans"
ser,B41,,26E,1,2509,3.7191,0.0015,4e-04,Platane à feuilles d'érable,2005-2024,"IGN IFN donnees brutes 2005-2024, Licence Ouverte Etalab v2.0 ; VEGET5==6 (coupe vidange) / 5 ans"
ser,B41,,29MA,1,2509,9.1274,0.0036,4e-04,Marronnier d'Inde,2005-2024,"IGN IFN donnees brutes 2005-2024, Licence Ouverte Etalab v2.0 ; VEGET5==6 (coupe vidange) / 5 ans"
ser,B41,,31,26,2509,2.4112,0.025,0.0104,Noisetier coudrier,2005-2024,"IGN IFN donnees brutes 2005-2024, Licence Ouverte Etalab v2.0 ; VEGET5==6 (coupe vidange) / 5 ans"
ser,B41,,33G,5,2509,11.2174,0.0224,0.002,Peuplier grisard,2005-2024,"IGN IFN donnees brutes 2005-2024, Licence Ouverte Etalab v2.0 ; VEGET5==6 (coupe vidange) / 5 ans"
ser,B41,,39,1,2509,0.1807,1e-04,4e-04,Cornouiller mâle,2005-2024,"IGN IFN donnees brutes 2005-2024, Licence Ouverte Etalab v2.0 ; VEGET5==6 (coupe vidange) / 5 ans"
ser,B41,,41,2,2509,3.0097,0.0024,8e-04,Alisier torminal,2005-2024,"IGN IFN donnees brutes 2005-2024, Licence Ouverte Etalab v2.0 ; VEGET5==6 (coupe vidange) / 5 ans"
ser,B41,,49AM,6,2509,0.9895,0.0024,0.0024,Aubépine monogyne,2005-2024,"IGN IFN donnees brutes 2005-2024, Licence Ouverte Etalab v2.0 ; VEGET5==6 (coupe vidange) / 5 ans"
ser,B41,,49IA,1,2509,1.6626,7e-04,4e-04,Houx,2005-2024,"IGN IFN donnees brutes 2005-2024, Licence Ouverte Etalab v2.0 ; VEGET5==6 (coupe vidange) / 5 ans"
ser,B41,,49PS,1,2509,0.1941,1e-04,4e-04,Prunelier,2005-2024,"IGN IFN donnees brutes 2005-2024, Licence Ouverte Etalab v2.0 ; VEGET5==6 (coupe vidange) / 5 ans"
ser,B41,,49SN,7,2509,1.0465,0.0029,0.0028,Sureau noir,2005-2024,"IGN IFN donnees brutes 2005-2024, Licence Ouverte Etalab v2.0 ; VEGET5==6 (coupe vidange) / 5 ans"
ser,B41,,52,24,2509,8.0011,0.0765,0.0096,Pin sylvestre,2005-2024,"IGN IFN donnees brutes 2005-2024, Licence Ouverte Etalab v2.0 ; VEGET5==6 (coupe vidange) / 5 ans"
ser,B41,,53CO,6,2509,13.1216,0.0314,0.0024,Pin laricio de Corse,2005-2024,"IGN IFN donnees brutes 2005-2024, Licence Ouverte Etalab v2.0 ; VEGET5==6 (coupe vidange) / 5 ans"
ser,B41,,54,1,2509,11.3823,0.0045,4e-04,Pin noir d'Autriche,2005-2024,"IGN IFN donnees brutes 2005-2024, Licence Ouverte Etalab v2.0 ; VEGET5==6 (coupe vidange) / 5 ans"
ser,B41,,62,7,2509,9.1682,0.0256,0.0028,Épicéa commun,2005-2024,"IGN IFN donnees brutes 2005-2024, Licence Ouverte Etalab v2.0 ; VEGET5==6 (coupe vidange) / 5 ans"
ser,B41,,64,10,2509,12.8561,0.0512,0.004,Douglas,2005-2024,"IGN IFN donnees brutes 2005-2024, Licence Ouverte Etalab v2.0 ; VEGET5==6 (coupe vidange) / 5 ans"
ser,B41,,72V,2,2509,36.9458,0.0295,8e-04,Sapin de Vancouver,2005-2024,"IGN IFN donnees brutes 2005-2024, Licence Ouverte Etalab v2.0 ; VEGET5==6 (coupe vidange) / 5 ans"
ser,B42,,02,41,1306,10.1342,0.3181,0.0314,Chêne pédonculé,2005-2024,"IGN IFN donnees brutes 2005-2024, Licence Ouverte Etalab v2.0 ; VEGET5==6 (coupe vidange) / 5 ans"
ser,B42,,03,42,1306,11.8013,0.3795,0.0322,Chêne sessile,2005-2024,"IGN IFN donnees brutes 2005-2024, Licence Ouverte Etalab v2.0 ; VEGET5==6 (coupe vidange) / 5 ans"
ser,B42,,09,12,1306,9.1498,0.0841,0.0092,Hêtre,2005-2024,"IGN IFN donnees brutes 2005-2024, Licence Ouverte Etalab v2.0 ; VEGET5==6 (coupe vidange) / 5 ans"
ser,B42,,10,22,1306,5.9042,0.0995,0.0168,Châtaignier,2005-2024,"IGN IFN donnees brutes 2005-2024, Licence Ouverte Etalab v2.0 ; VEGET5==6 (coupe vidange) / 5 ans"
ser,B42,,11,70,1306,4.96,0.2659,0.0536,Charme,2005-2024,"IGN IFN donnees brutes 2005-2024, Licence Ouverte Etalab v2.0 ; VEGET5==6 (coupe vidange) / 5 ans"
ser,B42,,12P,1,1306,0.2643,2e-04,8e-04,Bouleau pubescent,2005-2024,"IGN IFN donnees brutes 2005-2024, Licence Ouverte Etalab v2.0 ; VEGET5==6 (coupe vidange) / 5 ans"
ser,B42,,12V,40,1306,6.2943,0.1928,0.0306,Bouleau verruqueux,2005-2024,"IGN IFN donnees brutes 2005-2024, Licence Ouverte Etalab v2.0 ; VEGET5==6 (coupe vidange) / 5 ans"
ser,B42,,13G,8,1306,2.7462,0.0168,0.0061,Aulne glutineux,2005-2024,"IGN IFN donnees brutes 2005-2024, Licence Ouverte Etalab v2.0 ; VEGET5==6 (coupe vidange) / 5 ans"
ser,B42,,14,11,1306,5.3238,0.0448,0.0084,Robinier faux acacia,2005-2024,"IGN IFN donnees brutes 2005-2024, Licence Ouverte Etalab v2.0 ; VEGET5==6 (coupe vidange) / 5 ans"
ser,B42,,15S,5,1306,3.4294,0.0131,0.0038,Érable sycomore,2005-2024,"IGN IFN donnees brutes 2005-2024, Licence Ouverte Etalab v2.0 ; VEGET5==6 (coupe vidange) / 5 ans"
ser,B42,,17C,52,1306,10.7395,0.4276,0.0398,Frêne commun,2005-2024,"IGN IFN donnees brutes 2005-2024, Licence Ouverte Etalab v2.0 ; VEGET5==6 (coupe vidange) / 5 ans"
ser,B42,,18C,5,1306,1.9626,0.0075,0.0038,Orme champêtre,2005-2024,"IGN IFN donnees brutes 2005-2024, Licence Ouverte Etalab v2.0 ; VEGET5==6 (coupe vidange) / 5 ans"
ser,B42,,18M,1,1306,0.2285,2e-04,8e-04,Orme de montagne,2005-2024,"IGN IFN donnees brutes 2005-2024, Licence Ouverte Etalab v2.0 ; VEGET5==6 (coupe vidange) / 5 ans"
ser,B42,,19,15,1306,28.3656,0.3258,0.0115,Peuplier cultivé,2005-2024,"IGN IFN donnees brutes 2005-2024, Licence Ouverte Etalab v2.0 ; VEGET5==6 (coupe vidange) / 5 ans"
ser,B42,,20P,13,1306,4.7655,0.0474,0.01,Tilleul à petites feuilles,2005-2024,"IGN IFN donnees brutes 2005-2024, Licence Ouverte Etalab v2.0 ; VEGET5==6 (coupe vidange) / 5 ans"
ser,B42,,21C,2,1306,1.9958,0.0031,0.0015,Érable champêtre,2005-2024,"IGN IFN donnees brutes 2005-2024, Licence Ouverte Etalab v2.0 ; VEGET5==6 (coupe vidange) / 5 ans"
ser,B42,,22M,7,1306,2.883,0.0155,0.0054,Merisier,2005-2024,"IGN IFN donnees brutes 2005-2024, Licence Ouverte Etalab v2.0 ; VEGET5==6 (coupe vidange) / 5 ans"
ser,B42,,24,36,1306,6.0642,0.1672,0.0276,Tremble,2005-2024,"IGN IFN donnees brutes 2005-2024, Licence Ouverte Etalab v2.0 ; VEGET5==6 (coupe vidange) / 5 ans"
ser,B42,,25B,2,1306,0.3855,6e-04,0.0015,Saule blanc,2005-2024,"IGN IFN donnees brutes 2005-2024, Licence Ouverte Etalab v2.0 ; VEGET5==6 (coupe vidange) / 5 ans"
ser,B42,,25M,16,1306,2.0728,0.0254,0.0123,Saule marsault,2005-2024,"IGN IFN donnees brutes 2005-2024, Licence Ouverte Etalab v2.0 ; VEGET5==6 (coupe vidange) / 5 ans"
ser,B42,,27C,1,1306,3.5674,0.0027,8e-04,Noyer commun,2005-2024,"IGN IFN donnees brutes 2005-2024, Licence Ouverte Etalab v2.0 ; VEGET5==6 (coupe vidange) / 5 ans"
ser,B42,,29MA,1,1306,16.9167,0.013,8e-04,Marronnier d'Inde,2005-2024,"IGN IFN donnees brutes 2005-2024, Licence Ouverte Etalab v2.0 ; VEGET5==6 (coupe vidange) / 5 ans"
ser,B42,,31,19,1306,1.2016,0.0175,0.0145,Noisetier coudrier,2005-2024,"IGN IFN donnees brutes 2005-2024, Licence Ouverte Etalab v2.0 ; VEGET5==6 (coupe vidange) / 5 ans"
ser,B42,,332G,1,1306,84.0259,0.0643,8e-04,,2005-2024,"IGN IFN donnees brutes 2005-2024, Licence Ouverte Etalab v2.0 ; VEGET5==6 (coupe vidange) / 5 ans"
ser,B42,,33G,1,1306,10.1027,0.0077,8e-04,Peuplier grisard,2005-2024,"IGN IFN donnees brutes 2005-2024, Licence Ouverte Etalab v2.0 ; VEGET5==6 (coupe vidange) / 5 ans"
ser,B42,,38AU,1,1306,0.2467,2e-04,8e-04,Cytise aubour,2005-2024,"IGN IFN donnees brutes 2005-2024, Licence Ouverte Etalab v2.0 ; VEGET5==6 (coupe vidange) / 5 ans"
ser,B42,,49AE,1,1306,0.648,5e-04,8e-04,Aubépine épineuse,2005-2024,"IGN IFN donnees brutes 2005-2024, Licence Ouverte Etalab v2.0 ; VEGET5==6 (coupe vidange) / 5 ans"
ser,B42,,49AM,6,1306,0.7194,0.0033,0.0046,Aubépine monogyne,2005-2024,"IGN IFN donnees brutes 2005-2024, Licence Ouverte Etalab v2.0 ; VEGET5==6 (coupe vidange) / 5 ans"
ser,B42,,49SN,6,1306,0.6913,0.0032,0.0046,Sureau noir,2005-2024,"IGN IFN donnees brutes 2005-2024, Licence Ouverte Etalab v2.0 ; VEGET5==6 (coupe vidange) / 5 ans"
ser,B42,,52,1,1306,2.967,0.0023,8e-04,Pin sylvestre,2005-2024,"IGN IFN donnees brutes 2005-2024, Licence Ouverte Etalab v2.0 ; VEGET5==6 (coupe vidange) / 5 ans"
ser,B42,,53CO,2,1306,7.0491,0.0108,0.0015,Pin laricio de Corse,2005-2024,"IGN IFN donnees brutes 2005-2024, Licence Ouverte Etalab v2.0 ; VEGET5==6 (coupe vidange) / 5 ans"
ser,B42,,54,1,1306,4.1349,0.0032,8e-04,Pin noir d'Autriche,2005-2024,"IGN IFN donnees brutes 2005-2024, Licence Ouverte Etalab v2.0 ; VEGET5==6 (coupe vidange) / 5 ans"
ser,B42,,62,4,1306,9.7754,0.0299,0.0031,Épicéa commun,2005-2024,"IGN IFN donnees brutes 2005-2024, Licence Ouverte Etalab v2.0 ; VEGET5==6 (coupe vidange) / 5 ans"
ser,B42,,63,1,1306,14.6195,0.0112,8e-04,Mélèze d'Europe,2005-2024,"IGN IFN donnees brutes 2005-2024, Licence Ouverte Etalab v2.0 ; VEGET5==6 (coupe vidange) / 5 ans"
ser,B42,,64,1,1306,3.9161,0.003,8e-04,Douglas,2005-2024,"IGN IFN donnees brutes 2005-2024, Licence Ouverte Etalab v2.0 ; VEGET5==6 (coupe vidange) / 5 ans"
ser,B42,,73,1,1306,21.1324,0.0162,8e-04,Épicéa de Sitka,2005-2024,"IGN IFN donnees brutes 2005-2024, Licence Ouverte Etalab v2.0 ; VEGET5==6 (coupe vidange) / 5 ans"
ser,B43,,02,8,605,6.2277,0.0824,0.0132,Chêne pédonculé,2005-2024,"IGN IFN donnees brutes 2005-2024, Licence Ouverte Etalab v2.0 ; VEGET5==6 (coupe vidange) / 5 ans"
ser,B43,,11,2,605,6.7631,0.0224,0.0033,Charme,2005-2024,"IGN IFN donnees brutes 2005-2024, Licence Ouverte Etalab v2.0 ; VEGET5==6 (coupe vidange) / 5 ans"
ser,B43,,12V,3,605,2.1831,0.0108,0.005,Bouleau verruqueux,2005-2024,"IGN IFN donnees brutes 2005-2024, Licence Ouverte Etalab v2.0 ; VEGET5==6 (coupe vidange) / 5 ans"
ser,B43,,13G,7,605,6.5556,0.0758,0.0116,Aulne glutineux,2005-2024,"IGN IFN donnees brutes 2005-2024, Licence Ouverte Etalab v2.0 ; VEGET5==6 (coupe vidange) / 5 ans"
ser,B43,,14,1,605,20.3377,0.0336,0.0017,Robinier faux acacia,2005-2024,"IGN IFN donnees brutes 2005-2024, Licence Ouverte Etalab v2.0 ; VEGET5==6 (coupe vidange) / 5 ans"
ser,B43,,15S,4,605,7.6403,0.0505,0.0066,Érable sycomore,2005-2024,"IGN IFN donnees brutes 2005-2024, Licence Ouverte Etalab v2.0 ; VEGET5==6 (coupe vidange) / 5 ans"
ser,B43,,17C,30,605,4.9823,0.2471,0.0496,Frêne commun,2005-2024,"IGN IFN donnees brutes 2005-2024, Licence Ouverte Etalab v2.0 ; VEGET5==6 (coupe vidange) / 5 ans"
ser,B43,,18C,3,605,0.9971,0.0049,0.005,Orme champêtre,2005-2024,"IGN IFN donnees brutes 2005-2024, Licence Ouverte Etalab v2.0 ; VEGET5==6 (coupe vidange) / 5 ans"
ser,B43,,19,52,605,34.3667,2.9538,0.086,Peuplier cultivé,2005-2024,"IGN IFN donnees brutes 2005-2024, Licence Ouverte Etalab v2.0 ; VEGET5==6 (coupe vidange) / 5 ans"
ser,B43,,20P,2,605,8.9391,0.0296,0.0033,Tilleul à petites feuilles,2005-2024,"IGN IFN donnees brutes 2005-2024, Licence Ouverte Etalab v2.0 ; VEGET5==6 (coupe vidange) / 5 ans"
ser,B43,,21C,1,605,3.3497,0.0055,0.0017,Érable champêtre,2005-2024,"IGN IFN donnees brutes 2005-2024, Licence Ouverte Etalab v2.0 ; VEGET5==6 (coupe vidange) / 5 ans"
ser,B43,,24,2,605,2.263,0.0075,0.0033,Tremble,2005-2024,"IGN IFN donnees brutes 2005-2024, Licence Ouverte Etalab v2.0 ; VEGET5==6 (coupe vidange) / 5 ans"
ser,B43,,25B,5,605,12.9567,0.1071,0.0083,Saule blanc,2005-2024,"IGN IFN donnees brutes 2005-2024, Licence Ouverte Etalab v2.0 ; VEGET5==6 (coupe vidange) / 5 ans"
ser,B43,,25FR,1,605,2.9064,0.0048,0.0017,Saule cassant,2005-2024,"IGN IFN donnees brutes 2005-2024, Licence Ouverte Etalab v2.0 ; VEGET5==6 (coupe vidange) / 5 ans"
ser,B43,,25M,1,605,0.2179,4e-04,0.0017,Saule marsault,2005-2024,"IGN IFN donnees brutes 2005-2024, Licence Ouverte Etalab v2.0 ; VEGET5==6 (coupe vidange) / 5 ans"
ser,B43,,25R,1,605,0.3578,6e-04,0.0017,Saule roux,2005-2024,"IGN IFN donnees brutes 2005-2024, Licence Ouverte Etalab v2.0 ; VEGET5==6 (coupe vidange) / 5 ans"
ser,B43,,27C,1,605,2.4729,0.0041,0.0017,Noyer commun,2005-2024,"IGN IFN donnees brutes 2005-2024, Licence Ouverte Etalab v2.0 ; VEGET5==6 (coupe vidange) / 5 ans"
ser,B43,,29AF,1,605,0.3324,5e-04,0.0017,,2005-2024,"IGN IFN donnees brutes 2005-2024, Licence Ouverte Etalab v2.0 ; VEGET5==6 (coupe vidange) / 5 ans"
ser,B43,,31,2,605,1.684,0.0056,0.0033,Noisetier coudrier,2005-2024,"IGN IFN donnees brutes 2005-2024, Licence Ouverte Etalab v2.0 ; VEGET5==6 (coupe vidange) / 5 ans"
ser,B43,,332G,1,605,0.2155,4e-04,0.0017,,2005-2024,"IGN IFN donnees brutes 2005-2024, Licence Ouverte Etalab v2.0 ; VEGET5==6 (coupe vidange) / 5 ans"
ser,B43,,49AM,2,605,0.4568,0.0015,0.0033,Aubépine monogyne,2005-2024,"IGN IFN donnees brutes 2005-2024, Licence Ouverte Etalab v2.0 ; VEGET5==6 (coupe vidange) / 5 ans"
ser,B43,,49PS,1,605,0.2244,4e-04,0.0017,Prunelier,2005-2024,"IGN IFN donnees brutes 2005-2024, Licence Ouverte Etalab v2.0 ; VEGET5==6 (coupe vidange) / 5 ans"
ser,B43,,49SN,2,605,0.4465,0.0015,0.0033,Sureau noir,2005-2024,"IGN IFN donnees brutes 2005-2024, Licence Ouverte Etalab v2.0 ; VEGET5==6 (coupe vidange) / 5 ans"
ser,B43,,52,1,605,4.007,0.0066,0.0017,Pin sylvestre,2005-2024,"IGN IFN donnees brutes 2005-2024, Licence Ouverte Etalab v2.0 ; VEGET5==6 (coupe vidange) / 5 ans"
ser,B43,,53CO,1,605,14.5849,0.0241,0.0017,Pin laricio de Corse,2005-2024,"IGN IFN donnees brutes 2005-2024, Licence Ouverte Etalab v2.0 ; VEGET5==6 (coupe vidange) / 5 ans"
ser,B43,,54,2,605,5.2518,0.0174,0.0033,Pin noir d'Autriche,2005-2024,"IGN IFN donnees brutes 2005-2024, Licence Ouverte Etalab v2.0 ; VEGET5==6 (coupe vidange) / 5 ans"
ser,B43,,62,2,605,9.858,0.0326,0.0033,Épicéa commun,2005-2024,"IGN IFN donnees brutes 2005-2024, Licence Ouverte Etalab v2.0 ; VEGET5==6 (coupe vidange) / 5 ans"
ser,B44,,02,4,258,8.8593,0.1374,0.0155,Chêne pédonculé,2005-2024,"IGN IFN donnees brutes 2005-2024, Licence Ouverte Etalab v2.0 ; VEGET5==6 (coupe vidange) / 5 ans"
ser,B44,,03,10,258,9.0012,0.3489,0.0388,Chêne sessile,2005-2024,"IGN IFN donnees brutes 2005-2024, Licence Ouverte Etalab v2.0 ; VEGET5==6 (coupe vidange) / 5 ans"
ser,B44,,04,1,258,12.2559,0.0475,0.0039,Chêne rouge,2005-2024,"IGN IFN donnees brutes 2005-2024, Licence Ouverte Etalab v2.0 ; VEGET5==6 (coupe vidange) / 5 ans"
ser,B44,,05,1,258,1.5896,0.0062,0.0039,Chêne pubescent,2005-2024,"IGN IFN donnees brutes 2005-2024, Licence Ouverte Etalab v2.0 ; VEGET5==6 (coupe vidange) / 5 ans"
ser,B44,,11,5,258,4.9832,0.0966,0.0194,Charme,2005-2024,"IGN IFN donnees brutes 2005-2024, Licence Ouverte Etalab v2.0 ; VEGET5==6 (coupe vidange) / 5 ans"
ser,B44,,12V,1,258,4.5394,0.0176,0.0039,Bouleau verruqueux,2005-2024,"IGN IFN donnees brutes 2005-2024, Licence Ouverte Etalab v2.0 ; VEGET5==6 (coupe vidange) / 5 ans"
ser,B44,,13G,1,258,9.2083,0.0357,0.0039,Aulne glutineux,2005-2024,"IGN IFN donnees brutes 2005-2024, Licence Ouverte Etalab v2.0 ; VEGET5==6 (coupe vidange) / 5 ans"
ser,B44,,15S,2,258,0.5539,0.0043,0.0078,Érable sycomore,2005-2024,"IGN IFN donnees brutes 2005-2024, Licence Ouverte Etalab v2.0 ; VEGET5==6 (coupe vidange) / 5 ans"
ser,B44,,17C,5,258,9.005,0.1745,0.0194,Frêne commun,2005-2024,"IGN IFN donnees brutes 2005-2024, Licence Ouverte Etalab v2.0 ; VEGET5==6 (coupe vidange) / 5 ans"
ser,B44,,18C,1,258,1.0133,0.0039,0.0039,Orme champêtre,2005-2024,"IGN IFN donnees brutes 2005-2024, Licence Ouverte Etalab v2.0 ; VEGET5==6 (coupe vidange) / 5 ans"
ser,B44,,19,2,258,39.6064,0.307,0.0078,Peuplier cultivé,2005-2024,"IGN IFN donnees brutes 2005-2024, Licence Ouverte Etalab v2.0 ; VEGET5==6 (coupe vidange) / 5 ans"
ser,B44,,25B,1,258,3.0418,0.0118,0.0039,Saule blanc,2005-2024,"IGN IFN donnees brutes 2005-2024, Licence Ouverte Etalab v2.0 ; VEGET5==6 (coupe vidange) / 5 ans"
ser,B44,,25FR,1,258,3.3084,0.0128,0.0039,Saule cassant,2005-2024,"IGN IFN donnees brutes 2005-2024, Licence Ouverte Etalab v2.0 ; VEGET5==6 (coupe vidange) / 5 ans"
ser,B44,,27C,1,258,1.8166,0.007,0.0039,Noyer commun,2005-2024,"IGN IFN donnees brutes 2005-2024, Licence Ouverte Etalab v2.0 ; VEGET5==6 (coupe vidange) / 5 ans"
ser,B44,,33G,2,258,17.5116,0.1357,0.0078,Peuplier grisard,2005-2024,"IGN IFN donnees brutes 2005-2024, Licence Ouverte Etalab v2.0 ; VEGET5==6 (coupe vidange) / 5 ans"
ser,B44,,49AM,1,258,0.4827,0.0019,0.0039,Aubépine monogyne,2005-2024,"IGN IFN donnees brutes 2005-2024, Licence Ouverte Etalab v2.0 ; VEGET5==6 (coupe vidange) / 5 ans"
ser,B44,,64,2,258,24.1262,0.187,0.0078,Douglas,2005-2024,"IGN IFN donnees brutes 2005-2024, Licence Ouverte Etalab v2.0 ; VEGET5==6 (coupe vidange) / 5 ans"
ser,B51,,02,67,1233,10.4264,0.5666,0.0543,Chêne pédonculé,2005-2024,"IGN IFN donnees brutes 2005-2024, Licence Ouverte Etalab v2.0 ; VEGET5==6 (coupe vidange) / 5 ans"
ser,B51,,03,59,1233,10.269,0.4914,0.0479,Chêne sessile,2005-2024,"IGN IFN donnees brutes 2005-2024, Licence Ouverte Etalab v2.0 ; VEGET5==6 (coupe vidange) / 5 ans"
ser,B51,,09,13,1233,8.5889,0.0906,0.0105,Hêtre,2005-2024,"IGN IFN donnees brutes 2005-2024, Licence Ouverte Etalab v2.0 ; VEGET5==6 (coupe vidange) / 5 ans"
ser,B51,,10,4,1233,7.7418,0.0251,0.0032,Châtaignier,2005-2024,"IGN IFN donnees brutes 2005-2024, Licence Ouverte Etalab v2.0 ; VEGET5==6 (coupe vidange) / 5 ans"
ser,B51,,11,77,1233,4.6599,0.291,0.0624,Charme,2005-2024,"IGN IFN donnees brutes 2005-2024, Licence Ouverte Etalab v2.0 ; VEGET5==6 (coupe vidange) / 5 ans"
ser,B51,,12V,15,1233,6.1247,0.0745,0.0122,Bouleau verruqueux,2005-2024,"IGN IFN donnees brutes 2005-2024, Licence Ouverte Etalab v2.0 ; VEGET5==6 (coupe vidange) / 5 ans"
ser,B51,,13G,11,1233,6.7504,0.0602,0.0089,Aulne glutineux,2005-2024,"IGN IFN donnees brutes 2005-2024, Licence Ouverte Etalab v2.0 ; VEGET5==6 (coupe vidange) / 5 ans"
ser,B51,,14,6,1233,5.372,0.0261,0.0049,Robinier faux acacia,2005-2024,"IGN IFN donnees brutes 2005-2024, Licence Ouverte Etalab v2.0 ; VEGET5==6 (coupe vidange) / 5 ans"
ser,B51,,15S,9,1233,3.02,0.022,0.0073,Érable sycomore,2005-2024,"IGN IFN donnees brutes 2005-2024, Licence Ouverte Etalab v2.0 ; VEGET5==6 (coupe vidange) / 5 ans"
ser,B51,,17C,37,1233,12.964,0.389,0.03,Frêne commun,2005-2024,"IGN IFN donnees brutes 2005-2024, Licence Ouverte Etalab v2.0 ; VEGET5==6 (coupe vidange) / 5 ans"
ser,B51,,18C,6,1233,2.3677,0.0115,0.0049,Orme champêtre,2005-2024,"IGN IFN donnees brutes 2005-2024, Licence Ouverte Etalab v2.0 ; VEGET5==6 (coupe vidange) / 5 ans"
ser,B51,,18D,1,1233,1.0484,9e-04,8e-04,Orme lisse,2005-2024,"IGN IFN donnees brutes 2005-2024, Licence Ouverte Etalab v2.0 ; VEGET5==6 (coupe vidange) / 5 ans"
ser,B51,,19,31,1233,40.0409,1.0067,0.0251,Peuplier cultivé,2005-2024,"IGN IFN donnees brutes 2005-2024, Licence Ouverte Etalab v2.0 ; VEGET5==6 (coupe vidange) / 5 ans"
ser,B51,,20G,3,1233,9.8962,0.0241,0.0024,Tilleul à grandes feuilles,2005-2024,"IGN IFN donnees brutes 2005-2024, Licence Ouverte Etalab v2.0 ; VEGET5==6 (coupe vidange) / 5 ans"
ser,B51,,20P,10,1233,5.6669,0.046,0.0081,Tilleul à petites feuilles,2005-2024,"IGN IFN donnees brutes 2005-2024, Licence Ouverte Etalab v2.0 ; VEGET5==6 (coupe vidange) / 5 ans"
ser,B51,,21C,7,1233,3.5192,0.02,0.0057,Érable champêtre,2005-2024,"IGN IFN donnees brutes 2005-2024, Licence Ouverte Etalab v2.0 ; VEGET5==6 (coupe vidange) / 5 ans"
ser,B51,,22M,4,1233,1.1858,0.0038,0.0032,Merisier,2005-2024,"IGN IFN donnees brutes 2005-2024, Licence Ouverte Etalab v2.0 ; VEGET5==6 (coupe vidange) / 5 ans"
ser,B51,,23PC,2,1233,2.7363,0.0044,0.0016,Poirier commun,2005-2024,"IGN IFN donnees brutes 2005-2024, Licence Ouverte Etalab v2.0 ; VEGET5==6 (coupe vidange) / 5 ans"
ser,B51,,23PM,1,1233,0.3696,3e-04,8e-04,Pommier sauvage,2005-2024,"IGN IFN donnees brutes 2005-2024, Licence Ouverte Etalab v2.0 ; VEGET5==6 (coupe vidange) / 5 ans"
ser,B51,,24,28,1233,8.1574,0.1852,0.0227,Tremble,2005-2024,"IGN IFN donnees brutes 2005-2024, Licence Ouverte Etalab v2.0 ; VEGET5==6 (coupe vidange) / 5 ans"
ser,B51,,25B,2,1233,2.1811,0.0035,0.0016,Saule blanc,2005-2024,"IGN IFN donnees brutes 2005-2024, Licence Ouverte Etalab v2.0 ; VEGET5==6 (coupe vidange) / 5 ans"
ser,B51,,25C,2,1233,0.8434,0.0014,0.0016,Saule cendré,2005-2024,"IGN IFN donnees brutes 2005-2024, Licence Ouverte Etalab v2.0 ; VEGET5==6 (coupe vidange) / 5 ans"
ser,B51,,25FR,2,1233,1.9743,0.0032,0.0016,Saule cassant,2005-2024,"IGN IFN donnees brutes 2005-2024, Licence Ouverte Etalab v2.0 ; VEGET5==6 (coupe vidange) / 5 ans"
ser,B51,,25M,7,1233,2.6581,0.0151,0.0057,Saule marsault,2005-2024,"IGN IFN donnees brutes 2005-2024, Licence Ouverte Etalab v2.0 ; VEGET5==6 (coupe vidange) / 5 ans"
ser,B51,,31,11,1233,1.8119,0.0162,0.0089,Noisetier coudrier,2005-2024,"IGN IFN donnees brutes 2005-2024, Licence Ouverte Etalab v2.0 ; VEGET5==6 (coupe vidange) / 5 ans"
ser,B51,,33B,1,1233,26.1853,0.0212,8e-04,Peuplier blanc,2005-2024,"IGN IFN donnees brutes 2005-2024, Licence Ouverte Etalab v2.0 ; VEGET5==6 (coupe vidange) / 5 ans"
ser,B51,,33G,2,1233,22.9146,0.0372,0.0016,Peuplier grisard,2005-2024,"IGN IFN donnees brutes 2005-2024, Licence Ouverte Etalab v2.0 ; VEGET5==6 (coupe vidange) / 5 ans"
ser,B51,,41,1,1233,4.0982,0.0033,8e-04,Alisier torminal,2005-2024,"IGN IFN donnees brutes 2005-2024, Licence Ouverte Etalab v2.0 ; VEGET5==6 (coupe vidange) / 5 ans"
ser,B51,,49AM,3,1233,1.2235,0.003,0.0024,Aubépine monogyne,2005-2024,"IGN IFN donnees brutes 2005-2024, Licence Ouverte Etalab v2.0 ; VEGET5==6 (coupe vidange) / 5 ans"
ser,B51,,49PS,1,1233,1.5537,0.0013,8e-04,Prunelier,2005-2024,"IGN IFN donnees brutes 2005-2024, Licence Ouverte Etalab v2.0 ; VEGET5==6 (coupe vidange) / 5 ans"
ser,B51,,52,5,1233,8.5642,0.0347,0.0041,Pin sylvestre,2005-2024,"IGN IFN donnees brutes 2005-2024, Licence Ouverte Etalab v2.0 ; VEGET5==6 (coupe vidange) / 5 ans"
ser,B51,,61,1,1233,3.7065,0.003,8e-04,Sapin pectiné,2005-2024,"IGN IFN donnees brutes 2005-2024, Licence Ouverte Etalab v2.0 ; VEGET5==6 (coupe vidange) / 5 ans"
ser,B51,,62,6,1233,20.1571,0.0981,0.0049,Épicéa commun,2005-2024,"IGN IFN donnees brutes 2005-2024, Licence Ouverte Etalab v2.0 ; VEGET5==6 (coupe vidange) / 5 ans"
ser,B51,,64,3,1233,19.5947,0.0477,0.0024,Douglas,2005-2024,"IGN IFN donnees brutes 2005-2024, Licence Ouverte Etalab v2.0 ; VEGET5==6 (coupe vidange) / 5 ans"
ser,B52,,02,29,935,8.1623,0.2532,0.031,Chêne pédonculé,2005-2024,"IGN IFN donnees brutes 2005-2024, Licence Ouverte Etalab v2.0 ; VEGET5==6 (coupe vidange) / 5 ans"
ser,B52,,03,64,935,10.7865,0.7383,0.0684,Chêne sessile,2005-2024,"IGN IFN donnees brutes 2005-2024, Licence Ouverte Etalab v2.0 ; VEGET5==6 (coupe vidange) / 5 ans"
ser,B52,,09,13,935,5.5797,0.0776,0.0139,Hêtre,2005-2024,"IGN IFN donnees brutes 2005-2024, Licence Ouverte Etalab v2.0 ; VEGET5==6 (coupe vidange) / 5 ans"
ser,B52,,10,6,935,5.4702,0.0351,0.0064,Châtaignier,2005-2024,"IGN IFN donnees brutes 2005-2024, Licence Ouverte Etalab v2.0 ; VEGET5==6 (coupe vidange) / 5 ans"
ser,B52,,11,67,935,6.2919,0.4509,0.0717,Charme,2005-2024,"IGN IFN donnees brutes 2005-2024, Licence Ouverte Etalab v2.0 ; VEGET5==6 (coupe vidange) / 5 ans"
ser,B52,,12V,19,935,5.4449,0.1106,0.0203,Bouleau verruqueux,2005-2024,"IGN IFN donnees brutes 2005-2024, Licence Ouverte Etalab v2.0 ; VEGET5==6 (coupe vidange) / 5 ans"
ser,B52,,14,7,935,13.2961,0.0995,0.0075,Robinier faux acacia,2005-2024,"IGN IFN donnees brutes 2005-2024, Licence Ouverte Etalab v2.0 ; VEGET5==6 (coupe vidange) / 5 ans"
ser,B52,,17C,3,935,3.4602,0.0111,0.0032,Frêne commun,2005-2024,"IGN IFN donnees brutes 2005-2024, Licence Ouverte Etalab v2.0 ; VEGET5==6 (coupe vidange) / 5 ans"
ser,B52,,18C,2,935,3.2236,0.0069,0.0021,Orme champêtre,2005-2024,"IGN IFN donnees brutes 2005-2024, Licence Ouverte Etalab v2.0 ; VEGET5==6 (coupe vidange) / 5 ans"
ser,B52,,19,5,935,40.8666,0.2185,0.0053,Peuplier cultivé,2005-2024,"IGN IFN donnees brutes 2005-2024, Licence Ouverte Etalab v2.0 ; VEGET5==6 (coupe vidange) / 5 ans"
ser,B52,,20G,1,935,1.1846,0.0013,0.0011,Tilleul à grandes feuilles,2005-2024,"IGN IFN donnees brutes 2005-2024, Licence Ouverte Etalab v2.0 ; VEGET5==6 (coupe vidange) / 5 ans"
ser,B52,,21C,2,935,54.0026,0.1155,0.0021,Érable champêtre,2005-2024,"IGN IFN donnees brutes 2005-2024, Licence Ouverte Etalab v2.0 ; VEGET5==6 (coupe vidange) / 5 ans"
ser,B52,,22M,5,935,8.5583,0.0458,0.0053,Merisier,2005-2024,"IGN IFN donnees brutes 2005-2024, Licence Ouverte Etalab v2.0 ; VEGET5==6 (coupe vidange) / 5 ans"
ser,B52,,24,10,935,9.431,0.1009,0.0107,Tremble,2005-2024,"IGN IFN donnees brutes 2005-2024, Licence Ouverte Etalab v2.0 ; VEGET5==6 (coupe vidange) / 5 ans"
ser,B52,,25M,4,935,5.8033,0.0248,0.0043,Saule marsault,2005-2024,"IGN IFN donnees brutes 2005-2024, Licence Ouverte Etalab v2.0 ; VEGET5==6 (coupe vidange) / 5 ans"
ser,B52,,33N,1,935,1.5801,0.0017,0.0011,Peuplier noir,2005-2024,"IGN IFN donnees brutes 2005-2024, Licence Ouverte Etalab v2.0 ; VEGET5==6 (coupe vidange) / 5 ans"
ser,B52,,49AM,3,935,0.3318,0.0011,0.0032,Aubépine monogyne,2005-2024,"IGN IFN donnees brutes 2005-2024, Licence Ouverte Etalab v2.0 ; VEGET5==6 (coupe vidange) / 5 ans"
ser,B52,,52,2,935,18.7929,0.0402,0.0021,Pin sylvestre,2005-2024,"IGN IFN donnees brutes 2005-2024, Licence Ouverte Etalab v2.0 ; VEGET5==6 (coupe vidange) / 5 ans"
ser,B52,,53CO,2,935,7.7064,0.0165,0.0021,Pin laricio de Corse,2005-2024,"IGN IFN donnees brutes 2005-2024, Licence Ouverte Etalab v2.0 ; VEGET5==6 (coupe vidange) / 5 ans"
ser,B52,,54,1,935,8.8792,0.0095,0.0011,Pin noir d'Autriche,2005-2024,"IGN IFN donnees brutes 2005-2024, Licence Ouverte Etalab v2.0 ; VEGET5==6 (coupe vidange) / 5 ans"
ser,B52,,61,2,935,18.0396,0.0386,0.0021,Sapin pectiné,2005-2024,"IGN IFN donnees brutes 2005-2024, Licence Ouverte Etalab v2.0 ; VEGET5==6 (coupe vidange) / 5 ans"
ser,B52,,62,10,935,18.1278,0.1939,0.0107,Épicéa commun,2005-2024,"IGN IFN donnees brutes 2005-2024, Licence Ouverte Etalab v2.0 ; VEGET5==6 (coupe vidange) / 5 ans"
ser,B52,,64,14,935,13.3677,0.2002,0.015,Douglas,2005-2024,"IGN IFN donnees brutes 2005-2024, Licence Ouverte Etalab v2.0 ; VEGET5==6 (coupe vidange) / 5 ans"
ser,B52,,72V,2,935,3.6408,0.0078,0.0021,Sapin de Vancouver,2005-2024,"IGN IFN donnees brutes 2005-2024, Licence Ouverte Etalab v2.0 ; VEGET5==6 (coupe vidange) / 5 ans"
ser,B53,,02,28,959,9.2006,0.2686,0.0292,Chêne pédonculé,2005-2024,"IGN IFN donnees brutes 2005-2024, Licence Ouverte Etalab v2.0 ; VEGET5==6 (coupe vidange) / 5 ans"
ser,B53,,03,100,959,10.3117,1.0753,0.1043,Chêne sessile,2005-2024,"IGN IFN donnees brutes 2005-2024, Licence Ouverte Etalab v2.0 ; VEGET5==6 (coupe vidange) / 5 ans"
ser,B53,,04,4,959,16.603,0.0693,0.0042,Chêne rouge,2005-2024,"IGN IFN donnees brutes 2005-2024, Licence Ouverte Etalab v2.0 ; VEGET5==6 (coupe vidange) / 5 ans"
ser,B53,,09,37,959,6.2991,0.243,0.0386,Hêtre,2005-2024,"IGN IFN donnees brutes 2005-2024, Licence Ouverte Etalab v2.0 ; VEGET5==6 (coupe vidange) / 5 ans"
ser,B53,,10,11,959,11.0733,0.127,0.0115,Châtaignier,2005-2024,"IGN IFN donnees brutes 2005-2024, Licence Ouverte Etalab v2.0 ; VEGET5==6 (coupe vidange) / 5 ans"
ser,B53,,11,56,959,5.8703,0.3428,0.0584,Charme,2005-2024,"IGN IFN donnees brutes 2005-2024, Licence Ouverte Etalab v2.0 ; VEGET5==6 (coupe vidange) / 5 ans"
ser,B53,,12V,21,959,5.0206,0.1099,0.0219,Bouleau verruqueux,2005-2024,"IGN IFN donnees brutes 2005-2024, Licence Ouverte Etalab v2.0 ; VEGET5==6 (coupe vidange) / 5 ans"
ser,B53,,14,1,959,1.5697,0.0016,0.001,Robinier faux acacia,2005-2024,"IGN IFN donnees brutes 2005-2024, Licence Ouverte Etalab v2.0 ; VEGET5==6 (coupe vidange) / 5 ans"
ser,B53,,15P,1,959,1.4072,0.0015,0.001,Érable plane,2005-2024,"IGN IFN donnees brutes 2005-2024, Licence Ouverte Etalab v2.0 ; VEGET5==6 (coupe vidange) / 5 ans"
ser,B53,,17C,2,959,2.5398,0.0053,0.0021,Frêne commun,2005-2024,"IGN IFN donnees brutes 2005-2024, Licence Ouverte Etalab v2.0 ; VEGET5==6 (coupe vidange) / 5 ans"
ser,B53,,19,1,959,24.4992,0.0255,0.001,Peuplier cultivé,2005-2024,"IGN IFN donnees brutes 2005-2024, Licence Ouverte Etalab v2.0 ; VEGET5==6 (coupe vidange) / 5 ans"
ser,B53,,21C,2,959,3.2972,0.0069,0.0021,Érable champêtre,2005-2024,"IGN IFN donnees brutes 2005-2024, Licence Ouverte Etalab v2.0 ; VEGET5==6 (coupe vidange) / 5 ans"
ser,B53,,22M,2,959,3.8541,0.008,0.0021,Merisier,2005-2024,"IGN IFN donnees brutes 2005-2024, Licence Ouverte Etalab v2.0 ; VEGET5==6 (coupe vidange) / 5 ans"
ser,B53,,23PM,1,959,0.1492,2e-04,0.001,Pommier sauvage,2005-2024,"IGN IFN donnees brutes 2005-2024, Licence Ouverte Etalab v2.0 ; VEGET5==6 (coupe vidange) / 5 ans"
ser,B53,,24,12,959,8.4689,0.106,0.0125,Tremble,2005-2024,"IGN IFN donnees brutes 2005-2024, Licence Ouverte Etalab v2.0 ; VEGET5==6 (coupe vidange) / 5 ans"
ser,B53,,25B,1,959,19.0439,0.0199,0.001,Saule blanc,2005-2024,"IGN IFN donnees brutes 2005-2024, Licence Ouverte Etalab v2.0 ; VEGET5==6 (coupe vidange) / 5 ans"
ser,B53,,25M,2,959,1.5241,0.0032,0.0021,Saule marsault,2005-2024,"IGN IFN donnees brutes 2005-2024, Licence Ouverte Etalab v2.0 ; VEGET5==6 (coupe vidange) / 5 ans"
ser,B53,,27C,1,959,2.6585,0.0028,0.001,Noyer commun,2005-2024,"IGN IFN donnees brutes 2005-2024, Licence Ouverte Etalab v2.0 ; VEGET5==6 (coupe vidange) / 5 ans"
ser,B53,,31,1,959,0.7845,8e-04,0.001,Noisetier coudrier,2005-2024,"IGN IFN donnees brutes 2005-2024, Licence Ouverte Etalab v2.0 ; VEGET5==6 (coupe vidange) / 5 ans"
ser,B53,,33G,2,959,8.3278,0.0174,0.0021,Peuplier grisard,2005-2024,"IGN IFN donnees brutes 2005-2024, Licence Ouverte Etalab v2.0 ; VEGET5==6 (coupe vidange) / 5 ans"
ser,B53,,41,2,959,1.4367,0.003,0.0021,Alisier torminal,2005-2024,"IGN IFN donnees brutes 2005-2024, Licence Ouverte Etalab v2.0 ; VEGET5==6 (coupe vidange) / 5 ans"
ser,B53,,49AM,3,959,0.4881,0.0015,0.0031,Aubépine monogyne,2005-2024,"IGN IFN donnees brutes 2005-2024, Licence Ouverte Etalab v2.0 ; VEGET5==6 (coupe vidange) / 5 ans"
ser,B53,,52,2,959,34.8308,0.0726,0.0021,Pin sylvestre,2005-2024,"IGN IFN donnees brutes 2005-2024, Licence Ouverte Etalab v2.0 ; VEGET5==6 (coupe vidange) / 5 ans"
ser,B53,,61,1,959,0.4043,4e-04,0.001,Sapin pectiné,2005-2024,"IGN IFN donnees brutes 2005-2024, Licence Ouverte Etalab v2.0 ; VEGET5==6 (coupe vidange) / 5 ans"
ser,B53,,62,1,959,6.2101,0.0065,0.001,Épicéa commun,2005-2024,"IGN IFN donnees brutes 2005-2024, Licence Ouverte Etalab v2.0 ; VEGET5==6 (coupe vidange) / 5 ans"
ser,B53,,64,19,959,8.4412,0.1672,0.0198,Douglas,2005-2024,"IGN IFN donnees brutes 2005-2024, Licence Ouverte Etalab v2.0 ; VEGET5==6 (coupe vidange) / 5 ans"
ser,B61,,02,31,1233,9.1296,0.2295,0.0251,Chêne pédonculé,2005-2024,"IGN IFN donnees brutes 2005-2024, Licence Ouverte Etalab v2.0 ; VEGET5==6 (coupe vidange) / 5 ans"
ser,B61,,03,24,1233,8.5276,0.166,0.0195,Chêne sessile,2005-2024,"IGN IFN donnees brutes 2005-2024, Licence Ouverte Etalab v2.0 ; VEGET5==6 (coupe vidange) / 5 ans"
ser,B61,,04,1,1233,5.8236,0.0047,8e-04,Chêne rouge,2005-2024,"IGN IFN donnees brutes 2005-2024, Licence Ouverte Etalab v2.0 ; VEGET5==6 (coupe vidange) / 5 ans"
ser,B61,,05,3,1233,0.9063,0.0022,0.0024,Chêne pubescent,2005-2024,"IGN IFN donnees brutes 2005-2024, Licence Ouverte Etalab v2.0 ; VEGET5==6 (coupe vidange) / 5 ans"
ser,B61,,07,3,1233,3.1128,0.0076,0.0024,Chêne tauzin,2005-2024,"IGN IFN donnees brutes 2005-2024, Licence Ouverte Etalab v2.0 ; VEGET5==6 (coupe vidange) / 5 ans"
ser,B61,,09,5,1233,8.7249,0.0354,0.0041,Hêtre,2005-2024,"IGN IFN donnees brutes 2005-2024, Licence Ouverte Etalab v2.0 ; VEGET5==6 (coupe vidange) / 5 ans"
ser,B61,,10,47,1233,13.6925,0.5219,0.0381,Châtaignier,2005-2024,"IGN IFN donnees brutes 2005-2024, Licence Ouverte Etalab v2.0 ; VEGET5==6 (coupe vidange) / 5 ans"
ser,B61,,11,2,1233,5.9617,0.0097,0.0016,Charme,2005-2024,"IGN IFN donnees brutes 2005-2024, Licence Ouverte Etalab v2.0 ; VEGET5==6 (coupe vidange) / 5 ans"
ser,B61,,12P,1,1233,0.1332,1e-04,8e-04,Bouleau pubescent,2005-2024,"IGN IFN donnees brutes 2005-2024, Licence Ouverte Etalab v2.0 ; VEGET5==6 (coupe vidange) / 5 ans"
ser,B61,,12V,16,1233,3.196,0.0415,0.013,Bouleau verruqueux,2005-2024,"IGN IFN donnees brutes 2005-2024, Licence Ouverte Etalab v2.0 ; VEGET5==6 (coupe vidange) / 5 ans"
ser,B61,,13G,1,1233,2.8332,0.0023,8e-04,Aulne glutineux,2005-2024,"IGN IFN donnees brutes 2005-2024, Licence Ouverte Etalab v2.0 ; VEGET5==6 (coupe vidange) / 5 ans"
ser,B61,,14,5,1233,3.1389,0.0127,0.0041,Robinier faux acacia,2005-2024,"IGN IFN donnees brutes 2005-2024, Licence Ouverte Etalab v2.0 ; VEGET5==6 (coupe vidange) / 5 ans"
ser,B61,,17O,2,1233,0.4086,7e-04,0.0016,Frêne oxyphylle,2005-2024,"IGN IFN donnees brutes 2005-2024, Licence Ouverte Etalab v2.0 ; VEGET5==6 (coupe vidange) / 5 ans"
ser,B61,,18C,2,1233,2.1159,0.0034,0.0016,Orme champêtre,2005-2024,"IGN IFN donnees brutes 2005-2024, Licence Ouverte Etalab v2.0 ; VEGET5==6 (coupe vidange) / 5 ans"
ser,B61,,19,30,1233,43.5103,1.0586,0.0243,Peuplier cultivé,2005-2024,"IGN IFN donnees brutes 2005-2024, Licence Ouverte Etalab v2.0 ; VEGET5==6 (coupe vidange) / 5 ans"
ser,B61,,21C,1,1233,0.4266,3e-04,8e-04,Érable champêtre,2005-2024,"IGN IFN donnees brutes 2005-2024, Licence Ouverte Etalab v2.0 ; VEGET5==6 (coupe vidange) / 5 ans"
ser,B61,,22M,1,1233,0.2787,2e-04,8e-04,Merisier,2005-2024,"IGN IFN donnees brutes 2005-2024, Licence Ouverte Etalab v2.0 ; VEGET5==6 (coupe vidange) / 5 ans"
ser,B61,,24,11,1233,11.7552,0.1049,0.0089,Tremble,2005-2024,"IGN IFN donnees brutes 2005-2024, Licence Ouverte Etalab v2.0 ; VEGET5==6 (coupe vidange) / 5 ans"
ser,B61,,25M,4,1233,6.5924,0.0214,0.0032,Saule marsault,2005-2024,"IGN IFN donnees brutes 2005-2024, Licence Ouverte Etalab v2.0 ; VEGET5==6 (coupe vidange) / 5 ans"
ser,B61,,27C,1,1233,2.4895,0.002,8e-04,Noyer commun,2005-2024,"IGN IFN donnees brutes 2005-2024, Licence Ouverte Etalab v2.0 ; VEGET5==6 (coupe vidange) / 5 ans"
ser,B61,,31,2,1233,0.2202,4e-04,0.0016,Noisetier coudrier,2005-2024,"IGN IFN donnees brutes 2005-2024, Licence Ouverte Etalab v2.0 ; VEGET5==6 (coupe vidange) / 5 ans"
ser,B61,,33B,1,1233,13.6029,0.011,8e-04,Peuplier blanc,2005-2024,"IGN IFN donnees brutes 2005-2024, Licence Ouverte Etalab v2.0 ; VEGET5==6 (coupe vidange) / 5 ans"
ser,B61,,41,4,1233,1.2681,0.0041,0.0032,Alisier torminal,2005-2024,"IGN IFN donnees brutes 2005-2024, Licence Ouverte Etalab v2.0 ; VEGET5==6 (coupe vidange) / 5 ans"
ser,B61,,49IA,2,1233,0.4794,8e-04,0.0016,Houx,2005-2024,"IGN IFN donnees brutes 2005-2024, Licence Ouverte Etalab v2.0 ; VEGET5==6 (coupe vidange) / 5 ans"
ser,B61,,51,94,1233,19.0652,1.4535,0.0762,Pin maritime,2005-2024,"IGN IFN donnees brutes 2005-2024, Licence Ouverte Etalab v2.0 ; VEGET5==6 (coupe vidange) / 5 ans"
ser,B61,,52,19,1233,7.9527,0.1225,0.0154,Pin sylvestre,2005-2024,"IGN IFN donnees brutes 2005-2024, Licence Ouverte Etalab v2.0 ; VEGET5==6 (coupe vidange) / 5 ans"
ser,B61,,53CO,27,1233,10.1419,0.2221,0.0219,Pin laricio de Corse,2005-2024,"IGN IFN donnees brutes 2005-2024, Licence Ouverte Etalab v2.0 ; VEGET5==6 (coupe vidange) / 5 ans"
ser,B61,,54,1,1233,20.3134,0.0165,8e-04,Pin noir d'Autriche,2005-2024,"IGN IFN donnees brutes 2005-2024, Licence Ouverte Etalab v2.0 ; VEGET5==6 (coupe vidange) / 5 ans"
ser,B61,,64,2,1233,10.9988,0.0178,0.0016,Douglas,2005-2024,"IGN IFN donnees brutes 2005-2024, Licence Ouverte Etalab v2.0 ; VEGET5==6 (coupe vidange) / 5 ans"
ser,B62,,02,39,1299,9.3332,0.2802,0.03,Chêne pédonculé,2005-2024,"IGN IFN donnees brutes 2005-2024, Licence Ouverte Etalab v2.0 ; VEGET5==6 (coupe vidange) / 5 ans"
ser,B62,,03,69,1299,10.6861,0.5676,0.0531,Chêne sessile,2005-2024,"IGN IFN donnees brutes 2005-2024, Licence Ouverte Etalab v2.0 ; VEGET5==6 (coupe vidange) / 5 ans"
ser,B62,,04,1,1299,7.6953,0.0059,8e-04,Chêne rouge,2005-2024,"IGN IFN donnees brutes 2005-2024, Licence Ouverte Etalab v2.0 ; VEGET5==6 (coupe vidange) / 5 ans"
ser,B62,,05,5,1299,6.8313,0.0263,0.0038,Chêne pubescent,2005-2024,"IGN IFN donnees brutes 2005-2024, Licence Ouverte Etalab v2.0 ; VEGET5==6 (coupe vidange) / 5 ans"
ser,B62,,09,9,1299,7.1353,0.0494,0.0069,Hêtre,2005-2024,"IGN IFN donnees brutes 2005-2024, Licence Ouverte Etalab v2.0 ; VEGET5==6 (coupe vidange) / 5 ans"
ser,B62,,10,29,1299,14.3049,0.3194,0.0223,Châtaignier,2005-2024,"IGN IFN donnees brutes 2005-2024, Licence Ouverte Etalab v2.0 ; VEGET5==6 (coupe vidange) / 5 ans"
ser,B62,,11,27,1299,4.9537,0.103,0.0208,Charme,2005-2024,"IGN IFN donnees brutes 2005-2024, Licence Ouverte Etalab v2.0 ; VEGET5==6 (coupe vidange) / 5 ans"
ser,B62,,12V,7,1299,5.879,0.0317,0.0054,Bouleau verruqueux,2005-2024,"IGN IFN donnees brutes 2005-2024, Licence Ouverte Etalab v2.0 ; VEGET5==6 (coupe vidange) / 5 ans"
ser,B62,,13G,2,1299,10.7269,0.0165,0.0015,Aulne glutineux,2005-2024,"IGN IFN donnees brutes 2005-2024, Licence Ouverte Etalab v2.0 ; VEGET5==6 (coupe vidange) / 5 ans"
ser,B62,,14,13,1299,16.0311,0.1604,0.01,Robinier faux acacia,2005-2024,"IGN IFN donnees brutes 2005-2024, Licence Ouverte Etalab v2.0 ; VEGET5==6 (coupe vidange) / 5 ans"
ser,B62,,17C,4,1299,4.4688,0.0138,0.0031,Frêne commun,2005-2024,"IGN IFN donnees brutes 2005-2024, Licence Ouverte Etalab v2.0 ; VEGET5==6 (coupe vidange) / 5 ans"
ser,B62,,17O,2,1299,4.141,0.0064,0.0015,Frêne oxyphylle,2005-2024,"IGN IFN donnees brutes 2005-2024, Licence Ouverte Etalab v2.0 ; VEGET5==6 (coupe vidange) / 5 ans"
ser,B62,,18C,1,1299,3.299,0.0025,8e-04,Orme champêtre,2005-2024,"IGN IFN donnees brutes 2005-2024, Licence Ouverte Etalab v2.0 ; VEGET5==6 (coupe vidange) / 5 ans"
ser,B62,,19,30,1299,51.3915,1.1869,0.0231,Peuplier cultivé,2005-2024,"IGN IFN donnees brutes 2005-2024, Licence Ouverte Etalab v2.0 ; VEGET5==6 (coupe vidange) / 5 ans"
ser,B62,,20G,1,1299,6.7998,0.0052,8e-04,Tilleul à grandes feuilles,2005-2024,"IGN IFN donnees brutes 2005-2024, Licence Ouverte Etalab v2.0 ; VEGET5==6 (coupe vidange) / 5 ans"
ser,B62,,21C,5,1299,2.8394,0.0109,0.0038,Érable champêtre,2005-2024,"IGN IFN donnees brutes 2005-2024, Licence Ouverte Etalab v2.0 ; VEGET5==6 (coupe vidange) / 5 ans"
ser,B62,,22M,4,1299,1.9959,0.0061,0.0031,Merisier,2005-2024,"IGN IFN donnees brutes 2005-2024, Licence Ouverte Etalab v2.0 ; VEGET5==6 (coupe vidange) / 5 ans"
ser,B62,,23C,1,1299,2.5486,0.002,8e-04,Cormier,2005-2024,"IGN IFN donnees brutes 2005-2024, Licence Ouverte Etalab v2.0 ; VEGET5==6 (coupe vidange) / 5 ans"
ser,B62,,24,8,1299,16.2246,0.0999,0.0062,Tremble,2005-2024,"IGN IFN donnees brutes 2005-2024, Licence Ouverte Etalab v2.0 ; VEGET5==6 (coupe vidange) / 5 ans"
ser,B62,,25B,1,1299,8.5621,0.0066,8e-04,Saule blanc,2005-2024,"IGN IFN donnees brutes 2005-2024, Licence Ouverte Etalab v2.0 ; VEGET5==6 (coupe vidange) / 5 ans"
ser,B62,,25C,1,1299,3.5501,0.0027,8e-04,Saule cendré,2005-2024,"IGN IFN donnees brutes 2005-2024, Licence Ouverte Etalab v2.0 ; VEGET5==6 (coupe vidange) / 5 ans"
ser,B62,,25M,4,1299,0.7181,0.0022,0.0031,Saule marsault,2005-2024,"IGN IFN donnees brutes 2005-2024, Licence Ouverte Etalab v2.0 ; VEGET5==6 (coupe vidange) / 5 ans"
ser,B62,,27C,1,1299,5.2526,0.004,8e-04,Noyer commun,2005-2024,"IGN IFN donnees brutes 2005-2024, Licence Ouverte Etalab v2.0 ; VEGET5==6 (coupe vidange) / 5 ans"
ser,B62,,29EN,1,1299,0.2333,2e-04,8e-04,Érable negundo,2005-2024,"IGN IFN donnees brutes 2005-2024, Licence Ouverte Etalab v2.0 ; VEGET5==6 (coupe vidange) / 5 ans"
ser,B62,,31,2,1299,0.1953,3e-04,0.0015,Noisetier coudrier,2005-2024,"IGN IFN donnees brutes 2005-2024, Licence Ouverte Etalab v2.0 ; VEGET5==6 (coupe vidange) / 5 ans"
ser,B62,,332G,1,1299,9.4152,0.0072,8e-04,,2005-2024,"IGN IFN donnees brutes 2005-2024, Licence Ouverte Etalab v2.0 ; VEGET5==6 (coupe vidange) / 5 ans"
ser,B62,,41,8,1299,0.8488,0.0052,0.0062,Alisier torminal,2005-2024,"IGN IFN donnees brutes 2005-2024, Licence Ouverte Etalab v2.0 ; VEGET5==6 (coupe vidange) / 5 ans"
ser,B62,,49AM,2,1299,0.4288,7e-04,0.0015,Aubépine monogyne,2005-2024,"IGN IFN donnees brutes 2005-2024, Licence Ouverte Etalab v2.0 ; VEGET5==6 (coupe vidange) / 5 ans"
ser,B62,,49IA,1,1299,0.3923,3e-04,8e-04,Houx,2005-2024,"IGN IFN donnees brutes 2005-2024, Licence Ouverte Etalab v2.0 ; VEGET5==6 (coupe vidange) / 5 ans"
ser,B62,,49SN,3,1299,0.5467,0.0013,0.0023,Sureau noir,2005-2024,"IGN IFN donnees brutes 2005-2024, Licence Ouverte Etalab v2.0 ; VEGET5==6 (coupe vidange) / 5 ans"
ser,B62,,51,24,1299,18.7523,0.3465,0.0185,Pin maritime,2005-2024,"IGN IFN donnees brutes 2005-2024, Licence Ouverte Etalab v2.0 ; VEGET5==6 (coupe vidange) / 5 ans"
ser,B62,,52,18,1299,13.6696,0.1894,0.0139,Pin sylvestre,2005-2024,"IGN IFN donnees brutes 2005-2024, Licence Ouverte Etalab v2.0 ; VEGET5==6 (coupe vidange) / 5 ans"
ser,B62,,53CO,13,1299,9.7289,0.0974,0.01,Pin laricio de Corse,2005-2024,"IGN IFN donnees brutes 2005-2024, Licence Ouverte Etalab v2.0 ; VEGET5==6 (coupe vidange) / 5 ans"
ser,B70,,02,90,2419,7.8106,0.2906,0.0372,Chêne pédonculé,2005-2024,"IGN IFN donnees brutes 2005-2024, Licence Ouverte Etalab v2.0 ; VEGET5==6 (coupe vidange) / 5 ans"
ser,B70,,03,75,2419,11.6441,0.361,0.031,Chêne sessile,2005-2024,"IGN IFN donnees brutes 2005-2024, Licence Ouverte Etalab v2.0 ; VEGET5==6 (coupe vidange) / 5 ans"
ser,B70,,04,5,2419,4.0832,0.0084,0.0021,Chêne rouge,2005-2024,"IGN IFN donnees brutes 2005-2024, Licence Ouverte Etalab v2.0 ; VEGET5==6 (coupe vidange) / 5 ans"
ser,B70,,07,5,2419,6.8801,0.0142,0.0021,Chêne tauzin,2005-2024,"IGN IFN donnees brutes 2005-2024, Licence Ouverte Etalab v2.0 ; VEGET5==6 (coupe vidange) / 5 ans"
ser,B70,,09,4,2419,7.059,0.0117,0.0017,Hêtre,2005-2024,"IGN IFN donnees brutes 2005-2024, Licence Ouverte Etalab v2.0 ; VEGET5==6 (coupe vidange) / 5 ans"
ser,B70,,10,32,2419,11.2201,0.1484,0.0132,Châtaignier,2005-2024,"IGN IFN donnees brutes 2005-2024, Licence Ouverte Etalab v2.0 ; VEGET5==6 (coupe vidange) / 5 ans"
ser,B70,,11,20,2419,7.0244,0.0581,0.0083,Charme,2005-2024,"IGN IFN donnees brutes 2005-2024, Licence Ouverte Etalab v2.0 ; VEGET5==6 (coupe vidange) / 5 ans"
ser,B70,,12V,78,2419,7.7753,0.2507,0.0322,Bouleau verruqueux,2005-2024,"IGN IFN donnees brutes 2005-2024, Licence Ouverte Etalab v2.0 ; VEGET5==6 (coupe vidange) / 5 ans"
ser,B70,,14,14,2419,5.8018,0.0336,0.0058,Robinier faux acacia,2005-2024,"IGN IFN donnees brutes 2005-2024, Licence Ouverte Etalab v2.0 ; VEGET5==6 (coupe vidange) / 5 ans"
ser,B70,,15S,1,2419,2.5648,0.0011,4e-04,Érable sycomore,2005-2024,"IGN IFN donnees brutes 2005-2024, Licence Ouverte Etalab v2.0 ; VEGET5==6 (coupe vidange) / 5 ans"
ser,B70,,19,5,2419,40.4899,0.0837,0.0021,Peuplier cultivé,2005-2024,"IGN IFN donnees brutes 2005-2024, Licence Ouverte Etalab v2.0 ; VEGET5==6 (coupe vidange) / 5 ans"
ser,B70,,20P,1,2419,6.4416,0.0027,4e-04,Tilleul à petites feuilles,2005-2024,"IGN IFN donnees brutes 2005-2024, Licence Ouverte Etalab v2.0 ; VEGET5==6 (coupe vidange) / 5 ans"
ser,B70,,21C,1,2419,2.6622,0.0011,4e-04,Érable champêtre,2005-2024,"IGN IFN donnees brutes 2005-2024, Licence Ouverte Etalab v2.0 ; VEGET5==6 (coupe vidange) / 5 ans"
ser,B70,,22G,1,2419,1.1028,5e-04,4e-04,Cerisier à grappes,2005-2024,"IGN IFN donnees brutes 2005-2024, Licence Ouverte Etalab v2.0 ; VEGET5==6 (coupe vidange) / 5 ans"
ser,B70,,24,30,2419,8.3068,0.103,0.0124,Tremble,2005-2024,"IGN IFN donnees brutes 2005-2024, Licence Ouverte Etalab v2.0 ; VEGET5==6 (coupe vidange) / 5 ans"
ser,B70,,25C,4,2419,2.1939,0.0036,0.0017,Saule cendré,2005-2024,"IGN IFN donnees brutes 2005-2024, Licence Ouverte Etalab v2.0 ; VEGET5==6 (coupe vidange) / 5 ans"
ser,B70,,25M,4,2419,2.3795,0.0039,0.0017,Saule marsault,2005-2024,"IGN IFN donnees brutes 2005-2024, Licence Ouverte Etalab v2.0 ; VEGET5==6 (coupe vidange) / 5 ans"
ser,B70,,29CM,2,2419,5.0722,0.0042,8e-04,Chêne des marais,2005-2024,"IGN IFN donnees brutes 2005-2024, Licence Ouverte Etalab v2.0 ; VEGET5==6 (coupe vidange) / 5 ans"
ser,B70,,31,2,2419,0.4729,4e-04,8e-04,Noisetier coudrier,2005-2024,"IGN IFN donnees brutes 2005-2024, Licence Ouverte Etalab v2.0 ; VEGET5==6 (coupe vidange) / 5 ans"
ser,B70,,41,1,2419,0.5866,2e-04,4e-04,Alisier torminal,2005-2024,"IGN IFN donnees brutes 2005-2024, Licence Ouverte Etalab v2.0 ; VEGET5==6 (coupe vidange) / 5 ans"
ser,B70,,49AM,3,2419,0.7209,9e-04,0.0012,Aubépine monogyne,2005-2024,"IGN IFN donnees brutes 2005-2024, Licence Ouverte Etalab v2.0 ; VEGET5==6 (coupe vidange) / 5 ans"
ser,B70,,49IA,1,2419,0.223,1e-04,4e-04,Houx,2005-2024,"IGN IFN donnees brutes 2005-2024, Licence Ouverte Etalab v2.0 ; VEGET5==6 (coupe vidange) / 5 ans"
ser,B70,,51,16,2419,11.8855,0.0786,0.0066,Pin maritime,2005-2024,"IGN IFN donnees brutes 2005-2024, Licence Ouverte Etalab v2.0 ; VEGET5==6 (coupe vidange) / 5 ans"
ser,B70,,52,112,2419,11.8337,0.5479,0.0463,Pin sylvestre,2005-2024,"IGN IFN donnees brutes 2005-2024, Licence Ouverte Etalab v2.0 ; VEGET5==6 (coupe vidange) / 5 ans"
ser,B70,,53CO,43,2419,12.0957,0.215,0.0178,Pin laricio de Corse,2005-2024,"IGN IFN donnees brutes 2005-2024, Licence Ouverte Etalab v2.0 ; VEGET5==6 (coupe vidange) / 5 ans"
ser,B70,,54,1,2419,13.9843,0.0058,4e-04,Pin noir d'Autriche,2005-2024,"IGN IFN donnees brutes 2005-2024, Licence Ouverte Etalab v2.0 ; VEGET5==6 (coupe vidange) / 5 ans"
ser,B70,,56,2,2419,28.8778,0.0239,8e-04,Pin Weymouth,2005-2024,"IGN IFN donnees brutes 2005-2024, Licence Ouverte Etalab v2.0 ; VEGET5==6 (coupe vidange) / 5 ans"
ser,B70,,61,1,2419,6.8088,0.0028,4e-04,Sapin pectiné,2005-2024,"IGN IFN donnees brutes 2005-2024, Licence Ouverte Etalab v2.0 ; VEGET5==6 (coupe vidange) / 5 ans"
ser,B70,,62,1,2419,18.7374,0.0077,4e-04,Épicéa commun,2005-2024,"IGN IFN donnees brutes 2005-2024, Licence Ouverte Etalab v2.0 ; VEGET5==6 (coupe vidange) / 5 ans"
ser,B70,,64,5,2419,6.8528,0.0142,0.0021,Douglas,2005-2024,"IGN IFN donnees brutes 2005-2024, Licence Ouverte Etalab v2.0 ; VEGET5==6 (coupe vidange) / 5 ans"
ser,B81,,02,14,506,9.2803,0.2568,0.0277,Chêne pédonculé,2005-2024,"IGN IFN donnees brutes 2005-2024, Licence Ouverte Etalab v2.0 ; VEGET5==6 (coupe vidange) / 5 ans"
ser,B81,,03,9,506,6.0735,0.108,0.0178,Chêne sessile,2005-2024,"IGN IFN donnees brutes 2005-2024, Licence Ouverte Etalab v2.0 ; VEGET5==6 (coupe vidange) / 5 ans"
ser,B81,,05,8,506,7.3572,0.1163,0.0158,Chêne pubescent,2005-2024,"IGN IFN donnees brutes 2005-2024, Licence Ouverte Etalab v2.0 ; VEGET5==6 (coupe vidange) / 5 ans"
ser,B81,,10,3,506,18.3849,0.109,0.0059,Châtaignier,2005-2024,"IGN IFN donnees brutes 2005-2024, Licence Ouverte Etalab v2.0 ; VEGET5==6 (coupe vidange) / 5 ans"
ser,B81,,11,1,506,1.3557,0.0027,0.002,Charme,2005-2024,"IGN IFN donnees brutes 2005-2024, Licence Ouverte Etalab v2.0 ; VEGET5==6 (coupe vidange) / 5 ans"
ser,B81,,12V,1,506,2.6127,0.0052,0.002,Bouleau verruqueux,2005-2024,"IGN IFN donnees brutes 2005-2024, Licence Ouverte Etalab v2.0 ; VEGET5==6 (coupe vidange) / 5 ans"
ser,B81,,14,3,506,12.4636,0.0739,0.0059,Robinier faux acacia,2005-2024,"IGN IFN donnees brutes 2005-2024, Licence Ouverte Etalab v2.0 ; VEGET5==6 (coupe vidange) / 5 ans"
ser,B81,,17C,4,506,2.7012,0.0214,0.0079,Frêne commun,2005-2024,"IGN IFN donnees brutes 2005-2024, Licence Ouverte Etalab v2.0 ; VEGET5==6 (coupe vidange) / 5 ans"
ser,B81,,17O,1,506,1.7964,0.0036,0.002,Frêne oxyphylle,2005-2024,"IGN IFN donnees brutes 2005-2024, Licence Ouverte Etalab v2.0 ; VEGET5==6 (coupe vidange) / 5 ans"
ser,B81,,19,22,506,42.8723,1.864,0.0435,Peuplier cultivé,2005-2024,"IGN IFN donnees brutes 2005-2024, Licence Ouverte Etalab v2.0 ; VEGET5==6 (coupe vidange) / 5 ans"
ser,B81,,21C,1,506,0.5229,0.001,0.002,Érable champêtre,2005-2024,"IGN IFN donnees brutes 2005-2024, Licence Ouverte Etalab v2.0 ; VEGET5==6 (coupe vidange) / 5 ans"
ser,B81,,23C,1,506,0.4011,8e-04,0.002,Cormier,2005-2024,"IGN IFN donnees brutes 2005-2024, Licence Ouverte Etalab v2.0 ; VEGET5==6 (coupe vidange) / 5 ans"
ser,B81,,24,4,506,1.9491,0.0154,0.0079,Tremble,2005-2024,"IGN IFN donnees brutes 2005-2024, Licence Ouverte Etalab v2.0 ; VEGET5==6 (coupe vidange) / 5 ans"
ser,B81,,25M,2,506,0.9716,0.0038,0.004,Saule marsault,2005-2024,"IGN IFN donnees brutes 2005-2024, Licence Ouverte Etalab v2.0 ; VEGET5==6 (coupe vidange) / 5 ans"
ser,B81,,29EN,1,506,0.8572,0.0017,0.002,Érable negundo,2005-2024,"IGN IFN donnees brutes 2005-2024, Licence Ouverte Etalab v2.0 ; VEGET5==6 (coupe vidange) / 5 ans"
ser,B81,,34,1,506,22.2256,0.0439,0.002,Chêne chevelu,2005-2024,"IGN IFN donnees brutes 2005-2024, Licence Ouverte Etalab v2.0 ; VEGET5==6 (coupe vidange) / 5 ans"
ser,B81,,41,2,506,0.6915,0.0027,0.004,Alisier torminal,2005-2024,"IGN IFN donnees brutes 2005-2024, Licence Ouverte Etalab v2.0 ; VEGET5==6 (coupe vidange) / 5 ans"
ser,B81,,49AM,1,506,1.334,0.0026,0.002,Aubépine monogyne,2005-2024,"IGN IFN donnees brutes 2005-2024, Licence Ouverte Etalab v2.0 ; VEGET5==6 (coupe vidange) / 5 ans"
ser,B81,,51,14,506,19.9869,0.553,0.0277,Pin maritime,2005-2024,"IGN IFN donnees brutes 2005-2024, Licence Ouverte Etalab v2.0 ; VEGET5==6 (coupe vidange) / 5 ans"
ser,B81,,52,3,506,30.1953,0.179,0.0059,Pin sylvestre,2005-2024,"IGN IFN donnees brutes 2005-2024, Licence Ouverte Etalab v2.0 ; VEGET5==6 (coupe vidange) / 5 ans"
ser,B81,,53CO,1,506,6.6343,0.0131,0.002,Pin laricio de Corse,2005-2024,"IGN IFN donnees brutes 2005-2024, Licence Ouverte Etalab v2.0 ; VEGET5==6 (coupe vidange) / 5 ans"
ser,B82,,02,31,898,7.868,0.2716,0.0345,Chêne pédonculé,2005-2024,"IGN IFN donnees brutes 2005-2024, Licence Ouverte Etalab v2.0 ; VEGET5==6 (coupe vidange) / 5 ans"
ser,B82,,03,22,898,10.7272,0.2628,0.0245,Chêne sessile,2005-2024,"IGN IFN donnees brutes 2005-2024, Licence Ouverte Etalab v2.0 ; VEGET5==6 (coupe vidange) / 5 ans"
ser,B82,,04,2,898,5.646,0.0126,0.0022,Chêne rouge,2005-2024,"IGN IFN donnees brutes 2005-2024, Licence Ouverte Etalab v2.0 ; VEGET5==6 (coupe vidange) / 5 ans"
ser,B82,,05,17,898,7.0654,0.1338,0.0189,Chêne pubescent,2005-2024,"IGN IFN donnees brutes 2005-2024, Licence Ouverte Etalab v2.0 ; VEGET5==6 (coupe vidange) / 5 ans"
ser,B82,,09,1,898,2.9883,0.0033,0.0011,Hêtre,2005-2024,"IGN IFN donnees brutes 2005-2024, Licence Ouverte Etalab v2.0 ; VEGET5==6 (coupe vidange) / 5 ans"
ser,B82,,10,8,898,5.1691,0.0461,0.0089,Châtaignier,2005-2024,"IGN IFN donnees brutes 2005-2024, Licence Ouverte Etalab v2.0 ; VEGET5==6 (coupe vidange) / 5 ans"
ser,B82,,11,12,898,18.0866,0.2417,0.0134,Charme,2005-2024,"IGN IFN donnees brutes 2005-2024, Licence Ouverte Etalab v2.0 ; VEGET5==6 (coupe vidange) / 5 ans"
ser,B82,,12V,1,898,4.1786,0.0047,0.0011,Bouleau verruqueux,2005-2024,"IGN IFN donnees brutes 2005-2024, Licence Ouverte Etalab v2.0 ; VEGET5==6 (coupe vidange) / 5 ans"
ser,B82,,13G,1,898,2.6596,0.003,0.0011,Aulne glutineux,2005-2024,"IGN IFN donnees brutes 2005-2024, Licence Ouverte Etalab v2.0 ; VEGET5==6 (coupe vidange) / 5 ans"
ser,B82,,14,2,898,2.1644,0.0048,0.0022,Robinier faux acacia,2005-2024,"IGN IFN donnees brutes 2005-2024, Licence Ouverte Etalab v2.0 ; VEGET5==6 (coupe vidange) / 5 ans"
ser,B82,,17C,3,898,4.543,0.0152,0.0033,Frêne commun,2005-2024,"IGN IFN donnees brutes 2005-2024, Licence Ouverte Etalab v2.0 ; VEGET5==6 (coupe vidange) / 5 ans"
ser,B82,,18C,1,898,0.1694,2e-04,0.0011,Orme champêtre,2005-2024,"IGN IFN donnees brutes 2005-2024, Licence Ouverte Etalab v2.0 ; VEGET5==6 (coupe vidange) / 5 ans"
ser,B82,,19,3,898,38.5354,0.1287,0.0033,Peuplier cultivé,2005-2024,"IGN IFN donnees brutes 2005-2024, Licence Ouverte Etalab v2.0 ; VEGET5==6 (coupe vidange) / 5 ans"
ser,B82,,21C,4,898,5.6576,0.0252,0.0045,Érable champêtre,2005-2024,"IGN IFN donnees brutes 2005-2024, Licence Ouverte Etalab v2.0 ; VEGET5==6 (coupe vidange) / 5 ans"
ser,B82,,22M,4,898,3.7768,0.0168,0.0045,Merisier,2005-2024,"IGN IFN donnees brutes 2005-2024, Licence Ouverte Etalab v2.0 ; VEGET5==6 (coupe vidange) / 5 ans"
ser,B82,,23C,1,898,9.1715,0.0102,0.0011,Cormier,2005-2024,"IGN IFN donnees brutes 2005-2024, Licence Ouverte Etalab v2.0 ; VEGET5==6 (coupe vidange) / 5 ans"
ser,B82,,24,5,898,4.855,0.027,0.0056,Tremble,2005-2024,"IGN IFN donnees brutes 2005-2024, Licence Ouverte Etalab v2.0 ; VEGET5==6 (coupe vidange) / 5 ans"
ser,B82,,31,3,898,0.9447,0.0032,0.0033,Noisetier coudrier,2005-2024,"IGN IFN donnees brutes 2005-2024, Licence Ouverte Etalab v2.0 ; VEGET5==6 (coupe vidange) / 5 ans"
ser,B82,,41,6,898,2.2355,0.0149,0.0067,Alisier torminal,2005-2024,"IGN IFN donnees brutes 2005-2024, Licence Ouverte Etalab v2.0 ; VEGET5==6 (coupe vidange) / 5 ans"
ser,B82,,49AM,1,898,1.3048,0.0015,0.0011,Aubépine monogyne,2005-2024,"IGN IFN donnees brutes 2005-2024, Licence Ouverte Etalab v2.0 ; VEGET5==6 (coupe vidange) / 5 ans"
ser,B82,,51,22,898,15.8475,0.3882,0.0245,Pin maritime,2005-2024,"IGN IFN donnees brutes 2005-2024, Licence Ouverte Etalab v2.0 ; VEGET5==6 (coupe vidange) / 5 ans"
ser,B82,,52,6,898,6.4861,0.0433,0.0067,Pin sylvestre,2005-2024,"IGN IFN donnees brutes 2005-2024, Licence Ouverte Etalab v2.0 ; VEGET5==6 (coupe vidange) / 5 ans"
ser,B82,,53CO,11,898,7.5915,0.093,0.0122,Pin laricio de Corse,2005-2024,"IGN IFN donnees brutes 2005-2024, Licence Ouverte Etalab v2.0 ; VEGET5==6 (coupe vidange) / 5 ans"
ser,B82,,61,1,898,2.5891,0.0029,0.0011,Sapin pectiné,2005-2024,"IGN IFN donnees brutes 2005-2024, Licence Ouverte Etalab v2.0 ; VEGET5==6 (coupe vidange) / 5 ans"
ser,B91,,02,49,1105,7.6744,0.3403,0.0443,Chêne pédonculé,2005-2024,"IGN IFN donnees brutes 2005-2024, Licence Ouverte Etalab v2.0 ; VEGET5==6 (coupe vidange) / 5 ans"
ser,B91,,03,111,1105,13.1871,1.3247,0.1005,Chêne sessile,2005-2024,"IGN IFN donnees brutes 2005-2024, Licence Ouverte Etalab v2.0 ; VEGET5==6 (coupe vidange) / 5 ans"
ser,B91,,05,3,1105,4.7305,0.0128,0.0027,Chêne pubescent,2005-2024,"IGN IFN donnees brutes 2005-2024, Licence Ouverte Etalab v2.0 ; VEGET5==6 (coupe vidange) / 5 ans"
ser,B91,,09,9,1105,8.7325,0.0711,0.0081,Hêtre,2005-2024,"IGN IFN donnees brutes 2005-2024, Licence Ouverte Etalab v2.0 ; VEGET5==6 (coupe vidange) / 5 ans"
ser,B91,,10,1,1105,68.7253,0.0622,9e-04,Châtaignier,2005-2024,"IGN IFN donnees brutes 2005-2024, Licence Ouverte Etalab v2.0 ; VEGET5==6 (coupe vidange) / 5 ans"
ser,B91,,11,66,1105,5.881,0.3513,0.0597,Charme,2005-2024,"IGN IFN donnees brutes 2005-2024, Licence Ouverte Etalab v2.0 ; VEGET5==6 (coupe vidange) / 5 ans"
ser,B91,,12V,2,1105,7.5475,0.0137,0.0018,Bouleau verruqueux,2005-2024,"IGN IFN donnees brutes 2005-2024, Licence Ouverte Etalab v2.0 ; VEGET5==6 (coupe vidange) / 5 ans"
ser,B91,,13G,2,1105,8.0549,0.0146,0.0018,Aulne glutineux,2005-2024,"IGN IFN donnees brutes 2005-2024, Licence Ouverte Etalab v2.0 ; VEGET5==6 (coupe vidange) / 5 ans"
ser,B91,,14,2,1105,8.994,0.0163,0.0018,Robinier faux acacia,2005-2024,"IGN IFN donnees brutes 2005-2024, Licence Ouverte Etalab v2.0 ; VEGET5==6 (coupe vidange) / 5 ans"
ser,B91,,15S,1,1105,2.7627,0.0025,9e-04,Érable sycomore,2005-2024,"IGN IFN donnees brutes 2005-2024, Licence Ouverte Etalab v2.0 ; VEGET5==6 (coupe vidange) / 5 ans"
ser,B91,,17C,3,1105,5.1721,0.014,0.0027,Frêne commun,2005-2024,"IGN IFN donnees brutes 2005-2024, Licence Ouverte Etalab v2.0 ; VEGET5==6 (coupe vidange) / 5 ans"
ser,B91,,18C,3,1105,3.2287,0.0088,0.0027,Orme champêtre,2005-2024,"IGN IFN donnees brutes 2005-2024, Licence Ouverte Etalab v2.0 ; VEGET5==6 (coupe vidange) / 5 ans"
ser,B91,,19,8,1105,37.6484,0.2726,0.0072,Peuplier cultivé,2005-2024,"IGN IFN donnees brutes 2005-2024, Licence Ouverte Etalab v2.0 ; VEGET5==6 (coupe vidange) / 5 ans"
ser,B91,,21C,11,1105,3.0478,0.0303,0.01,Érable champêtre,2005-2024,"IGN IFN donnees brutes 2005-2024, Licence Ouverte Etalab v2.0 ; VEGET5==6 (coupe vidange) / 5 ans"
ser,B91,,22M,2,1105,4.4104,0.008,0.0018,Merisier,2005-2024,"IGN IFN donnees brutes 2005-2024, Licence Ouverte Etalab v2.0 ; VEGET5==6 (coupe vidange) / 5 ans"
ser,B91,,23PC,2,1105,0.3596,7e-04,0.0018,Poirier commun,2005-2024,"IGN IFN donnees brutes 2005-2024, Licence Ouverte Etalab v2.0 ; VEGET5==6 (coupe vidange) / 5 ans"
ser,B91,,23PM,1,1105,0.3337,3e-04,9e-04,Pommier sauvage,2005-2024,"IGN IFN donnees brutes 2005-2024, Licence Ouverte Etalab v2.0 ; VEGET5==6 (coupe vidange) / 5 ans"
ser,B91,,24,6,1105,8.2552,0.0448,0.0054,Tremble,2005-2024,"IGN IFN donnees brutes 2005-2024, Licence Ouverte Etalab v2.0 ; VEGET5==6 (coupe vidange) / 5 ans"
ser,B91,,25B,1,1105,2.4838,0.0022,9e-04,Saule blanc,2005-2024,"IGN IFN donnees brutes 2005-2024, Licence Ouverte Etalab v2.0 ; VEGET5==6 (coupe vidange) / 5 ans"
ser,B91,,25M,1,1105,1.8955,0.0017,9e-04,Saule marsault,2005-2024,"IGN IFN donnees brutes 2005-2024, Licence Ouverte Etalab v2.0 ; VEGET5==6 (coupe vidange) / 5 ans"
ser,B91,,31,1,1105,0.6044,5e-04,9e-04,Noisetier coudrier,2005-2024,"IGN IFN donnees brutes 2005-2024, Licence Ouverte Etalab v2.0 ; VEGET5==6 (coupe vidange) / 5 ans"
ser,B91,,34,2,1105,6.6061,0.012,0.0018,Chêne chevelu,2005-2024,"IGN IFN donnees brutes 2005-2024, Licence Ouverte Etalab v2.0 ; VEGET5==6 (coupe vidange) / 5 ans"
ser,B91,,41,1,1105,1.4229,0.0013,9e-04,Alisier torminal,2005-2024,"IGN IFN donnees brutes 2005-2024, Licence Ouverte Etalab v2.0 ; VEGET5==6 (coupe vidange) / 5 ans"
ser,B91,,49AM,1,1105,0.59,5e-04,9e-04,Aubépine monogyne,2005-2024,"IGN IFN donnees brutes 2005-2024, Licence Ouverte Etalab v2.0 ; VEGET5==6 (coupe vidange) / 5 ans"
ser,B91,,49EV,1,1105,0.2308,2e-04,9e-04,Fusain d'Europe,2005-2024,"IGN IFN donnees brutes 2005-2024, Licence Ouverte Etalab v2.0 ; VEGET5==6 (coupe vidange) / 5 ans"
ser,B91,,49IA,1,1105,1.0469,9e-04,9e-04,Houx,2005-2024,"IGN IFN donnees brutes 2005-2024, Licence Ouverte Etalab v2.0 ; VEGET5==6 (coupe vidange) / 5 ans"
ser,B91,,52,4,1105,8.2057,0.0297,0.0036,Pin sylvestre,2005-2024,"IGN IFN donnees brutes 2005-2024, Licence Ouverte Etalab v2.0 ; VEGET5==6 (coupe vidange) / 5 ans"
ser,B91,,53CO,3,1105,8.268,0.0224,0.0027,Pin laricio de Corse,2005-2024,"IGN IFN donnees brutes 2005-2024, Licence Ouverte Etalab v2.0 ; VEGET5==6 (coupe vidange) / 5 ans"
ser,B91,,56,1,1105,3.1908,0.0029,9e-04,Pin Weymouth,2005-2024,"IGN IFN donnees brutes 2005-2024, Licence Ouverte Etalab v2.0 ; VEGET5==6 (coupe vidange) / 5 ans"
ser,B91,,61,2,1105,5.6997,0.0103,0.0018,Sapin pectiné,2005-2024,"IGN IFN donnees brutes 2005-2024, Licence Ouverte Etalab v2.0 ; VEGET5==6 (coupe vidange) / 5 ans"
ser,B91,,64,1,1105,44.7264,0.0405,9e-04,Douglas,2005-2024,"IGN IFN donnees brutes 2005-2024, Licence Ouverte Etalab v2.0 ; VEGET5==6 (coupe vidange) / 5 ans"
ser,B92,,02,48,812,8.6654,0.5122,0.0591,Chêne pédonculé,2005-2024,"IGN IFN donnees brutes 2005-2024, Licence Ouverte Etalab v2.0 ; VEGET5==6 (coupe vidange) / 5 ans"
ser,B92,,03,56,812,8.6634,0.5975,0.069,Chêne sessile,2005-2024,"IGN IFN donnees brutes 2005-2024, Licence Ouverte Etalab v2.0 ; VEGET5==6 (coupe vidange) / 5 ans"
ser,B92,,04,5,812,12.6529,0.0779,0.0062,Chêne rouge,2005-2024,"IGN IFN donnees brutes 2005-2024, Licence Ouverte Etalab v2.0 ; VEGET5==6 (coupe vidange) / 5 ans"
ser,B92,,09,6,812,6.0717,0.0449,0.0074,Hêtre,2005-2024,"IGN IFN donnees brutes 2005-2024, Licence Ouverte Etalab v2.0 ; VEGET5==6 (coupe vidange) / 5 ans"
ser,B92,,10,9,812,2.6881,0.0298,0.0111,Châtaignier,2005-2024,"IGN IFN donnees brutes 2005-2024, Licence Ouverte Etalab v2.0 ; VEGET5==6 (coupe vidange) / 5 ans"
ser,B92,,11,43,812,5.5572,0.2943,0.053,Charme,2005-2024,"IGN IFN donnees brutes 2005-2024, Licence Ouverte Etalab v2.0 ; VEGET5==6 (coupe vidange) / 5 ans"
ser,B92,,12V,5,812,4.1787,0.0257,0.0062,Bouleau verruqueux,2005-2024,"IGN IFN donnees brutes 2005-2024, Licence Ouverte Etalab v2.0 ; VEGET5==6 (coupe vidange) / 5 ans"
ser,B92,,14,4,812,3.9925,0.0197,0.0049,Robinier faux acacia,2005-2024,"IGN IFN donnees brutes 2005-2024, Licence Ouverte Etalab v2.0 ; VEGET5==6 (coupe vidange) / 5 ans"
ser,B92,,17C,4,812,5.8003,0.0286,0.0049,Frêne commun,2005-2024,"IGN IFN donnees brutes 2005-2024, Licence Ouverte Etalab v2.0 ; VEGET5==6 (coupe vidange) / 5 ans"
ser,B92,,19,2,812,32.0606,0.079,0.0025,Peuplier cultivé,2005-2024,"IGN IFN donnees brutes 2005-2024, Licence Ouverte Etalab v2.0 ; VEGET5==6 (coupe vidange) / 5 ans"
ser,B92,,21C,1,812,6.2399,0.0077,0.0012,Érable champêtre,2005-2024,"IGN IFN donnees brutes 2005-2024, Licence Ouverte Etalab v2.0 ; VEGET5==6 (coupe vidange) / 5 ans"
ser,B92,,22M,4,812,4.749,0.0234,0.0049,Merisier,2005-2024,"IGN IFN donnees brutes 2005-2024, Licence Ouverte Etalab v2.0 ; VEGET5==6 (coupe vidange) / 5 ans"
ser,B92,,23PC,1,812,1.4628,0.0018,0.0012,Poirier commun,2005-2024,"IGN IFN donnees brutes 2005-2024, Licence Ouverte Etalab v2.0 ; VEGET5==6 (coupe vidange) / 5 ans"
ser,B92,,24,8,812,10.2413,0.1009,0.0099,Tremble,2005-2024,"IGN IFN donnees brutes 2005-2024, Licence Ouverte Etalab v2.0 ; VEGET5==6 (coupe vidange) / 5 ans"
ser,B92,,25M,2,812,3.4542,0.0085,0.0025,Saule marsault,2005-2024,"IGN IFN donnees brutes 2005-2024, Licence Ouverte Etalab v2.0 ; VEGET5==6 (coupe vidange) / 5 ans"
ser,B92,,31,2,812,0.7605,0.0019,0.0025,Noisetier coudrier,2005-2024,"IGN IFN donnees brutes 2005-2024, Licence Ouverte Etalab v2.0 ; VEGET5==6 (coupe vidange) / 5 ans"
ser,B92,,49AM,1,812,0.8839,0.0011,0.0012,Aubépine monogyne,2005-2024,"IGN IFN donnees brutes 2005-2024, Licence Ouverte Etalab v2.0 ; VEGET5==6 (coupe vidange) / 5 ans"
ser,B92,,49PS,1,812,0.2421,3e-04,0.0012,Prunelier,2005-2024,"IGN IFN donnees brutes 2005-2024, Licence Ouverte Etalab v2.0 ; VEGET5==6 (coupe vidange) / 5 ans"
ser,B92,,52,5,812,16.5367,0.1018,0.0062,Pin sylvestre,2005-2024,"IGN IFN donnees brutes 2005-2024, Licence Ouverte Etalab v2.0 ; VEGET5==6 (coupe vidange) / 5 ans"
ser,B92,,53CO,3,812,6.0635,0.0224,0.0037,Pin laricio de Corse,2005-2024,"IGN IFN donnees brutes 2005-2024, Licence Ouverte Etalab v2.0 ; VEGET5==6 (coupe vidange) / 5 ans"
ser,B92,,56,1,812,0.6454,8e-04,0.0012,Pin Weymouth,2005-2024,"IGN IFN donnees brutes 2005-2024, Licence Ouverte Etalab v2.0 ; VEGET5==6 (coupe vidange) / 5 ans"
ser,B92,,61,2,812,4.9163,0.0121,0.0025,Sapin pectiné,2005-2024,"IGN IFN donnees brutes 2005-2024, Licence Ouverte Etalab v2.0 ; VEGET5==6 (coupe vidange) / 5 ans"
ser,B92,,62,4,812,15.6489,0.0771,0.0049,Épicéa commun,2005-2024,"IGN IFN donnees brutes 2005-2024, Licence Ouverte Etalab v2.0 ; VEGET5==6 (coupe vidange) / 5 ans"
ser,B92,,64,29,812,23.7447,0.848,0.0357,Douglas,2005-2024,"IGN IFN donnees brutes 2005-2024, Licence Ouverte Etalab v2.0 ; VEGET5==6 (coupe vidange) / 5 ans"
ser,B92,,72V,1,812,5.4209,0.0067,0.0012,Sapin de Vancouver,2005-2024,"IGN IFN donnees brutes 2005-2024, Licence Ouverte Etalab v2.0 ; VEGET5==6 (coupe vidange) / 5 ans"
ser,C11,,02,4,500,10.4607,0.0837,0.008,Chêne pédonculé,2005-2024,"IGN IFN donnees brutes 2005-2024, Licence Ouverte Etalab v2.0 ; VEGET5==6 (coupe vidange) / 5 ans"
ser,C11,,03,17,500,9.7742,0.3323,0.034,Chêne sessile,2005-2024,"IGN IFN donnees brutes 2005-2024, Licence Ouverte Etalab v2.0 ; VEGET5==6 (coupe vidange) / 5 ans"
ser,C11,,04,1,500,2.8549,0.0057,0.002,Chêne rouge,2005-2024,"IGN IFN donnees brutes 2005-2024, Licence Ouverte Etalab v2.0 ; VEGET5==6 (coupe vidange) / 5 ans"
ser,C11,,09,14,500,5.1172,0.1433,0.028,Hêtre,2005-2024,"IGN IFN donnees brutes 2005-2024, Licence Ouverte Etalab v2.0 ; VEGET5==6 (coupe vidange) / 5 ans"
ser,C11,,11,11,500,8.2794,0.1821,0.022,Charme,2005-2024,"IGN IFN donnees brutes 2005-2024, Licence Ouverte Etalab v2.0 ; VEGET5==6 (coupe vidange) / 5 ans"
ser,C11,,12P,6,500,8.8057,0.1057,0.012,Bouleau pubescent,2005-2024,"IGN IFN donnees brutes 2005-2024, Licence Ouverte Etalab v2.0 ; VEGET5==6 (coupe vidange) / 5 ans"
ser,C11,,12V,19,500,6.4841,0.2464,0.038,Bouleau verruqueux,2005-2024,"IGN IFN donnees brutes 2005-2024, Licence Ouverte Etalab v2.0 ; VEGET5==6 (coupe vidange) / 5 ans"
ser,C11,,13G,2,500,4.2973,0.0172,0.004,Aulne glutineux,2005-2024,"IGN IFN donnees brutes 2005-2024, Licence Ouverte Etalab v2.0 ; VEGET5==6 (coupe vidange) / 5 ans"
ser,C11,,15S,4,500,1.8182,0.0145,0.008,Érable sycomore,2005-2024,"IGN IFN donnees brutes 2005-2024, Licence Ouverte Etalab v2.0 ; VEGET5==6 (coupe vidange) / 5 ans"
ser,C11,,17C,1,500,3.1495,0.0063,0.002,Frêne commun,2005-2024,"IGN IFN donnees brutes 2005-2024, Licence Ouverte Etalab v2.0 ; VEGET5==6 (coupe vidange) / 5 ans"
ser,C11,,20P,1,500,3.4264,0.0069,0.002,Tilleul à petites feuilles,2005-2024,"IGN IFN donnees brutes 2005-2024, Licence Ouverte Etalab v2.0 ; VEGET5==6 (coupe vidange) / 5 ans"
ser,C11,,22M,2,500,5.2725,0.0211,0.004,Merisier,2005-2024,"IGN IFN donnees brutes 2005-2024, Licence Ouverte Etalab v2.0 ; VEGET5==6 (coupe vidange) / 5 ans"
ser,C11,,23SO,4,500,1.2258,0.0098,0.008,Sorbier des oiseleurs,2005-2024,"IGN IFN donnees brutes 2005-2024, Licence Ouverte Etalab v2.0 ; VEGET5==6 (coupe vidange) / 5 ans"
ser,C11,,24,1,500,3.8507,0.0077,0.002,Tremble,2005-2024,"IGN IFN donnees brutes 2005-2024, Licence Ouverte Etalab v2.0 ; VEGET5==6 (coupe vidange) / 5 ans"
ser,C11,,25M,2,500,0.9964,0.004,0.004,Saule marsault,2005-2024,"IGN IFN donnees brutes 2005-2024, Licence Ouverte Etalab v2.0 ; VEGET5==6 (coupe vidange) / 5 ans"
ser,C11,,31,2,500,1.213,0.0049,0.004,Noisetier coudrier,2005-2024,"IGN IFN donnees brutes 2005-2024, Licence Ouverte Etalab v2.0 ; VEGET5==6 (coupe vidange) / 5 ans"
ser,C11,,62,59,500,23.5734,2.7817,0.118,Épicéa commun,2005-2024,"IGN IFN donnees brutes 2005-2024, Licence Ouverte Etalab v2.0 ; VEGET5==6 (coupe vidange) / 5 ans"
ser,C11,,64,8,500,13.4374,0.215,0.016,Douglas,2005-2024,"IGN IFN donnees brutes 2005-2024, Licence Ouverte Etalab v2.0 ; VEGET5==6 (coupe vidange) / 5 ans"
ser,C11,,68TG,1,500,19.7973,0.0396,0.002,Thuya géant,2005-2024,"IGN IFN donnees brutes 2005-2024, Licence Ouverte Etalab v2.0 ; VEGET5==6 (coupe vidange) / 5 ans"
ser,C12,,02,5,374,39.468,0.5276,0.0134,Chêne pédonculé,2005-2024,"IGN IFN donnees brutes 2005-2024, Licence Ouverte Etalab v2.0 ; VEGET5==6 (coupe vidange) / 5 ans"
ser,C12,,03,43,374,11.4988,1.322,0.115,Chêne sessile,2005-2024,"IGN IFN donnees brutes 2005-2024, Licence Ouverte Etalab v2.0 ; VEGET5==6 (coupe vidange) / 5 ans"
ser,C12,,04,1,374,45.3745,0.1213,0.0027,Chêne rouge,2005-2024,"IGN IFN donnees brutes 2005-2024, Licence Ouverte Etalab v2.0 ; VEGET5==6 (coupe vidange) / 5 ans"
ser,C12,,09,21,374,9.1295,0.5126,0.0561,Hêtre,2005-2024,"IGN IFN donnees brutes 2005-2024, Licence Ouverte Etalab v2.0 ; VEGET5==6 (coupe vidange) / 5 ans"
ser,C12,,10,2,374,2.0486,0.011,0.0053,Châtaignier,2005-2024,"IGN IFN donnees brutes 2005-2024, Licence Ouverte Etalab v2.0 ; VEGET5==6 (coupe vidange) / 5 ans"
ser,C12,,11,28,374,7.4036,0.5543,0.0749,Charme,2005-2024,"IGN IFN donnees brutes 2005-2024, Licence Ouverte Etalab v2.0 ; VEGET5==6 (coupe vidange) / 5 ans"
ser,C12,,12P,1,374,3.8416,0.0103,0.0027,Bouleau pubescent,2005-2024,"IGN IFN donnees brutes 2005-2024, Licence Ouverte Etalab v2.0 ; VEGET5==6 (coupe vidange) / 5 ans"
ser,C12,,12V,22,374,4.8886,0.2876,0.0588,Bouleau verruqueux,2005-2024,"IGN IFN donnees brutes 2005-2024, Licence Ouverte Etalab v2.0 ; VEGET5==6 (coupe vidange) / 5 ans"
ser,C12,,13G,2,374,7.7313,0.0413,0.0053,Aulne glutineux,2005-2024,"IGN IFN donnees brutes 2005-2024, Licence Ouverte Etalab v2.0 ; VEGET5==6 (coupe vidange) / 5 ans"
ser,C12,,14,2,374,13.1281,0.0702,0.0053,Robinier faux acacia,2005-2024,"IGN IFN donnees brutes 2005-2024, Licence Ouverte Etalab v2.0 ; VEGET5==6 (coupe vidange) / 5 ans"
ser,C12,,15S,1,374,0.3906,0.001,0.0027,Érable sycomore,2005-2024,"IGN IFN donnees brutes 2005-2024, Licence Ouverte Etalab v2.0 ; VEGET5==6 (coupe vidange) / 5 ans"
ser,C12,,17C,6,374,15.6268,0.2507,0.016,Frêne commun,2005-2024,"IGN IFN donnees brutes 2005-2024, Licence Ouverte Etalab v2.0 ; VEGET5==6 (coupe vidange) / 5 ans"
ser,C12,,18C,2,374,7.2795,0.0389,0.0053,Orme champêtre,2005-2024,"IGN IFN donnees brutes 2005-2024, Licence Ouverte Etalab v2.0 ; VEGET5==6 (coupe vidange) / 5 ans"
ser,C12,,19,3,374,45.2203,0.3627,0.008,Peuplier cultivé,2005-2024,"IGN IFN donnees brutes 2005-2024, Licence Ouverte Etalab v2.0 ; VEGET5==6 (coupe vidange) / 5 ans"
ser,C12,,20G,1,374,0.1909,5e-04,0.0027,Tilleul à grandes feuilles,2005-2024,"IGN IFN donnees brutes 2005-2024, Licence Ouverte Etalab v2.0 ; VEGET5==6 (coupe vidange) / 5 ans"
ser,C12,,21C,2,374,1.3342,0.0071,0.0053,Érable champêtre,2005-2024,"IGN IFN donnees brutes 2005-2024, Licence Ouverte Etalab v2.0 ; VEGET5==6 (coupe vidange) / 5 ans"
ser,C12,,22M,1,374,21.0409,0.0563,0.0027,Merisier,2005-2024,"IGN IFN donnees brutes 2005-2024, Licence Ouverte Etalab v2.0 ; VEGET5==6 (coupe vidange) / 5 ans"
ser,C12,,23PM,1,374,1.1775,0.0031,0.0027,Pommier sauvage,2005-2024,"IGN IFN donnees brutes 2005-2024, Licence Ouverte Etalab v2.0 ; VEGET5==6 (coupe vidange) / 5 ans"
ser,C12,,24,1,374,2.2999,0.0061,0.0027,Tremble,2005-2024,"IGN IFN donnees brutes 2005-2024, Licence Ouverte Etalab v2.0 ; VEGET5==6 (coupe vidange) / 5 ans"
ser,C12,,25M,4,374,2.6486,0.0283,0.0107,Saule marsault,2005-2024,"IGN IFN donnees brutes 2005-2024, Licence Ouverte Etalab v2.0 ; VEGET5==6 (coupe vidange) / 5 ans"
ser,C12,,27C,1,374,1.852,0.005,0.0027,Noyer commun,2005-2024,"IGN IFN donnees brutes 2005-2024, Licence Ouverte Etalab v2.0 ; VEGET5==6 (coupe vidange) / 5 ans"
ser,C12,,31,4,374,0.9761,0.0104,0.0107,Noisetier coudrier,2005-2024,"IGN IFN donnees brutes 2005-2024, Licence Ouverte Etalab v2.0 ; VEGET5==6 (coupe vidange) / 5 ans"
ser,C12,,49AM,2,374,1.0254,0.0055,0.0053,Aubépine monogyne,2005-2024,"IGN IFN donnees brutes 2005-2024, Licence Ouverte Etalab v2.0 ; VEGET5==6 (coupe vidange) / 5 ans"
ser,C12,,52,2,374,11.7769,0.063,0.0053,Pin sylvestre,2005-2024,"IGN IFN donnees brutes 2005-2024, Licence Ouverte Etalab v2.0 ; VEGET5==6 (coupe vidange) / 5 ans"
ser,C12,,62,20,374,29.2109,1.5621,0.0535,Épicéa commun,2005-2024,"IGN IFN donnees brutes 2005-2024, Licence Ouverte Etalab v2.0 ; VEGET5==6 (coupe vidange) / 5 ans"
ser,C12,,64,11,374,17.8517,0.525,0.0294,Douglas,2005-2024,"IGN IFN donnees brutes 2005-2024, Licence Ouverte Etalab v2.0 ; VEGET5==6 (coupe vidange) / 5 ans"
ser,C12,,74J,1,374,9.1226,0.0244,0.0027,Mélèze du Japon,2005-2024,"IGN IFN donnees brutes 2005-2024, Licence Ouverte Etalab v2.0 ; VEGET5==6 (coupe vidange) / 5 ans"
ser,C20,,02,137,7392,7.6655,0.1421,0.0185,Chêne pédonculé,2005-2024,"IGN IFN donnees brutes 2005-2024, Licence Ouverte Etalab v2.0 ; VEGET5==6 (coupe vidange) / 5 ans"
ser,C20,,03,246,7392,8.2723,0.2753,0.0333,Chêne sessile,2005-2024,"IGN IFN donnees brutes 2005-2024, Licence Ouverte Etalab v2.0 ; VEGET5==6 (coupe vidange) / 5 ans"
ser,C20,,04,1,7392,1.3972,2e-04,1e-04,Chêne rouge,2005-2024,"IGN IFN donnees brutes 2005-2024, Licence Ouverte Etalab v2.0 ; VEGET5==6 (coupe vidange) / 5 ans"
ser,C20,,05,4,7392,4.5416,0.0025,5e-04,Chêne pubescent,2005-2024,"IGN IFN donnees brutes 2005-2024, Licence Ouverte Etalab v2.0 ; VEGET5==6 (coupe vidange) / 5 ans"
ser,C20,,09,490,7392,8.6514,0.5735,0.0663,Hêtre,2005-2024,"IGN IFN donnees brutes 2005-2024, Licence Ouverte Etalab v2.0 ; VEGET5==6 (coupe vidange) / 5 ans"
ser,C20,,10,4,7392,8.3103,0.0045,5e-04,Châtaignier,2005-2024,"IGN IFN donnees brutes 2005-2024, Licence Ouverte Etalab v2.0 ; VEGET5==6 (coupe vidange) / 5 ans"
ser,C20,,11,547,7392,5.4809,0.4056,0.074,Charme,2005-2024,"IGN IFN donnees brutes 2005-2024, Licence Ouverte Etalab v2.0 ; VEGET5==6 (coupe vidange) / 5 ans"
ser,C20,,12P,1,7392,3.4373,5e-04,1e-04,Bouleau pubescent,2005-2024,"IGN IFN donnees brutes 2005-2024, Licence Ouverte Etalab v2.0 ; VEGET5==6 (coupe vidange) / 5 ans"
ser,C20,,12V,35,7392,4.4137,0.0209,0.0047,Bouleau verruqueux,2005-2024,"IGN IFN donnees brutes 2005-2024, Licence Ouverte Etalab v2.0 ; VEGET5==6 (coupe vidange) / 5 ans"
ser,C20,,13G,5,7392,5.8653,0.004,7e-04,Aulne glutineux,2005-2024,"IGN IFN donnees brutes 2005-2024, Licence Ouverte Etalab v2.0 ; VEGET5==6 (coupe vidange) / 5 ans"
ser,C20,,14,25,7392,6.3324,0.0214,0.0034,Robinier faux acacia,2005-2024,"IGN IFN donnees brutes 2005-2024, Licence Ouverte Etalab v2.0 ; VEGET5==6 (coupe vidange) / 5 ans"
ser,C20,,15P,9,7392,4.0698,0.005,0.0012,Érable plane,2005-2024,"IGN IFN donnees brutes 2005-2024, Licence Ouverte Etalab v2.0 ; VEGET5==6 (coupe vidange) / 5 ans"
ser,C20,,15S,62,7392,4.3987,0.0369,0.0084,Érable sycomore,2005-2024,"IGN IFN donnees brutes 2005-2024, Licence Ouverte Etalab v2.0 ; VEGET5==6 (coupe vidange) / 5 ans"
ser,C20,,17C,120,7392,8.7156,0.1415,0.0162,Frêne commun,2005-2024,"IGN IFN donnees brutes 2005-2024, Licence Ouverte Etalab v2.0 ; VEGET5==6 (coupe vidange) / 5 ans"
ser,C20,,18C,6,7392,1.0434,8e-04,8e-04,Orme champêtre,2005-2024,"IGN IFN donnees brutes 2005-2024, Licence Ouverte Etalab v2.0 ; VEGET5==6 (coupe vidange) / 5 ans"
ser,C20,,18M,2,7392,2.1757,6e-04,3e-04,Orme de montagne,2005-2024,"IGN IFN donnees brutes 2005-2024, Licence Ouverte Etalab v2.0 ; VEGET5==6 (coupe vidange) / 5 ans"
ser,C20,,19,11,7392,35.2003,0.0524,0.0015,Peuplier cultivé,2005-2024,"IGN IFN donnees brutes 2005-2024, Licence Ouverte Etalab v2.0 ; VEGET5==6 (coupe vidange) / 5 ans"
ser,C20,,20G,10,7392,7.7238,0.0104,0.0014,Tilleul à grandes feuilles,2005-2024,"IGN IFN donnees brutes 2005-2024, Licence Ouverte Etalab v2.0 ; VEGET5==6 (coupe vidange) / 5 ans"
ser,C20,,20P,20,7392,4.9847,0.0135,0.0027,Tilleul à petites feuilles,2005-2024,"IGN IFN donnees brutes 2005-2024, Licence Ouverte Etalab v2.0 ; VEGET5==6 (coupe vidange) / 5 ans"
ser,C20,,21C,139,7392,2.6475,0.0498,0.0188,Érable champêtre,2005-2024,"IGN IFN donnees brutes 2005-2024, Licence Ouverte Etalab v2.0 ; VEGET5==6 (coupe vidange) / 5 ans"
ser,C20,,22C,1,7392,2.163,3e-04,1e-04,Cerisier,2005-2024,"IGN IFN donnees brutes 2005-2024, Licence Ouverte Etalab v2.0 ; VEGET5==6 (coupe vidange) / 5 ans"
ser,C20,,22M,35,7392,4.4291,0.021,0.0047,Merisier,2005-2024,"IGN IFN donnees brutes 2005-2024, Licence Ouverte Etalab v2.0 ; VEGET5==6 (coupe vidange) / 5 ans"
ser,C20,,23AB,39,7392,1.7159,0.0091,0.0053,Alisier blanc,2005-2024,"IGN IFN donnees brutes 2005-2024, Licence Ouverte Etalab v2.0 ; VEGET5==6 (coupe vidange) / 5 ans"
ser,C20,,23PC,7,7392,1.6392,0.0016,9e-04,Poirier commun,2005-2024,"IGN IFN donnees brutes 2005-2024, Licence Ouverte Etalab v2.0 ; VEGET5==6 (coupe vidange) / 5 ans"
ser,C20,,23PD,1,7392,0.509,1e-04,1e-04,Prunier domestique,2005-2024,"IGN IFN donnees brutes 2005-2024, Licence Ouverte Etalab v2.0 ; VEGET5==6 (coupe vidange) / 5 ans"
ser,C20,,23PM,4,7392,1.8005,0.001,5e-04,Pommier sauvage,2005-2024,"IGN IFN donnees brutes 2005-2024, Licence Ouverte Etalab v2.0 ; VEGET5==6 (coupe vidange) / 5 ans"
ser,C20,,23SO,1,7392,3.8322,5e-04,1e-04,Sorbier des oiseleurs,2005-2024,"IGN IFN donnees brutes 2005-2024, Licence Ouverte Etalab v2.0 ; VEGET5==6 (coupe vidange) / 5 ans"
ser,C20,,24,29,7392,6.7872,0.0266,0.0039,Tremble,2005-2024,"IGN IFN donnees brutes 2005-2024, Licence Ouverte Etalab v2.0 ; VEGET5==6 (coupe vidange) / 5 ans"
ser,C20,,25B,2,7392,4.8565,0.0013,3e-04,Saule blanc,2005-2024,"IGN IFN donnees brutes 2005-2024, Licence Ouverte Etalab v2.0 ; VEGET5==6 (coupe vidange) / 5 ans"
ser,C20,,25C,1,7392,0.4775,1e-04,1e-04,Saule cendré,2005-2024,"IGN IFN donnees brutes 2005-2024, Licence Ouverte Etalab v2.0 ; VEGET5==6 (coupe vidange) / 5 ans"
ser,C20,,25FR,1,7392,1.8068,2e-04,1e-04,Saule cassant,2005-2024,"IGN IFN donnees brutes 2005-2024, Licence Ouverte Etalab v2.0 ; VEGET5==6 (coupe vidange) / 5 ans"
ser,C20,,25M,37,7392,1.7006,0.0085,0.005,Saule marsault,2005-2024,"IGN IFN donnees brutes 2005-2024, Licence Ouverte Etalab v2.0 ; VEGET5==6 (coupe vidange) / 5 ans"
ser,C20,,27C,2,7392,1.303,4e-04,3e-04,Noyer commun,2005-2024,"IGN IFN donnees brutes 2005-2024, Licence Ouverte Etalab v2.0 ; VEGET5==6 (coupe vidange) / 5 ans"
ser,C20,,31,35,7392,1.6305,0.0077,0.0047,Noisetier coudrier,2005-2024,"IGN IFN donnees brutes 2005-2024, Licence Ouverte Etalab v2.0 ; VEGET5==6 (coupe vidange) / 5 ans"
ser,C20,,38AU,2,7392,1.2243,3e-04,3e-04,Cytise aubour,2005-2024,"IGN IFN donnees brutes 2005-2024, Licence Ouverte Etalab v2.0 ; VEGET5==6 (coupe vidange) / 5 ans"
ser,C20,,39,4,7392,0.2656,1e-04,5e-04,Cornouiller mâle,2005-2024,"IGN IFN donnees brutes 2005-2024, Licence Ouverte Etalab v2.0 ; VEGET5==6 (coupe vidange) / 5 ans"
ser,C20,,41,38,7392,1.2294,0.0063,0.0051,Alisier torminal,2005-2024,"IGN IFN donnees brutes 2005-2024, Licence Ouverte Etalab v2.0 ; VEGET5==6 (coupe vidange) / 5 ans"
ser,C20,,49AE,1,7392,0.2697,0,1e-04,Aubépine épineuse,2005-2024,"IGN IFN donnees brutes 2005-2024, Licence Ouverte Etalab v2.0 ; VEGET5==6 (coupe vidange) / 5 ans"
ser,C20,,49AM,22,7392,0.681,0.002,0.003,Aubépine monogyne,2005-2024,"IGN IFN donnees brutes 2005-2024, Licence Ouverte Etalab v2.0 ; VEGET5==6 (coupe vidange) / 5 ans"
ser,C20,,49BS,1,7392,0.6353,1e-04,1e-04,Buis,2005-2024,"IGN IFN donnees brutes 2005-2024, Licence Ouverte Etalab v2.0 ; VEGET5==6 (coupe vidange) / 5 ans"
ser,C20,,49PM,3,7392,1.6445,7e-04,4e-04,Cerisier de Sainte Lucie,2005-2024,"IGN IFN donnees brutes 2005-2024, Licence Ouverte Etalab v2.0 ; VEGET5==6 (coupe vidange) / 5 ans"
ser,C20,,49PS,1,7392,1.5171,2e-04,1e-04,Prunelier,2005-2024,"IGN IFN donnees brutes 2005-2024, Licence Ouverte Etalab v2.0 ; VEGET5==6 (coupe vidange) / 5 ans"
ser,C20,,49RC,1,7392,0.2126,0,1e-04,Nerprun purgatif,2005-2024,"IGN IFN donnees brutes 2005-2024, Licence Ouverte Etalab v2.0 ; VEGET5==6 (coupe vidange) / 5 ans"
ser,C20,,49SN,1,7392,1.7972,2e-04,1e-04,Sureau noir,2005-2024,"IGN IFN donnees brutes 2005-2024, Licence Ouverte Etalab v2.0 ; VEGET5==6 (coupe vidange) / 5 ans"
ser,C20,,52,53,7392,14.6235,0.1048,0.0072,Pin sylvestre,2005-2024,"IGN IFN donnees brutes 2005-2024, Licence Ouverte Etalab v2.0 ; VEGET5==6 (coupe vidange) / 5 ans"
ser,C20,,53CO,2,7392,7.0629,0.0019,3e-04,Pin laricio de Corse,2005-2024,"IGN IFN donnees brutes 2005-2024, Licence Ouverte Etalab v2.0 ; VEGET5==6 (coupe vidange) / 5 ans"
ser,C20,,54,42,7392,16.5483,0.094,0.0057,Pin noir d'Autriche,2005-2024,"IGN IFN donnees brutes 2005-2024, Licence Ouverte Etalab v2.0 ; VEGET5==6 (coupe vidange) / 5 ans"
ser,C20,,61,40,7392,10.9561,0.0593,0.0054,Sapin pectiné,2005-2024,"IGN IFN donnees brutes 2005-2024, Licence Ouverte Etalab v2.0 ; VEGET5==6 (coupe vidange) / 5 ans"
ser,C20,,62,106,7392,24.2697,0.348,0.0143,Épicéa commun,2005-2024,"IGN IFN donnees brutes 2005-2024, Licence Ouverte Etalab v2.0 ; VEGET5==6 (coupe vidange) / 5 ans"
ser,C20,,63,4,7392,8.9046,0.0048,5e-04,Mélèze d'Europe,2005-2024,"IGN IFN donnees brutes 2005-2024, Licence Ouverte Etalab v2.0 ; VEGET5==6 (coupe vidange) / 5 ans"
ser,C20,,64,35,7392,15.0194,0.0711,0.0047,Douglas,2005-2024,"IGN IFN donnees brutes 2005-2024, Licence Ouverte Etalab v2.0 ; VEGET5==6 (coupe vidange) / 5 ans"
ser,C20,,69JC,2,7392,0.5509,1e-04,3e-04,Genévrier commun,2005-2024,"IGN IFN donnees brutes 2005-2024, Licence Ouverte Etalab v2.0 ; VEGET5==6 (coupe vidange) / 5 ans"
ser,C20,,71,2,7392,1.9565,5e-04,3e-04,Sapin de Nordmann,2005-2024,"IGN IFN donnees brutes 2005-2024, Licence Ouverte Etalab v2.0 ; VEGET5==6 (coupe vidange) / 5 ans"
ser,C20,,72V,5,7392,26.4765,0.0179,7e-04,Sapin de Vancouver,2005-2024,"IGN IFN donnees brutes 2005-2024, Licence Ouverte Etalab v2.0 ; VEGET5==6 (coupe vidange) / 5 ans"
ser,C30,,02,149,2349,8.2209,0.5215,0.0634,Chêne pédonculé,2005-2024,"IGN IFN donnees brutes 2005-2024, Licence Ouverte Etalab v2.0 ; VEGET5==6 (coupe vidange) / 5 ans"
ser,C30,,03,110,2349,9.951,0.466,0.0468,Chêne sessile,2005-2024,"IGN IFN donnees brutes 2005-2024, Licence Ouverte Etalab v2.0 ; VEGET5==6 (coupe vidange) / 5 ans"
ser,C30,,04,4,2349,3.4229,0.0058,0.0017,Chêne rouge,2005-2024,"IGN IFN donnees brutes 2005-2024, Licence Ouverte Etalab v2.0 ; VEGET5==6 (coupe vidange) / 5 ans"
ser,C30,,09,164,2349,10.1442,0.7082,0.0698,Hêtre,2005-2024,"IGN IFN donnees brutes 2005-2024, Licence Ouverte Etalab v2.0 ; VEGET5==6 (coupe vidange) / 5 ans"
ser,C30,,11,262,2349,5.1086,0.5698,0.1115,Charme,2005-2024,"IGN IFN donnees brutes 2005-2024, Licence Ouverte Etalab v2.0 ; VEGET5==6 (coupe vidange) / 5 ans"
ser,C30,,12V,25,2349,5.6177,0.0598,0.0106,Bouleau verruqueux,2005-2024,"IGN IFN donnees brutes 2005-2024, Licence Ouverte Etalab v2.0 ; VEGET5==6 (coupe vidange) / 5 ans"
ser,C30,,13G,11,2349,7.6857,0.036,0.0047,Aulne glutineux,2005-2024,"IGN IFN donnees brutes 2005-2024, Licence Ouverte Etalab v2.0 ; VEGET5==6 (coupe vidange) / 5 ans"
ser,C30,,14,13,2349,9.1581,0.0507,0.0055,Robinier faux acacia,2005-2024,"IGN IFN donnees brutes 2005-2024, Licence Ouverte Etalab v2.0 ; VEGET5==6 (coupe vidange) / 5 ans"
ser,C30,,15S,11,2349,3.5306,0.0165,0.0047,Érable sycomore,2005-2024,"IGN IFN donnees brutes 2005-2024, Licence Ouverte Etalab v2.0 ; VEGET5==6 (coupe vidange) / 5 ans"
ser,C30,,17C,91,2349,11.7773,0.4563,0.0387,Frêne commun,2005-2024,"IGN IFN donnees brutes 2005-2024, Licence Ouverte Etalab v2.0 ; VEGET5==6 (coupe vidange) / 5 ans"
ser,C30,,18C,4,2349,2.0269,0.0035,0.0017,Orme champêtre,2005-2024,"IGN IFN donnees brutes 2005-2024, Licence Ouverte Etalab v2.0 ; VEGET5==6 (coupe vidange) / 5 ans"
ser,C30,,18M,1,2349,0.441,2e-04,4e-04,Orme de montagne,2005-2024,"IGN IFN donnees brutes 2005-2024, Licence Ouverte Etalab v2.0 ; VEGET5==6 (coupe vidange) / 5 ans"
ser,C30,,19,2,2349,75.155,0.064,9e-04,Peuplier cultivé,2005-2024,"IGN IFN donnees brutes 2005-2024, Licence Ouverte Etalab v2.0 ; VEGET5==6 (coupe vidange) / 5 ans"
ser,C30,,20G,8,2349,4.1979,0.0143,0.0034,Tilleul à grandes feuilles,2005-2024,"IGN IFN donnees brutes 2005-2024, Licence Ouverte Etalab v2.0 ; VEGET5==6 (coupe vidange) / 5 ans"
ser,C30,,20P,12,2349,5.8554,0.0299,0.0051,Tilleul à petites feuilles,2005-2024,"IGN IFN donnees brutes 2005-2024, Licence Ouverte Etalab v2.0 ; VEGET5==6 (coupe vidange) / 5 ans"
ser,C30,,21C,30,2349,3.6601,0.0467,0.0128,Érable champêtre,2005-2024,"IGN IFN donnees brutes 2005-2024, Licence Ouverte Etalab v2.0 ; VEGET5==6 (coupe vidange) / 5 ans"
ser,C30,,22G,2,2349,2.8017,0.0024,9e-04,Cerisier à grappes,2005-2024,"IGN IFN donnees brutes 2005-2024, Licence Ouverte Etalab v2.0 ; VEGET5==6 (coupe vidange) / 5 ans"
ser,C30,,22M,16,2349,3.1911,0.0217,0.0068,Merisier,2005-2024,"IGN IFN donnees brutes 2005-2024, Licence Ouverte Etalab v2.0 ; VEGET5==6 (coupe vidange) / 5 ans"
ser,C30,,23AB,1,2349,0.6365,3e-04,4e-04,Alisier blanc,2005-2024,"IGN IFN donnees brutes 2005-2024, Licence Ouverte Etalab v2.0 ; VEGET5==6 (coupe vidange) / 5 ans"
ser,C30,,23PC,1,2349,2.8585,0.0012,4e-04,Poirier commun,2005-2024,"IGN IFN donnees brutes 2005-2024, Licence Ouverte Etalab v2.0 ; VEGET5==6 (coupe vidange) / 5 ans"
ser,C30,,23PD,1,2349,2.3594,0.001,4e-04,Prunier domestique,2005-2024,"IGN IFN donnees brutes 2005-2024, Licence Ouverte Etalab v2.0 ; VEGET5==6 (coupe vidange) / 5 ans"
ser,C30,,24,19,2349,9.2513,0.0748,0.0081,Tremble,2005-2024,"IGN IFN donnees brutes 2005-2024, Licence Ouverte Etalab v2.0 ; VEGET5==6 (coupe vidange) / 5 ans"
ser,C30,,25M,12,2349,1.0877,0.0056,0.0051,Saule marsault,2005-2024,"IGN IFN donnees brutes 2005-2024, Licence Ouverte Etalab v2.0 ; VEGET5==6 (coupe vidange) / 5 ans"
ser,C30,,31,15,2349,0.6387,0.0041,0.0064,Noisetier coudrier,2005-2024,"IGN IFN donnees brutes 2005-2024, Licence Ouverte Etalab v2.0 ; VEGET5==6 (coupe vidange) / 5 ans"
ser,C30,,41,4,2349,2.3973,0.0041,0.0017,Alisier torminal,2005-2024,"IGN IFN donnees brutes 2005-2024, Licence Ouverte Etalab v2.0 ; VEGET5==6 (coupe vidange) / 5 ans"
ser,C30,,49AE,2,2349,0.3207,3e-04,9e-04,Aubépine épineuse,2005-2024,"IGN IFN donnees brutes 2005-2024, Licence Ouverte Etalab v2.0 ; VEGET5==6 (coupe vidange) / 5 ans"
ser,C30,,49AM,7,2349,0.8564,0.0026,0.003,Aubépine monogyne,2005-2024,"IGN IFN donnees brutes 2005-2024, Licence Ouverte Etalab v2.0 ; VEGET5==6 (coupe vidange) / 5 ans"
ser,C30,,49SN,1,2349,0.2277,1e-04,4e-04,Sureau noir,2005-2024,"IGN IFN donnees brutes 2005-2024, Licence Ouverte Etalab v2.0 ; VEGET5==6 (coupe vidange) / 5 ans"
ser,C30,,52,11,2349,21.2143,0.0993,0.0047,Pin sylvestre,2005-2024,"IGN IFN donnees brutes 2005-2024, Licence Ouverte Etalab v2.0 ; VEGET5==6 (coupe vidange) / 5 ans"
ser,C30,,54,2,2349,14.3083,0.0122,9e-04,Pin noir d'Autriche,2005-2024,"IGN IFN donnees brutes 2005-2024, Licence Ouverte Etalab v2.0 ; VEGET5==6 (coupe vidange) / 5 ans"
ser,C30,,61,4,2349,15.4248,0.0263,0.0017,Sapin pectiné,2005-2024,"IGN IFN donnees brutes 2005-2024, Licence Ouverte Etalab v2.0 ; VEGET5==6 (coupe vidange) / 5 ans"
ser,C30,,62,47,2349,24.204,0.4843,0.02,Épicéa commun,2005-2024,"IGN IFN donnees brutes 2005-2024, Licence Ouverte Etalab v2.0 ; VEGET5==6 (coupe vidange) / 5 ans"
ser,C30,,64,10,2349,17.0816,0.0727,0.0043,Douglas,2005-2024,"IGN IFN donnees brutes 2005-2024, Licence Ouverte Etalab v2.0 ; VEGET5==6 (coupe vidange) / 5 ans"
ser,C30,,72V,1,2349,18.3951,0.0078,4e-04,Sapin de Vancouver,2005-2024,"IGN IFN donnees brutes 2005-2024, Licence Ouverte Etalab v2.0 ; VEGET5==6 (coupe vidange) / 5 ans"
ser,C41,,02,23,513,8.8579,0.3971,0.0448,Chêne pédonculé,2005-2024,"IGN IFN donnees brutes 2005-2024, Licence Ouverte Etalab v2.0 ; VEGET5==6 (coupe vidange) / 5 ans"
ser,C41,,03,13,513,7.4448,0.1887,0.0253,Chêne sessile,2005-2024,"IGN IFN donnees brutes 2005-2024, Licence Ouverte Etalab v2.0 ; VEGET5==6 (coupe vidange) / 5 ans"
ser,C41,,04,3,513,15.5842,0.0911,0.0058,Chêne rouge,2005-2024,"IGN IFN donnees brutes 2005-2024, Licence Ouverte Etalab v2.0 ; VEGET5==6 (coupe vidange) / 5 ans"
ser,C41,,09,11,513,10.2116,0.219,0.0214,Hêtre,2005-2024,"IGN IFN donnees brutes 2005-2024, Licence Ouverte Etalab v2.0 ; VEGET5==6 (coupe vidange) / 5 ans"
ser,C41,,11,37,513,4.9328,0.3558,0.0721,Charme,2005-2024,"IGN IFN donnees brutes 2005-2024, Licence Ouverte Etalab v2.0 ; VEGET5==6 (coupe vidange) / 5 ans"
ser,C41,,12V,6,513,2.2293,0.0261,0.0117,Bouleau verruqueux,2005-2024,"IGN IFN donnees brutes 2005-2024, Licence Ouverte Etalab v2.0 ; VEGET5==6 (coupe vidange) / 5 ans"
ser,C41,,13G,10,513,7.9946,0.1558,0.0195,Aulne glutineux,2005-2024,"IGN IFN donnees brutes 2005-2024, Licence Ouverte Etalab v2.0 ; VEGET5==6 (coupe vidange) / 5 ans"
ser,C41,,14,12,513,7.6894,0.1799,0.0234,Robinier faux acacia,2005-2024,"IGN IFN donnees brutes 2005-2024, Licence Ouverte Etalab v2.0 ; VEGET5==6 (coupe vidange) / 5 ans"
ser,C41,,15S,2,513,2.9222,0.0114,0.0039,Érable sycomore,2005-2024,"IGN IFN donnees brutes 2005-2024, Licence Ouverte Etalab v2.0 ; VEGET5==6 (coupe vidange) / 5 ans"
ser,C41,,17C,25,513,11.4491,0.558,0.0487,Frêne commun,2005-2024,"IGN IFN donnees brutes 2005-2024, Licence Ouverte Etalab v2.0 ; VEGET5==6 (coupe vidange) / 5 ans"
ser,C41,,18C,2,513,4.0687,0.0159,0.0039,Orme champêtre,2005-2024,"IGN IFN donnees brutes 2005-2024, Licence Ouverte Etalab v2.0 ; VEGET5==6 (coupe vidange) / 5 ans"
ser,C41,,19,6,513,32.7941,0.3836,0.0117,Peuplier cultivé,2005-2024,"IGN IFN donnees brutes 2005-2024, Licence Ouverte Etalab v2.0 ; VEGET5==6 (coupe vidange) / 5 ans"
ser,C41,,20G,1,513,4.7886,0.0093,0.0019,Tilleul à grandes feuilles,2005-2024,"IGN IFN donnees brutes 2005-2024, Licence Ouverte Etalab v2.0 ; VEGET5==6 (coupe vidange) / 5 ans"
ser,C41,,20P,4,513,10.3845,0.081,0.0078,Tilleul à petites feuilles,2005-2024,"IGN IFN donnees brutes 2005-2024, Licence Ouverte Etalab v2.0 ; VEGET5==6 (coupe vidange) / 5 ans"
ser,C41,,21C,5,513,2.6424,0.0258,0.0097,Érable champêtre,2005-2024,"IGN IFN donnees brutes 2005-2024, Licence Ouverte Etalab v2.0 ; VEGET5==6 (coupe vidange) / 5 ans"
ser,C41,,22G,1,513,0.5316,0.001,0.0019,Cerisier à grappes,2005-2024,"IGN IFN donnees brutes 2005-2024, Licence Ouverte Etalab v2.0 ; VEGET5==6 (coupe vidange) / 5 ans"
ser,C41,,22M,3,513,7.0351,0.0411,0.0058,Merisier,2005-2024,"IGN IFN donnees brutes 2005-2024, Licence Ouverte Etalab v2.0 ; VEGET5==6 (coupe vidange) / 5 ans"
ser,C41,,24,1,513,0.4224,8e-04,0.0019,Tremble,2005-2024,"IGN IFN donnees brutes 2005-2024, Licence Ouverte Etalab v2.0 ; VEGET5==6 (coupe vidange) / 5 ans"
ser,C41,,25B,1,513,0.9021,0.0018,0.0019,Saule blanc,2005-2024,"IGN IFN donnees brutes 2005-2024, Licence Ouverte Etalab v2.0 ; VEGET5==6 (coupe vidange) / 5 ans"
ser,C41,,27C,1,513,3.1828,0.0062,0.0019,Noyer commun,2005-2024,"IGN IFN donnees brutes 2005-2024, Licence Ouverte Etalab v2.0 ; VEGET5==6 (coupe vidange) / 5 ans"
ser,C41,,31,7,513,1.2595,0.0172,0.0136,Noisetier coudrier,2005-2024,"IGN IFN donnees brutes 2005-2024, Licence Ouverte Etalab v2.0 ; VEGET5==6 (coupe vidange) / 5 ans"
ser,C41,,332G,1,513,2.4284,0.0047,0.0019,,2005-2024,"IGN IFN donnees brutes 2005-2024, Licence Ouverte Etalab v2.0 ; VEGET5==6 (coupe vidange) / 5 ans"
ser,C41,,33G,1,513,2.6939,0.0053,0.0019,Peuplier grisard,2005-2024,"IGN IFN donnees brutes 2005-2024, Licence Ouverte Etalab v2.0 ; VEGET5==6 (coupe vidange) / 5 ans"
ser,C41,,41,2,513,0.8435,0.0033,0.0039,Alisier torminal,2005-2024,"IGN IFN donnees brutes 2005-2024, Licence Ouverte Etalab v2.0 ; VEGET5==6 (coupe vidange) / 5 ans"
ser,C41,,49AM,1,513,0.3106,6e-04,0.0019,Aubépine monogyne,2005-2024,"IGN IFN donnees brutes 2005-2024, Licence Ouverte Etalab v2.0 ; VEGET5==6 (coupe vidange) / 5 ans"
ser,C41,,49SN,2,513,0.4502,0.0018,0.0039,Sureau noir,2005-2024,"IGN IFN donnees brutes 2005-2024, Licence Ouverte Etalab v2.0 ; VEGET5==6 (coupe vidange) / 5 ans"
ser,C41,,52,18,513,9.6111,0.3372,0.0351,Pin sylvestre,2005-2024,"IGN IFN donnees brutes 2005-2024, Licence Ouverte Etalab v2.0 ; VEGET5==6 (coupe vidange) / 5 ans"
ser,C41,,62,4,513,22.4224,0.1748,0.0078,Épicéa commun,2005-2024,"IGN IFN donnees brutes 2005-2024, Licence Ouverte Etalab v2.0 ; VEGET5==6 (coupe vidange) / 5 ans"
ser,C42,,02,13,285,10.3928,0.4741,0.0456,Chêne pédonculé,2005-2024,"IGN IFN donnees brutes 2005-2024, Licence Ouverte Etalab v2.0 ; VEGET5==6 (coupe vidange) / 5 ans"
ser,C42,,03,7,285,12.4461,0.3057,0.0246,Chêne sessile,2005-2024,"IGN IFN donnees brutes 2005-2024, Licence Ouverte Etalab v2.0 ; VEGET5==6 (coupe vidange) / 5 ans"
ser,C42,,09,34,285,11.096,1.3237,0.1193,Hêtre,2005-2024,"IGN IFN donnees brutes 2005-2024, Licence Ouverte Etalab v2.0 ; VEGET5==6 (coupe vidange) / 5 ans"
ser,C42,,11,21,285,7.9884,0.5886,0.0737,Charme,2005-2024,"IGN IFN donnees brutes 2005-2024, Licence Ouverte Etalab v2.0 ; VEGET5==6 (coupe vidange) / 5 ans"
ser,C42,,12V,5,285,2.825,0.0496,0.0175,Bouleau verruqueux,2005-2024,"IGN IFN donnees brutes 2005-2024, Licence Ouverte Etalab v2.0 ; VEGET5==6 (coupe vidange) / 5 ans"
ser,C42,,13G,1,285,1.4559,0.0051,0.0035,Aulne glutineux,2005-2024,"IGN IFN donnees brutes 2005-2024, Licence Ouverte Etalab v2.0 ; VEGET5==6 (coupe vidange) / 5 ans"
ser,C42,,14,2,285,15.4028,0.1081,0.007,Robinier faux acacia,2005-2024,"IGN IFN donnees brutes 2005-2024, Licence Ouverte Etalab v2.0 ; VEGET5==6 (coupe vidange) / 5 ans"
ser,C42,,15P,1,285,18.7333,0.0657,0.0035,Érable plane,2005-2024,"IGN IFN donnees brutes 2005-2024, Licence Ouverte Etalab v2.0 ; VEGET5==6 (coupe vidange) / 5 ans"
ser,C42,,15S,5,285,6.0231,0.1057,0.0175,Érable sycomore,2005-2024,"IGN IFN donnees brutes 2005-2024, Licence Ouverte Etalab v2.0 ; VEGET5==6 (coupe vidange) / 5 ans"
ser,C42,,17C,19,285,11.9431,0.7962,0.0667,Frêne commun,2005-2024,"IGN IFN donnees brutes 2005-2024, Licence Ouverte Etalab v2.0 ; VEGET5==6 (coupe vidange) / 5 ans"
ser,C42,,21C,1,285,9.8819,0.0347,0.0035,Érable champêtre,2005-2024,"IGN IFN donnees brutes 2005-2024, Licence Ouverte Etalab v2.0 ; VEGET5==6 (coupe vidange) / 5 ans"
ser,C42,,22M,2,285,2.6918,0.0189,0.007,Merisier,2005-2024,"IGN IFN donnees brutes 2005-2024, Licence Ouverte Etalab v2.0 ; VEGET5==6 (coupe vidange) / 5 ans"
ser,C42,,23SO,1,285,0.478,0.0017,0.0035,Sorbier des oiseleurs,2005-2024,"IGN IFN donnees brutes 2005-2024, Licence Ouverte Etalab v2.0 ; VEGET5==6 (coupe vidange) / 5 ans"
ser,C42,,24,1,285,0.4643,0.0016,0.0035,Tremble,2005-2024,"IGN IFN donnees brutes 2005-2024, Licence Ouverte Etalab v2.0 ; VEGET5==6 (coupe vidange) / 5 ans"
ser,C42,,25M,2,285,2.1379,0.015,0.007,Saule marsault,2005-2024,"IGN IFN donnees brutes 2005-2024, Licence Ouverte Etalab v2.0 ; VEGET5==6 (coupe vidange) / 5 ans"
ser,C42,,31,2,285,0.7396,0.0052,0.007,Noisetier coudrier,2005-2024,"IGN IFN donnees brutes 2005-2024, Licence Ouverte Etalab v2.0 ; VEGET5==6 (coupe vidange) / 5 ans"
ser,C42,,49AM,1,285,0.4875,0.0017,0.0035,Aubépine monogyne,2005-2024,"IGN IFN donnees brutes 2005-2024, Licence Ouverte Etalab v2.0 ; VEGET5==6 (coupe vidange) / 5 ans"
ser,C42,,61,6,285,14.6755,0.309,0.0211,Sapin pectiné,2005-2024,"IGN IFN donnees brutes 2005-2024, Licence Ouverte Etalab v2.0 ; VEGET5==6 (coupe vidange) / 5 ans"
ser,C42,,62,5,285,29.0757,0.5101,0.0175,Épicéa commun,2005-2024,"IGN IFN donnees brutes 2005-2024, Licence Ouverte Etalab v2.0 ; VEGET5==6 (coupe vidange) / 5 ans"
ser,C42,,64,2,285,19.7821,0.1388,0.007,Douglas,2005-2024,"IGN IFN donnees brutes 2005-2024, Licence Ouverte Etalab v2.0 ; VEGET5==6 (coupe vidange) / 5 ans"
ser,C51,,02,88,1960,10.6533,0.4783,0.0449,Chêne pédonculé,2005-2024,"IGN IFN donnees brutes 2005-2024, Licence Ouverte Etalab v2.0 ; VEGET5==6 (coupe vidange) / 5 ans"
ser,C51,,03,90,1960,10.9924,0.5048,0.0459,Chêne sessile,2005-2024,"IGN IFN donnees brutes 2005-2024, Licence Ouverte Etalab v2.0 ; VEGET5==6 (coupe vidange) / 5 ans"
ser,C51,,04,12,1960,10.1132,0.0619,0.0061,Chêne rouge,2005-2024,"IGN IFN donnees brutes 2005-2024, Licence Ouverte Etalab v2.0 ; VEGET5==6 (coupe vidange) / 5 ans"
ser,C51,,09,64,1960,9.268,0.3026,0.0327,Hêtre,2005-2024,"IGN IFN donnees brutes 2005-2024, Licence Ouverte Etalab v2.0 ; VEGET5==6 (coupe vidange) / 5 ans"
ser,C51,,10,7,1960,6.8696,0.0245,0.0036,Châtaignier,2005-2024,"IGN IFN donnees brutes 2005-2024, Licence Ouverte Etalab v2.0 ; VEGET5==6 (coupe vidange) / 5 ans"
ser,C51,,11,158,1960,5.7497,0.4635,0.0806,Charme,2005-2024,"IGN IFN donnees brutes 2005-2024, Licence Ouverte Etalab v2.0 ; VEGET5==6 (coupe vidange) / 5 ans"
ser,C51,,12V,28,1960,5.8536,0.0836,0.0143,Bouleau verruqueux,2005-2024,"IGN IFN donnees brutes 2005-2024, Licence Ouverte Etalab v2.0 ; VEGET5==6 (coupe vidange) / 5 ans"
ser,C51,,13G,25,1960,6.2975,0.0803,0.0128,Aulne glutineux,2005-2024,"IGN IFN donnees brutes 2005-2024, Licence Ouverte Etalab v2.0 ; VEGET5==6 (coupe vidange) / 5 ans"
ser,C51,,14,32,1960,13.2846,0.2169,0.0163,Robinier faux acacia,2005-2024,"IGN IFN donnees brutes 2005-2024, Licence Ouverte Etalab v2.0 ; VEGET5==6 (coupe vidange) / 5 ans"
ser,C51,,15P,3,1960,9.2705,0.0142,0.0015,Érable plane,2005-2024,"IGN IFN donnees brutes 2005-2024, Licence Ouverte Etalab v2.0 ; VEGET5==6 (coupe vidange) / 5 ans"
ser,C51,,15S,5,1960,4.9087,0.0125,0.0026,Érable sycomore,2005-2024,"IGN IFN donnees brutes 2005-2024, Licence Ouverte Etalab v2.0 ; VEGET5==6 (coupe vidange) / 5 ans"
ser,C51,,17C,47,1960,11.066,0.2654,0.024,Frêne commun,2005-2024,"IGN IFN donnees brutes 2005-2024, Licence Ouverte Etalab v2.0 ; VEGET5==6 (coupe vidange) / 5 ans"
ser,C51,,18C,6,1960,4.6097,0.0141,0.0031,Orme champêtre,2005-2024,"IGN IFN donnees brutes 2005-2024, Licence Ouverte Etalab v2.0 ; VEGET5==6 (coupe vidange) / 5 ans"
ser,C51,,19,44,1960,42.1179,0.9455,0.0224,Peuplier cultivé,2005-2024,"IGN IFN donnees brutes 2005-2024, Licence Ouverte Etalab v2.0 ; VEGET5==6 (coupe vidange) / 5 ans"
ser,C51,,20G,2,1960,2.4823,0.0025,0.001,Tilleul à grandes feuilles,2005-2024,"IGN IFN donnees brutes 2005-2024, Licence Ouverte Etalab v2.0 ; VEGET5==6 (coupe vidange) / 5 ans"
ser,C51,,20P,12,1960,4.6511,0.0285,0.0061,Tilleul à petites feuilles,2005-2024,"IGN IFN donnees brutes 2005-2024, Licence Ouverte Etalab v2.0 ; VEGET5==6 (coupe vidange) / 5 ans"
ser,C51,,21C,11,1960,3.1707,0.0178,0.0056,Érable champêtre,2005-2024,"IGN IFN donnees brutes 2005-2024, Licence Ouverte Etalab v2.0 ; VEGET5==6 (coupe vidange) / 5 ans"
ser,C51,,22M,12,1960,3.0372,0.0186,0.0061,Merisier,2005-2024,"IGN IFN donnees brutes 2005-2024, Licence Ouverte Etalab v2.0 ; VEGET5==6 (coupe vidange) / 5 ans"
ser,C51,,24,42,1960,11.6265,0.2491,0.0214,Tremble,2005-2024,"IGN IFN donnees brutes 2005-2024, Licence Ouverte Etalab v2.0 ; VEGET5==6 (coupe vidange) / 5 ans"
ser,C51,,25B,2,1960,4.0639,0.0041,0.001,Saule blanc,2005-2024,"IGN IFN donnees brutes 2005-2024, Licence Ouverte Etalab v2.0 ; VEGET5==6 (coupe vidange) / 5 ans"
ser,C51,,25M,9,1960,1.8516,0.0085,0.0046,Saule marsault,2005-2024,"IGN IFN donnees brutes 2005-2024, Licence Ouverte Etalab v2.0 ; VEGET5==6 (coupe vidange) / 5 ans"
ser,C51,,29EN,1,1960,6.9482,0.0035,5e-04,Érable negundo,2005-2024,"IGN IFN donnees brutes 2005-2024, Licence Ouverte Etalab v2.0 ; VEGET5==6 (coupe vidange) / 5 ans"
ser,C51,,31,20,1960,0.7865,0.008,0.0102,Noisetier coudrier,2005-2024,"IGN IFN donnees brutes 2005-2024, Licence Ouverte Etalab v2.0 ; VEGET5==6 (coupe vidange) / 5 ans"
ser,C51,,33N,1,1960,36.0959,0.0184,5e-04,Peuplier noir,2005-2024,"IGN IFN donnees brutes 2005-2024, Licence Ouverte Etalab v2.0 ; VEGET5==6 (coupe vidange) / 5 ans"
ser,C51,,49EV,1,1960,0.5001,3e-04,5e-04,Fusain d'Europe,2005-2024,"IGN IFN donnees brutes 2005-2024, Licence Ouverte Etalab v2.0 ; VEGET5==6 (coupe vidange) / 5 ans"
ser,C51,,49RC,1,1960,0.8653,4e-04,5e-04,Nerprun purgatif,2005-2024,"IGN IFN donnees brutes 2005-2024, Licence Ouverte Etalab v2.0 ; VEGET5==6 (coupe vidange) / 5 ans"
ser,C51,,49SN,1,1960,2.3481,0.0012,5e-04,Sureau noir,2005-2024,"IGN IFN donnees brutes 2005-2024, Licence Ouverte Etalab v2.0 ; VEGET5==6 (coupe vidange) / 5 ans"
ser,C51,,52,5,1960,11.4892,0.0293,0.0026,Pin sylvestre,2005-2024,"IGN IFN donnees brutes 2005-2024, Licence Ouverte Etalab v2.0 ; VEGET5==6 (coupe vidange) / 5 ans"
ser,C51,,54,1,1960,22.2374,0.0113,5e-04,Pin noir d'Autriche,2005-2024,"IGN IFN donnees brutes 2005-2024, Licence Ouverte Etalab v2.0 ; VEGET5==6 (coupe vidange) / 5 ans"
ser,C51,,56,2,1960,15.9625,0.0163,0.001,Pin Weymouth,2005-2024,"IGN IFN donnees brutes 2005-2024, Licence Ouverte Etalab v2.0 ; VEGET5==6 (coupe vidange) / 5 ans"
ser,C51,,61,8,1960,12.9502,0.0529,0.0041,Sapin pectiné,2005-2024,"IGN IFN donnees brutes 2005-2024, Licence Ouverte Etalab v2.0 ; VEGET5==6 (coupe vidange) / 5 ans"
ser,C51,,62,21,1960,16.5959,0.1778,0.0107,Épicéa commun,2005-2024,"IGN IFN donnees brutes 2005-2024, Licence Ouverte Etalab v2.0 ; VEGET5==6 (coupe vidange) / 5 ans"
ser,C51,,64,13,1960,27.2674,0.1809,0.0066,Douglas,2005-2024,"IGN IFN donnees brutes 2005-2024, Licence Ouverte Etalab v2.0 ; VEGET5==6 (coupe vidange) / 5 ans"
ser,C51,,72V,1,1960,3.8804,0.002,5e-04,Sapin de Vancouver,2005-2024,"IGN IFN donnees brutes 2005-2024, Licence Ouverte Etalab v2.0 ; VEGET5==6 (coupe vidange) / 5 ans"
ser,C51,,73,1,1960,11.0119,0.0056,5e-04,Épicéa de Sitka,2005-2024,"IGN IFN donnees brutes 2005-2024, Licence Ouverte Etalab v2.0 ; VEGET5==6 (coupe vidange) / 5 ans"
ser,C52,,02,8,1348,6.47,0.0384,0.0059,Chêne pédonculé,2005-2024,"IGN IFN donnees brutes 2005-2024, Licence Ouverte Etalab v2.0 ; VEGET5==6 (coupe vidange) / 5 ans"
ser,C52,,03,20,1348,10.581,0.157,0.0148,Chêne sessile,2005-2024,"IGN IFN donnees brutes 2005-2024, Licence Ouverte Etalab v2.0 ; VEGET5==6 (coupe vidange) / 5 ans"
ser,C52,,04,1,1348,0.4586,3e-04,7e-04,Chêne rouge,2005-2024,"IGN IFN donnees brutes 2005-2024, Licence Ouverte Etalab v2.0 ; VEGET5==6 (coupe vidange) / 5 ans"
ser,C52,,05,6,1348,10.3677,0.0461,0.0045,Chêne pubescent,2005-2024,"IGN IFN donnees brutes 2005-2024, Licence Ouverte Etalab v2.0 ; VEGET5==6 (coupe vidange) / 5 ans"
ser,C52,,09,16,1348,5.1069,0.0606,0.0119,Hêtre,2005-2024,"IGN IFN donnees brutes 2005-2024, Licence Ouverte Etalab v2.0 ; VEGET5==6 (coupe vidange) / 5 ans"
ser,C52,,10,42,1348,24.2505,0.7556,0.0312,Châtaignier,2005-2024,"IGN IFN donnees brutes 2005-2024, Licence Ouverte Etalab v2.0 ; VEGET5==6 (coupe vidange) / 5 ans"
ser,C52,,11,18,1348,6.3476,0.0848,0.0134,Charme,2005-2024,"IGN IFN donnees brutes 2005-2024, Licence Ouverte Etalab v2.0 ; VEGET5==6 (coupe vidange) / 5 ans"
ser,C52,,12V,6,1348,3.2993,0.0147,0.0045,Bouleau verruqueux,2005-2024,"IGN IFN donnees brutes 2005-2024, Licence Ouverte Etalab v2.0 ; VEGET5==6 (coupe vidange) / 5 ans"
ser,C52,,13G,8,1348,9.4986,0.0564,0.0059,Aulne glutineux,2005-2024,"IGN IFN donnees brutes 2005-2024, Licence Ouverte Etalab v2.0 ; VEGET5==6 (coupe vidange) / 5 ans"
ser,C52,,14,15,1348,13.7521,0.153,0.0111,Robinier faux acacia,2005-2024,"IGN IFN donnees brutes 2005-2024, Licence Ouverte Etalab v2.0 ; VEGET5==6 (coupe vidange) / 5 ans"
ser,C52,,15P,2,1348,2.3564,0.0035,0.0015,Érable plane,2005-2024,"IGN IFN donnees brutes 2005-2024, Licence Ouverte Etalab v2.0 ; VEGET5==6 (coupe vidange) / 5 ans"
ser,C52,,15S,5,1348,1.3038,0.0048,0.0037,Érable sycomore,2005-2024,"IGN IFN donnees brutes 2005-2024, Licence Ouverte Etalab v2.0 ; VEGET5==6 (coupe vidange) / 5 ans"
ser,C52,,17C,33,1348,8.9318,0.2187,0.0245,Frêne commun,2005-2024,"IGN IFN donnees brutes 2005-2024, Licence Ouverte Etalab v2.0 ; VEGET5==6 (coupe vidange) / 5 ans"
ser,C52,,18C,1,1348,3.0482,0.0023,7e-04,Orme champêtre,2005-2024,"IGN IFN donnees brutes 2005-2024, Licence Ouverte Etalab v2.0 ; VEGET5==6 (coupe vidange) / 5 ans"
ser,C52,,19,19,1348,38.673,0.5451,0.0141,Peuplier cultivé,2005-2024,"IGN IFN donnees brutes 2005-2024, Licence Ouverte Etalab v2.0 ; VEGET5==6 (coupe vidange) / 5 ans"
ser,C52,,20G,7,1348,5.6243,0.0292,0.0052,Tilleul à grandes feuilles,2005-2024,"IGN IFN donnees brutes 2005-2024, Licence Ouverte Etalab v2.0 ; VEGET5==6 (coupe vidange) / 5 ans"
ser,C52,,21C,2,1348,1.3063,0.0019,0.0015,Érable champêtre,2005-2024,"IGN IFN donnees brutes 2005-2024, Licence Ouverte Etalab v2.0 ; VEGET5==6 (coupe vidange) / 5 ans"
ser,C52,,22G,1,1348,0.3791,3e-04,7e-04,Cerisier à grappes,2005-2024,"IGN IFN donnees brutes 2005-2024, Licence Ouverte Etalab v2.0 ; VEGET5==6 (coupe vidange) / 5 ans"
ser,C52,,22M,4,1348,11.1596,0.0331,0.003,Merisier,2005-2024,"IGN IFN donnees brutes 2005-2024, Licence Ouverte Etalab v2.0 ; VEGET5==6 (coupe vidange) / 5 ans"
ser,C52,,23PD,1,1348,2.3549,0.0017,7e-04,Prunier domestique,2005-2024,"IGN IFN donnees brutes 2005-2024, Licence Ouverte Etalab v2.0 ; VEGET5==6 (coupe vidange) / 5 ans"
ser,C52,,23PM,1,1348,1.7964,0.0013,7e-04,Pommier sauvage,2005-2024,"IGN IFN donnees brutes 2005-2024, Licence Ouverte Etalab v2.0 ; VEGET5==6 (coupe vidange) / 5 ans"
ser,C52,,24,12,1348,15.2309,0.1356,0.0089,Tremble,2005-2024,"IGN IFN donnees brutes 2005-2024, Licence Ouverte Etalab v2.0 ; VEGET5==6 (coupe vidange) / 5 ans"
ser,C52,,25B,3,1348,5.2763,0.0117,0.0022,Saule blanc,2005-2024,"IGN IFN donnees brutes 2005-2024, Licence Ouverte Etalab v2.0 ; VEGET5==6 (coupe vidange) / 5 ans"
ser,C52,,25C,1,1348,1.4754,0.0011,7e-04,Saule cendré,2005-2024,"IGN IFN donnees brutes 2005-2024, Licence Ouverte Etalab v2.0 ; VEGET5==6 (coupe vidange) / 5 ans"
ser,C52,,25M,6,1348,1.4499,0.0065,0.0045,Saule marsault,2005-2024,"IGN IFN donnees brutes 2005-2024, Licence Ouverte Etalab v2.0 ; VEGET5==6 (coupe vidange) / 5 ans"
ser,C52,,27C,1,1348,3.3595,0.0025,7e-04,Noyer commun,2005-2024,"IGN IFN donnees brutes 2005-2024, Licence Ouverte Etalab v2.0 ; VEGET5==6 (coupe vidange) / 5 ans"
ser,C52,,31,8,1348,1.8359,0.0109,0.0059,Noisetier coudrier,2005-2024,"IGN IFN donnees brutes 2005-2024, Licence Ouverte Etalab v2.0 ; VEGET5==6 (coupe vidange) / 5 ans"
ser,C52,,33G,1,1348,29.7064,0.022,7e-04,Peuplier grisard,2005-2024,"IGN IFN donnees brutes 2005-2024, Licence Ouverte Etalab v2.0 ; VEGET5==6 (coupe vidange) / 5 ans"
ser,C52,,49AM,5,1348,0.4173,0.0015,0.0037,Aubépine monogyne,2005-2024,"IGN IFN donnees brutes 2005-2024, Licence Ouverte Etalab v2.0 ; VEGET5==6 (coupe vidange) / 5 ans"
ser,C52,,49IA,2,1348,1.1037,0.0016,0.0015,Houx,2005-2024,"IGN IFN donnees brutes 2005-2024, Licence Ouverte Etalab v2.0 ; VEGET5==6 (coupe vidange) / 5 ans"
ser,C52,,51,1,1348,18.166,0.0135,7e-04,Pin maritime,2005-2024,"IGN IFN donnees brutes 2005-2024, Licence Ouverte Etalab v2.0 ; VEGET5==6 (coupe vidange) / 5 ans"
ser,C52,,53CO,1,1348,11.4893,0.0085,7e-04,Pin laricio de Corse,2005-2024,"IGN IFN donnees brutes 2005-2024, Licence Ouverte Etalab v2.0 ; VEGET5==6 (coupe vidange) / 5 ans"
ser,C52,,54,1,1348,17.2825,0.0128,7e-04,Pin noir d'Autriche,2005-2024,"IGN IFN donnees brutes 2005-2024, Licence Ouverte Etalab v2.0 ; VEGET5==6 (coupe vidange) / 5 ans"
ser,C52,,61,5,1348,7.581,0.0281,0.0037,Sapin pectiné,2005-2024,"IGN IFN donnees brutes 2005-2024, Licence Ouverte Etalab v2.0 ; VEGET5==6 (coupe vidange) / 5 ans"
ser,C52,,62,14,1348,23.9082,0.2483,0.0104,Épicéa commun,2005-2024,"IGN IFN donnees brutes 2005-2024, Licence Ouverte Etalab v2.0 ; VEGET5==6 (coupe vidange) / 5 ans"
ser,C52,,63,2,1348,64.616,0.0959,0.0015,Mélèze d'Europe,2005-2024,"IGN IFN donnees brutes 2005-2024, Licence Ouverte Etalab v2.0 ; VEGET5==6 (coupe vidange) / 5 ans"
ser,C52,,64,2,1348,6.8259,0.0101,0.0015,Douglas,2005-2024,"IGN IFN donnees brutes 2005-2024, Licence Ouverte Etalab v2.0 ; VEGET5==6 (coupe vidange) / 5 ans"
ser,D11,,02,7,2615,14.423,0.0386,0.0027,Chêne pédonculé,2005-2024,"IGN IFN donnees brutes 2005-2024, Licence Ouverte Etalab v2.0 ; VEGET5==6 (coupe vidange) / 5 ans"
ser,D11,,03,43,2615,9.4171,0.1549,0.0164,Chêne sessile,2005-2024,"IGN IFN donnees brutes 2005-2024, Licence Ouverte Etalab v2.0 ; VEGET5==6 (coupe vidange) / 5 ans"
ser,D11,,04,1,2615,3.2049,0.0012,4e-04,Chêne rouge,2005-2024,"IGN IFN donnees brutes 2005-2024, Licence Ouverte Etalab v2.0 ; VEGET5==6 (coupe vidange) / 5 ans"
ser,D11,,09,241,2615,9.0259,0.8318,0.0922,Hêtre,2005-2024,"IGN IFN donnees brutes 2005-2024, Licence Ouverte Etalab v2.0 ; VEGET5==6 (coupe vidange) / 5 ans"
ser,D11,,10,9,2615,5.8623,0.0202,0.0034,Châtaignier,2005-2024,"IGN IFN donnees brutes 2005-2024, Licence Ouverte Etalab v2.0 ; VEGET5==6 (coupe vidange) / 5 ans"
ser,D11,,11,15,2615,6.2111,0.0356,0.0057,Charme,2005-2024,"IGN IFN donnees brutes 2005-2024, Licence Ouverte Etalab v2.0 ; VEGET5==6 (coupe vidange) / 5 ans"
ser,D11,,12V,30,2615,3.1977,0.0367,0.0115,Bouleau verruqueux,2005-2024,"IGN IFN donnees brutes 2005-2024, Licence Ouverte Etalab v2.0 ; VEGET5==6 (coupe vidange) / 5 ans"
ser,D11,,13G,8,2615,5.4257,0.0166,0.0031,Aulne glutineux,2005-2024,"IGN IFN donnees brutes 2005-2024, Licence Ouverte Etalab v2.0 ; VEGET5==6 (coupe vidange) / 5 ans"
ser,D11,,14,2,2615,7.2033,0.0055,8e-04,Robinier faux acacia,2005-2024,"IGN IFN donnees brutes 2005-2024, Licence Ouverte Etalab v2.0 ; VEGET5==6 (coupe vidange) / 5 ans"
ser,D11,,15P,1,2615,3.1235,0.0012,4e-04,Érable plane,2005-2024,"IGN IFN donnees brutes 2005-2024, Licence Ouverte Etalab v2.0 ; VEGET5==6 (coupe vidange) / 5 ans"
ser,D11,,15S,21,2615,5.2924,0.0425,0.008,Érable sycomore,2005-2024,"IGN IFN donnees brutes 2005-2024, Licence Ouverte Etalab v2.0 ; VEGET5==6 (coupe vidange) / 5 ans"
ser,D11,,17C,18,2615,19.6261,0.1351,0.0069,Frêne commun,2005-2024,"IGN IFN donnees brutes 2005-2024, Licence Ouverte Etalab v2.0 ; VEGET5==6 (coupe vidange) / 5 ans"
ser,D11,,18C,1,2615,0.8866,3e-04,4e-04,Orme champêtre,2005-2024,"IGN IFN donnees brutes 2005-2024, Licence Ouverte Etalab v2.0 ; VEGET5==6 (coupe vidange) / 5 ans"
ser,D11,,18M,1,2615,6.0203,0.0023,4e-04,Orme de montagne,2005-2024,"IGN IFN donnees brutes 2005-2024, Licence Ouverte Etalab v2.0 ; VEGET5==6 (coupe vidange) / 5 ans"
ser,D11,,22M,1,2615,6.4979,0.0025,4e-04,Merisier,2005-2024,"IGN IFN donnees brutes 2005-2024, Licence Ouverte Etalab v2.0 ; VEGET5==6 (coupe vidange) / 5 ans"
ser,D11,,23AB,2,2615,0.5289,4e-04,8e-04,Alisier blanc,2005-2024,"IGN IFN donnees brutes 2005-2024, Licence Ouverte Etalab v2.0 ; VEGET5==6 (coupe vidange) / 5 ans"
ser,D11,,23PD,1,2615,1.5532,6e-04,4e-04,Prunier domestique,2005-2024,"IGN IFN donnees brutes 2005-2024, Licence Ouverte Etalab v2.0 ; VEGET5==6 (coupe vidange) / 5 ans"
ser,D11,,23SO,1,2615,2.1804,8e-04,4e-04,Sorbier des oiseleurs,2005-2024,"IGN IFN donnees brutes 2005-2024, Licence Ouverte Etalab v2.0 ; VEGET5==6 (coupe vidange) / 5 ans"
ser,D11,,24,2,2615,3.085,0.0024,8e-04,Tremble,2005-2024,"IGN IFN donnees brutes 2005-2024, Licence Ouverte Etalab v2.0 ; VEGET5==6 (coupe vidange) / 5 ans"
ser,D11,,25M,9,2615,2.3357,0.008,0.0034,Saule marsault,2005-2024,"IGN IFN donnees brutes 2005-2024, Licence Ouverte Etalab v2.0 ; VEGET5==6 (coupe vidange) / 5 ans"
ser,D11,,31,4,2615,0.7552,0.0012,0.0015,Noisetier coudrier,2005-2024,"IGN IFN donnees brutes 2005-2024, Licence Ouverte Etalab v2.0 ; VEGET5==6 (coupe vidange) / 5 ans"
ser,D11,,49AM,1,2615,0.6488,2e-04,4e-04,Aubépine monogyne,2005-2024,"IGN IFN donnees brutes 2005-2024, Licence Ouverte Etalab v2.0 ; VEGET5==6 (coupe vidange) / 5 ans"
ser,D11,,52,89,2615,10.6959,0.364,0.034,Pin sylvestre,2005-2024,"IGN IFN donnees brutes 2005-2024, Licence Ouverte Etalab v2.0 ; VEGET5==6 (coupe vidange) / 5 ans"
ser,D11,,53CO,1,2615,7.4461,0.0028,4e-04,Pin laricio de Corse,2005-2024,"IGN IFN donnees brutes 2005-2024, Licence Ouverte Etalab v2.0 ; VEGET5==6 (coupe vidange) / 5 ans"
ser,D11,,56,3,2615,10.95,0.0126,0.0011,Pin Weymouth,2005-2024,"IGN IFN donnees brutes 2005-2024, Licence Ouverte Etalab v2.0 ; VEGET5==6 (coupe vidange) / 5 ans"
ser,D11,,61,326,2615,15.7023,1.9575,0.1247,Sapin pectiné,2005-2024,"IGN IFN donnees brutes 2005-2024, Licence Ouverte Etalab v2.0 ; VEGET5==6 (coupe vidange) / 5 ans"
ser,D11,,62,254,2615,20.2474,1.9667,0.0971,Épicéa commun,2005-2024,"IGN IFN donnees brutes 2005-2024, Licence Ouverte Etalab v2.0 ; VEGET5==6 (coupe vidange) / 5 ans"
ser,D11,,63,6,2615,4.1865,0.0096,0.0023,Mélèze d'Europe,2005-2024,"IGN IFN donnees brutes 2005-2024, Licence Ouverte Etalab v2.0 ; VEGET5==6 (coupe vidange) / 5 ans"
ser,D11,,64,44,2615,11.8275,0.199,0.0168,Douglas,2005-2024,"IGN IFN donnees brutes 2005-2024, Licence Ouverte Etalab v2.0 ; VEGET5==6 (coupe vidange) / 5 ans"
ser,D12,,02,14,1178,4.3202,0.0513,0.0119,Chêne pédonculé,2005-2024,"IGN IFN donnees brutes 2005-2024, Licence Ouverte Etalab v2.0 ; VEGET5==6 (coupe vidange) / 5 ans"
ser,D12,,03,86,1178,10.7922,0.7879,0.073,Chêne sessile,2005-2024,"IGN IFN donnees brutes 2005-2024, Licence Ouverte Etalab v2.0 ; VEGET5==6 (coupe vidange) / 5 ans"
ser,D12,,04,4,1178,5.6026,0.019,0.0034,Chêne rouge,2005-2024,"IGN IFN donnees brutes 2005-2024, Licence Ouverte Etalab v2.0 ; VEGET5==6 (coupe vidange) / 5 ans"
ser,D12,,09,205,1178,11.6144,2.0212,0.174,Hêtre,2005-2024,"IGN IFN donnees brutes 2005-2024, Licence Ouverte Etalab v2.0 ; VEGET5==6 (coupe vidange) / 5 ans"
ser,D12,,10,3,1178,7.9368,0.0202,0.0025,Châtaignier,2005-2024,"IGN IFN donnees brutes 2005-2024, Licence Ouverte Etalab v2.0 ; VEGET5==6 (coupe vidange) / 5 ans"
ser,D12,,11,60,1178,4.5212,0.2303,0.0509,Charme,2005-2024,"IGN IFN donnees brutes 2005-2024, Licence Ouverte Etalab v2.0 ; VEGET5==6 (coupe vidange) / 5 ans"
ser,D12,,12V,13,1178,3.0955,0.0342,0.011,Bouleau verruqueux,2005-2024,"IGN IFN donnees brutes 2005-2024, Licence Ouverte Etalab v2.0 ; VEGET5==6 (coupe vidange) / 5 ans"
ser,D12,,13G,5,1178,7.5903,0.0322,0.0042,Aulne glutineux,2005-2024,"IGN IFN donnees brutes 2005-2024, Licence Ouverte Etalab v2.0 ; VEGET5==6 (coupe vidange) / 5 ans"
ser,D12,,14,2,1178,3.2271,0.0055,0.0017,Robinier faux acacia,2005-2024,"IGN IFN donnees brutes 2005-2024, Licence Ouverte Etalab v2.0 ; VEGET5==6 (coupe vidange) / 5 ans"
ser,D12,,15S,6,1178,4.0422,0.0206,0.0051,Érable sycomore,2005-2024,"IGN IFN donnees brutes 2005-2024, Licence Ouverte Etalab v2.0 ; VEGET5==6 (coupe vidange) / 5 ans"
ser,D12,,17C,20,1178,14.589,0.2477,0.017,Frêne commun,2005-2024,"IGN IFN donnees brutes 2005-2024, Licence Ouverte Etalab v2.0 ; VEGET5==6 (coupe vidange) / 5 ans"
ser,D12,,19,2,1178,53.3092,0.0905,0.0017,Peuplier cultivé,2005-2024,"IGN IFN donnees brutes 2005-2024, Licence Ouverte Etalab v2.0 ; VEGET5==6 (coupe vidange) / 5 ans"
ser,D12,,20P,1,1178,6.4489,0.0055,8e-04,Tilleul à petites feuilles,2005-2024,"IGN IFN donnees brutes 2005-2024, Licence Ouverte Etalab v2.0 ; VEGET5==6 (coupe vidange) / 5 ans"
ser,D12,,22G,1,1178,6.1778,0.0052,8e-04,Cerisier à grappes,2005-2024,"IGN IFN donnees brutes 2005-2024, Licence Ouverte Etalab v2.0 ; VEGET5==6 (coupe vidange) / 5 ans"
ser,D12,,22M,5,1178,7.3531,0.0312,0.0042,Merisier,2005-2024,"IGN IFN donnees brutes 2005-2024, Licence Ouverte Etalab v2.0 ; VEGET5==6 (coupe vidange) / 5 ans"
ser,D12,,24,7,1178,3.7476,0.0223,0.0059,Tremble,2005-2024,"IGN IFN donnees brutes 2005-2024, Licence Ouverte Etalab v2.0 ; VEGET5==6 (coupe vidange) / 5 ans"
ser,D12,,25M,3,1178,1.7404,0.0044,0.0025,Saule marsault,2005-2024,"IGN IFN donnees brutes 2005-2024, Licence Ouverte Etalab v2.0 ; VEGET5==6 (coupe vidange) / 5 ans"
ser,D12,,31,4,1178,0.6584,0.0022,0.0034,Noisetier coudrier,2005-2024,"IGN IFN donnees brutes 2005-2024, Licence Ouverte Etalab v2.0 ; VEGET5==6 (coupe vidange) / 5 ans"
ser,D12,,49AM,1,1178,1.4113,0.0012,8e-04,Aubépine monogyne,2005-2024,"IGN IFN donnees brutes 2005-2024, Licence Ouverte Etalab v2.0 ; VEGET5==6 (coupe vidange) / 5 ans"
ser,D12,,49PS,1,1178,0.2616,2e-04,8e-04,Prunelier,2005-2024,"IGN IFN donnees brutes 2005-2024, Licence Ouverte Etalab v2.0 ; VEGET5==6 (coupe vidange) / 5 ans"
ser,D12,,49SN,1,1178,0.2796,2e-04,8e-04,Sureau noir,2005-2024,"IGN IFN donnees brutes 2005-2024, Licence Ouverte Etalab v2.0 ; VEGET5==6 (coupe vidange) / 5 ans"
ser,D12,,52,17,1178,6.8834,0.0993,0.0144,Pin sylvestre,2005-2024,"IGN IFN donnees brutes 2005-2024, Licence Ouverte Etalab v2.0 ; VEGET5==6 (coupe vidange) / 5 ans"
ser,D12,,61,45,1178,15.3862,0.5878,0.0382,Sapin pectiné,2005-2024,"IGN IFN donnees brutes 2005-2024, Licence Ouverte Etalab v2.0 ; VEGET5==6 (coupe vidange) / 5 ans"
ser,D12,,62,42,1178,29.9801,1.0689,0.0357,Épicéa commun,2005-2024,"IGN IFN donnees brutes 2005-2024, Licence Ouverte Etalab v2.0 ; VEGET5==6 (coupe vidange) / 5 ans"
ser,D12,,63,1,1178,6.2282,0.0053,8e-04,Mélèze d'Europe,2005-2024,"IGN IFN donnees brutes 2005-2024, Licence Ouverte Etalab v2.0 ; VEGET5==6 (coupe vidange) / 5 ans"
ser,D12,,64,9,1178,14.1024,0.1077,0.0076,Douglas,2005-2024,"IGN IFN donnees brutes 2005-2024, Licence Ouverte Etalab v2.0 ; VEGET5==6 (coupe vidange) / 5 ans"
ser,E10,,02,27,1765,7.3171,0.1119,0.0153,Chêne pédonculé,2005-2024,"IGN IFN donnees brutes 2005-2024, Licence Ouverte Etalab v2.0 ; VEGET5==6 (coupe vidange) / 5 ans"
ser,E10,,03,21,1765,7.4345,0.0885,0.0119,Chêne sessile,2005-2024,"IGN IFN donnees brutes 2005-2024, Licence Ouverte Etalab v2.0 ; VEGET5==6 (coupe vidange) / 5 ans"
ser,E10,,05,4,1765,12.877,0.0292,0.0023,Chêne pubescent,2005-2024,"IGN IFN donnees brutes 2005-2024, Licence Ouverte Etalab v2.0 ; VEGET5==6 (coupe vidange) / 5 ans"
ser,E10,,09,72,1765,8.5777,0.3499,0.0408,Hêtre,2005-2024,"IGN IFN donnees brutes 2005-2024, Licence Ouverte Etalab v2.0 ; VEGET5==6 (coupe vidange) / 5 ans"
ser,E10,,10,1,1765,0.1937,1e-04,6e-04,Châtaignier,2005-2024,"IGN IFN donnees brutes 2005-2024, Licence Ouverte Etalab v2.0 ; VEGET5==6 (coupe vidange) / 5 ans"
ser,E10,,11,56,1765,3.9668,0.1259,0.0317,Charme,2005-2024,"IGN IFN donnees brutes 2005-2024, Licence Ouverte Etalab v2.0 ; VEGET5==6 (coupe vidange) / 5 ans"
ser,E10,,12V,6,1765,3.1579,0.0107,0.0034,Bouleau verruqueux,2005-2024,"IGN IFN donnees brutes 2005-2024, Licence Ouverte Etalab v2.0 ; VEGET5==6 (coupe vidange) / 5 ans"
ser,E10,,14,4,1765,43.0031,0.0975,0.0023,Robinier faux acacia,2005-2024,"IGN IFN donnees brutes 2005-2024, Licence Ouverte Etalab v2.0 ; VEGET5==6 (coupe vidange) / 5 ans"
ser,E10,,15S,9,1765,4.4752,0.0228,0.0051,Érable sycomore,2005-2024,"IGN IFN donnees brutes 2005-2024, Licence Ouverte Etalab v2.0 ; VEGET5==6 (coupe vidange) / 5 ans"
ser,E10,,17C,46,1765,7.8352,0.2042,0.0261,Frêne commun,2005-2024,"IGN IFN donnees brutes 2005-2024, Licence Ouverte Etalab v2.0 ; VEGET5==6 (coupe vidange) / 5 ans"
ser,E10,,20G,5,1765,6.614,0.0187,0.0028,Tilleul à grandes feuilles,2005-2024,"IGN IFN donnees brutes 2005-2024, Licence Ouverte Etalab v2.0 ; VEGET5==6 (coupe vidange) / 5 ans"
ser,E10,,20P,1,1765,0.207,1e-04,6e-04,Tilleul à petites feuilles,2005-2024,"IGN IFN donnees brutes 2005-2024, Licence Ouverte Etalab v2.0 ; VEGET5==6 (coupe vidange) / 5 ans"
ser,E10,,21C,6,1765,3.9576,0.0135,0.0034,Érable champêtre,2005-2024,"IGN IFN donnees brutes 2005-2024, Licence Ouverte Etalab v2.0 ; VEGET5==6 (coupe vidange) / 5 ans"
ser,E10,,21O,2,1765,2.7488,0.0031,0.0011,Érable à feuilles d'obier,2005-2024,"IGN IFN donnees brutes 2005-2024, Licence Ouverte Etalab v2.0 ; VEGET5==6 (coupe vidange) / 5 ans"
ser,E10,,23AB,3,1765,0.2777,5e-04,0.0017,Alisier blanc,2005-2024,"IGN IFN donnees brutes 2005-2024, Licence Ouverte Etalab v2.0 ; VEGET5==6 (coupe vidange) / 5 ans"
ser,E10,,23PM,2,1765,0.2387,3e-04,0.0011,Pommier sauvage,2005-2024,"IGN IFN donnees brutes 2005-2024, Licence Ouverte Etalab v2.0 ; VEGET5==6 (coupe vidange) / 5 ans"
ser,E10,,24,5,1765,8.753,0.0248,0.0028,Tremble,2005-2024,"IGN IFN donnees brutes 2005-2024, Licence Ouverte Etalab v2.0 ; VEGET5==6 (coupe vidange) / 5 ans"
ser,E10,,25B,1,1765,4.8278,0.0027,6e-04,Saule blanc,2005-2024,"IGN IFN donnees brutes 2005-2024, Licence Ouverte Etalab v2.0 ; VEGET5==6 (coupe vidange) / 5 ans"
ser,E10,,25M,9,1765,3.5344,0.018,0.0051,Saule marsault,2005-2024,"IGN IFN donnees brutes 2005-2024, Licence Ouverte Etalab v2.0 ; VEGET5==6 (coupe vidange) / 5 ans"
ser,E10,,27C,1,1765,9.3348,0.0053,6e-04,Noyer commun,2005-2024,"IGN IFN donnees brutes 2005-2024, Licence Ouverte Etalab v2.0 ; VEGET5==6 (coupe vidange) / 5 ans"
ser,E10,,31,11,1765,0.3954,0.0025,0.0062,Noisetier coudrier,2005-2024,"IGN IFN donnees brutes 2005-2024, Licence Ouverte Etalab v2.0 ; VEGET5==6 (coupe vidange) / 5 ans"
ser,E10,,49AM,8,1765,1.5343,0.007,0.0045,Aubépine monogyne,2005-2024,"IGN IFN donnees brutes 2005-2024, Licence Ouverte Etalab v2.0 ; VEGET5==6 (coupe vidange) / 5 ans"
ser,E10,,49BS,2,1765,0.2694,3e-04,0.0011,Buis,2005-2024,"IGN IFN donnees brutes 2005-2024, Licence Ouverte Etalab v2.0 ; VEGET5==6 (coupe vidange) / 5 ans"
ser,E10,,49PS,1,1765,0.2974,2e-04,6e-04,Prunelier,2005-2024,"IGN IFN donnees brutes 2005-2024, Licence Ouverte Etalab v2.0 ; VEGET5==6 (coupe vidange) / 5 ans"
ser,E10,,52,1,1765,4.3798,0.0025,6e-04,Pin sylvestre,2005-2024,"IGN IFN donnees brutes 2005-2024, Licence Ouverte Etalab v2.0 ; VEGET5==6 (coupe vidange) / 5 ans"
ser,E10,,54,5,1765,18.1727,0.0515,0.0028,Pin noir d'Autriche,2005-2024,"IGN IFN donnees brutes 2005-2024, Licence Ouverte Etalab v2.0 ; VEGET5==6 (coupe vidange) / 5 ans"
ser,E10,,61,65,1765,14.4851,0.5334,0.0368,Sapin pectiné,2005-2024,"IGN IFN donnees brutes 2005-2024, Licence Ouverte Etalab v2.0 ; VEGET5==6 (coupe vidange) / 5 ans"
ser,E10,,62,52,1765,38.1877,1.1251,0.0295,Épicéa commun,2005-2024,"IGN IFN donnees brutes 2005-2024, Licence Ouverte Etalab v2.0 ; VEGET5==6 (coupe vidange) / 5 ans"
ser,E10,,63,1,1765,6.6913,0.0038,6e-04,Mélèze d'Europe,2005-2024,"IGN IFN donnees brutes 2005-2024, Licence Ouverte Etalab v2.0 ; VEGET5==6 (coupe vidange) / 5 ans"
ser,E10,,64,7,1765,20.1777,0.08,0.004,Douglas,2005-2024,"IGN IFN donnees brutes 2005-2024, Licence Ouverte Etalab v2.0 ; VEGET5==6 (coupe vidange) / 5 ans"
ser,E10,,72V,1,1765,42.7543,0.0242,6e-04,Sapin de Vancouver,2005-2024,"IGN IFN donnees brutes 2005-2024, Licence Ouverte Etalab v2.0 ; VEGET5==6 (coupe vidange) / 5 ans"
ser,E20,,02,4,1540,4.4892,0.0117,0.0026,Chêne pédonculé,2005-2024,"IGN IFN donnees brutes 2005-2024, Licence Ouverte Etalab v2.0 ; VEGET5==6 (coupe vidange) / 5 ans"
ser,E20,,09,116,1540,9.4418,0.7112,0.0753,Hêtre,2005-2024,"IGN IFN donnees brutes 2005-2024, Licence Ouverte Etalab v2.0 ; VEGET5==6 (coupe vidange) / 5 ans"
ser,E20,,11,3,1540,4.6744,0.0091,0.0019,Charme,2005-2024,"IGN IFN donnees brutes 2005-2024, Licence Ouverte Etalab v2.0 ; VEGET5==6 (coupe vidange) / 5 ans"
ser,E20,,15S,13,1540,3.5719,0.0302,0.0084,Érable sycomore,2005-2024,"IGN IFN donnees brutes 2005-2024, Licence Ouverte Etalab v2.0 ; VEGET5==6 (coupe vidange) / 5 ans"
ser,E20,,17C,22,1540,6.6153,0.0945,0.0143,Frêne commun,2005-2024,"IGN IFN donnees brutes 2005-2024, Licence Ouverte Etalab v2.0 ; VEGET5==6 (coupe vidange) / 5 ans"
ser,E20,,18M,1,1540,1.3639,9e-04,6e-04,Orme de montagne,2005-2024,"IGN IFN donnees brutes 2005-2024, Licence Ouverte Etalab v2.0 ; VEGET5==6 (coupe vidange) / 5 ans"
ser,E20,,20G,3,1540,2.7801,0.0054,0.0019,Tilleul à grandes feuilles,2005-2024,"IGN IFN donnees brutes 2005-2024, Licence Ouverte Etalab v2.0 ; VEGET5==6 (coupe vidange) / 5 ans"
ser,E20,,23AB,3,1540,0.836,0.0016,0.0019,Alisier blanc,2005-2024,"IGN IFN donnees brutes 2005-2024, Licence Ouverte Etalab v2.0 ; VEGET5==6 (coupe vidange) / 5 ans"
ser,E20,,23SO,6,1540,1.0456,0.0041,0.0039,Sorbier des oiseleurs,2005-2024,"IGN IFN donnees brutes 2005-2024, Licence Ouverte Etalab v2.0 ; VEGET5==6 (coupe vidange) / 5 ans"
ser,E20,,24,2,1540,1.0786,0.0014,0.0013,Tremble,2005-2024,"IGN IFN donnees brutes 2005-2024, Licence Ouverte Etalab v2.0 ; VEGET5==6 (coupe vidange) / 5 ans"
ser,E20,,25M,5,1540,2.1452,0.007,0.0032,Saule marsault,2005-2024,"IGN IFN donnees brutes 2005-2024, Licence Ouverte Etalab v2.0 ; VEGET5==6 (coupe vidange) / 5 ans"
ser,E20,,31,5,1540,0.5671,0.0018,0.0032,Noisetier coudrier,2005-2024,"IGN IFN donnees brutes 2005-2024, Licence Ouverte Etalab v2.0 ; VEGET5==6 (coupe vidange) / 5 ans"
ser,E20,,49PM,1,1540,0.8398,5e-04,6e-04,Cerisier de Sainte Lucie,2005-2024,"IGN IFN donnees brutes 2005-2024, Licence Ouverte Etalab v2.0 ; VEGET5==6 (coupe vidange) / 5 ans"
ser,E20,,49PS,1,1540,0.2686,2e-04,6e-04,Prunelier,2005-2024,"IGN IFN donnees brutes 2005-2024, Licence Ouverte Etalab v2.0 ; VEGET5==6 (coupe vidange) / 5 ans"
ser,E20,,61,220,1540,16.4567,2.351,0.1429,Sapin pectiné,2005-2024,"IGN IFN donnees brutes 2005-2024, Licence Ouverte Etalab v2.0 ; VEGET5==6 (coupe vidange) / 5 ans"
ser,E20,,62,233,1540,19.118,2.8925,0.1513,Épicéa commun,2005-2024,"IGN IFN donnees brutes 2005-2024, Licence Ouverte Etalab v2.0 ; VEGET5==6 (coupe vidange) / 5 ans"
ser,E20,,63,1,1540,21.415,0.0139,6e-04,Mélèze d'Europe,2005-2024,"IGN IFN donnees brutes 2005-2024, Licence Ouverte Etalab v2.0 ; VEGET5==6 (coupe vidange) / 5 ans"
ser,F11,,02,13,311,13.3357,0.5574,0.0418,Chêne pédonculé,2005-2024,"IGN IFN donnees brutes 2005-2024, Licence Ouverte Etalab v2.0 ; VEGET5==6 (coupe vidange) / 5 ans"
ser,F11,,03,8,311,17.1246,0.4405,0.0257,Chêne sessile,2005-2024,"IGN IFN donnees brutes 2005-2024, Licence Ouverte Etalab v2.0 ; VEGET5==6 (coupe vidange) / 5 ans"
ser,F11,,09,1,311,6.0597,0.0195,0.0032,Hêtre,2005-2024,"IGN IFN donnees brutes 2005-2024, Licence Ouverte Etalab v2.0 ; VEGET5==6 (coupe vidange) / 5 ans"
ser,F11,,10,15,311,12.9086,0.6226,0.0482,Châtaignier,2005-2024,"IGN IFN donnees brutes 2005-2024, Licence Ouverte Etalab v2.0 ; VEGET5==6 (coupe vidange) / 5 ans"
ser,F11,,11,1,311,3.0456,0.0098,0.0032,Charme,2005-2024,"IGN IFN donnees brutes 2005-2024, Licence Ouverte Etalab v2.0 ; VEGET5==6 (coupe vidange) / 5 ans"
ser,F11,,14,3,311,9.6061,0.0927,0.0096,Robinier faux acacia,2005-2024,"IGN IFN donnees brutes 2005-2024, Licence Ouverte Etalab v2.0 ; VEGET5==6 (coupe vidange) / 5 ans"
ser,F11,,17C,1,311,17.9613,0.0578,0.0032,Frêne commun,2005-2024,"IGN IFN donnees brutes 2005-2024, Licence Ouverte Etalab v2.0 ; VEGET5==6 (coupe vidange) / 5 ans"
ser,F11,,17O,1,311,0.8309,0.0027,0.0032,Frêne oxyphylle,2005-2024,"IGN IFN donnees brutes 2005-2024, Licence Ouverte Etalab v2.0 ; VEGET5==6 (coupe vidange) / 5 ans"
ser,F11,,18M,1,311,1.0642,0.0034,0.0032,Orme de montagne,2005-2024,"IGN IFN donnees brutes 2005-2024, Licence Ouverte Etalab v2.0 ; VEGET5==6 (coupe vidange) / 5 ans"
ser,F11,,19,2,311,65.8624,0.4236,0.0064,Peuplier cultivé,2005-2024,"IGN IFN donnees brutes 2005-2024, Licence Ouverte Etalab v2.0 ; VEGET5==6 (coupe vidange) / 5 ans"
ser,F11,,22M,3,311,3.12,0.0301,0.0096,Merisier,2005-2024,"IGN IFN donnees brutes 2005-2024, Licence Ouverte Etalab v2.0 ; VEGET5==6 (coupe vidange) / 5 ans"
ser,F11,,24,1,311,3.352,0.0108,0.0032,Tremble,2005-2024,"IGN IFN donnees brutes 2005-2024, Licence Ouverte Etalab v2.0 ; VEGET5==6 (coupe vidange) / 5 ans"
ser,F11,,31,1,311,0.4725,0.0015,0.0032,Noisetier coudrier,2005-2024,"IGN IFN donnees brutes 2005-2024, Licence Ouverte Etalab v2.0 ; VEGET5==6 (coupe vidange) / 5 ans"
ser,F11,,49AM,1,311,0.2912,9e-04,0.0032,Aubépine monogyne,2005-2024,"IGN IFN donnees brutes 2005-2024, Licence Ouverte Etalab v2.0 ; VEGET5==6 (coupe vidange) / 5 ans"
ser,F11,,49SN,1,311,1.7775,0.0057,0.0032,Sureau noir,2005-2024,"IGN IFN donnees brutes 2005-2024, Licence Ouverte Etalab v2.0 ; VEGET5==6 (coupe vidange) / 5 ans"
ser,F11,,64,1,311,12.8892,0.0414,0.0032,Douglas,2005-2024,"IGN IFN donnees brutes 2005-2024, Licence Ouverte Etalab v2.0 ; VEGET5==6 (coupe vidange) / 5 ans"
ser,F12,,02,7,483,5.0718,0.0735,0.0145,Chêne pédonculé,2005-2024,"IGN IFN donnees brutes 2005-2024, Licence Ouverte Etalab v2.0 ; VEGET5==6 (coupe vidange) / 5 ans"
ser,F12,,03,2,483,10.4803,0.0434,0.0041,Chêne sessile,2005-2024,"IGN IFN donnees brutes 2005-2024, Licence Ouverte Etalab v2.0 ; VEGET5==6 (coupe vidange) / 5 ans"
ser,F12,,05,11,483,11.6146,0.2645,0.0228,Chêne pubescent,2005-2024,"IGN IFN donnees brutes 2005-2024, Licence Ouverte Etalab v2.0 ; VEGET5==6 (coupe vidange) / 5 ans"
ser,F12,,09,3,483,5.7953,0.036,0.0062,Hêtre,2005-2024,"IGN IFN donnees brutes 2005-2024, Licence Ouverte Etalab v2.0 ; VEGET5==6 (coupe vidange) / 5 ans"
ser,F12,,10,5,483,15.4064,0.1595,0.0104,Châtaignier,2005-2024,"IGN IFN donnees brutes 2005-2024, Licence Ouverte Etalab v2.0 ; VEGET5==6 (coupe vidange) / 5 ans"
ser,F12,,11,1,483,23.2781,0.0482,0.0021,Charme,2005-2024,"IGN IFN donnees brutes 2005-2024, Licence Ouverte Etalab v2.0 ; VEGET5==6 (coupe vidange) / 5 ans"
ser,F12,,17C,6,483,3.5035,0.0435,0.0124,Frêne commun,2005-2024,"IGN IFN donnees brutes 2005-2024, Licence Ouverte Etalab v2.0 ; VEGET5==6 (coupe vidange) / 5 ans"
ser,F12,,17O,2,483,1.0085,0.0042,0.0041,Frêne oxyphylle,2005-2024,"IGN IFN donnees brutes 2005-2024, Licence Ouverte Etalab v2.0 ; VEGET5==6 (coupe vidange) / 5 ans"
ser,F12,,18C,2,483,0.8036,0.0033,0.0041,Orme champêtre,2005-2024,"IGN IFN donnees brutes 2005-2024, Licence Ouverte Etalab v2.0 ; VEGET5==6 (coupe vidange) / 5 ans"
ser,F12,,19,11,483,69.8864,1.5916,0.0228,Peuplier cultivé,2005-2024,"IGN IFN donnees brutes 2005-2024, Licence Ouverte Etalab v2.0 ; VEGET5==6 (coupe vidange) / 5 ans"
ser,F12,,21C,3,483,7.3761,0.0458,0.0062,Érable champêtre,2005-2024,"IGN IFN donnees brutes 2005-2024, Licence Ouverte Etalab v2.0 ; VEGET5==6 (coupe vidange) / 5 ans"
ser,F12,,21M,1,483,1.3445,0.0028,0.0021,Érable de Montpellier,2005-2024,"IGN IFN donnees brutes 2005-2024, Licence Ouverte Etalab v2.0 ; VEGET5==6 (coupe vidange) / 5 ans"
ser,F12,,22M,3,483,2.9608,0.0184,0.0062,Merisier,2005-2024,"IGN IFN donnees brutes 2005-2024, Licence Ouverte Etalab v2.0 ; VEGET5==6 (coupe vidange) / 5 ans"
ser,F12,,25B,1,483,2.0076,0.0042,0.0021,Saule blanc,2005-2024,"IGN IFN donnees brutes 2005-2024, Licence Ouverte Etalab v2.0 ; VEGET5==6 (coupe vidange) / 5 ans"
ser,F12,,25M,1,483,0.3418,7e-04,0.0021,Saule marsault,2005-2024,"IGN IFN donnees brutes 2005-2024, Licence Ouverte Etalab v2.0 ; VEGET5==6 (coupe vidange) / 5 ans"
ser,F12,,41,4,483,3.2373,0.0268,0.0083,Alisier torminal,2005-2024,"IGN IFN donnees brutes 2005-2024, Licence Ouverte Etalab v2.0 ; VEGET5==6 (coupe vidange) / 5 ans"
ser,F12,,49AM,4,483,0.3556,0.0029,0.0083,Aubépine monogyne,2005-2024,"IGN IFN donnees brutes 2005-2024, Licence Ouverte Etalab v2.0 ; VEGET5==6 (coupe vidange) / 5 ans"
ser,F12,,53CO,1,483,11.9136,0.0247,0.0021,Pin laricio de Corse,2005-2024,"IGN IFN donnees brutes 2005-2024, Licence Ouverte Etalab v2.0 ; VEGET5==6 (coupe vidange) / 5 ans"
ser,F12,,64,1,483,15.2342,0.0315,0.0021,Douglas,2005-2024,"IGN IFN donnees brutes 2005-2024, Licence Ouverte Etalab v2.0 ; VEGET5==6 (coupe vidange) / 5 ans"
ser,F13,,13G,1,52,10.6329,0.2045,0.0192,Aulne glutineux,2005-2024,"IGN IFN donnees brutes 2005-2024, Licence Ouverte Etalab v2.0 ; VEGET5==6 (coupe vidange) / 5 ans"
ser,F13,,17C,3,52,3.6174,0.2087,0.0577,Frêne commun,2005-2024,"IGN IFN donnees brutes 2005-2024, Licence Ouverte Etalab v2.0 ; VEGET5==6 (coupe vidange) / 5 ans"
ser,F13,,17O,2,52,5.7749,0.2221,0.0385,Frêne oxyphylle,2005-2024,"IGN IFN donnees brutes 2005-2024, Licence Ouverte Etalab v2.0 ; VEGET5==6 (coupe vidange) / 5 ans"
ser,F13,,18C,2,52,0.9797,0.0377,0.0385,Orme champêtre,2005-2024,"IGN IFN donnees brutes 2005-2024, Licence Ouverte Etalab v2.0 ; VEGET5==6 (coupe vidange) / 5 ans"
ser,F13,,19,7,52,46.8287,6.3039,0.1346,Peuplier cultivé,2005-2024,"IGN IFN donnees brutes 2005-2024, Licence Ouverte Etalab v2.0 ; VEGET5==6 (coupe vidange) / 5 ans"
ser,F13,,25M,1,52,1.4755,0.0284,0.0192,Saule marsault,2005-2024,"IGN IFN donnees brutes 2005-2024, Licence Ouverte Etalab v2.0 ; VEGET5==6 (coupe vidange) / 5 ans"
ser,F14,,02,12,396,11.072,0.3355,0.0303,Chêne pédonculé,2005-2024,"IGN IFN donnees brutes 2005-2024, Licence Ouverte Etalab v2.0 ; VEGET5==6 (coupe vidange) / 5 ans"
ser,F14,,05,6,396,7.5104,0.1138,0.0152,Chêne pubescent,2005-2024,"IGN IFN donnees brutes 2005-2024, Licence Ouverte Etalab v2.0 ; VEGET5==6 (coupe vidange) / 5 ans"
ser,F14,,07,2,396,6.5065,0.0329,0.0051,Chêne tauzin,2005-2024,"IGN IFN donnees brutes 2005-2024, Licence Ouverte Etalab v2.0 ; VEGET5==6 (coupe vidange) / 5 ans"
ser,F14,,10,7,396,17.2685,0.3053,0.0177,Châtaignier,2005-2024,"IGN IFN donnees brutes 2005-2024, Licence Ouverte Etalab v2.0 ; VEGET5==6 (coupe vidange) / 5 ans"
ser,F14,,11,3,396,1.7731,0.0134,0.0076,Charme,2005-2024,"IGN IFN donnees brutes 2005-2024, Licence Ouverte Etalab v2.0 ; VEGET5==6 (coupe vidange) / 5 ans"
ser,F14,,14,1,396,6.8362,0.0173,0.0025,Robinier faux acacia,2005-2024,"IGN IFN donnees brutes 2005-2024, Licence Ouverte Etalab v2.0 ; VEGET5==6 (coupe vidange) / 5 ans"
ser,F14,,17C,4,396,7.0596,0.0713,0.0101,Frêne commun,2005-2024,"IGN IFN donnees brutes 2005-2024, Licence Ouverte Etalab v2.0 ; VEGET5==6 (coupe vidange) / 5 ans"
ser,F14,,17O,1,396,1.8817,0.0048,0.0025,Frêne oxyphylle,2005-2024,"IGN IFN donnees brutes 2005-2024, Licence Ouverte Etalab v2.0 ; VEGET5==6 (coupe vidange) / 5 ans"
ser,F14,,19,20,396,47.3978,2.3938,0.0505,Peuplier cultivé,2005-2024,"IGN IFN donnees brutes 2005-2024, Licence Ouverte Etalab v2.0 ; VEGET5==6 (coupe vidange) / 5 ans"
ser,F14,,21C,3,396,2.3445,0.0178,0.0076,Érable champêtre,2005-2024,"IGN IFN donnees brutes 2005-2024, Licence Ouverte Etalab v2.0 ; VEGET5==6 (coupe vidange) / 5 ans"
ser,F14,,22M,2,396,0.2063,0.001,0.0051,Merisier,2005-2024,"IGN IFN donnees brutes 2005-2024, Licence Ouverte Etalab v2.0 ; VEGET5==6 (coupe vidange) / 5 ans"
ser,F14,,24,2,396,1.972,0.01,0.0051,Tremble,2005-2024,"IGN IFN donnees brutes 2005-2024, Licence Ouverte Etalab v2.0 ; VEGET5==6 (coupe vidange) / 5 ans"
ser,F14,,25C,1,396,1.0847,0.0027,0.0025,Saule cendré,2005-2024,"IGN IFN donnees brutes 2005-2024, Licence Ouverte Etalab v2.0 ; VEGET5==6 (coupe vidange) / 5 ans"
ser,F14,,31,1,396,0.2248,6e-04,0.0025,Noisetier coudrier,2005-2024,"IGN IFN donnees brutes 2005-2024, Licence Ouverte Etalab v2.0 ; VEGET5==6 (coupe vidange) / 5 ans"
ser,F14,,41,2,396,0.4619,0.0023,0.0051,Alisier torminal,2005-2024,"IGN IFN donnees brutes 2005-2024, Licence Ouverte Etalab v2.0 ; VEGET5==6 (coupe vidange) / 5 ans"
ser,F14,,49AM,2,396,0.7048,0.0036,0.0051,Aubépine monogyne,2005-2024,"IGN IFN donnees brutes 2005-2024, Licence Ouverte Etalab v2.0 ; VEGET5==6 (coupe vidange) / 5 ans"
ser,F14,,51,2,396,4.3381,0.0219,0.0051,Pin maritime,2005-2024,"IGN IFN donnees brutes 2005-2024, Licence Ouverte Etalab v2.0 ; VEGET5==6 (coupe vidange) / 5 ans"
ser,F14,,52,1,396,3.6839,0.0093,0.0025,Pin sylvestre,2005-2024,"IGN IFN donnees brutes 2005-2024, Licence Ouverte Etalab v2.0 ; VEGET5==6 (coupe vidange) / 5 ans"
ser,F15,,02,37,1681,9.3935,0.2068,0.022,Chêne pédonculé,2005-2024,"IGN IFN donnees brutes 2005-2024, Licence Ouverte Etalab v2.0 ; VEGET5==6 (coupe vidange) / 5 ans"
ser,F15,,03,6,1681,7.5508,0.027,0.0036,Chêne sessile,2005-2024,"IGN IFN donnees brutes 2005-2024, Licence Ouverte Etalab v2.0 ; VEGET5==6 (coupe vidange) / 5 ans"
ser,F15,,04,1,1681,8.8724,0.0053,6e-04,Chêne rouge,2005-2024,"IGN IFN donnees brutes 2005-2024, Licence Ouverte Etalab v2.0 ; VEGET5==6 (coupe vidange) / 5 ans"
ser,F15,,05,32,1681,7.1915,0.1369,0.019,Chêne pubescent,2005-2024,"IGN IFN donnees brutes 2005-2024, Licence Ouverte Etalab v2.0 ; VEGET5==6 (coupe vidange) / 5 ans"
ser,F15,,07,13,1681,7.9017,0.0611,0.0077,Chêne tauzin,2005-2024,"IGN IFN donnees brutes 2005-2024, Licence Ouverte Etalab v2.0 ; VEGET5==6 (coupe vidange) / 5 ans"
ser,F15,,10,79,1681,18.1455,0.8528,0.047,Châtaignier,2005-2024,"IGN IFN donnees brutes 2005-2024, Licence Ouverte Etalab v2.0 ; VEGET5==6 (coupe vidange) / 5 ans"
ser,F15,,11,18,1681,10.1051,0.1082,0.0107,Charme,2005-2024,"IGN IFN donnees brutes 2005-2024, Licence Ouverte Etalab v2.0 ; VEGET5==6 (coupe vidange) / 5 ans"
ser,F15,,13G,1,1681,4.1545,0.0025,6e-04,Aulne glutineux,2005-2024,"IGN IFN donnees brutes 2005-2024, Licence Ouverte Etalab v2.0 ; VEGET5==6 (coupe vidange) / 5 ans"
ser,F15,,14,8,1681,5.9841,0.0285,0.0048,Robinier faux acacia,2005-2024,"IGN IFN donnees brutes 2005-2024, Licence Ouverte Etalab v2.0 ; VEGET5==6 (coupe vidange) / 5 ans"
ser,F15,,18C,4,1681,3.1627,0.0075,0.0024,Orme champêtre,2005-2024,"IGN IFN donnees brutes 2005-2024, Licence Ouverte Etalab v2.0 ; VEGET5==6 (coupe vidange) / 5 ans"
ser,F15,,19,4,1681,59.6895,0.142,0.0024,Peuplier cultivé,2005-2024,"IGN IFN donnees brutes 2005-2024, Licence Ouverte Etalab v2.0 ; VEGET5==6 (coupe vidange) / 5 ans"
ser,F15,,20G,2,1681,1.4771,0.0018,0.0012,Tilleul à grandes feuilles,2005-2024,"IGN IFN donnees brutes 2005-2024, Licence Ouverte Etalab v2.0 ; VEGET5==6 (coupe vidange) / 5 ans"
ser,F15,,21C,1,1681,1.4239,8e-04,6e-04,Érable champêtre,2005-2024,"IGN IFN donnees brutes 2005-2024, Licence Ouverte Etalab v2.0 ; VEGET5==6 (coupe vidange) / 5 ans"
ser,F15,,21M,1,1681,1.2423,7e-04,6e-04,Érable de Montpellier,2005-2024,"IGN IFN donnees brutes 2005-2024, Licence Ouverte Etalab v2.0 ; VEGET5==6 (coupe vidange) / 5 ans"
ser,F15,,22M,12,1681,1.9016,0.0136,0.0071,Merisier,2005-2024,"IGN IFN donnees brutes 2005-2024, Licence Ouverte Etalab v2.0 ; VEGET5==6 (coupe vidange) / 5 ans"
ser,F15,,23C,1,1681,0.2067,1e-04,6e-04,Cormier,2005-2024,"IGN IFN donnees brutes 2005-2024, Licence Ouverte Etalab v2.0 ; VEGET5==6 (coupe vidange) / 5 ans"
ser,F15,,24,3,1681,6.4678,0.0115,0.0018,Tremble,2005-2024,"IGN IFN donnees brutes 2005-2024, Licence Ouverte Etalab v2.0 ; VEGET5==6 (coupe vidange) / 5 ans"
ser,F15,,25B,1,1681,1.1488,7e-04,6e-04,Saule blanc,2005-2024,"IGN IFN donnees brutes 2005-2024, Licence Ouverte Etalab v2.0 ; VEGET5==6 (coupe vidange) / 5 ans"
ser,F15,,25C,2,1681,1.512,0.0018,0.0012,Saule cendré,2005-2024,"IGN IFN donnees brutes 2005-2024, Licence Ouverte Etalab v2.0 ; VEGET5==6 (coupe vidange) / 5 ans"
ser,F15,,25M,3,1681,1.276,0.0023,0.0018,Saule marsault,2005-2024,"IGN IFN donnees brutes 2005-2024, Licence Ouverte Etalab v2.0 ; VEGET5==6 (coupe vidange) / 5 ans"
ser,F15,,27C,1,1681,1.4605,9e-04,6e-04,Noyer commun,2005-2024,"IGN IFN donnees brutes 2005-2024, Licence Ouverte Etalab v2.0 ; VEGET5==6 (coupe vidange) / 5 ans"
ser,F15,,31,2,1681,0.7859,9e-04,0.0012,Noisetier coudrier,2005-2024,"IGN IFN donnees brutes 2005-2024, Licence Ouverte Etalab v2.0 ; VEGET5==6 (coupe vidange) / 5 ans"
ser,F15,,33N,1,1681,32.4907,0.0193,6e-04,Peuplier noir,2005-2024,"IGN IFN donnees brutes 2005-2024, Licence Ouverte Etalab v2.0 ; VEGET5==6 (coupe vidange) / 5 ans"
ser,F15,,38AU,1,1681,0.2017,1e-04,6e-04,Cytise aubour,2005-2024,"IGN IFN donnees brutes 2005-2024, Licence Ouverte Etalab v2.0 ; VEGET5==6 (coupe vidange) / 5 ans"
ser,F15,,41,4,1681,1.2252,0.0029,0.0024,Alisier torminal,2005-2024,"IGN IFN donnees brutes 2005-2024, Licence Ouverte Etalab v2.0 ; VEGET5==6 (coupe vidange) / 5 ans"
ser,F15,,49AM,3,1681,0.4465,8e-04,0.0018,Aubépine monogyne,2005-2024,"IGN IFN donnees brutes 2005-2024, Licence Ouverte Etalab v2.0 ; VEGET5==6 (coupe vidange) / 5 ans"
ser,F15,,51,38,1681,15.931,0.3601,0.0226,Pin maritime,2005-2024,"IGN IFN donnees brutes 2005-2024, Licence Ouverte Etalab v2.0 ; VEGET5==6 (coupe vidange) / 5 ans"
ser,F15,,52,14,1681,7.3974,0.0616,0.0083,Pin sylvestre,2005-2024,"IGN IFN donnees brutes 2005-2024, Licence Ouverte Etalab v2.0 ; VEGET5==6 (coupe vidange) / 5 ans"
ser,F15,,53CO,9,1681,9.1468,0.049,0.0054,Pin laricio de Corse,2005-2024,"IGN IFN donnees brutes 2005-2024, Licence Ouverte Etalab v2.0 ; VEGET5==6 (coupe vidange) / 5 ans"
ser,F15,,62,1,1681,41.2742,0.0246,6e-04,Épicéa commun,2005-2024,"IGN IFN donnees brutes 2005-2024, Licence Ouverte Etalab v2.0 ; VEGET5==6 (coupe vidange) / 5 ans"
ser,F15,,64,1,1681,4.2085,0.0025,6e-04,Douglas,2005-2024,"IGN IFN donnees brutes 2005-2024, Licence Ouverte Etalab v2.0 ; VEGET5==6 (coupe vidange) / 5 ans"
ser,F15,,72V,1,1681,14.1321,0.0084,6e-04,Sapin de Vancouver,2005-2024,"IGN IFN donnees brutes 2005-2024, Licence Ouverte Etalab v2.0 ; VEGET5==6 (coupe vidange) / 5 ans"
ser,F21,,02,50,2512,3.8957,0.0775,0.0199,Chêne pédonculé,2005-2024,"IGN IFN donnees brutes 2005-2024, Licence Ouverte Etalab v2.0 ; VEGET5==6 (coupe vidange) / 5 ans"
ser,F21,,04,3,2512,4.4247,0.0053,0.0012,Chêne rouge,2005-2024,"IGN IFN donnees brutes 2005-2024, Licence Ouverte Etalab v2.0 ; VEGET5==6 (coupe vidange) / 5 ans"
ser,F21,,07,16,2512,2.5967,0.0165,0.0064,Chêne tauzin,2005-2024,"IGN IFN donnees brutes 2005-2024, Licence Ouverte Etalab v2.0 ; VEGET5==6 (coupe vidange) / 5 ans"
ser,F21,,10,9,2512,4.1575,0.0149,0.0036,Châtaignier,2005-2024,"IGN IFN donnees brutes 2005-2024, Licence Ouverte Etalab v2.0 ; VEGET5==6 (coupe vidange) / 5 ans"
ser,F21,,12V,11,2512,1.965,0.0086,0.0044,Bouleau verruqueux,2005-2024,"IGN IFN donnees brutes 2005-2024, Licence Ouverte Etalab v2.0 ; VEGET5==6 (coupe vidange) / 5 ans"
ser,F21,,13G,2,2512,2.0457,0.0016,8e-04,Aulne glutineux,2005-2024,"IGN IFN donnees brutes 2005-2024, Licence Ouverte Etalab v2.0 ; VEGET5==6 (coupe vidange) / 5 ans"
ser,F21,,14,11,2512,16.0806,0.0704,0.0044,Robinier faux acacia,2005-2024,"IGN IFN donnees brutes 2005-2024, Licence Ouverte Etalab v2.0 ; VEGET5==6 (coupe vidange) / 5 ans"
ser,F21,,18C,1,2512,0.2901,1e-04,4e-04,Orme champêtre,2005-2024,"IGN IFN donnees brutes 2005-2024, Licence Ouverte Etalab v2.0 ; VEGET5==6 (coupe vidange) / 5 ans"
ser,F21,,19,3,2512,36.6852,0.0438,0.0012,Peuplier cultivé,2005-2024,"IGN IFN donnees brutes 2005-2024, Licence Ouverte Etalab v2.0 ; VEGET5==6 (coupe vidange) / 5 ans"
ser,F21,,22M,2,2512,1.7065,0.0014,8e-04,Merisier,2005-2024,"IGN IFN donnees brutes 2005-2024, Licence Ouverte Etalab v2.0 ; VEGET5==6 (coupe vidange) / 5 ans"
ser,F21,,24,1,2512,0.2141,1e-04,4e-04,Tremble,2005-2024,"IGN IFN donnees brutes 2005-2024, Licence Ouverte Etalab v2.0 ; VEGET5==6 (coupe vidange) / 5 ans"
ser,F21,,25C,3,2512,3.3647,0.004,0.0012,Saule cendré,2005-2024,"IGN IFN donnees brutes 2005-2024, Licence Ouverte Etalab v2.0 ; VEGET5==6 (coupe vidange) / 5 ans"
ser,F21,,26OC,1,2512,1.67,7e-04,4e-04,Platane d'Occident,2005-2024,"IGN IFN donnees brutes 2005-2024, Licence Ouverte Etalab v2.0 ; VEGET5==6 (coupe vidange) / 5 ans"
ser,F21,,29EN,3,2512,6.1873,0.0074,0.0012,Érable negundo,2005-2024,"IGN IFN donnees brutes 2005-2024, Licence Ouverte Etalab v2.0 ; VEGET5==6 (coupe vidange) / 5 ans"
ser,F21,,36,1,2512,19.5518,0.0078,4e-04,Eucalyptus (genre),2005-2024,"IGN IFN donnees brutes 2005-2024, Licence Ouverte Etalab v2.0 ; VEGET5==6 (coupe vidange) / 5 ans"
ser,F21,,49IA,1,2512,1.1756,5e-04,4e-04,Houx,2005-2024,"IGN IFN donnees brutes 2005-2024, Licence Ouverte Etalab v2.0 ; VEGET5==6 (coupe vidange) / 5 ans"
ser,F21,,49SN,1,2512,0.2116,1e-04,4e-04,Sureau noir,2005-2024,"IGN IFN donnees brutes 2005-2024, Licence Ouverte Etalab v2.0 ; VEGET5==6 (coupe vidange) / 5 ans"
ser,F21,,51,756,2512,13.3358,4.0135,0.301,Pin maritime,2005-2024,"IGN IFN donnees brutes 2005-2024, Licence Ouverte Etalab v2.0 ; VEGET5==6 (coupe vidange) / 5 ans"
ser,F21,,52,1,2512,2.2843,9e-04,4e-04,Pin sylvestre,2005-2024,"IGN IFN donnees brutes 2005-2024, Licence Ouverte Etalab v2.0 ; VEGET5==6 (coupe vidange) / 5 ans"
ser,F22,,02,14,582,2.8934,0.0696,0.0241,Chêne pédonculé,2005-2024,"IGN IFN donnees brutes 2005-2024, Licence Ouverte Etalab v2.0 ; VEGET5==6 (coupe vidange) / 5 ans"
ser,F22,,06,2,582,6.3898,0.022,0.0034,Chêne vert,2005-2024,"IGN IFN donnees brutes 2005-2024, Licence Ouverte Etalab v2.0 ; VEGET5==6 (coupe vidange) / 5 ans"
ser,F22,,08S,2,582,1.5008,0.0052,0.0034,Chêne-liège,2005-2024,"IGN IFN donnees brutes 2005-2024, Licence Ouverte Etalab v2.0 ; VEGET5==6 (coupe vidange) / 5 ans"
ser,F22,,40,8,582,0.6645,0.0091,0.0137,Arbousier,2005-2024,"IGN IFN donnees brutes 2005-2024, Licence Ouverte Etalab v2.0 ; VEGET5==6 (coupe vidange) / 5 ans"
ser,F22,,49BO,1,582,0.3388,6e-04,0.0017,Bourdaine,2005-2024,"IGN IFN donnees brutes 2005-2024, Licence Ouverte Etalab v2.0 ; VEGET5==6 (coupe vidange) / 5 ans"
ser,F22,,49IA,1,582,0.2968,5e-04,0.0017,Houx,2005-2024,"IGN IFN donnees brutes 2005-2024, Licence Ouverte Etalab v2.0 ; VEGET5==6 (coupe vidange) / 5 ans"
ser,F22,,51,155,582,17.7656,4.7314,0.2663,Pin maritime,2005-2024,"IGN IFN donnees brutes 2005-2024, Licence Ouverte Etalab v2.0 ; VEGET5==6 (coupe vidange) / 5 ans"
ser,F23,,02,31,1113,6.7568,0.1882,0.0279,Chêne pédonculé,2005-2024,"IGN IFN donnees brutes 2005-2024, Licence Ouverte Etalab v2.0 ; VEGET5==6 (coupe vidange) / 5 ans"
ser,F23,,03,3,1113,10.8535,0.0293,0.0027,Chêne sessile,2005-2024,"IGN IFN donnees brutes 2005-2024, Licence Ouverte Etalab v2.0 ; VEGET5==6 (coupe vidange) / 5 ans"
ser,F23,,05,3,1113,5.3076,0.0143,0.0027,Chêne pubescent,2005-2024,"IGN IFN donnees brutes 2005-2024, Licence Ouverte Etalab v2.0 ; VEGET5==6 (coupe vidange) / 5 ans"
ser,F23,,07,16,1113,4.5933,0.066,0.0144,Chêne tauzin,2005-2024,"IGN IFN donnees brutes 2005-2024, Licence Ouverte Etalab v2.0 ; VEGET5==6 (coupe vidange) / 5 ans"
ser,F23,,10,24,1113,6.3386,0.1367,0.0216,Châtaignier,2005-2024,"IGN IFN donnees brutes 2005-2024, Licence Ouverte Etalab v2.0 ; VEGET5==6 (coupe vidange) / 5 ans"
ser,F23,,11,6,1113,2.7999,0.0151,0.0054,Charme,2005-2024,"IGN IFN donnees brutes 2005-2024, Licence Ouverte Etalab v2.0 ; VEGET5==6 (coupe vidange) / 5 ans"
ser,F23,,12V,2,1113,2.8613,0.0051,0.0018,Bouleau verruqueux,2005-2024,"IGN IFN donnees brutes 2005-2024, Licence Ouverte Etalab v2.0 ; VEGET5==6 (coupe vidange) / 5 ans"
ser,F23,,13G,1,1113,12.9154,0.0116,9e-04,Aulne glutineux,2005-2024,"IGN IFN donnees brutes 2005-2024, Licence Ouverte Etalab v2.0 ; VEGET5==6 (coupe vidange) / 5 ans"
ser,F23,,14,5,1113,3.5283,0.0159,0.0045,Robinier faux acacia,2005-2024,"IGN IFN donnees brutes 2005-2024, Licence Ouverte Etalab v2.0 ; VEGET5==6 (coupe vidange) / 5 ans"
ser,F23,,17C,2,1113,0.7709,0.0014,0.0018,Frêne commun,2005-2024,"IGN IFN donnees brutes 2005-2024, Licence Ouverte Etalab v2.0 ; VEGET5==6 (coupe vidange) / 5 ans"
ser,F23,,18C,1,1113,0.5147,5e-04,9e-04,Orme champêtre,2005-2024,"IGN IFN donnees brutes 2005-2024, Licence Ouverte Etalab v2.0 ; VEGET5==6 (coupe vidange) / 5 ans"
ser,F23,,19,6,1113,36.4493,0.1965,0.0054,Peuplier cultivé,2005-2024,"IGN IFN donnees brutes 2005-2024, Licence Ouverte Etalab v2.0 ; VEGET5==6 (coupe vidange) / 5 ans"
ser,F23,,20P,1,1113,12.2271,0.011,9e-04,Tilleul à petites feuilles,2005-2024,"IGN IFN donnees brutes 2005-2024, Licence Ouverte Etalab v2.0 ; VEGET5==6 (coupe vidange) / 5 ans"
ser,F23,,22M,2,1113,1.581,0.0028,0.0018,Merisier,2005-2024,"IGN IFN donnees brutes 2005-2024, Licence Ouverte Etalab v2.0 ; VEGET5==6 (coupe vidange) / 5 ans"
ser,F23,,22S,1,1113,0.2633,2e-04,9e-04,Cerisier tardif,2005-2024,"IGN IFN donnees brutes 2005-2024, Licence Ouverte Etalab v2.0 ; VEGET5==6 (coupe vidange) / 5 ans"
ser,F23,,23PD,1,1113,2.5032,0.0022,9e-04,Prunier domestique,2005-2024,"IGN IFN donnees brutes 2005-2024, Licence Ouverte Etalab v2.0 ; VEGET5==6 (coupe vidange) / 5 ans"
ser,F23,,24,1,1113,2.5959,0.0023,9e-04,Tremble,2005-2024,"IGN IFN donnees brutes 2005-2024, Licence Ouverte Etalab v2.0 ; VEGET5==6 (coupe vidange) / 5 ans"
ser,F23,,25C,1,1113,1.243,0.0011,9e-04,Saule cendré,2005-2024,"IGN IFN donnees brutes 2005-2024, Licence Ouverte Etalab v2.0 ; VEGET5==6 (coupe vidange) / 5 ans"
ser,F23,,25M,2,1113,8.743,0.0157,0.0018,Saule marsault,2005-2024,"IGN IFN donnees brutes 2005-2024, Licence Ouverte Etalab v2.0 ; VEGET5==6 (coupe vidange) / 5 ans"
ser,F23,,31,1,1113,4.9053,0.0044,9e-04,Noisetier coudrier,2005-2024,"IGN IFN donnees brutes 2005-2024, Licence Ouverte Etalab v2.0 ; VEGET5==6 (coupe vidange) / 5 ans"
ser,F23,,41,1,1113,1.1773,0.0011,9e-04,Alisier torminal,2005-2024,"IGN IFN donnees brutes 2005-2024, Licence Ouverte Etalab v2.0 ; VEGET5==6 (coupe vidange) / 5 ans"
ser,F23,,49AM,5,1113,0.3341,0.0015,0.0045,Aubépine monogyne,2005-2024,"IGN IFN donnees brutes 2005-2024, Licence Ouverte Etalab v2.0 ; VEGET5==6 (coupe vidange) / 5 ans"
ser,F23,,51,111,1113,12.8169,1.2782,0.0997,Pin maritime,2005-2024,"IGN IFN donnees brutes 2005-2024, Licence Ouverte Etalab v2.0 ; VEGET5==6 (coupe vidange) / 5 ans"
ser,F23,,52,2,1113,31.0182,0.0557,0.0018,Pin sylvestre,2005-2024,"IGN IFN donnees brutes 2005-2024, Licence Ouverte Etalab v2.0 ; VEGET5==6 (coupe vidange) / 5 ans"
ser,F23,,53CO,3,1113,9.621,0.0259,0.0027,Pin laricio de Corse,2005-2024,"IGN IFN donnees brutes 2005-2024, Licence Ouverte Etalab v2.0 ; VEGET5==6 (coupe vidange) / 5 ans"
ser,F23,,54,1,1113,2.8178,0.0025,9e-04,Pin noir d'Autriche,2005-2024,"IGN IFN donnees brutes 2005-2024, Licence Ouverte Etalab v2.0 ; VEGET5==6 (coupe vidange) / 5 ans"
ser,F23,,77,2,1113,7.0519,0.0127,0.0018,Pin à l'encens et hybrides,2005-2024,"IGN IFN donnees brutes 2005-2024, Licence Ouverte Etalab v2.0 ; VEGET5==6 (coupe vidange) / 5 ans"
ser,F30,,02,47,2511,11.4589,0.2145,0.0187,Chêne pédonculé,2005-2024,"IGN IFN donnees brutes 2005-2024, Licence Ouverte Etalab v2.0 ; VEGET5==6 (coupe vidange) / 5 ans"
ser,F30,,03,18,2511,11.5862,0.0831,0.0072,Chêne sessile,2005-2024,"IGN IFN donnees brutes 2005-2024, Licence Ouverte Etalab v2.0 ; VEGET5==6 (coupe vidange) / 5 ans"
ser,F30,,04,2,2511,2.8715,0.0023,8e-04,Chêne rouge,2005-2024,"IGN IFN donnees brutes 2005-2024, Licence Ouverte Etalab v2.0 ; VEGET5==6 (coupe vidange) / 5 ans"
ser,F30,,05,45,2511,8.6694,0.1554,0.0179,Chêne pubescent,2005-2024,"IGN IFN donnees brutes 2005-2024, Licence Ouverte Etalab v2.0 ; VEGET5==6 (coupe vidange) / 5 ans"
ser,F30,,06,1,2511,2.5006,0.001,4e-04,Chêne vert,2005-2024,"IGN IFN donnees brutes 2005-2024, Licence Ouverte Etalab v2.0 ; VEGET5==6 (coupe vidange) / 5 ans"
ser,F30,,07,2,2511,8.5289,0.0068,8e-04,Chêne tauzin,2005-2024,"IGN IFN donnees brutes 2005-2024, Licence Ouverte Etalab v2.0 ; VEGET5==6 (coupe vidange) / 5 ans"
ser,F30,,09,3,2511,19.4766,0.0233,0.0012,Hêtre,2005-2024,"IGN IFN donnees brutes 2005-2024, Licence Ouverte Etalab v2.0 ; VEGET5==6 (coupe vidange) / 5 ans"
ser,F30,,10,20,2511,4.6594,0.0371,0.008,Châtaignier,2005-2024,"IGN IFN donnees brutes 2005-2024, Licence Ouverte Etalab v2.0 ; VEGET5==6 (coupe vidange) / 5 ans"
ser,F30,,11,16,2511,7.5391,0.048,0.0064,Charme,2005-2024,"IGN IFN donnees brutes 2005-2024, Licence Ouverte Etalab v2.0 ; VEGET5==6 (coupe vidange) / 5 ans"
ser,F30,,12V,1,2511,8.017,0.0032,4e-04,Bouleau verruqueux,2005-2024,"IGN IFN donnees brutes 2005-2024, Licence Ouverte Etalab v2.0 ; VEGET5==6 (coupe vidange) / 5 ans"
ser,F30,,13G,2,2511,1.4069,0.0011,8e-04,Aulne glutineux,2005-2024,"IGN IFN donnees brutes 2005-2024, Licence Ouverte Etalab v2.0 ; VEGET5==6 (coupe vidange) / 5 ans"
ser,F30,,14,11,2511,9.6313,0.0422,0.0044,Robinier faux acacia,2005-2024,"IGN IFN donnees brutes 2005-2024, Licence Ouverte Etalab v2.0 ; VEGET5==6 (coupe vidange) / 5 ans"
ser,F30,,17C,12,2511,4.8964,0.0234,0.0048,Frêne commun,2005-2024,"IGN IFN donnees brutes 2005-2024, Licence Ouverte Etalab v2.0 ; VEGET5==6 (coupe vidange) / 5 ans"
ser,F30,,17O,1,2511,0.1721,1e-04,4e-04,Frêne oxyphylle,2005-2024,"IGN IFN donnees brutes 2005-2024, Licence Ouverte Etalab v2.0 ; VEGET5==6 (coupe vidange) / 5 ans"
ser,F30,,18C,13,2511,4.1786,0.0216,0.0052,Orme champêtre,2005-2024,"IGN IFN donnees brutes 2005-2024, Licence Ouverte Etalab v2.0 ; VEGET5==6 (coupe vidange) / 5 ans"
ser,F30,,19,49,2511,40.908,0.7983,0.0195,Peuplier cultivé,2005-2024,"IGN IFN donnees brutes 2005-2024, Licence Ouverte Etalab v2.0 ; VEGET5==6 (coupe vidange) / 5 ans"
ser,F30,,20G,1,2511,4.8036,0.0019,4e-04,Tilleul à grandes feuilles,2005-2024,"IGN IFN donnees brutes 2005-2024, Licence Ouverte Etalab v2.0 ; VEGET5==6 (coupe vidange) / 5 ans"
ser,F30,,21C,6,2511,5.7963,0.0139,0.0024,Érable champêtre,2005-2024,"IGN IFN donnees brutes 2005-2024, Licence Ouverte Etalab v2.0 ; VEGET5==6 (coupe vidange) / 5 ans"
ser,F30,,22M,9,2511,2.7524,0.0099,0.0036,Merisier,2005-2024,"IGN IFN donnees brutes 2005-2024, Licence Ouverte Etalab v2.0 ; VEGET5==6 (coupe vidange) / 5 ans"
ser,F30,,23C,1,2511,3.9857,0.0016,4e-04,Cormier,2005-2024,"IGN IFN donnees brutes 2005-2024, Licence Ouverte Etalab v2.0 ; VEGET5==6 (coupe vidange) / 5 ans"
ser,F30,,23PC,1,2511,1.3343,5e-04,4e-04,Poirier commun,2005-2024,"IGN IFN donnees brutes 2005-2024, Licence Ouverte Etalab v2.0 ; VEGET5==6 (coupe vidange) / 5 ans"
ser,F30,,24,5,2511,20.6716,0.0412,0.002,Tremble,2005-2024,"IGN IFN donnees brutes 2005-2024, Licence Ouverte Etalab v2.0 ; VEGET5==6 (coupe vidange) / 5 ans"
ser,F30,,25B,2,2511,7.6983,0.0061,8e-04,Saule blanc,2005-2024,"IGN IFN donnees brutes 2005-2024, Licence Ouverte Etalab v2.0 ; VEGET5==6 (coupe vidange) / 5 ans"
ser,F30,,25C,1,2511,1.6539,7e-04,4e-04,Saule cendré,2005-2024,"IGN IFN donnees brutes 2005-2024, Licence Ouverte Etalab v2.0 ; VEGET5==6 (coupe vidange) / 5 ans"
ser,F30,,26E,1,2511,3.3051,0.0013,4e-04,Platane à feuilles d'érable,2005-2024,"IGN IFN donnees brutes 2005-2024, Licence Ouverte Etalab v2.0 ; VEGET5==6 (coupe vidange) / 5 ans"
ser,F30,,27C,2,2511,1.587,0.0013,8e-04,Noyer commun,2005-2024,"IGN IFN donnees brutes 2005-2024, Licence Ouverte Etalab v2.0 ; VEGET5==6 (coupe vidange) / 5 ans"
ser,F30,,29EN,1,2511,3.6282,0.0014,4e-04,Érable negundo,2005-2024,"IGN IFN donnees brutes 2005-2024, Licence Ouverte Etalab v2.0 ; VEGET5==6 (coupe vidange) / 5 ans"
ser,F30,,31,2,2511,0.7927,6e-04,8e-04,Noisetier coudrier,2005-2024,"IGN IFN donnees brutes 2005-2024, Licence Ouverte Etalab v2.0 ; VEGET5==6 (coupe vidange) / 5 ans"
ser,F30,,41,14,2511,1.2963,0.0072,0.0056,Alisier torminal,2005-2024,"IGN IFN donnees brutes 2005-2024, Licence Ouverte Etalab v2.0 ; VEGET5==6 (coupe vidange) / 5 ans"
ser,F30,,49AM,7,2511,0.5275,0.0015,0.0028,Aubépine monogyne,2005-2024,"IGN IFN donnees brutes 2005-2024, Licence Ouverte Etalab v2.0 ; VEGET5==6 (coupe vidange) / 5 ans"
ser,F30,,49IA,3,2511,0.2199,3e-04,0.0012,Houx,2005-2024,"IGN IFN donnees brutes 2005-2024, Licence Ouverte Etalab v2.0 ; VEGET5==6 (coupe vidange) / 5 ans"
ser,F30,,49RA,1,2511,2.4318,0.001,4e-04,Nerprun alaterne,2005-2024,"IGN IFN donnees brutes 2005-2024, Licence Ouverte Etalab v2.0 ; VEGET5==6 (coupe vidange) / 5 ans"
ser,F30,,49SN,1,2511,0.3527,1e-04,4e-04,Sureau noir,2005-2024,"IGN IFN donnees brutes 2005-2024, Licence Ouverte Etalab v2.0 ; VEGET5==6 (coupe vidange) / 5 ans"
ser,F30,,51,8,2511,19.6916,0.0627,0.0032,Pin maritime,2005-2024,"IGN IFN donnees brutes 2005-2024, Licence Ouverte Etalab v2.0 ; VEGET5==6 (coupe vidange) / 5 ans"
ser,F30,,52,1,2511,3.6124,0.0014,4e-04,Pin sylvestre,2005-2024,"IGN IFN donnees brutes 2005-2024, Licence Ouverte Etalab v2.0 ; VEGET5==6 (coupe vidange) / 5 ans"
ser,F30,,53CO,14,2511,14.9494,0.0833,0.0056,Pin laricio de Corse,2005-2024,"IGN IFN donnees brutes 2005-2024, Licence Ouverte Etalab v2.0 ; VEGET5==6 (coupe vidange) / 5 ans"
ser,F30,,54,3,2511,12.0909,0.0144,0.0012,Pin noir d'Autriche,2005-2024,"IGN IFN donnees brutes 2005-2024, Licence Ouverte Etalab v2.0 ; VEGET5==6 (coupe vidange) / 5 ans"
ser,F30,,56,2,2511,15.6124,0.0124,8e-04,Pin Weymouth,2005-2024,"IGN IFN donnees brutes 2005-2024, Licence Ouverte Etalab v2.0 ; VEGET5==6 (coupe vidange) / 5 ans"
ser,F30,,61,1,2511,8.4111,0.0033,4e-04,Sapin pectiné,2005-2024,"IGN IFN donnees brutes 2005-2024, Licence Ouverte Etalab v2.0 ; VEGET5==6 (coupe vidange) / 5 ans"
ser,F30,,62,1,2511,38.3974,0.0153,4e-04,Épicéa commun,2005-2024,"IGN IFN donnees brutes 2005-2024, Licence Ouverte Etalab v2.0 ; VEGET5==6 (coupe vidange) / 5 ans"
ser,F30,,64,6,2511,9.7757,0.0234,0.0024,Douglas,2005-2024,"IGN IFN donnees brutes 2005-2024, Licence Ouverte Etalab v2.0 ; VEGET5==6 (coupe vidange) / 5 ans"
ser,F30,,68CM,1,2511,2.7821,0.0011,4e-04,Cyprès de Lambert,2005-2024,"IGN IFN donnees brutes 2005-2024, Licence Ouverte Etalab v2.0 ; VEGET5==6 (coupe vidange) / 5 ans"
ser,F40,,02,3,1318,29.5457,0.0673,0.0023,Chêne pédonculé,2005-2024,"IGN IFN donnees brutes 2005-2024, Licence Ouverte Etalab v2.0 ; VEGET5==6 (coupe vidange) / 5 ans"
ser,F40,,03,2,1318,6.141,0.0093,0.0015,Chêne sessile,2005-2024,"IGN IFN donnees brutes 2005-2024, Licence Ouverte Etalab v2.0 ; VEGET5==6 (coupe vidange) / 5 ans"
ser,F40,,05,37,1318,8.8028,0.2471,0.0281,Chêne pubescent,2005-2024,"IGN IFN donnees brutes 2005-2024, Licence Ouverte Etalab v2.0 ; VEGET5==6 (coupe vidange) / 5 ans"
ser,F40,,06,1,1318,0.2814,2e-04,8e-04,Chêne vert,2005-2024,"IGN IFN donnees brutes 2005-2024, Licence Ouverte Etalab v2.0 ; VEGET5==6 (coupe vidange) / 5 ans"
ser,F40,,09,1,1318,1.8973,0.0014,8e-04,Hêtre,2005-2024,"IGN IFN donnees brutes 2005-2024, Licence Ouverte Etalab v2.0 ; VEGET5==6 (coupe vidange) / 5 ans"
ser,F40,,10,3,1318,17.2206,0.0392,0.0023,Châtaignier,2005-2024,"IGN IFN donnees brutes 2005-2024, Licence Ouverte Etalab v2.0 ; VEGET5==6 (coupe vidange) / 5 ans"
ser,F40,,11,6,1318,8.5117,0.0387,0.0046,Charme,2005-2024,"IGN IFN donnees brutes 2005-2024, Licence Ouverte Etalab v2.0 ; VEGET5==6 (coupe vidange) / 5 ans"
ser,F40,,14,1,1318,16.301,0.0124,8e-04,Robinier faux acacia,2005-2024,"IGN IFN donnees brutes 2005-2024, Licence Ouverte Etalab v2.0 ; VEGET5==6 (coupe vidange) / 5 ans"
ser,F40,,17C,5,1318,5.5293,0.021,0.0038,Frêne commun,2005-2024,"IGN IFN donnees brutes 2005-2024, Licence Ouverte Etalab v2.0 ; VEGET5==6 (coupe vidange) / 5 ans"
ser,F40,,18C,2,1318,2.6513,0.004,0.0015,Orme champêtre,2005-2024,"IGN IFN donnees brutes 2005-2024, Licence Ouverte Etalab v2.0 ; VEGET5==6 (coupe vidange) / 5 ans"
ser,F40,,19,3,1318,73.755,0.1679,0.0023,Peuplier cultivé,2005-2024,"IGN IFN donnees brutes 2005-2024, Licence Ouverte Etalab v2.0 ; VEGET5==6 (coupe vidange) / 5 ans"
ser,F40,,20P,1,1318,0.6967,5e-04,8e-04,Tilleul à petites feuilles,2005-2024,"IGN IFN donnees brutes 2005-2024, Licence Ouverte Etalab v2.0 ; VEGET5==6 (coupe vidange) / 5 ans"
ser,F40,,21C,4,1318,3.9039,0.0118,0.003,Érable champêtre,2005-2024,"IGN IFN donnees brutes 2005-2024, Licence Ouverte Etalab v2.0 ; VEGET5==6 (coupe vidange) / 5 ans"
ser,F40,,21M,5,1318,0.9979,0.0038,0.0038,Érable de Montpellier,2005-2024,"IGN IFN donnees brutes 2005-2024, Licence Ouverte Etalab v2.0 ; VEGET5==6 (coupe vidange) / 5 ans"
ser,F40,,27C,1,1318,3.213,0.0024,8e-04,Noyer commun,2005-2024,"IGN IFN donnees brutes 2005-2024, Licence Ouverte Etalab v2.0 ; VEGET5==6 (coupe vidange) / 5 ans"
ser,F40,,41,4,1318,1.5394,0.0047,0.003,Alisier torminal,2005-2024,"IGN IFN donnees brutes 2005-2024, Licence Ouverte Etalab v2.0 ; VEGET5==6 (coupe vidange) / 5 ans"
ser,F40,,49AM,1,1318,0.2243,2e-04,8e-04,Aubépine monogyne,2005-2024,"IGN IFN donnees brutes 2005-2024, Licence Ouverte Etalab v2.0 ; VEGET5==6 (coupe vidange) / 5 ans"
ser,F40,,49PM,1,1318,0.8338,6e-04,8e-04,Cerisier de Sainte Lucie,2005-2024,"IGN IFN donnees brutes 2005-2024, Licence Ouverte Etalab v2.0 ; VEGET5==6 (coupe vidange) / 5 ans"
ser,F40,,51,1,1318,0.5126,4e-04,8e-04,Pin maritime,2005-2024,"IGN IFN donnees brutes 2005-2024, Licence Ouverte Etalab v2.0 ; VEGET5==6 (coupe vidange) / 5 ans"
ser,F40,,53CO,4,1318,15.2001,0.0461,0.003,Pin laricio de Corse,2005-2024,"IGN IFN donnees brutes 2005-2024, Licence Ouverte Etalab v2.0 ; VEGET5==6 (coupe vidange) / 5 ans"
ser,F40,,54,2,1318,15.3707,0.0233,0.0015,Pin noir d'Autriche,2005-2024,"IGN IFN donnees brutes 2005-2024, Licence Ouverte Etalab v2.0 ; VEGET5==6 (coupe vidange) / 5 ans"
ser,F40,,61,1,1318,14.5573,0.011,8e-04,Sapin pectiné,2005-2024,"IGN IFN donnees brutes 2005-2024, Licence Ouverte Etalab v2.0 ; VEGET5==6 (coupe vidange) / 5 ans"
ser,F40,,69JC,4,1318,0.4535,0.0014,0.003,Genévrier commun,2005-2024,"IGN IFN donnees brutes 2005-2024, Licence Ouverte Etalab v2.0 ; VEGET5==6 (coupe vidange) / 5 ans"
ser,F51,,02,11,536,11.6166,0.2384,0.0205,Chêne pédonculé,2005-2024,"IGN IFN donnees brutes 2005-2024, Licence Ouverte Etalab v2.0 ; VEGET5==6 (coupe vidange) / 5 ans"
ser,F51,,04,1,536,1.51,0.0028,0.0019,Chêne rouge,2005-2024,"IGN IFN donnees brutes 2005-2024, Licence Ouverte Etalab v2.0 ; VEGET5==6 (coupe vidange) / 5 ans"
ser,F51,,07,1,536,2.9318,0.0055,0.0019,Chêne tauzin,2005-2024,"IGN IFN donnees brutes 2005-2024, Licence Ouverte Etalab v2.0 ; VEGET5==6 (coupe vidange) / 5 ans"
ser,F51,,09,1,536,4.7713,0.0089,0.0019,Hêtre,2005-2024,"IGN IFN donnees brutes 2005-2024, Licence Ouverte Etalab v2.0 ; VEGET5==6 (coupe vidange) / 5 ans"
ser,F51,,10,8,536,2.5176,0.0376,0.0149,Châtaignier,2005-2024,"IGN IFN donnees brutes 2005-2024, Licence Ouverte Etalab v2.0 ; VEGET5==6 (coupe vidange) / 5 ans"
ser,F51,,13G,3,536,5.8016,0.0325,0.0056,Aulne glutineux,2005-2024,"IGN IFN donnees brutes 2005-2024, Licence Ouverte Etalab v2.0 ; VEGET5==6 (coupe vidange) / 5 ans"
ser,F51,,14,6,536,8.4551,0.0946,0.0112,Robinier faux acacia,2005-2024,"IGN IFN donnees brutes 2005-2024, Licence Ouverte Etalab v2.0 ; VEGET5==6 (coupe vidange) / 5 ans"
ser,F51,,17C,1,536,15.1271,0.0282,0.0019,Frêne commun,2005-2024,"IGN IFN donnees brutes 2005-2024, Licence Ouverte Etalab v2.0 ; VEGET5==6 (coupe vidange) / 5 ans"
ser,F51,,18C,2,536,3.0698,0.0115,0.0037,Orme champêtre,2005-2024,"IGN IFN donnees brutes 2005-2024, Licence Ouverte Etalab v2.0 ; VEGET5==6 (coupe vidange) / 5 ans"
ser,F51,,19,12,536,46.4172,1.0392,0.0224,Peuplier cultivé,2005-2024,"IGN IFN donnees brutes 2005-2024, Licence Ouverte Etalab v2.0 ; VEGET5==6 (coupe vidange) / 5 ans"
ser,F51,,21C,1,536,1.6865,0.0031,0.0019,Érable champêtre,2005-2024,"IGN IFN donnees brutes 2005-2024, Licence Ouverte Etalab v2.0 ; VEGET5==6 (coupe vidange) / 5 ans"
ser,F51,,25C,4,536,1.0202,0.0076,0.0075,Saule cendré,2005-2024,"IGN IFN donnees brutes 2005-2024, Licence Ouverte Etalab v2.0 ; VEGET5==6 (coupe vidange) / 5 ans"
ser,F51,,25M,1,536,0.1377,3e-04,0.0019,Saule marsault,2005-2024,"IGN IFN donnees brutes 2005-2024, Licence Ouverte Etalab v2.0 ; VEGET5==6 (coupe vidange) / 5 ans"
ser,F51,,29EN,1,536,4.0707,0.0076,0.0019,Érable negundo,2005-2024,"IGN IFN donnees brutes 2005-2024, Licence Ouverte Etalab v2.0 ; VEGET5==6 (coupe vidange) / 5 ans"
ser,F51,,31,2,536,1.5445,0.0058,0.0037,Noisetier coudrier,2005-2024,"IGN IFN donnees brutes 2005-2024, Licence Ouverte Etalab v2.0 ; VEGET5==6 (coupe vidange) / 5 ans"
ser,F51,,41,1,536,4.5851,0.0086,0.0019,Alisier torminal,2005-2024,"IGN IFN donnees brutes 2005-2024, Licence Ouverte Etalab v2.0 ; VEGET5==6 (coupe vidange) / 5 ans"
ser,F51,,49AM,2,536,0.8545,0.0032,0.0037,Aubépine monogyne,2005-2024,"IGN IFN donnees brutes 2005-2024, Licence Ouverte Etalab v2.0 ; VEGET5==6 (coupe vidange) / 5 ans"
ser,F51,,49IA,1,536,0.8165,0.0015,0.0019,Houx,2005-2024,"IGN IFN donnees brutes 2005-2024, Licence Ouverte Etalab v2.0 ; VEGET5==6 (coupe vidange) / 5 ans"
ser,F51,,49SN,1,536,0.321,6e-04,0.0019,Sureau noir,2005-2024,"IGN IFN donnees brutes 2005-2024, Licence Ouverte Etalab v2.0 ; VEGET5==6 (coupe vidange) / 5 ans"
ser,F51,,51,4,536,39.5735,0.2953,0.0075,Pin maritime,2005-2024,"IGN IFN donnees brutes 2005-2024, Licence Ouverte Etalab v2.0 ; VEGET5==6 (coupe vidange) / 5 ans"
ser,F51,,53CO,1,536,49.4855,0.0923,0.0019,Pin laricio de Corse,2005-2024,"IGN IFN donnees brutes 2005-2024, Licence Ouverte Etalab v2.0 ; VEGET5==6 (coupe vidange) / 5 ans"
ser,F52,,02,34,757,15.4885,0.6957,0.0449,Chêne pédonculé,2005-2024,"IGN IFN donnees brutes 2005-2024, Licence Ouverte Etalab v2.0 ; VEGET5==6 (coupe vidange) / 5 ans"
ser,F52,,03,1,757,0,0,0.0013,Chêne sessile,2005-2024,"IGN IFN donnees brutes 2005-2024, Licence Ouverte Etalab v2.0 ; VEGET5==6 (coupe vidange) / 5 ans"
ser,F52,,04,4,757,4.9175,0.026,0.0053,Chêne rouge,2005-2024,"IGN IFN donnees brutes 2005-2024, Licence Ouverte Etalab v2.0 ; VEGET5==6 (coupe vidange) / 5 ans"
ser,F52,,05,2,757,10.2968,0.0272,0.0026,Chêne pubescent,2005-2024,"IGN IFN donnees brutes 2005-2024, Licence Ouverte Etalab v2.0 ; VEGET5==6 (coupe vidange) / 5 ans"
ser,F52,,07,1,757,5.12,0.0068,0.0013,Chêne tauzin,2005-2024,"IGN IFN donnees brutes 2005-2024, Licence Ouverte Etalab v2.0 ; VEGET5==6 (coupe vidange) / 5 ans"
ser,F52,,09,1,757,6.8359,0.009,0.0013,Hêtre,2005-2024,"IGN IFN donnees brutes 2005-2024, Licence Ouverte Etalab v2.0 ; VEGET5==6 (coupe vidange) / 5 ans"
ser,F52,,10,18,757,6.7224,0.1598,0.0238,Châtaignier,2005-2024,"IGN IFN donnees brutes 2005-2024, Licence Ouverte Etalab v2.0 ; VEGET5==6 (coupe vidange) / 5 ans"
ser,F52,,11,5,757,1.176,0.0078,0.0066,Charme,2005-2024,"IGN IFN donnees brutes 2005-2024, Licence Ouverte Etalab v2.0 ; VEGET5==6 (coupe vidange) / 5 ans"
ser,F52,,12V,1,757,2.3191,0.0031,0.0013,Bouleau verruqueux,2005-2024,"IGN IFN donnees brutes 2005-2024, Licence Ouverte Etalab v2.0 ; VEGET5==6 (coupe vidange) / 5 ans"
ser,F52,,13G,4,757,15.5935,0.0824,0.0053,Aulne glutineux,2005-2024,"IGN IFN donnees brutes 2005-2024, Licence Ouverte Etalab v2.0 ; VEGET5==6 (coupe vidange) / 5 ans"
ser,F52,,14,6,757,21.1436,0.1676,0.0079,Robinier faux acacia,2005-2024,"IGN IFN donnees brutes 2005-2024, Licence Ouverte Etalab v2.0 ; VEGET5==6 (coupe vidange) / 5 ans"
ser,F52,,17C,5,757,2.1668,0.0143,0.0066,Frêne commun,2005-2024,"IGN IFN donnees brutes 2005-2024, Licence Ouverte Etalab v2.0 ; VEGET5==6 (coupe vidange) / 5 ans"
ser,F52,,19,19,757,40.6153,1.0194,0.0251,Peuplier cultivé,2005-2024,"IGN IFN donnees brutes 2005-2024, Licence Ouverte Etalab v2.0 ; VEGET5==6 (coupe vidange) / 5 ans"
ser,F52,,20G,1,757,4.8963,0.0065,0.0013,Tilleul à grandes feuilles,2005-2024,"IGN IFN donnees brutes 2005-2024, Licence Ouverte Etalab v2.0 ; VEGET5==6 (coupe vidange) / 5 ans"
ser,F52,,21C,1,757,1.4409,0.0019,0.0013,Érable champêtre,2005-2024,"IGN IFN donnees brutes 2005-2024, Licence Ouverte Etalab v2.0 ; VEGET5==6 (coupe vidange) / 5 ans"
ser,F52,,22M,3,757,3.6197,0.0143,0.004,Merisier,2005-2024,"IGN IFN donnees brutes 2005-2024, Licence Ouverte Etalab v2.0 ; VEGET5==6 (coupe vidange) / 5 ans"
ser,F52,,24,1,757,9.0075,0.0119,0.0013,Tremble,2005-2024,"IGN IFN donnees brutes 2005-2024, Licence Ouverte Etalab v2.0 ; VEGET5==6 (coupe vidange) / 5 ans"
ser,F52,,25C,4,757,4.5518,0.0241,0.0053,Saule cendré,2005-2024,"IGN IFN donnees brutes 2005-2024, Licence Ouverte Etalab v2.0 ; VEGET5==6 (coupe vidange) / 5 ans"
ser,F52,,31,3,757,1.2666,0.005,0.004,Noisetier coudrier,2005-2024,"IGN IFN donnees brutes 2005-2024, Licence Ouverte Etalab v2.0 ; VEGET5==6 (coupe vidange) / 5 ans"
ser,F52,,41,1,757,4.139,0.0055,0.0013,Alisier torminal,2005-2024,"IGN IFN donnees brutes 2005-2024, Licence Ouverte Etalab v2.0 ; VEGET5==6 (coupe vidange) / 5 ans"
ser,F52,,42,1,757,26.5579,0.0351,0.0013,Tulipier de Virginie,2005-2024,"IGN IFN donnees brutes 2005-2024, Licence Ouverte Etalab v2.0 ; VEGET5==6 (coupe vidange) / 5 ans"
ser,F52,,49AM,3,757,0.3158,0.0013,0.004,Aubépine monogyne,2005-2024,"IGN IFN donnees brutes 2005-2024, Licence Ouverte Etalab v2.0 ; VEGET5==6 (coupe vidange) / 5 ans"
ser,F52,,49EV,1,757,0.2705,4e-04,0.0013,Fusain d'Europe,2005-2024,"IGN IFN donnees brutes 2005-2024, Licence Ouverte Etalab v2.0 ; VEGET5==6 (coupe vidange) / 5 ans"
ser,F52,,49IA,2,757,0.2739,7e-04,0.0026,Houx,2005-2024,"IGN IFN donnees brutes 2005-2024, Licence Ouverte Etalab v2.0 ; VEGET5==6 (coupe vidange) / 5 ans"
ser,F52,,51,15,757,10.0737,0.1996,0.0198,Pin maritime,2005-2024,"IGN IFN donnees brutes 2005-2024, Licence Ouverte Etalab v2.0 ; VEGET5==6 (coupe vidange) / 5 ans"
ser,F52,,56,1,757,10.4197,0.0138,0.0013,Pin Weymouth,2005-2024,"IGN IFN donnees brutes 2005-2024, Licence Ouverte Etalab v2.0 ; VEGET5==6 (coupe vidange) / 5 ans"
ser,F52,,64,2,757,13.094,0.0346,0.0026,Douglas,2005-2024,"IGN IFN donnees brutes 2005-2024, Licence Ouverte Etalab v2.0 ; VEGET5==6 (coupe vidange) / 5 ans"
ser,F52,,77,3,757,7.0827,0.0281,0.004,Pin à l'encens et hybrides,2005-2024,"IGN IFN donnees brutes 2005-2024, Licence Ouverte Etalab v2.0 ; VEGET5==6 (coupe vidange) / 5 ans"
ser,G11,,02,52,1468,17.534,0.6211,0.0354,Chêne pédonculé,2005-2024,"IGN IFN donnees brutes 2005-2024, Licence Ouverte Etalab v2.0 ; VEGET5==6 (coupe vidange) / 5 ans"
ser,G11,,03,4,1468,10.2987,0.0281,0.0027,Chêne sessile,2005-2024,"IGN IFN donnees brutes 2005-2024, Licence Ouverte Etalab v2.0 ; VEGET5==6 (coupe vidange) / 5 ans"
ser,G11,,04,9,1468,8.0843,0.0496,0.0061,Chêne rouge,2005-2024,"IGN IFN donnees brutes 2005-2024, Licence Ouverte Etalab v2.0 ; VEGET5==6 (coupe vidange) / 5 ans"
ser,G11,,09,11,1468,5.8896,0.0441,0.0075,Hêtre,2005-2024,"IGN IFN donnees brutes 2005-2024, Licence Ouverte Etalab v2.0 ; VEGET5==6 (coupe vidange) / 5 ans"
ser,G11,,10,81,1468,13.5069,0.7453,0.0552,Châtaignier,2005-2024,"IGN IFN donnees brutes 2005-2024, Licence Ouverte Etalab v2.0 ; VEGET5==6 (coupe vidange) / 5 ans"
ser,G11,,11,11,1468,3.8112,0.0286,0.0075,Charme,2005-2024,"IGN IFN donnees brutes 2005-2024, Licence Ouverte Etalab v2.0 ; VEGET5==6 (coupe vidange) / 5 ans"
ser,G11,,12P,1,1468,1.8422,0.0013,7e-04,Bouleau pubescent,2005-2024,"IGN IFN donnees brutes 2005-2024, Licence Ouverte Etalab v2.0 ; VEGET5==6 (coupe vidange) / 5 ans"
ser,G11,,12V,23,1468,7.9174,0.124,0.0157,Bouleau verruqueux,2005-2024,"IGN IFN donnees brutes 2005-2024, Licence Ouverte Etalab v2.0 ; VEGET5==6 (coupe vidange) / 5 ans"
ser,G11,,14,4,1468,2.3858,0.0065,0.0027,Robinier faux acacia,2005-2024,"IGN IFN donnees brutes 2005-2024, Licence Ouverte Etalab v2.0 ; VEGET5==6 (coupe vidange) / 5 ans"
ser,G11,,15S,1,1468,2.5858,0.0018,7e-04,Érable sycomore,2005-2024,"IGN IFN donnees brutes 2005-2024, Licence Ouverte Etalab v2.0 ; VEGET5==6 (coupe vidange) / 5 ans"
ser,G11,,17C,8,1468,3.0955,0.0169,0.0054,Frêne commun,2005-2024,"IGN IFN donnees brutes 2005-2024, Licence Ouverte Etalab v2.0 ; VEGET5==6 (coupe vidange) / 5 ans"
ser,G11,,18C,1,1468,0.4545,3e-04,7e-04,Orme champêtre,2005-2024,"IGN IFN donnees brutes 2005-2024, Licence Ouverte Etalab v2.0 ; VEGET5==6 (coupe vidange) / 5 ans"
ser,G11,,19,2,1468,26.125,0.0356,0.0014,Peuplier cultivé,2005-2024,"IGN IFN donnees brutes 2005-2024, Licence Ouverte Etalab v2.0 ; VEGET5==6 (coupe vidange) / 5 ans"
ser,G11,,20P,1,1468,5.7438,0.0039,7e-04,Tilleul à petites feuilles,2005-2024,"IGN IFN donnees brutes 2005-2024, Licence Ouverte Etalab v2.0 ; VEGET5==6 (coupe vidange) / 5 ans"
ser,G11,,22G,1,1468,3.5091,0.0024,7e-04,Cerisier à grappes,2005-2024,"IGN IFN donnees brutes 2005-2024, Licence Ouverte Etalab v2.0 ; VEGET5==6 (coupe vidange) / 5 ans"
ser,G11,,22M,8,1468,3.0076,0.0164,0.0054,Merisier,2005-2024,"IGN IFN donnees brutes 2005-2024, Licence Ouverte Etalab v2.0 ; VEGET5==6 (coupe vidange) / 5 ans"
ser,G11,,23PC,1,1468,0.2187,1e-04,7e-04,Poirier commun,2005-2024,"IGN IFN donnees brutes 2005-2024, Licence Ouverte Etalab v2.0 ; VEGET5==6 (coupe vidange) / 5 ans"
ser,G11,,23PM,1,1468,0.7274,5e-04,7e-04,Pommier sauvage,2005-2024,"IGN IFN donnees brutes 2005-2024, Licence Ouverte Etalab v2.0 ; VEGET5==6 (coupe vidange) / 5 ans"
ser,G11,,23SO,1,1468,0.2745,2e-04,7e-04,Sorbier des oiseleurs,2005-2024,"IGN IFN donnees brutes 2005-2024, Licence Ouverte Etalab v2.0 ; VEGET5==6 (coupe vidange) / 5 ans"
ser,G11,,24,9,1468,7.0881,0.0435,0.0061,Tremble,2005-2024,"IGN IFN donnees brutes 2005-2024, Licence Ouverte Etalab v2.0 ; VEGET5==6 (coupe vidange) / 5 ans"
ser,G11,,25C,6,1468,1.0991,0.0045,0.0041,Saule cendré,2005-2024,"IGN IFN donnees brutes 2005-2024, Licence Ouverte Etalab v2.0 ; VEGET5==6 (coupe vidange) / 5 ans"
ser,G11,,25M,3,1468,7.3275,0.015,0.002,Saule marsault,2005-2024,"IGN IFN donnees brutes 2005-2024, Licence Ouverte Etalab v2.0 ; VEGET5==6 (coupe vidange) / 5 ans"
ser,G11,,25R,1,1468,4.4157,0.003,7e-04,Saule roux,2005-2024,"IGN IFN donnees brutes 2005-2024, Licence Ouverte Etalab v2.0 ; VEGET5==6 (coupe vidange) / 5 ans"
ser,G11,,31,6,1468,2.9884,0.0122,0.0041,Noisetier coudrier,2005-2024,"IGN IFN donnees brutes 2005-2024, Licence Ouverte Etalab v2.0 ; VEGET5==6 (coupe vidange) / 5 ans"
ser,G11,,49IA,1,1468,4.7476,0.0032,7e-04,Houx,2005-2024,"IGN IFN donnees brutes 2005-2024, Licence Ouverte Etalab v2.0 ; VEGET5==6 (coupe vidange) / 5 ans"
ser,G11,,51,6,1468,8.6581,0.0354,0.0041,Pin maritime,2005-2024,"IGN IFN donnees brutes 2005-2024, Licence Ouverte Etalab v2.0 ; VEGET5==6 (coupe vidange) / 5 ans"
ser,G11,,52,2,1468,2.6693,0.0036,0.0014,Pin sylvestre,2005-2024,"IGN IFN donnees brutes 2005-2024, Licence Ouverte Etalab v2.0 ; VEGET5==6 (coupe vidange) / 5 ans"
ser,G11,,53CO,1,1468,2.4759,0.0017,7e-04,Pin laricio de Corse,2005-2024,"IGN IFN donnees brutes 2005-2024, Licence Ouverte Etalab v2.0 ; VEGET5==6 (coupe vidange) / 5 ans"
ser,G11,,61,5,1468,12.3074,0.0419,0.0034,Sapin pectiné,2005-2024,"IGN IFN donnees brutes 2005-2024, Licence Ouverte Etalab v2.0 ; VEGET5==6 (coupe vidange) / 5 ans"
ser,G11,,62,8,1468,25.6046,0.1395,0.0054,Épicéa commun,2005-2024,"IGN IFN donnees brutes 2005-2024, Licence Ouverte Etalab v2.0 ; VEGET5==6 (coupe vidange) / 5 ans"
ser,G11,,64,21,1468,16.1877,0.2316,0.0143,Douglas,2005-2024,"IGN IFN donnees brutes 2005-2024, Licence Ouverte Etalab v2.0 ; VEGET5==6 (coupe vidange) / 5 ans"
ser,G11,,73,7,1468,32.8405,0.1566,0.0048,Épicéa de Sitka,2005-2024,"IGN IFN donnees brutes 2005-2024, Licence Ouverte Etalab v2.0 ; VEGET5==6 (coupe vidange) / 5 ans"
ser,G11,,74J,1,1468,82.5596,0.0562,7e-04,Mélèze du Japon,2005-2024,"IGN IFN donnees brutes 2005-2024, Licence Ouverte Etalab v2.0 ; VEGET5==6 (coupe vidange) / 5 ans"
ser,G12,,02,22,592,16.3617,0.608,0.0372,Chêne pédonculé,2005-2024,"IGN IFN donnees brutes 2005-2024, Licence Ouverte Etalab v2.0 ; VEGET5==6 (coupe vidange) / 5 ans"
ser,G12,,03,18,592,10.6223,0.323,0.0304,Chêne sessile,2005-2024,"IGN IFN donnees brutes 2005-2024, Licence Ouverte Etalab v2.0 ; VEGET5==6 (coupe vidange) / 5 ans"
ser,G12,,09,5,592,4.8608,0.0411,0.0084,Hêtre,2005-2024,"IGN IFN donnees brutes 2005-2024, Licence Ouverte Etalab v2.0 ; VEGET5==6 (coupe vidange) / 5 ans"
ser,G12,,10,7,592,11.6344,0.1376,0.0118,Châtaignier,2005-2024,"IGN IFN donnees brutes 2005-2024, Licence Ouverte Etalab v2.0 ; VEGET5==6 (coupe vidange) / 5 ans"
ser,G12,,11,15,592,7.3385,0.1859,0.0253,Charme,2005-2024,"IGN IFN donnees brutes 2005-2024, Licence Ouverte Etalab v2.0 ; VEGET5==6 (coupe vidange) / 5 ans"
ser,G12,,12V,1,592,0.8073,0.0014,0.0017,Bouleau verruqueux,2005-2024,"IGN IFN donnees brutes 2005-2024, Licence Ouverte Etalab v2.0 ; VEGET5==6 (coupe vidange) / 5 ans"
ser,G12,,17C,1,592,4.473,0.0076,0.0017,Frêne commun,2005-2024,"IGN IFN donnees brutes 2005-2024, Licence Ouverte Etalab v2.0 ; VEGET5==6 (coupe vidange) / 5 ans"
ser,G12,,18C,1,592,1.1434,0.0019,0.0017,Orme champêtre,2005-2024,"IGN IFN donnees brutes 2005-2024, Licence Ouverte Etalab v2.0 ; VEGET5==6 (coupe vidange) / 5 ans"
ser,G12,,19,1,592,42.124,0.0712,0.0017,Peuplier cultivé,2005-2024,"IGN IFN donnees brutes 2005-2024, Licence Ouverte Etalab v2.0 ; VEGET5==6 (coupe vidange) / 5 ans"
ser,G12,,22M,3,592,2.1626,0.011,0.0051,Merisier,2005-2024,"IGN IFN donnees brutes 2005-2024, Licence Ouverte Etalab v2.0 ; VEGET5==6 (coupe vidange) / 5 ans"
ser,G12,,23PM,1,592,1.8572,0.0031,0.0017,Pommier sauvage,2005-2024,"IGN IFN donnees brutes 2005-2024, Licence Ouverte Etalab v2.0 ; VEGET5==6 (coupe vidange) / 5 ans"
ser,G12,,24,5,592,8.2614,0.0698,0.0084,Tremble,2005-2024,"IGN IFN donnees brutes 2005-2024, Licence Ouverte Etalab v2.0 ; VEGET5==6 (coupe vidange) / 5 ans"
ser,G12,,25B,1,592,4.0124,0.0068,0.0017,Saule blanc,2005-2024,"IGN IFN donnees brutes 2005-2024, Licence Ouverte Etalab v2.0 ; VEGET5==6 (coupe vidange) / 5 ans"
ser,G12,,25M,1,592,0.2385,4e-04,0.0017,Saule marsault,2005-2024,"IGN IFN donnees brutes 2005-2024, Licence Ouverte Etalab v2.0 ; VEGET5==6 (coupe vidange) / 5 ans"
ser,G12,,33N,1,592,6.7933,0.0115,0.0017,Peuplier noir,2005-2024,"IGN IFN donnees brutes 2005-2024, Licence Ouverte Etalab v2.0 ; VEGET5==6 (coupe vidange) / 5 ans"
ser,G12,,41,1,592,0.204,3e-04,0.0017,Alisier torminal,2005-2024,"IGN IFN donnees brutes 2005-2024, Licence Ouverte Etalab v2.0 ; VEGET5==6 (coupe vidange) / 5 ans"
ser,G12,,49AM,1,592,0.2573,4e-04,0.0017,Aubépine monogyne,2005-2024,"IGN IFN donnees brutes 2005-2024, Licence Ouverte Etalab v2.0 ; VEGET5==6 (coupe vidange) / 5 ans"
ser,G12,,49IA,1,592,0.1722,3e-04,0.0017,Houx,2005-2024,"IGN IFN donnees brutes 2005-2024, Licence Ouverte Etalab v2.0 ; VEGET5==6 (coupe vidange) / 5 ans"
ser,G12,,49PS,1,592,0.3513,6e-04,0.0017,Prunelier,2005-2024,"IGN IFN donnees brutes 2005-2024, Licence Ouverte Etalab v2.0 ; VEGET5==6 (coupe vidange) / 5 ans"
ser,G12,,52,1,592,2.8445,0.0048,0.0017,Pin sylvestre,2005-2024,"IGN IFN donnees brutes 2005-2024, Licence Ouverte Etalab v2.0 ; VEGET5==6 (coupe vidange) / 5 ans"
ser,G12,,53CO,1,592,4.3808,0.0074,0.0017,Pin laricio de Corse,2005-2024,"IGN IFN donnees brutes 2005-2024, Licence Ouverte Etalab v2.0 ; VEGET5==6 (coupe vidange) / 5 ans"
ser,G12,,64,15,592,45.1912,1.145,0.0253,Douglas,2005-2024,"IGN IFN donnees brutes 2005-2024, Licence Ouverte Etalab v2.0 ; VEGET5==6 (coupe vidange) / 5 ans"
ser,G13,,02,68,2208,14.373,0.4426,0.0308,Chêne pédonculé,2005-2024,"IGN IFN donnees brutes 2005-2024, Licence Ouverte Etalab v2.0 ; VEGET5==6 (coupe vidange) / 5 ans"
ser,G13,,03,12,2208,9.2344,0.0502,0.0054,Chêne sessile,2005-2024,"IGN IFN donnees brutes 2005-2024, Licence Ouverte Etalab v2.0 ; VEGET5==6 (coupe vidange) / 5 ans"
ser,G13,,04,1,2208,10.5525,0.0048,5e-04,Chêne rouge,2005-2024,"IGN IFN donnees brutes 2005-2024, Licence Ouverte Etalab v2.0 ; VEGET5==6 (coupe vidange) / 5 ans"
ser,G13,,09,31,2208,10.4407,0.1466,0.014,Hêtre,2005-2024,"IGN IFN donnees brutes 2005-2024, Licence Ouverte Etalab v2.0 ; VEGET5==6 (coupe vidange) / 5 ans"
ser,G13,,10,44,2208,14.1727,0.2824,0.0199,Châtaignier,2005-2024,"IGN IFN donnees brutes 2005-2024, Licence Ouverte Etalab v2.0 ; VEGET5==6 (coupe vidange) / 5 ans"
ser,G13,,11,10,2208,7.3316,0.0332,0.0045,Charme,2005-2024,"IGN IFN donnees brutes 2005-2024, Licence Ouverte Etalab v2.0 ; VEGET5==6 (coupe vidange) / 5 ans"
ser,G13,,12V,44,2208,8.3731,0.1669,0.0199,Bouleau verruqueux,2005-2024,"IGN IFN donnees brutes 2005-2024, Licence Ouverte Etalab v2.0 ; VEGET5==6 (coupe vidange) / 5 ans"
ser,G13,,13G,2,2208,1.6224,0.0015,9e-04,Aulne glutineux,2005-2024,"IGN IFN donnees brutes 2005-2024, Licence Ouverte Etalab v2.0 ; VEGET5==6 (coupe vidange) / 5 ans"
ser,G13,,14,1,2208,14.6357,0.0066,5e-04,Robinier faux acacia,2005-2024,"IGN IFN donnees brutes 2005-2024, Licence Ouverte Etalab v2.0 ; VEGET5==6 (coupe vidange) / 5 ans"
ser,G13,,17C,6,2208,9.3432,0.0254,0.0027,Frêne commun,2005-2024,"IGN IFN donnees brutes 2005-2024, Licence Ouverte Etalab v2.0 ; VEGET5==6 (coupe vidange) / 5 ans"
ser,G13,,20P,2,2208,9.6852,0.0088,9e-04,Tilleul à petites feuilles,2005-2024,"IGN IFN donnees brutes 2005-2024, Licence Ouverte Etalab v2.0 ; VEGET5==6 (coupe vidange) / 5 ans"
ser,G13,,21C,1,2208,5.5294,0.0025,5e-04,Érable champêtre,2005-2024,"IGN IFN donnees brutes 2005-2024, Licence Ouverte Etalab v2.0 ; VEGET5==6 (coupe vidange) / 5 ans"
ser,G13,,22M,10,2208,4.7285,0.0214,0.0045,Merisier,2005-2024,"IGN IFN donnees brutes 2005-2024, Licence Ouverte Etalab v2.0 ; VEGET5==6 (coupe vidange) / 5 ans"
ser,G13,,23PM,1,2208,0.5907,3e-04,5e-04,Pommier sauvage,2005-2024,"IGN IFN donnees brutes 2005-2024, Licence Ouverte Etalab v2.0 ; VEGET5==6 (coupe vidange) / 5 ans"
ser,G13,,23SO,1,2208,4.2485,0.0019,5e-04,Sorbier des oiseleurs,2005-2024,"IGN IFN donnees brutes 2005-2024, Licence Ouverte Etalab v2.0 ; VEGET5==6 (coupe vidange) / 5 ans"
ser,G13,,24,5,2208,4.7154,0.0107,0.0023,Tremble,2005-2024,"IGN IFN donnees brutes 2005-2024, Licence Ouverte Etalab v2.0 ; VEGET5==6 (coupe vidange) / 5 ans"
ser,G13,,25C,5,2208,3.2752,0.0074,0.0023,Saule cendré,2005-2024,"IGN IFN donnees brutes 2005-2024, Licence Ouverte Etalab v2.0 ; VEGET5==6 (coupe vidange) / 5 ans"
ser,G13,,25M,6,2208,3.0294,0.0082,0.0027,Saule marsault,2005-2024,"IGN IFN donnees brutes 2005-2024, Licence Ouverte Etalab v2.0 ; VEGET5==6 (coupe vidange) / 5 ans"
ser,G13,,31,19,2208,2.4835,0.0214,0.0086,Noisetier coudrier,2005-2024,"IGN IFN donnees brutes 2005-2024, Licence Ouverte Etalab v2.0 ; VEGET5==6 (coupe vidange) / 5 ans"
ser,G13,,49AM,1,2208,0.7512,3e-04,5e-04,Aubépine monogyne,2005-2024,"IGN IFN donnees brutes 2005-2024, Licence Ouverte Etalab v2.0 ; VEGET5==6 (coupe vidange) / 5 ans"
ser,G13,,49IA,5,2208,0.5149,0.0012,0.0023,Houx,2005-2024,"IGN IFN donnees brutes 2005-2024, Licence Ouverte Etalab v2.0 ; VEGET5==6 (coupe vidange) / 5 ans"
ser,G13,,49SN,1,2208,0.2929,1e-04,5e-04,Sureau noir,2005-2024,"IGN IFN donnees brutes 2005-2024, Licence Ouverte Etalab v2.0 ; VEGET5==6 (coupe vidange) / 5 ans"
ser,G13,,51,1,2208,29.8741,0.0135,5e-04,Pin maritime,2005-2024,"IGN IFN donnees brutes 2005-2024, Licence Ouverte Etalab v2.0 ; VEGET5==6 (coupe vidange) / 5 ans"
ser,G13,,52,24,2208,9.0624,0.0985,0.0109,Pin sylvestre,2005-2024,"IGN IFN donnees brutes 2005-2024, Licence Ouverte Etalab v2.0 ; VEGET5==6 (coupe vidange) / 5 ans"
ser,G13,,53CO,2,2208,3.6679,0.0033,9e-04,Pin laricio de Corse,2005-2024,"IGN IFN donnees brutes 2005-2024, Licence Ouverte Etalab v2.0 ; VEGET5==6 (coupe vidange) / 5 ans"
ser,G13,,61,11,2208,24.8123,0.1236,0.005,Sapin pectiné,2005-2024,"IGN IFN donnees brutes 2005-2024, Licence Ouverte Etalab v2.0 ; VEGET5==6 (coupe vidange) / 5 ans"
ser,G13,,62,49,2208,30.5986,0.679,0.0222,Épicéa commun,2005-2024,"IGN IFN donnees brutes 2005-2024, Licence Ouverte Etalab v2.0 ; VEGET5==6 (coupe vidange) / 5 ans"
ser,G13,,63,1,2208,5.3956,0.0024,5e-04,Mélèze d'Europe,2005-2024,"IGN IFN donnees brutes 2005-2024, Licence Ouverte Etalab v2.0 ; VEGET5==6 (coupe vidange) / 5 ans"
ser,G13,,64,66,2208,26.1396,0.7813,0.0299,Douglas,2005-2024,"IGN IFN donnees brutes 2005-2024, Licence Ouverte Etalab v2.0 ; VEGET5==6 (coupe vidange) / 5 ans"
ser,G13,,68TH,1,2208,3.8179,0.0017,5e-04,Tsuga heterophylla,2005-2024,"IGN IFN donnees brutes 2005-2024, Licence Ouverte Etalab v2.0 ; VEGET5==6 (coupe vidange) / 5 ans"
ser,G13,,72V,15,2208,32.5445,0.2211,0.0068,Sapin de Vancouver,2005-2024,"IGN IFN donnees brutes 2005-2024, Licence Ouverte Etalab v2.0 ; VEGET5==6 (coupe vidange) / 5 ans"
ser,G13,,73,13,2208,37.9963,0.2237,0.0059,Épicéa de Sitka,2005-2024,"IGN IFN donnees brutes 2005-2024, Licence Ouverte Etalab v2.0 ; VEGET5==6 (coupe vidange) / 5 ans"
ser,G13,,74J,6,2208,19.5503,0.0531,0.0027,Mélèze du Japon,2005-2024,"IGN IFN donnees brutes 2005-2024, Licence Ouverte Etalab v2.0 ; VEGET5==6 (coupe vidange) / 5 ans"
ser,G21,,02,21,835,12.2346,0.3077,0.0251,Chêne pédonculé,2005-2024,"IGN IFN donnees brutes 2005-2024, Licence Ouverte Etalab v2.0 ; VEGET5==6 (coupe vidange) / 5 ans"
ser,G21,,03,4,835,8.9929,0.0431,0.0048,Chêne sessile,2005-2024,"IGN IFN donnees brutes 2005-2024, Licence Ouverte Etalab v2.0 ; VEGET5==6 (coupe vidange) / 5 ans"
ser,G21,,09,20,835,9.5763,0.2294,0.024,Hêtre,2005-2024,"IGN IFN donnees brutes 2005-2024, Licence Ouverte Etalab v2.0 ; VEGET5==6 (coupe vidange) / 5 ans"
ser,G21,,10,5,835,2.6545,0.0159,0.006,Châtaignier,2005-2024,"IGN IFN donnees brutes 2005-2024, Licence Ouverte Etalab v2.0 ; VEGET5==6 (coupe vidange) / 5 ans"
ser,G21,,12P,1,835,4.1464,0.005,0.0012,Bouleau pubescent,2005-2024,"IGN IFN donnees brutes 2005-2024, Licence Ouverte Etalab v2.0 ; VEGET5==6 (coupe vidange) / 5 ans"
ser,G21,,12V,27,835,4.4966,0.1454,0.0323,Bouleau verruqueux,2005-2024,"IGN IFN donnees brutes 2005-2024, Licence Ouverte Etalab v2.0 ; VEGET5==6 (coupe vidange) / 5 ans"
ser,G21,,20G,1,835,0.5087,6e-04,0.0012,Tilleul à grandes feuilles,2005-2024,"IGN IFN donnees brutes 2005-2024, Licence Ouverte Etalab v2.0 ; VEGET5==6 (coupe vidange) / 5 ans"
ser,G21,,22M,1,835,1.9411,0.0023,0.0012,Merisier,2005-2024,"IGN IFN donnees brutes 2005-2024, Licence Ouverte Etalab v2.0 ; VEGET5==6 (coupe vidange) / 5 ans"
ser,G21,,23AB,3,835,0.7536,0.0027,0.0036,Alisier blanc,2005-2024,"IGN IFN donnees brutes 2005-2024, Licence Ouverte Etalab v2.0 ; VEGET5==6 (coupe vidange) / 5 ans"
ser,G21,,23SO,3,835,0.3839,0.0014,0.0036,Sorbier des oiseleurs,2005-2024,"IGN IFN donnees brutes 2005-2024, Licence Ouverte Etalab v2.0 ; VEGET5==6 (coupe vidange) / 5 ans"
ser,G21,,25C,4,835,2.8537,0.0137,0.0048,Saule cendré,2005-2024,"IGN IFN donnees brutes 2005-2024, Licence Ouverte Etalab v2.0 ; VEGET5==6 (coupe vidange) / 5 ans"
ser,G21,,25M,5,835,2.3455,0.014,0.006,Saule marsault,2005-2024,"IGN IFN donnees brutes 2005-2024, Licence Ouverte Etalab v2.0 ; VEGET5==6 (coupe vidange) / 5 ans"
ser,G21,,31,1,835,0.4728,6e-04,0.0012,Noisetier coudrier,2005-2024,"IGN IFN donnees brutes 2005-2024, Licence Ouverte Etalab v2.0 ; VEGET5==6 (coupe vidange) / 5 ans"
ser,G21,,49IA,3,835,0.2916,0.001,0.0036,Houx,2005-2024,"IGN IFN donnees brutes 2005-2024, Licence Ouverte Etalab v2.0 ; VEGET5==6 (coupe vidange) / 5 ans"
ser,G21,,52,18,835,17.8302,0.3844,0.0216,Pin sylvestre,2005-2024,"IGN IFN donnees brutes 2005-2024, Licence Ouverte Etalab v2.0 ; VEGET5==6 (coupe vidange) / 5 ans"
ser,G21,,61,20,835,15.6187,0.3741,0.024,Sapin pectiné,2005-2024,"IGN IFN donnees brutes 2005-2024, Licence Ouverte Etalab v2.0 ; VEGET5==6 (coupe vidange) / 5 ans"
ser,G21,,62,62,835,27.7428,2.0599,0.0743,Épicéa commun,2005-2024,"IGN IFN donnees brutes 2005-2024, Licence Ouverte Etalab v2.0 ; VEGET5==6 (coupe vidange) / 5 ans"
ser,G21,,64,48,835,19.0967,1.0978,0.0575,Douglas,2005-2024,"IGN IFN donnees brutes 2005-2024, Licence Ouverte Etalab v2.0 ; VEGET5==6 (coupe vidange) / 5 ans"
ser,G21,,72V,6,835,26.8002,0.1926,0.0072,Sapin de Vancouver,2005-2024,"IGN IFN donnees brutes 2005-2024, Licence Ouverte Etalab v2.0 ; VEGET5==6 (coupe vidange) / 5 ans"
ser,G21,,73,11,835,39.2779,0.5174,0.0132,Épicéa de Sitka,2005-2024,"IGN IFN donnees brutes 2005-2024, Licence Ouverte Etalab v2.0 ; VEGET5==6 (coupe vidange) / 5 ans"
ser,G21,,74J,6,835,17.8113,0.128,0.0072,Mélèze du Japon,2005-2024,"IGN IFN donnees brutes 2005-2024, Licence Ouverte Etalab v2.0 ; VEGET5==6 (coupe vidange) / 5 ans"
ser,G22,,02,16,2892,9.0267,0.0499,0.0055,Chêne pédonculé,2005-2024,"IGN IFN donnees brutes 2005-2024, Licence Ouverte Etalab v2.0 ; VEGET5==6 (coupe vidange) / 5 ans"
ser,G22,,03,19,2892,7.4474,0.0489,0.0066,Chêne sessile,2005-2024,"IGN IFN donnees brutes 2005-2024, Licence Ouverte Etalab v2.0 ; VEGET5==6 (coupe vidange) / 5 ans"
ser,G22,,04,1,2892,4.5596,0.0016,3e-04,Chêne rouge,2005-2024,"IGN IFN donnees brutes 2005-2024, Licence Ouverte Etalab v2.0 ; VEGET5==6 (coupe vidange) / 5 ans"
ser,G22,,05,1,2892,0.2273,1e-04,3e-04,Chêne pubescent,2005-2024,"IGN IFN donnees brutes 2005-2024, Licence Ouverte Etalab v2.0 ; VEGET5==6 (coupe vidange) / 5 ans"
ser,G22,,09,51,2892,11.4692,0.2023,0.0176,Hêtre,2005-2024,"IGN IFN donnees brutes 2005-2024, Licence Ouverte Etalab v2.0 ; VEGET5==6 (coupe vidange) / 5 ans"
ser,G22,,10,7,2892,7.4787,0.0181,0.0024,Châtaignier,2005-2024,"IGN IFN donnees brutes 2005-2024, Licence Ouverte Etalab v2.0 ; VEGET5==6 (coupe vidange) / 5 ans"
ser,G22,,11,2,2892,1.4465,0.001,7e-04,Charme,2005-2024,"IGN IFN donnees brutes 2005-2024, Licence Ouverte Etalab v2.0 ; VEGET5==6 (coupe vidange) / 5 ans"
ser,G22,,12V,22,2892,3.3412,0.0254,0.0076,Bouleau verruqueux,2005-2024,"IGN IFN donnees brutes 2005-2024, Licence Ouverte Etalab v2.0 ; VEGET5==6 (coupe vidange) / 5 ans"
ser,G22,,13G,2,2892,9.7913,0.0068,7e-04,Aulne glutineux,2005-2024,"IGN IFN donnees brutes 2005-2024, Licence Ouverte Etalab v2.0 ; VEGET5==6 (coupe vidange) / 5 ans"
ser,G22,,14,1,2892,7.0311,0.0024,3e-04,Robinier faux acacia,2005-2024,"IGN IFN donnees brutes 2005-2024, Licence Ouverte Etalab v2.0 ; VEGET5==6 (coupe vidange) / 5 ans"
ser,G22,,15S,7,2892,2.9297,0.0071,0.0024,Érable sycomore,2005-2024,"IGN IFN donnees brutes 2005-2024, Licence Ouverte Etalab v2.0 ; VEGET5==6 (coupe vidange) / 5 ans"
ser,G22,,17C,8,2892,7.9753,0.0221,0.0028,Frêne commun,2005-2024,"IGN IFN donnees brutes 2005-2024, Licence Ouverte Etalab v2.0 ; VEGET5==6 (coupe vidange) / 5 ans"
ser,G22,,20G,1,2892,9.6705,0.0033,3e-04,Tilleul à grandes feuilles,2005-2024,"IGN IFN donnees brutes 2005-2024, Licence Ouverte Etalab v2.0 ; VEGET5==6 (coupe vidange) / 5 ans"
ser,G22,,21C,1,2892,3.5795,0.0012,3e-04,Érable champêtre,2005-2024,"IGN IFN donnees brutes 2005-2024, Licence Ouverte Etalab v2.0 ; VEGET5==6 (coupe vidange) / 5 ans"
ser,G22,,22M,5,2892,2.6189,0.0045,0.0017,Merisier,2005-2024,"IGN IFN donnees brutes 2005-2024, Licence Ouverte Etalab v2.0 ; VEGET5==6 (coupe vidange) / 5 ans"
ser,G22,,23AB,1,2892,0.8003,3e-04,3e-04,Alisier blanc,2005-2024,"IGN IFN donnees brutes 2005-2024, Licence Ouverte Etalab v2.0 ; VEGET5==6 (coupe vidange) / 5 ans"
ser,G22,,23PM,1,2892,1.9983,7e-04,3e-04,Pommier sauvage,2005-2024,"IGN IFN donnees brutes 2005-2024, Licence Ouverte Etalab v2.0 ; VEGET5==6 (coupe vidange) / 5 ans"
ser,G22,,23SO,5,2892,0.7413,0.0013,0.0017,Sorbier des oiseleurs,2005-2024,"IGN IFN donnees brutes 2005-2024, Licence Ouverte Etalab v2.0 ; VEGET5==6 (coupe vidange) / 5 ans"
ser,G22,,24,2,2892,8.7411,0.006,7e-04,Tremble,2005-2024,"IGN IFN donnees brutes 2005-2024, Licence Ouverte Etalab v2.0 ; VEGET5==6 (coupe vidange) / 5 ans"
ser,G22,,25M,4,2892,3.5229,0.0049,0.0014,Saule marsault,2005-2024,"IGN IFN donnees brutes 2005-2024, Licence Ouverte Etalab v2.0 ; VEGET5==6 (coupe vidange) / 5 ans"
ser,G22,,31,4,2892,0.4036,6e-04,0.0014,Noisetier coudrier,2005-2024,"IGN IFN donnees brutes 2005-2024, Licence Ouverte Etalab v2.0 ; VEGET5==6 (coupe vidange) / 5 ans"
ser,G22,,49AM,2,2892,0.4041,3e-04,7e-04,Aubépine monogyne,2005-2024,"IGN IFN donnees brutes 2005-2024, Licence Ouverte Etalab v2.0 ; VEGET5==6 (coupe vidange) / 5 ans"
ser,G22,,51,1,2892,3.889,0.0013,3e-04,Pin maritime,2005-2024,"IGN IFN donnees brutes 2005-2024, Licence Ouverte Etalab v2.0 ; VEGET5==6 (coupe vidange) / 5 ans"
ser,G22,,52,105,2892,14.3071,0.5194,0.0363,Pin sylvestre,2005-2024,"IGN IFN donnees brutes 2005-2024, Licence Ouverte Etalab v2.0 ; VEGET5==6 (coupe vidange) / 5 ans"
ser,G22,,53CO,4,2892,11.1709,0.0155,0.0014,Pin laricio de Corse,2005-2024,"IGN IFN donnees brutes 2005-2024, Licence Ouverte Etalab v2.0 ; VEGET5==6 (coupe vidange) / 5 ans"
ser,G22,,61,155,2892,21.5599,1.1555,0.0536,Sapin pectiné,2005-2024,"IGN IFN donnees brutes 2005-2024, Licence Ouverte Etalab v2.0 ; VEGET5==6 (coupe vidange) / 5 ans"
ser,G22,,62,122,2892,26.9803,1.1382,0.0422,Épicéa commun,2005-2024,"IGN IFN donnees brutes 2005-2024, Licence Ouverte Etalab v2.0 ; VEGET5==6 (coupe vidange) / 5 ans"
ser,G22,,63,2,2892,23.3021,0.0161,7e-04,Mélèze d'Europe,2005-2024,"IGN IFN donnees brutes 2005-2024, Licence Ouverte Etalab v2.0 ; VEGET5==6 (coupe vidange) / 5 ans"
ser,G22,,64,71,2892,33.6686,0.8266,0.0246,Douglas,2005-2024,"IGN IFN donnees brutes 2005-2024, Licence Ouverte Etalab v2.0 ; VEGET5==6 (coupe vidange) / 5 ans"
ser,G22,,65,1,2892,9.909,0.0034,3e-04,Cèdre de l'Atlas,2005-2024,"IGN IFN donnees brutes 2005-2024, Licence Ouverte Etalab v2.0 ; VEGET5==6 (coupe vidange) / 5 ans"
ser,G22,,72V,6,2892,38.2422,0.0793,0.0021,Sapin de Vancouver,2005-2024,"IGN IFN donnees brutes 2005-2024, Licence Ouverte Etalab v2.0 ; VEGET5==6 (coupe vidange) / 5 ans"
ser,G22,,73,3,2892,83.7132,0.0868,0.001,Épicéa de Sitka,2005-2024,"IGN IFN donnees brutes 2005-2024, Licence Ouverte Etalab v2.0 ; VEGET5==6 (coupe vidange) / 5 ans"
ser,G22,,74J,1,2892,13.2558,0.0046,3e-04,Mélèze du Japon,2005-2024,"IGN IFN donnees brutes 2005-2024, Licence Ouverte Etalab v2.0 ; VEGET5==6 (coupe vidange) / 5 ans"
ser,G23,,02,9,930,9.7583,0.0944,0.0097,Chêne pédonculé,2005-2024,"IGN IFN donnees brutes 2005-2024, Licence Ouverte Etalab v2.0 ; VEGET5==6 (coupe vidange) / 5 ans"
ser,G23,,03,40,930,11.1486,0.4795,0.043,Chêne sessile,2005-2024,"IGN IFN donnees brutes 2005-2024, Licence Ouverte Etalab v2.0 ; VEGET5==6 (coupe vidange) / 5 ans"
ser,G23,,09,24,930,11.7227,0.3025,0.0258,Hêtre,2005-2024,"IGN IFN donnees brutes 2005-2024, Licence Ouverte Etalab v2.0 ; VEGET5==6 (coupe vidange) / 5 ans"
ser,G23,,10,6,930,8.7606,0.0565,0.0065,Châtaignier,2005-2024,"IGN IFN donnees brutes 2005-2024, Licence Ouverte Etalab v2.0 ; VEGET5==6 (coupe vidange) / 5 ans"
ser,G23,,11,19,930,4.7756,0.0976,0.0204,Charme,2005-2024,"IGN IFN donnees brutes 2005-2024, Licence Ouverte Etalab v2.0 ; VEGET5==6 (coupe vidange) / 5 ans"
ser,G23,,12P,1,930,7.8338,0.0084,0.0011,Bouleau pubescent,2005-2024,"IGN IFN donnees brutes 2005-2024, Licence Ouverte Etalab v2.0 ; VEGET5==6 (coupe vidange) / 5 ans"
ser,G23,,12V,15,930,5.7121,0.0921,0.0161,Bouleau verruqueux,2005-2024,"IGN IFN donnees brutes 2005-2024, Licence Ouverte Etalab v2.0 ; VEGET5==6 (coupe vidange) / 5 ans"
ser,G23,,13G,6,930,23.9568,0.1546,0.0065,Aulne glutineux,2005-2024,"IGN IFN donnees brutes 2005-2024, Licence Ouverte Etalab v2.0 ; VEGET5==6 (coupe vidange) / 5 ans"
ser,G23,,14,2,930,9.4894,0.0204,0.0022,Robinier faux acacia,2005-2024,"IGN IFN donnees brutes 2005-2024, Licence Ouverte Etalab v2.0 ; VEGET5==6 (coupe vidange) / 5 ans"
ser,G23,,15S,3,930,9.114,0.0294,0.0032,Érable sycomore,2005-2024,"IGN IFN donnees brutes 2005-2024, Licence Ouverte Etalab v2.0 ; VEGET5==6 (coupe vidange) / 5 ans"
ser,G23,,17C,7,930,11.7248,0.0883,0.0075,Frêne commun,2005-2024,"IGN IFN donnees brutes 2005-2024, Licence Ouverte Etalab v2.0 ; VEGET5==6 (coupe vidange) / 5 ans"
ser,G23,,22M,3,930,10.6525,0.0344,0.0032,Merisier,2005-2024,"IGN IFN donnees brutes 2005-2024, Licence Ouverte Etalab v2.0 ; VEGET5==6 (coupe vidange) / 5 ans"
ser,G23,,24,3,930,3.176,0.0102,0.0032,Tremble,2005-2024,"IGN IFN donnees brutes 2005-2024, Licence Ouverte Etalab v2.0 ; VEGET5==6 (coupe vidange) / 5 ans"
ser,G23,,25M,2,930,1.6382,0.0035,0.0022,Saule marsault,2005-2024,"IGN IFN donnees brutes 2005-2024, Licence Ouverte Etalab v2.0 ; VEGET5==6 (coupe vidange) / 5 ans"
ser,G23,,31,3,930,0.477,0.0015,0.0032,Noisetier coudrier,2005-2024,"IGN IFN donnees brutes 2005-2024, Licence Ouverte Etalab v2.0 ; VEGET5==6 (coupe vidange) / 5 ans"
ser,G23,,41,1,930,0.225,2e-04,0.0011,Alisier torminal,2005-2024,"IGN IFN donnees brutes 2005-2024, Licence Ouverte Etalab v2.0 ; VEGET5==6 (coupe vidange) / 5 ans"
ser,G23,,49IA,3,930,1.5674,0.0051,0.0032,Houx,2005-2024,"IGN IFN donnees brutes 2005-2024, Licence Ouverte Etalab v2.0 ; VEGET5==6 (coupe vidange) / 5 ans"
ser,G23,,49SN,1,930,0.1926,2e-04,0.0011,Sureau noir,2005-2024,"IGN IFN donnees brutes 2005-2024, Licence Ouverte Etalab v2.0 ; VEGET5==6 (coupe vidange) / 5 ans"
ser,G23,,52,2,930,9.8986,0.0213,0.0022,Pin sylvestre,2005-2024,"IGN IFN donnees brutes 2005-2024, Licence Ouverte Etalab v2.0 ; VEGET5==6 (coupe vidange) / 5 ans"
ser,G23,,56,1,930,0.8395,9e-04,0.0011,Pin Weymouth,2005-2024,"IGN IFN donnees brutes 2005-2024, Licence Ouverte Etalab v2.0 ; VEGET5==6 (coupe vidange) / 5 ans"
ser,G23,,61,20,930,18.298,0.3935,0.0215,Sapin pectiné,2005-2024,"IGN IFN donnees brutes 2005-2024, Licence Ouverte Etalab v2.0 ; VEGET5==6 (coupe vidange) / 5 ans"
ser,G23,,62,44,930,26.3051,1.2445,0.0473,Épicéa commun,2005-2024,"IGN IFN donnees brutes 2005-2024, Licence Ouverte Etalab v2.0 ; VEGET5==6 (coupe vidange) / 5 ans"
ser,G23,,63,2,930,69.2446,0.1489,0.0022,Mélèze d'Europe,2005-2024,"IGN IFN donnees brutes 2005-2024, Licence Ouverte Etalab v2.0 ; VEGET5==6 (coupe vidange) / 5 ans"
ser,G23,,64,85,930,26.9989,2.4676,0.0914,Douglas,2005-2024,"IGN IFN donnees brutes 2005-2024, Licence Ouverte Etalab v2.0 ; VEGET5==6 (coupe vidange) / 5 ans"
ser,G23,,72V,3,930,8.1346,0.0262,0.0032,Sapin de Vancouver,2005-2024,"IGN IFN donnees brutes 2005-2024, Licence Ouverte Etalab v2.0 ; VEGET5==6 (coupe vidange) / 5 ans"
ser,G23,,73,1,930,157.2744,0.1691,0.0011,Épicéa de Sitka,2005-2024,"IGN IFN donnees brutes 2005-2024, Licence Ouverte Etalab v2.0 ; VEGET5==6 (coupe vidange) / 5 ans"
ser,G30,,02,2,1051,9.2592,0.0176,0.0019,Chêne pédonculé,2005-2024,"IGN IFN donnees brutes 2005-2024, Licence Ouverte Etalab v2.0 ; VEGET5==6 (coupe vidange) / 5 ans"
ser,G30,,03,2,1051,9.6106,0.0183,0.0019,Chêne sessile,2005-2024,"IGN IFN donnees brutes 2005-2024, Licence Ouverte Etalab v2.0 ; VEGET5==6 (coupe vidange) / 5 ans"
ser,G30,,09,17,1051,16.0266,0.2592,0.0162,Hêtre,2005-2024,"IGN IFN donnees brutes 2005-2024, Licence Ouverte Etalab v2.0 ; VEGET5==6 (coupe vidange) / 5 ans"
ser,G30,,12V,1,1051,1.9818,0.0019,0.001,Bouleau verruqueux,2005-2024,"IGN IFN donnees brutes 2005-2024, Licence Ouverte Etalab v2.0 ; VEGET5==6 (coupe vidange) / 5 ans"
ser,G30,,13G,1,1051,6.0914,0.0058,0.001,Aulne glutineux,2005-2024,"IGN IFN donnees brutes 2005-2024, Licence Ouverte Etalab v2.0 ; VEGET5==6 (coupe vidange) / 5 ans"
ser,G30,,17C,1,1051,3.5521,0.0034,0.001,Frêne commun,2005-2024,"IGN IFN donnees brutes 2005-2024, Licence Ouverte Etalab v2.0 ; VEGET5==6 (coupe vidange) / 5 ans"
ser,G30,,20P,1,1051,3.3186,0.0032,0.001,Tilleul à petites feuilles,2005-2024,"IGN IFN donnees brutes 2005-2024, Licence Ouverte Etalab v2.0 ; VEGET5==6 (coupe vidange) / 5 ans"
ser,G30,,21C,2,1051,2.1396,0.0041,0.0019,Érable champêtre,2005-2024,"IGN IFN donnees brutes 2005-2024, Licence Ouverte Etalab v2.0 ; VEGET5==6 (coupe vidange) / 5 ans"
ser,G30,,23AB,1,1051,1.7268,0.0016,0.001,Alisier blanc,2005-2024,"IGN IFN donnees brutes 2005-2024, Licence Ouverte Etalab v2.0 ; VEGET5==6 (coupe vidange) / 5 ans"
ser,G30,,23PM,1,1051,1.697,0.0016,0.001,Pommier sauvage,2005-2024,"IGN IFN donnees brutes 2005-2024, Licence Ouverte Etalab v2.0 ; VEGET5==6 (coupe vidange) / 5 ans"
ser,G30,,23SO,2,1051,0.9841,0.0019,0.0019,Sorbier des oiseleurs,2005-2024,"IGN IFN donnees brutes 2005-2024, Licence Ouverte Etalab v2.0 ; VEGET5==6 (coupe vidange) / 5 ans"
ser,G30,,25M,1,1051,3.2114,0.0031,0.001,Saule marsault,2005-2024,"IGN IFN donnees brutes 2005-2024, Licence Ouverte Etalab v2.0 ; VEGET5==6 (coupe vidange) / 5 ans"
ser,G30,,49SN,1,1051,5.2364,0.005,0.001,Sureau noir,2005-2024,"IGN IFN donnees brutes 2005-2024, Licence Ouverte Etalab v2.0 ; VEGET5==6 (coupe vidange) / 5 ans"
ser,G30,,52,15,1051,8.2305,0.1175,0.0143,Pin sylvestre,2005-2024,"IGN IFN donnees brutes 2005-2024, Licence Ouverte Etalab v2.0 ; VEGET5==6 (coupe vidange) / 5 ans"
ser,G30,,58,2,1051,3.6358,0.0069,0.0019,Pin à crochets,2005-2024,"IGN IFN donnees brutes 2005-2024, Licence Ouverte Etalab v2.0 ; VEGET5==6 (coupe vidange) / 5 ans"
ser,G30,,61,25,1051,16.033,0.3814,0.0238,Sapin pectiné,2005-2024,"IGN IFN donnees brutes 2005-2024, Licence Ouverte Etalab v2.0 ; VEGET5==6 (coupe vidange) / 5 ans"
ser,G30,,62,47,1051,18.9307,0.8466,0.0447,Épicéa commun,2005-2024,"IGN IFN donnees brutes 2005-2024, Licence Ouverte Etalab v2.0 ; VEGET5==6 (coupe vidange) / 5 ans"
ser,G30,,64,5,1051,40.6786,0.1935,0.0048,Douglas,2005-2024,"IGN IFN donnees brutes 2005-2024, Licence Ouverte Etalab v2.0 ; VEGET5==6 (coupe vidange) / 5 ans"
ser,G30,,72V,1,1051,47.1551,0.0449,0.001,Sapin de Vancouver,2005-2024,"IGN IFN donnees brutes 2005-2024, Licence Ouverte Etalab v2.0 ; VEGET5==6 (coupe vidange) / 5 ans"
ser,G30,,73,1,1051,78.3295,0.0745,0.001,Épicéa de Sitka,2005-2024,"IGN IFN donnees brutes 2005-2024, Licence Ouverte Etalab v2.0 ; VEGET5==6 (coupe vidange) / 5 ans"
ser,G41,,02,1,625,0.4642,7e-04,0.0016,Chêne pédonculé,2005-2024,"IGN IFN donnees brutes 2005-2024, Licence Ouverte Etalab v2.0 ; VEGET5==6 (coupe vidange) / 5 ans"
ser,G41,,03,20,625,17.7863,0.5692,0.032,Chêne sessile,2005-2024,"IGN IFN donnees brutes 2005-2024, Licence Ouverte Etalab v2.0 ; VEGET5==6 (coupe vidange) / 5 ans"
ser,G41,,09,7,625,12.3341,0.1381,0.0112,Hêtre,2005-2024,"IGN IFN donnees brutes 2005-2024, Licence Ouverte Etalab v2.0 ; VEGET5==6 (coupe vidange) / 5 ans"
ser,G41,,10,10,625,7.0096,0.1122,0.016,Châtaignier,2005-2024,"IGN IFN donnees brutes 2005-2024, Licence Ouverte Etalab v2.0 ; VEGET5==6 (coupe vidange) / 5 ans"
ser,G41,,11,10,625,5.8494,0.0936,0.016,Charme,2005-2024,"IGN IFN donnees brutes 2005-2024, Licence Ouverte Etalab v2.0 ; VEGET5==6 (coupe vidange) / 5 ans"
ser,G41,,12V,1,625,0.218,3e-04,0.0016,Bouleau verruqueux,2005-2024,"IGN IFN donnees brutes 2005-2024, Licence Ouverte Etalab v2.0 ; VEGET5==6 (coupe vidange) / 5 ans"
ser,G41,,13G,1,625,2.4796,0.004,0.0016,Aulne glutineux,2005-2024,"IGN IFN donnees brutes 2005-2024, Licence Ouverte Etalab v2.0 ; VEGET5==6 (coupe vidange) / 5 ans"
ser,G41,,14,1,625,18.7077,0.0299,0.0016,Robinier faux acacia,2005-2024,"IGN IFN donnees brutes 2005-2024, Licence Ouverte Etalab v2.0 ; VEGET5==6 (coupe vidange) / 5 ans"
ser,G41,,17C,4,625,7.103,0.0455,0.0064,Frêne commun,2005-2024,"IGN IFN donnees brutes 2005-2024, Licence Ouverte Etalab v2.0 ; VEGET5==6 (coupe vidange) / 5 ans"
ser,G41,,21C,1,625,2.7308,0.0044,0.0016,Érable champêtre,2005-2024,"IGN IFN donnees brutes 2005-2024, Licence Ouverte Etalab v2.0 ; VEGET5==6 (coupe vidange) / 5 ans"
ser,G41,,22M,1,625,3.3544,0.0054,0.0016,Merisier,2005-2024,"IGN IFN donnees brutes 2005-2024, Licence Ouverte Etalab v2.0 ; VEGET5==6 (coupe vidange) / 5 ans"
ser,G41,,23AB,2,625,3.8947,0.0125,0.0032,Alisier blanc,2005-2024,"IGN IFN donnees brutes 2005-2024, Licence Ouverte Etalab v2.0 ; VEGET5==6 (coupe vidange) / 5 ans"
ser,G41,,25M,1,625,1.8534,0.003,0.0016,Saule marsault,2005-2024,"IGN IFN donnees brutes 2005-2024, Licence Ouverte Etalab v2.0 ; VEGET5==6 (coupe vidange) / 5 ans"
ser,G41,,31,2,625,1.6692,0.0053,0.0032,Noisetier coudrier,2005-2024,"IGN IFN donnees brutes 2005-2024, Licence Ouverte Etalab v2.0 ; VEGET5==6 (coupe vidange) / 5 ans"
ser,G41,,49IA,1,625,0.318,5e-04,0.0016,Houx,2005-2024,"IGN IFN donnees brutes 2005-2024, Licence Ouverte Etalab v2.0 ; VEGET5==6 (coupe vidange) / 5 ans"
ser,G41,,52,4,625,22.1858,0.142,0.0064,Pin sylvestre,2005-2024,"IGN IFN donnees brutes 2005-2024, Licence Ouverte Etalab v2.0 ; VEGET5==6 (coupe vidange) / 5 ans"
ser,G41,,61,29,625,51.1564,2.3737,0.0464,Sapin pectiné,2005-2024,"IGN IFN donnees brutes 2005-2024, Licence Ouverte Etalab v2.0 ; VEGET5==6 (coupe vidange) / 5 ans"
ser,G41,,62,9,625,13.1398,0.1892,0.0144,Épicéa commun,2005-2024,"IGN IFN donnees brutes 2005-2024, Licence Ouverte Etalab v2.0 ; VEGET5==6 (coupe vidange) / 5 ans"
ser,G41,,64,61,625,32.3321,3.1556,0.0976,Douglas,2005-2024,"IGN IFN donnees brutes 2005-2024, Licence Ouverte Etalab v2.0 ; VEGET5==6 (coupe vidange) / 5 ans"
ser,G42,,03,6,912,3.9211,0.0258,0.0066,Chêne sessile,2005-2024,"IGN IFN donnees brutes 2005-2024, Licence Ouverte Etalab v2.0 ; VEGET5==6 (coupe vidange) / 5 ans"
ser,G42,,05,1,912,0.1331,1e-04,0.0011,Chêne pubescent,2005-2024,"IGN IFN donnees brutes 2005-2024, Licence Ouverte Etalab v2.0 ; VEGET5==6 (coupe vidange) / 5 ans"
ser,G42,,09,11,912,4.0502,0.0489,0.0121,Hêtre,2005-2024,"IGN IFN donnees brutes 2005-2024, Licence Ouverte Etalab v2.0 ; VEGET5==6 (coupe vidange) / 5 ans"
ser,G42,,10,16,912,7.9291,0.1391,0.0175,Châtaignier,2005-2024,"IGN IFN donnees brutes 2005-2024, Licence Ouverte Etalab v2.0 ; VEGET5==6 (coupe vidange) / 5 ans"
ser,G42,,11,1,912,1.0662,0.0012,0.0011,Charme,2005-2024,"IGN IFN donnees brutes 2005-2024, Licence Ouverte Etalab v2.0 ; VEGET5==6 (coupe vidange) / 5 ans"
ser,G42,,12V,2,912,3.0613,0.0067,0.0022,Bouleau verruqueux,2005-2024,"IGN IFN donnees brutes 2005-2024, Licence Ouverte Etalab v2.0 ; VEGET5==6 (coupe vidange) / 5 ans"
ser,G42,,13G,2,912,16.0372,0.0352,0.0022,Aulne glutineux,2005-2024,"IGN IFN donnees brutes 2005-2024, Licence Ouverte Etalab v2.0 ; VEGET5==6 (coupe vidange) / 5 ans"
ser,G42,,14,3,912,13.0377,0.0429,0.0033,Robinier faux acacia,2005-2024,"IGN IFN donnees brutes 2005-2024, Licence Ouverte Etalab v2.0 ; VEGET5==6 (coupe vidange) / 5 ans"
ser,G42,,15S,3,912,1.4269,0.0047,0.0033,Érable sycomore,2005-2024,"IGN IFN donnees brutes 2005-2024, Licence Ouverte Etalab v2.0 ; VEGET5==6 (coupe vidange) / 5 ans"
ser,G42,,17C,3,912,6.0268,0.0198,0.0033,Frêne commun,2005-2024,"IGN IFN donnees brutes 2005-2024, Licence Ouverte Etalab v2.0 ; VEGET5==6 (coupe vidange) / 5 ans"
ser,G42,,19,2,912,70.9239,0.1555,0.0022,Peuplier cultivé,2005-2024,"IGN IFN donnees brutes 2005-2024, Licence Ouverte Etalab v2.0 ; VEGET5==6 (coupe vidange) / 5 ans"
ser,G42,,22M,2,912,2.8336,0.0062,0.0022,Merisier,2005-2024,"IGN IFN donnees brutes 2005-2024, Licence Ouverte Etalab v2.0 ; VEGET5==6 (coupe vidange) / 5 ans"
ser,G42,,23AB,1,912,0.1405,2e-04,0.0011,Alisier blanc,2005-2024,"IGN IFN donnees brutes 2005-2024, Licence Ouverte Etalab v2.0 ; VEGET5==6 (coupe vidange) / 5 ans"
ser,G42,,24,1,912,2.4354,0.0027,0.0011,Tremble,2005-2024,"IGN IFN donnees brutes 2005-2024, Licence Ouverte Etalab v2.0 ; VEGET5==6 (coupe vidange) / 5 ans"
ser,G42,,31,1,912,0.5807,6e-04,0.0011,Noisetier coudrier,2005-2024,"IGN IFN donnees brutes 2005-2024, Licence Ouverte Etalab v2.0 ; VEGET5==6 (coupe vidange) / 5 ans"
ser,G42,,33B,1,912,1.7394,0.0019,0.0011,Peuplier blanc,2005-2024,"IGN IFN donnees brutes 2005-2024, Licence Ouverte Etalab v2.0 ; VEGET5==6 (coupe vidange) / 5 ans"
ser,G42,,33N,1,912,3.7839,0.0041,0.0011,Peuplier noir,2005-2024,"IGN IFN donnees brutes 2005-2024, Licence Ouverte Etalab v2.0 ; VEGET5==6 (coupe vidange) / 5 ans"
ser,G42,,52,20,912,14.1739,0.3108,0.0219,Pin sylvestre,2005-2024,"IGN IFN donnees brutes 2005-2024, Licence Ouverte Etalab v2.0 ; VEGET5==6 (coupe vidange) / 5 ans"
ser,G42,,61,35,912,21.0268,0.8069,0.0384,Sapin pectiné,2005-2024,"IGN IFN donnees brutes 2005-2024, Licence Ouverte Etalab v2.0 ; VEGET5==6 (coupe vidange) / 5 ans"
ser,G42,,62,13,912,20.976,0.299,0.0143,Épicéa commun,2005-2024,"IGN IFN donnees brutes 2005-2024, Licence Ouverte Etalab v2.0 ; VEGET5==6 (coupe vidange) / 5 ans"
ser,G42,,64,25,912,22.45,0.6154,0.0274,Douglas,2005-2024,"IGN IFN donnees brutes 2005-2024, Licence Ouverte Etalab v2.0 ; VEGET5==6 (coupe vidange) / 5 ans"
ser,G42,,65,1,912,2.1119,0.0023,0.0011,Cèdre de l'Atlas,2005-2024,"IGN IFN donnees brutes 2005-2024, Licence Ouverte Etalab v2.0 ; VEGET5==6 (coupe vidange) / 5 ans"
ser,G42,,72V,3,912,12.6453,0.0416,0.0033,Sapin de Vancouver,2005-2024,"IGN IFN donnees brutes 2005-2024, Licence Ouverte Etalab v2.0 ; VEGET5==6 (coupe vidange) / 5 ans"
ser,G50,,02,18,1363,8.0064,0.1057,0.0132,Chêne pédonculé,2005-2024,"IGN IFN donnees brutes 2005-2024, Licence Ouverte Etalab v2.0 ; VEGET5==6 (coupe vidange) / 5 ans"
ser,G50,,03,4,1363,12.9005,0.0379,0.0029,Chêne sessile,2005-2024,"IGN IFN donnees brutes 2005-2024, Licence Ouverte Etalab v2.0 ; VEGET5==6 (coupe vidange) / 5 ans"
ser,G50,,05,3,1363,23.5407,0.0518,0.0022,Chêne pubescent,2005-2024,"IGN IFN donnees brutes 2005-2024, Licence Ouverte Etalab v2.0 ; VEGET5==6 (coupe vidange) / 5 ans"
ser,G50,,09,12,1363,12.095,0.1065,0.0088,Hêtre,2005-2024,"IGN IFN donnees brutes 2005-2024, Licence Ouverte Etalab v2.0 ; VEGET5==6 (coupe vidange) / 5 ans"
ser,G50,,10,27,1363,11.7024,0.2318,0.0198,Châtaignier,2005-2024,"IGN IFN donnees brutes 2005-2024, Licence Ouverte Etalab v2.0 ; VEGET5==6 (coupe vidange) / 5 ans"
ser,G50,,11,2,1363,4.0773,0.006,0.0015,Charme,2005-2024,"IGN IFN donnees brutes 2005-2024, Licence Ouverte Etalab v2.0 ; VEGET5==6 (coupe vidange) / 5 ans"
ser,G50,,12V,9,1363,4.327,0.0286,0.0066,Bouleau verruqueux,2005-2024,"IGN IFN donnees brutes 2005-2024, Licence Ouverte Etalab v2.0 ; VEGET5==6 (coupe vidange) / 5 ans"
ser,G50,,13G,1,1363,30.0695,0.0221,7e-04,Aulne glutineux,2005-2024,"IGN IFN donnees brutes 2005-2024, Licence Ouverte Etalab v2.0 ; VEGET5==6 (coupe vidange) / 5 ans"
ser,G50,,14,1,1363,0.2123,2e-04,7e-04,Robinier faux acacia,2005-2024,"IGN IFN donnees brutes 2005-2024, Licence Ouverte Etalab v2.0 ; VEGET5==6 (coupe vidange) / 5 ans"
ser,G50,,17C,5,1363,11.3689,0.0417,0.0037,Frêne commun,2005-2024,"IGN IFN donnees brutes 2005-2024, Licence Ouverte Etalab v2.0 ; VEGET5==6 (coupe vidange) / 5 ans"
ser,G50,,22M,7,1363,1.5119,0.0078,0.0051,Merisier,2005-2024,"IGN IFN donnees brutes 2005-2024, Licence Ouverte Etalab v2.0 ; VEGET5==6 (coupe vidange) / 5 ans"
ser,G50,,23SO,1,1363,0.8834,6e-04,7e-04,Sorbier des oiseleurs,2005-2024,"IGN IFN donnees brutes 2005-2024, Licence Ouverte Etalab v2.0 ; VEGET5==6 (coupe vidange) / 5 ans"
ser,G50,,24,2,1363,15.5908,0.0229,0.0015,Tremble,2005-2024,"IGN IFN donnees brutes 2005-2024, Licence Ouverte Etalab v2.0 ; VEGET5==6 (coupe vidange) / 5 ans"
ser,G50,,25C,1,1363,1.8795,0.0014,7e-04,Saule cendré,2005-2024,"IGN IFN donnees brutes 2005-2024, Licence Ouverte Etalab v2.0 ; VEGET5==6 (coupe vidange) / 5 ans"
ser,G50,,25M,1,1363,1.9051,0.0014,7e-04,Saule marsault,2005-2024,"IGN IFN donnees brutes 2005-2024, Licence Ouverte Etalab v2.0 ; VEGET5==6 (coupe vidange) / 5 ans"
ser,G50,,31,2,1363,0.7618,0.0011,0.0015,Noisetier coudrier,2005-2024,"IGN IFN donnees brutes 2005-2024, Licence Ouverte Etalab v2.0 ; VEGET5==6 (coupe vidange) / 5 ans"
ser,G50,,49AM,1,1363,0.4503,3e-04,7e-04,Aubépine monogyne,2005-2024,"IGN IFN donnees brutes 2005-2024, Licence Ouverte Etalab v2.0 ; VEGET5==6 (coupe vidange) / 5 ans"
ser,G50,,49IA,5,1363,0.8613,0.0032,0.0037,Houx,2005-2024,"IGN IFN donnees brutes 2005-2024, Licence Ouverte Etalab v2.0 ; VEGET5==6 (coupe vidange) / 5 ans"
ser,G50,,52,5,1363,13.6036,0.0499,0.0037,Pin sylvestre,2005-2024,"IGN IFN donnees brutes 2005-2024, Licence Ouverte Etalab v2.0 ; VEGET5==6 (coupe vidange) / 5 ans"
ser,G50,,53CO,2,1363,16.3936,0.0241,0.0015,Pin laricio de Corse,2005-2024,"IGN IFN donnees brutes 2005-2024, Licence Ouverte Etalab v2.0 ; VEGET5==6 (coupe vidange) / 5 ans"
ser,G50,,54,1,1363,3.6647,0.0027,7e-04,Pin noir d'Autriche,2005-2024,"IGN IFN donnees brutes 2005-2024, Licence Ouverte Etalab v2.0 ; VEGET5==6 (coupe vidange) / 5 ans"
ser,G50,,61,1,1363,7.9525,0.0058,7e-04,Sapin pectiné,2005-2024,"IGN IFN donnees brutes 2005-2024, Licence Ouverte Etalab v2.0 ; VEGET5==6 (coupe vidange) / 5 ans"
ser,G50,,62,2,1363,10.7286,0.0157,0.0015,Épicéa commun,2005-2024,"IGN IFN donnees brutes 2005-2024, Licence Ouverte Etalab v2.0 ; VEGET5==6 (coupe vidange) / 5 ans"
ser,G50,,64,17,1363,23.4426,0.2924,0.0125,Douglas,2005-2024,"IGN IFN donnees brutes 2005-2024, Licence Ouverte Etalab v2.0 ; VEGET5==6 (coupe vidange) / 5 ans"
ser,G50,,72V,1,1363,51.4169,0.0377,7e-04,Sapin de Vancouver,2005-2024,"IGN IFN donnees brutes 2005-2024, Licence Ouverte Etalab v2.0 ; VEGET5==6 (coupe vidange) / 5 ans"
ser,G60,,03,1,534,1.9442,0.0036,0.0019,Chêne sessile,2005-2024,"IGN IFN donnees brutes 2005-2024, Licence Ouverte Etalab v2.0 ; VEGET5==6 (coupe vidange) / 5 ans"
ser,G60,,05,3,534,8.7345,0.0491,0.0056,Chêne pubescent,2005-2024,"IGN IFN donnees brutes 2005-2024, Licence Ouverte Etalab v2.0 ; VEGET5==6 (coupe vidange) / 5 ans"
ser,G60,,09,1,534,2.013,0.0038,0.0019,Hêtre,2005-2024,"IGN IFN donnees brutes 2005-2024, Licence Ouverte Etalab v2.0 ; VEGET5==6 (coupe vidange) / 5 ans"
ser,G60,,12V,1,534,2.2996,0.0043,0.0019,Bouleau verruqueux,2005-2024,"IGN IFN donnees brutes 2005-2024, Licence Ouverte Etalab v2.0 ; VEGET5==6 (coupe vidange) / 5 ans"
ser,G60,,17C,3,534,1.4371,0.0081,0.0056,Frêne commun,2005-2024,"IGN IFN donnees brutes 2005-2024, Licence Ouverte Etalab v2.0 ; VEGET5==6 (coupe vidange) / 5 ans"
ser,G60,,23AB,1,534,2.1965,0.0041,0.0019,Alisier blanc,2005-2024,"IGN IFN donnees brutes 2005-2024, Licence Ouverte Etalab v2.0 ; VEGET5==6 (coupe vidange) / 5 ans"
ser,G60,,52,9,534,14.9677,0.2523,0.0169,Pin sylvestre,2005-2024,"IGN IFN donnees brutes 2005-2024, Licence Ouverte Etalab v2.0 ; VEGET5==6 (coupe vidange) / 5 ans"
ser,G60,,53CO,1,534,2.5431,0.0048,0.0019,Pin laricio de Corse,2005-2024,"IGN IFN donnees brutes 2005-2024, Licence Ouverte Etalab v2.0 ; VEGET5==6 (coupe vidange) / 5 ans"
ser,G60,,54,7,534,21.249,0.2785,0.0131,Pin noir d'Autriche,2005-2024,"IGN IFN donnees brutes 2005-2024, Licence Ouverte Etalab v2.0 ; VEGET5==6 (coupe vidange) / 5 ans"
ser,G60,,61,1,534,1.8552,0.0035,0.0019,Sapin pectiné,2005-2024,"IGN IFN donnees brutes 2005-2024, Licence Ouverte Etalab v2.0 ; VEGET5==6 (coupe vidange) / 5 ans"
ser,G60,,64,1,534,12.3805,0.0232,0.0019,Douglas,2005-2024,"IGN IFN donnees brutes 2005-2024, Licence Ouverte Etalab v2.0 ; VEGET5==6 (coupe vidange) / 5 ans"
ser,G70,,03,1,744,0.4417,6e-04,0.0013,Chêne sessile,2005-2024,"IGN IFN donnees brutes 2005-2024, Licence Ouverte Etalab v2.0 ; VEGET5==6 (coupe vidange) / 5 ans"
ser,G70,,05,2,744,6.5826,0.0177,0.0027,Chêne pubescent,2005-2024,"IGN IFN donnees brutes 2005-2024, Licence Ouverte Etalab v2.0 ; VEGET5==6 (coupe vidange) / 5 ans"
ser,G70,,06,5,744,6.3096,0.0424,0.0067,Chêne vert,2005-2024,"IGN IFN donnees brutes 2005-2024, Licence Ouverte Etalab v2.0 ; VEGET5==6 (coupe vidange) / 5 ans"
ser,G70,,09,6,744,9.4508,0.0762,0.0081,Hêtre,2005-2024,"IGN IFN donnees brutes 2005-2024, Licence Ouverte Etalab v2.0 ; VEGET5==6 (coupe vidange) / 5 ans"
ser,G70,,10,8,744,4.4156,0.0475,0.0108,Châtaignier,2005-2024,"IGN IFN donnees brutes 2005-2024, Licence Ouverte Etalab v2.0 ; VEGET5==6 (coupe vidange) / 5 ans"
ser,G70,,14,3,744,0.6218,0.0025,0.004,Robinier faux acacia,2005-2024,"IGN IFN donnees brutes 2005-2024, Licence Ouverte Etalab v2.0 ; VEGET5==6 (coupe vidange) / 5 ans"
ser,G70,,17C,1,744,1.264,0.0017,0.0013,Frêne commun,2005-2024,"IGN IFN donnees brutes 2005-2024, Licence Ouverte Etalab v2.0 ; VEGET5==6 (coupe vidange) / 5 ans"
ser,G70,,20P,1,744,3.7477,0.005,0.0013,Tilleul à petites feuilles,2005-2024,"IGN IFN donnees brutes 2005-2024, Licence Ouverte Etalab v2.0 ; VEGET5==6 (coupe vidange) / 5 ans"
ser,G70,,22M,1,744,1.8417,0.0025,0.0013,Merisier,2005-2024,"IGN IFN donnees brutes 2005-2024, Licence Ouverte Etalab v2.0 ; VEGET5==6 (coupe vidange) / 5 ans"
ser,G70,,23SO,1,744,1.8092,0.0024,0.0013,Sorbier des oiseleurs,2005-2024,"IGN IFN donnees brutes 2005-2024, Licence Ouverte Etalab v2.0 ; VEGET5==6 (coupe vidange) / 5 ans"
ser,G70,,51,10,744,19.7588,0.2656,0.0134,Pin maritime,2005-2024,"IGN IFN donnees brutes 2005-2024, Licence Ouverte Etalab v2.0 ; VEGET5==6 (coupe vidange) / 5 ans"
ser,G70,,52,5,744,25.6939,0.1727,0.0067,Pin sylvestre,2005-2024,"IGN IFN donnees brutes 2005-2024, Licence Ouverte Etalab v2.0 ; VEGET5==6 (coupe vidange) / 5 ans"
ser,G70,,53CO,7,744,5.3494,0.0503,0.0094,Pin laricio de Corse,2005-2024,"IGN IFN donnees brutes 2005-2024, Licence Ouverte Etalab v2.0 ; VEGET5==6 (coupe vidange) / 5 ans"
ser,G70,,55,1,744,2.82,0.0038,0.0013,Pin parasol,2005-2024,"IGN IFN donnees brutes 2005-2024, Licence Ouverte Etalab v2.0 ; VEGET5==6 (coupe vidange) / 5 ans"
ser,G70,,58,4,744,5.7125,0.0307,0.0054,Pin à crochets,2005-2024,"IGN IFN donnees brutes 2005-2024, Licence Ouverte Etalab v2.0 ; VEGET5==6 (coupe vidange) / 5 ans"
ser,G70,,61,2,744,6.1054,0.0164,0.0027,Sapin pectiné,2005-2024,"IGN IFN donnees brutes 2005-2024, Licence Ouverte Etalab v2.0 ; VEGET5==6 (coupe vidange) / 5 ans"
ser,G70,,62,4,744,13.6482,0.0734,0.0054,Épicéa commun,2005-2024,"IGN IFN donnees brutes 2005-2024, Licence Ouverte Etalab v2.0 ; VEGET5==6 (coupe vidange) / 5 ans"
ser,G70,,64,6,744,29.2207,0.2357,0.0081,Douglas,2005-2024,"IGN IFN donnees brutes 2005-2024, Licence Ouverte Etalab v2.0 ; VEGET5==6 (coupe vidange) / 5 ans"
ser,G70,,65,1,744,74.657,0.1003,0.0013,Cèdre de l'Atlas,2005-2024,"IGN IFN donnees brutes 2005-2024, Licence Ouverte Etalab v2.0 ; VEGET5==6 (coupe vidange) / 5 ans"
ser,G70,,69JO,1,744,1.2486,0.0017,0.0013,Genévrier oxycèdre,2005-2024,"IGN IFN donnees brutes 2005-2024, Licence Ouverte Etalab v2.0 ; VEGET5==6 (coupe vidange) / 5 ans"
ser,G70,,72V,2,744,31.8831,0.0857,0.0027,Sapin de Vancouver,2005-2024,"IGN IFN donnees brutes 2005-2024, Licence Ouverte Etalab v2.0 ; VEGET5==6 (coupe vidange) / 5 ans"
ser,G80,,02,4,766,5.2884,0.0276,0.0052,Chêne pédonculé,2005-2024,"IGN IFN donnees brutes 2005-2024, Licence Ouverte Etalab v2.0 ; VEGET5==6 (coupe vidange) / 5 ans"
ser,G80,,03,7,766,5.5636,0.0508,0.0091,Chêne sessile,2005-2024,"IGN IFN donnees brutes 2005-2024, Licence Ouverte Etalab v2.0 ; VEGET5==6 (coupe vidange) / 5 ans"
ser,G80,,05,1,766,0.1762,2e-04,0.0013,Chêne pubescent,2005-2024,"IGN IFN donnees brutes 2005-2024, Licence Ouverte Etalab v2.0 ; VEGET5==6 (coupe vidange) / 5 ans"
ser,G80,,06,1,766,1.7522,0.0023,0.0013,Chêne vert,2005-2024,"IGN IFN donnees brutes 2005-2024, Licence Ouverte Etalab v2.0 ; VEGET5==6 (coupe vidange) / 5 ans"
ser,G80,,09,11,766,8.646,0.1242,0.0144,Hêtre,2005-2024,"IGN IFN donnees brutes 2005-2024, Licence Ouverte Etalab v2.0 ; VEGET5==6 (coupe vidange) / 5 ans"
ser,G80,,10,8,766,9.4842,0.0991,0.0104,Châtaignier,2005-2024,"IGN IFN donnees brutes 2005-2024, Licence Ouverte Etalab v2.0 ; VEGET5==6 (coupe vidange) / 5 ans"
ser,G80,,14,1,766,13.2559,0.0173,0.0013,Robinier faux acacia,2005-2024,"IGN IFN donnees brutes 2005-2024, Licence Ouverte Etalab v2.0 ; VEGET5==6 (coupe vidange) / 5 ans"
ser,G80,,15S,1,766,10.3595,0.0135,0.0013,Érable sycomore,2005-2024,"IGN IFN donnees brutes 2005-2024, Licence Ouverte Etalab v2.0 ; VEGET5==6 (coupe vidange) / 5 ans"
ser,G80,,17C,4,766,12.2463,0.0639,0.0052,Frêne commun,2005-2024,"IGN IFN donnees brutes 2005-2024, Licence Ouverte Etalab v2.0 ; VEGET5==6 (coupe vidange) / 5 ans"
ser,G80,,19,2,766,13.186,0.0344,0.0026,Peuplier cultivé,2005-2024,"IGN IFN donnees brutes 2005-2024, Licence Ouverte Etalab v2.0 ; VEGET5==6 (coupe vidange) / 5 ans"
ser,G80,,21C,1,766,9.2706,0.0121,0.0013,Érable champêtre,2005-2024,"IGN IFN donnees brutes 2005-2024, Licence Ouverte Etalab v2.0 ; VEGET5==6 (coupe vidange) / 5 ans"
ser,G80,,22M,1,766,3.8045,0.005,0.0013,Merisier,2005-2024,"IGN IFN donnees brutes 2005-2024, Licence Ouverte Etalab v2.0 ; VEGET5==6 (coupe vidange) / 5 ans"
ser,G80,,23AB,1,766,1.8534,0.0024,0.0013,Alisier blanc,2005-2024,"IGN IFN donnees brutes 2005-2024, Licence Ouverte Etalab v2.0 ; VEGET5==6 (coupe vidange) / 5 ans"
ser,G80,,23PM,1,766,1.7132,0.0022,0.0013,Pommier sauvage,2005-2024,"IGN IFN donnees brutes 2005-2024, Licence Ouverte Etalab v2.0 ; VEGET5==6 (coupe vidange) / 5 ans"
ser,G80,,25M,1,766,2.3657,0.0031,0.0013,Saule marsault,2005-2024,"IGN IFN donnees brutes 2005-2024, Licence Ouverte Etalab v2.0 ; VEGET5==6 (coupe vidange) / 5 ans"
ser,G80,,31,1,766,2.7627,0.0036,0.0013,Noisetier coudrier,2005-2024,"IGN IFN donnees brutes 2005-2024, Licence Ouverte Etalab v2.0 ; VEGET5==6 (coupe vidange) / 5 ans"
ser,G80,,49AM,1,766,3.1542,0.0041,0.0013,Aubépine monogyne,2005-2024,"IGN IFN donnees brutes 2005-2024, Licence Ouverte Etalab v2.0 ; VEGET5==6 (coupe vidange) / 5 ans"
ser,G80,,49IA,1,766,0.1378,2e-04,0.0013,Houx,2005-2024,"IGN IFN donnees brutes 2005-2024, Licence Ouverte Etalab v2.0 ; VEGET5==6 (coupe vidange) / 5 ans"
ser,G80,,52,2,766,10.836,0.0283,0.0026,Pin sylvestre,2005-2024,"IGN IFN donnees brutes 2005-2024, Licence Ouverte Etalab v2.0 ; VEGET5==6 (coupe vidange) / 5 ans"
ser,G80,,53CO,6,766,17.1232,0.1341,0.0078,Pin laricio de Corse,2005-2024,"IGN IFN donnees brutes 2005-2024, Licence Ouverte Etalab v2.0 ; VEGET5==6 (coupe vidange) / 5 ans"
ser,G80,,61,15,766,18.6742,0.3657,0.0196,Sapin pectiné,2005-2024,"IGN IFN donnees brutes 2005-2024, Licence Ouverte Etalab v2.0 ; VEGET5==6 (coupe vidange) / 5 ans"
ser,G80,,62,22,766,27.5599,0.7915,0.0287,Épicéa commun,2005-2024,"IGN IFN donnees brutes 2005-2024, Licence Ouverte Etalab v2.0 ; VEGET5==6 (coupe vidange) / 5 ans"
ser,G80,,64,18,766,18.3111,0.4303,0.0235,Douglas,2005-2024,"IGN IFN donnees brutes 2005-2024, Licence Ouverte Etalab v2.0 ; VEGET5==6 (coupe vidange) / 5 ans"
ser,G80,,65,1,766,22.797,0.0298,0.0013,Cèdre de l'Atlas,2005-2024,"IGN IFN donnees brutes 2005-2024, Licence Ouverte Etalab v2.0 ; VEGET5==6 (coupe vidange) / 5 ans"
ser,G80,,73,2,766,84.2054,0.2199,0.0026,Épicéa de Sitka,2005-2024,"IGN IFN donnees brutes 2005-2024, Licence Ouverte Etalab v2.0 ; VEGET5==6 (coupe vidange) / 5 ans"
ser,G90,,02,12,677,7.1483,0.1267,0.0177,Chêne pédonculé,2005-2024,"IGN IFN donnees brutes 2005-2024, Licence Ouverte Etalab v2.0 ; VEGET5==6 (coupe vidange) / 5 ans"
ser,G90,,03,23,677,7.7003,0.2616,0.034,Chêne sessile,2005-2024,"IGN IFN donnees brutes 2005-2024, Licence Ouverte Etalab v2.0 ; VEGET5==6 (coupe vidange) / 5 ans"
ser,G90,,04,3,677,10.7803,0.0478,0.0044,Chêne rouge,2005-2024,"IGN IFN donnees brutes 2005-2024, Licence Ouverte Etalab v2.0 ; VEGET5==6 (coupe vidange) / 5 ans"
ser,G90,,05,2,677,5.7344,0.0169,0.003,Chêne pubescent,2005-2024,"IGN IFN donnees brutes 2005-2024, Licence Ouverte Etalab v2.0 ; VEGET5==6 (coupe vidange) / 5 ans"
ser,G90,,09,3,677,10.2424,0.0454,0.0044,Hêtre,2005-2024,"IGN IFN donnees brutes 2005-2024, Licence Ouverte Etalab v2.0 ; VEGET5==6 (coupe vidange) / 5 ans"
ser,G90,,10,2,677,3.9093,0.0115,0.003,Châtaignier,2005-2024,"IGN IFN donnees brutes 2005-2024, Licence Ouverte Etalab v2.0 ; VEGET5==6 (coupe vidange) / 5 ans"
ser,G90,,11,6,677,1.5707,0.0139,0.0089,Charme,2005-2024,"IGN IFN donnees brutes 2005-2024, Licence Ouverte Etalab v2.0 ; VEGET5==6 (coupe vidange) / 5 ans"
ser,G90,,12V,3,677,7.8405,0.0347,0.0044,Bouleau verruqueux,2005-2024,"IGN IFN donnees brutes 2005-2024, Licence Ouverte Etalab v2.0 ; VEGET5==6 (coupe vidange) / 5 ans"
ser,G90,,13G,1,677,0.6234,9e-04,0.0015,Aulne glutineux,2005-2024,"IGN IFN donnees brutes 2005-2024, Licence Ouverte Etalab v2.0 ; VEGET5==6 (coupe vidange) / 5 ans"
ser,G90,,14,5,677,5.589,0.0413,0.0074,Robinier faux acacia,2005-2024,"IGN IFN donnees brutes 2005-2024, Licence Ouverte Etalab v2.0 ; VEGET5==6 (coupe vidange) / 5 ans"
ser,G90,,15P,2,677,1.5891,0.0047,0.003,Érable plane,2005-2024,"IGN IFN donnees brutes 2005-2024, Licence Ouverte Etalab v2.0 ; VEGET5==6 (coupe vidange) / 5 ans"
ser,G90,,15S,1,677,0.4616,7e-04,0.0015,Érable sycomore,2005-2024,"IGN IFN donnees brutes 2005-2024, Licence Ouverte Etalab v2.0 ; VEGET5==6 (coupe vidange) / 5 ans"
ser,G90,,17C,3,677,10.1811,0.0451,0.0044,Frêne commun,2005-2024,"IGN IFN donnees brutes 2005-2024, Licence Ouverte Etalab v2.0 ; VEGET5==6 (coupe vidange) / 5 ans"
ser,G90,,18C,3,677,0.7766,0.0034,0.0044,Orme champêtre,2005-2024,"IGN IFN donnees brutes 2005-2024, Licence Ouverte Etalab v2.0 ; VEGET5==6 (coupe vidange) / 5 ans"
ser,G90,,19,4,677,14.3642,0.0849,0.0059,Peuplier cultivé,2005-2024,"IGN IFN donnees brutes 2005-2024, Licence Ouverte Etalab v2.0 ; VEGET5==6 (coupe vidange) / 5 ans"
ser,G90,,22M,2,677,0.8744,0.0026,0.003,Merisier,2005-2024,"IGN IFN donnees brutes 2005-2024, Licence Ouverte Etalab v2.0 ; VEGET5==6 (coupe vidange) / 5 ans"
ser,G90,,22S,1,677,0.5148,8e-04,0.0015,Cerisier tardif,2005-2024,"IGN IFN donnees brutes 2005-2024, Licence Ouverte Etalab v2.0 ; VEGET5==6 (coupe vidange) / 5 ans"
ser,G90,,25B,1,677,2.0096,0.003,0.0015,Saule blanc,2005-2024,"IGN IFN donnees brutes 2005-2024, Licence Ouverte Etalab v2.0 ; VEGET5==6 (coupe vidange) / 5 ans"
ser,G90,,25M,2,677,1.5781,0.0047,0.003,Saule marsault,2005-2024,"IGN IFN donnees brutes 2005-2024, Licence Ouverte Etalab v2.0 ; VEGET5==6 (coupe vidange) / 5 ans"
ser,G90,,52,11,677,23.4353,0.3808,0.0162,Pin sylvestre,2005-2024,"IGN IFN donnees brutes 2005-2024, Licence Ouverte Etalab v2.0 ; VEGET5==6 (coupe vidange) / 5 ans"
ser,G90,,53CO,3,677,10.8284,0.048,0.0044,Pin laricio de Corse,2005-2024,"IGN IFN donnees brutes 2005-2024, Licence Ouverte Etalab v2.0 ; VEGET5==6 (coupe vidange) / 5 ans"
ser,G90,,56,1,677,18.6496,0.0275,0.0015,Pin Weymouth,2005-2024,"IGN IFN donnees brutes 2005-2024, Licence Ouverte Etalab v2.0 ; VEGET5==6 (coupe vidange) / 5 ans"
ser,G90,,61,1,677,10.3509,0.0153,0.0015,Sapin pectiné,2005-2024,"IGN IFN donnees brutes 2005-2024, Licence Ouverte Etalab v2.0 ; VEGET5==6 (coupe vidange) / 5 ans"
ser,G90,,64,10,677,32.4786,0.4797,0.0148,Douglas,2005-2024,"IGN IFN donnees brutes 2005-2024, Licence Ouverte Etalab v2.0 ; VEGET5==6 (coupe vidange) / 5 ans"
ser,G90,,72V,1,677,0.3503,5e-04,0.0015,Sapin de Vancouver,2005-2024,"IGN IFN donnees brutes 2005-2024, Licence Ouverte Etalab v2.0 ; VEGET5==6 (coupe vidange) / 5 ans"
ser,H10,,03,2,1283,6.3492,0.0099,0.0016,Chêne sessile,2005-2024,"IGN IFN donnees brutes 2005-2024, Licence Ouverte Etalab v2.0 ; VEGET5==6 (coupe vidange) / 5 ans"
ser,H10,,09,39,1283,13.033,0.3962,0.0304,Hêtre,2005-2024,"IGN IFN donnees brutes 2005-2024, Licence Ouverte Etalab v2.0 ; VEGET5==6 (coupe vidange) / 5 ans"
ser,H10,,10,4,1283,8.5849,0.0268,0.0031,Châtaignier,2005-2024,"IGN IFN donnees brutes 2005-2024, Licence Ouverte Etalab v2.0 ; VEGET5==6 (coupe vidange) / 5 ans"
ser,H10,,11,3,1283,3.1089,0.0073,0.0023,Charme,2005-2024,"IGN IFN donnees brutes 2005-2024, Licence Ouverte Etalab v2.0 ; VEGET5==6 (coupe vidange) / 5 ans"
ser,H10,,12V,2,1283,0.871,0.0014,0.0016,Bouleau verruqueux,2005-2024,"IGN IFN donnees brutes 2005-2024, Licence Ouverte Etalab v2.0 ; VEGET5==6 (coupe vidange) / 5 ans"
ser,H10,,13B,1,1283,34.9443,0.0272,8e-04,Aulne blanc,2005-2024,"IGN IFN donnees brutes 2005-2024, Licence Ouverte Etalab v2.0 ; VEGET5==6 (coupe vidange) / 5 ans"
ser,H10,,15P,2,1283,4.6867,0.0073,0.0016,Érable plane,2005-2024,"IGN IFN donnees brutes 2005-2024, Licence Ouverte Etalab v2.0 ; VEGET5==6 (coupe vidange) / 5 ans"
ser,H10,,15S,13,1283,4.5685,0.0463,0.0101,Érable sycomore,2005-2024,"IGN IFN donnees brutes 2005-2024, Licence Ouverte Etalab v2.0 ; VEGET5==6 (coupe vidange) / 5 ans"
ser,H10,,17C,8,1283,6.8874,0.0429,0.0062,Frêne commun,2005-2024,"IGN IFN donnees brutes 2005-2024, Licence Ouverte Etalab v2.0 ; VEGET5==6 (coupe vidange) / 5 ans"
ser,H10,,20G,5,1283,6.9682,0.0272,0.0039,Tilleul à grandes feuilles,2005-2024,"IGN IFN donnees brutes 2005-2024, Licence Ouverte Etalab v2.0 ; VEGET5==6 (coupe vidange) / 5 ans"
ser,H10,,21C,1,1283,0.6086,5e-04,8e-04,Érable champêtre,2005-2024,"IGN IFN donnees brutes 2005-2024, Licence Ouverte Etalab v2.0 ; VEGET5==6 (coupe vidange) / 5 ans"
ser,H10,,21O,1,1283,4.0214,0.0031,8e-04,Érable à feuilles d'obier,2005-2024,"IGN IFN donnees brutes 2005-2024, Licence Ouverte Etalab v2.0 ; VEGET5==6 (coupe vidange) / 5 ans"
ser,H10,,23SO,2,1283,1.5751,0.0025,0.0016,Sorbier des oiseleurs,2005-2024,"IGN IFN donnees brutes 2005-2024, Licence Ouverte Etalab v2.0 ; VEGET5==6 (coupe vidange) / 5 ans"
ser,H10,,24,2,1283,2.6252,0.0041,0.0016,Tremble,2005-2024,"IGN IFN donnees brutes 2005-2024, Licence Ouverte Etalab v2.0 ; VEGET5==6 (coupe vidange) / 5 ans"
ser,H10,,25M,4,1283,2.1269,0.0066,0.0031,Saule marsault,2005-2024,"IGN IFN donnees brutes 2005-2024, Licence Ouverte Etalab v2.0 ; VEGET5==6 (coupe vidange) / 5 ans"
ser,H10,,31,3,1283,0.4065,0.001,0.0023,Noisetier coudrier,2005-2024,"IGN IFN donnees brutes 2005-2024, Licence Ouverte Etalab v2.0 ; VEGET5==6 (coupe vidange) / 5 ans"
ser,H10,,61,47,1283,18.1487,0.6648,0.0366,Sapin pectiné,2005-2024,"IGN IFN donnees brutes 2005-2024, Licence Ouverte Etalab v2.0 ; VEGET5==6 (coupe vidange) / 5 ans"
ser,H10,,62,83,1283,31.7894,2.0565,0.0647,Épicéa commun,2005-2024,"IGN IFN donnees brutes 2005-2024, Licence Ouverte Etalab v2.0 ; VEGET5==6 (coupe vidange) / 5 ans"
ser,H10,,63,2,1283,11.0391,0.0172,0.0016,Mélèze d'Europe,2005-2024,"IGN IFN donnees brutes 2005-2024, Licence Ouverte Etalab v2.0 ; VEGET5==6 (coupe vidange) / 5 ans"
ser,H10,,74J,1,1283,67.8308,0.0529,8e-04,Mélèze du Japon,2005-2024,"IGN IFN donnees brutes 2005-2024, Licence Ouverte Etalab v2.0 ; VEGET5==6 (coupe vidange) / 5 ans"
ser,H21,,03,1,521,17.1333,0.0329,0.0019,Chêne sessile,2005-2024,"IGN IFN donnees brutes 2005-2024, Licence Ouverte Etalab v2.0 ; VEGET5==6 (coupe vidange) / 5 ans"
ser,H21,,09,11,521,10.7083,0.2261,0.0211,Hêtre,2005-2024,"IGN IFN donnees brutes 2005-2024, Licence Ouverte Etalab v2.0 ; VEGET5==6 (coupe vidange) / 5 ans"
ser,H21,,10,2,521,3.6905,0.0142,0.0038,Châtaignier,2005-2024,"IGN IFN donnees brutes 2005-2024, Licence Ouverte Etalab v2.0 ; VEGET5==6 (coupe vidange) / 5 ans"
ser,H21,,11,1,521,2.3761,0.0046,0.0019,Charme,2005-2024,"IGN IFN donnees brutes 2005-2024, Licence Ouverte Etalab v2.0 ; VEGET5==6 (coupe vidange) / 5 ans"
ser,H21,,12V,1,521,3.6129,0.0069,0.0019,Bouleau verruqueux,2005-2024,"IGN IFN donnees brutes 2005-2024, Licence Ouverte Etalab v2.0 ; VEGET5==6 (coupe vidange) / 5 ans"
ser,H21,,13B,1,521,2.3112,0.0044,0.0019,Aulne blanc,2005-2024,"IGN IFN donnees brutes 2005-2024, Licence Ouverte Etalab v2.0 ; VEGET5==6 (coupe vidange) / 5 ans"
ser,H21,,14,1,521,0.7446,0.0014,0.0019,Robinier faux acacia,2005-2024,"IGN IFN donnees brutes 2005-2024, Licence Ouverte Etalab v2.0 ; VEGET5==6 (coupe vidange) / 5 ans"
ser,H21,,15S,2,521,2.1824,0.0084,0.0038,Érable sycomore,2005-2024,"IGN IFN donnees brutes 2005-2024, Licence Ouverte Etalab v2.0 ; VEGET5==6 (coupe vidange) / 5 ans"
ser,H21,,17C,5,521,3.3459,0.0321,0.0096,Frêne commun,2005-2024,"IGN IFN donnees brutes 2005-2024, Licence Ouverte Etalab v2.0 ; VEGET5==6 (coupe vidange) / 5 ans"
ser,H21,,21C,1,521,0.1889,4e-04,0.0019,Érable champêtre,2005-2024,"IGN IFN donnees brutes 2005-2024, Licence Ouverte Etalab v2.0 ; VEGET5==6 (coupe vidange) / 5 ans"
ser,H21,,23SO,2,521,2.102,0.0081,0.0038,Sorbier des oiseleurs,2005-2024,"IGN IFN donnees brutes 2005-2024, Licence Ouverte Etalab v2.0 ; VEGET5==6 (coupe vidange) / 5 ans"
ser,H21,,24,1,521,8.429,0.0162,0.0019,Tremble,2005-2024,"IGN IFN donnees brutes 2005-2024, Licence Ouverte Etalab v2.0 ; VEGET5==6 (coupe vidange) / 5 ans"
ser,H21,,31,1,521,0.5889,0.0011,0.0019,Noisetier coudrier,2005-2024,"IGN IFN donnees brutes 2005-2024, Licence Ouverte Etalab v2.0 ; VEGET5==6 (coupe vidange) / 5 ans"
ser,H21,,33N,1,521,27.6282,0.053,0.0019,Peuplier noir,2005-2024,"IGN IFN donnees brutes 2005-2024, Licence Ouverte Etalab v2.0 ; VEGET5==6 (coupe vidange) / 5 ans"
ser,H21,,49AM,1,521,0.7986,0.0015,0.0019,Aubépine monogyne,2005-2024,"IGN IFN donnees brutes 2005-2024, Licence Ouverte Etalab v2.0 ; VEGET5==6 (coupe vidange) / 5 ans"
ser,H21,,61,17,521,17.3101,0.5648,0.0326,Sapin pectiné,2005-2024,"IGN IFN donnees brutes 2005-2024, Licence Ouverte Etalab v2.0 ; VEGET5==6 (coupe vidange) / 5 ans"
ser,H21,,62,40,521,24.808,1.9046,0.0768,Épicéa commun,2005-2024,"IGN IFN donnees brutes 2005-2024, Licence Ouverte Etalab v2.0 ; VEGET5==6 (coupe vidange) / 5 ans"
ser,H22,,03,1,454,0.2913,6e-04,0.0022,Chêne sessile,2005-2024,"IGN IFN donnees brutes 2005-2024, Licence Ouverte Etalab v2.0 ; VEGET5==6 (coupe vidange) / 5 ans"
ser,H22,,09,3,454,8.6336,0.057,0.0066,Hêtre,2005-2024,"IGN IFN donnees brutes 2005-2024, Licence Ouverte Etalab v2.0 ; VEGET5==6 (coupe vidange) / 5 ans"
ser,H22,,13B,2,454,2.8047,0.0124,0.0044,Aulne blanc,2005-2024,"IGN IFN donnees brutes 2005-2024, Licence Ouverte Etalab v2.0 ; VEGET5==6 (coupe vidange) / 5 ans"
ser,H22,,15S,1,454,5.7641,0.0127,0.0022,Érable sycomore,2005-2024,"IGN IFN donnees brutes 2005-2024, Licence Ouverte Etalab v2.0 ; VEGET5==6 (coupe vidange) / 5 ans"
ser,H22,,17C,1,454,21.5453,0.0475,0.0022,Frêne commun,2005-2024,"IGN IFN donnees brutes 2005-2024, Licence Ouverte Etalab v2.0 ; VEGET5==6 (coupe vidange) / 5 ans"
ser,H22,,24,2,454,4.3393,0.0191,0.0044,Tremble,2005-2024,"IGN IFN donnees brutes 2005-2024, Licence Ouverte Etalab v2.0 ; VEGET5==6 (coupe vidange) / 5 ans"
ser,H22,,25M,1,454,0.2351,5e-04,0.0022,Saule marsault,2005-2024,"IGN IFN donnees brutes 2005-2024, Licence Ouverte Etalab v2.0 ; VEGET5==6 (coupe vidange) / 5 ans"
ser,H22,,52,1,454,3.0849,0.0068,0.0022,Pin sylvestre,2005-2024,"IGN IFN donnees brutes 2005-2024, Licence Ouverte Etalab v2.0 ; VEGET5==6 (coupe vidange) / 5 ans"
ser,H22,,59,2,454,4.4763,0.0197,0.0044,Pin cembro,2005-2024,"IGN IFN donnees brutes 2005-2024, Licence Ouverte Etalab v2.0 ; VEGET5==6 (coupe vidange) / 5 ans"
ser,H22,,61,4,454,11.1539,0.0983,0.0088,Sapin pectiné,2005-2024,"IGN IFN donnees brutes 2005-2024, Licence Ouverte Etalab v2.0 ; VEGET5==6 (coupe vidange) / 5 ans"
ser,H22,,62,8,454,22.5128,0.3967,0.0176,Épicéa commun,2005-2024,"IGN IFN donnees brutes 2005-2024, Licence Ouverte Etalab v2.0 ; VEGET5==6 (coupe vidange) / 5 ans"
ser,H22,,63,1,454,3.56,0.0078,0.0022,Mélèze d'Europe,2005-2024,"IGN IFN donnees brutes 2005-2024, Licence Ouverte Etalab v2.0 ; VEGET5==6 (coupe vidange) / 5 ans"
ser,H30,,05,9,2127,6.4834,0.0274,0.0042,Chêne pubescent,2005-2024,"IGN IFN donnees brutes 2005-2024, Licence Ouverte Etalab v2.0 ; VEGET5==6 (coupe vidange) / 5 ans"
ser,H30,,09,5,2127,9.7552,0.0229,0.0024,Hêtre,2005-2024,"IGN IFN donnees brutes 2005-2024, Licence Ouverte Etalab v2.0 ; VEGET5==6 (coupe vidange) / 5 ans"
ser,H30,,15P,1,2127,2.1755,0.001,5e-04,Érable plane,2005-2024,"IGN IFN donnees brutes 2005-2024, Licence Ouverte Etalab v2.0 ; VEGET5==6 (coupe vidange) / 5 ans"
ser,H30,,15S,1,2127,4.1274,0.0019,5e-04,Érable sycomore,2005-2024,"IGN IFN donnees brutes 2005-2024, Licence Ouverte Etalab v2.0 ; VEGET5==6 (coupe vidange) / 5 ans"
ser,H30,,17C,1,2127,3.5992,0.0017,5e-04,Frêne commun,2005-2024,"IGN IFN donnees brutes 2005-2024, Licence Ouverte Etalab v2.0 ; VEGET5==6 (coupe vidange) / 5 ans"
ser,H30,,23AB,1,2127,0.5221,2e-04,5e-04,Alisier blanc,2005-2024,"IGN IFN donnees brutes 2005-2024, Licence Ouverte Etalab v2.0 ; VEGET5==6 (coupe vidange) / 5 ans"
ser,H30,,24,1,2127,3.6683,0.0017,5e-04,Tremble,2005-2024,"IGN IFN donnees brutes 2005-2024, Licence Ouverte Etalab v2.0 ; VEGET5==6 (coupe vidange) / 5 ans"
ser,H30,,25B,1,2127,6.1609,0.0029,5e-04,Saule blanc,2005-2024,"IGN IFN donnees brutes 2005-2024, Licence Ouverte Etalab v2.0 ; VEGET5==6 (coupe vidange) / 5 ans"
ser,H30,,33N,1,2127,8.7669,0.0041,5e-04,Peuplier noir,2005-2024,"IGN IFN donnees brutes 2005-2024, Licence Ouverte Etalab v2.0 ; VEGET5==6 (coupe vidange) / 5 ans"
ser,H30,,49AM,1,2127,0.1849,1e-04,5e-04,Aubépine monogyne,2005-2024,"IGN IFN donnees brutes 2005-2024, Licence Ouverte Etalab v2.0 ; VEGET5==6 (coupe vidange) / 5 ans"
ser,H30,,52,39,2127,13.9473,0.2557,0.0183,Pin sylvestre,2005-2024,"IGN IFN donnees brutes 2005-2024, Licence Ouverte Etalab v2.0 ; VEGET5==6 (coupe vidange) / 5 ans"
ser,H30,,54,23,2127,14.1319,0.1528,0.0108,Pin noir d'Autriche,2005-2024,"IGN IFN donnees brutes 2005-2024, Licence Ouverte Etalab v2.0 ; VEGET5==6 (coupe vidange) / 5 ans"
ser,H30,,58,1,2127,0.2881,1e-04,5e-04,Pin à crochets,2005-2024,"IGN IFN donnees brutes 2005-2024, Licence Ouverte Etalab v2.0 ; VEGET5==6 (coupe vidange) / 5 ans"
ser,H30,,61,9,2127,15.804,0.0669,0.0042,Sapin pectiné,2005-2024,"IGN IFN donnees brutes 2005-2024, Licence Ouverte Etalab v2.0 ; VEGET5==6 (coupe vidange) / 5 ans"
ser,H30,,62,1,2127,0.875,4e-04,5e-04,Épicéa commun,2005-2024,"IGN IFN donnees brutes 2005-2024, Licence Ouverte Etalab v2.0 ; VEGET5==6 (coupe vidange) / 5 ans"
ser,H30,,63,3,2127,6.406,0.009,0.0014,Mélèze d'Europe,2005-2024,"IGN IFN donnees brutes 2005-2024, Licence Ouverte Etalab v2.0 ; VEGET5==6 (coupe vidange) / 5 ans"
ser,H30,,69JC,3,2127,0.5331,8e-04,0.0014,Genévrier commun,2005-2024,"IGN IFN donnees brutes 2005-2024, Licence Ouverte Etalab v2.0 ; VEGET5==6 (coupe vidange) / 5 ans"
ser,H41,,03,1,733,5.1108,0.007,0.0014,Chêne sessile,2005-2024,"IGN IFN donnees brutes 2005-2024, Licence Ouverte Etalab v2.0 ; VEGET5==6 (coupe vidange) / 5 ans"
ser,H41,,09,6,733,5.712,0.0468,0.0082,Hêtre,2005-2024,"IGN IFN donnees brutes 2005-2024, Licence Ouverte Etalab v2.0 ; VEGET5==6 (coupe vidange) / 5 ans"
ser,H41,,10,1,733,16.3383,0.0223,0.0014,Châtaignier,2005-2024,"IGN IFN donnees brutes 2005-2024, Licence Ouverte Etalab v2.0 ; VEGET5==6 (coupe vidange) / 5 ans"
ser,H41,,17C,1,733,0.2386,3e-04,0.0014,Frêne commun,2005-2024,"IGN IFN donnees brutes 2005-2024, Licence Ouverte Etalab v2.0 ; VEGET5==6 (coupe vidange) / 5 ans"
ser,H41,,22M,1,733,0.3054,4e-04,0.0014,Merisier,2005-2024,"IGN IFN donnees brutes 2005-2024, Licence Ouverte Etalab v2.0 ; VEGET5==6 (coupe vidange) / 5 ans"
ser,H41,,23AB,1,733,1.5758,0.0021,0.0014,Alisier blanc,2005-2024,"IGN IFN donnees brutes 2005-2024, Licence Ouverte Etalab v2.0 ; VEGET5==6 (coupe vidange) / 5 ans"
ser,H41,,52,13,733,15.0253,0.2665,0.0177,Pin sylvestre,2005-2024,"IGN IFN donnees brutes 2005-2024, Licence Ouverte Etalab v2.0 ; VEGET5==6 (coupe vidange) / 5 ans"
ser,H41,,54,2,733,19.1666,0.0523,0.0027,Pin noir d'Autriche,2005-2024,"IGN IFN donnees brutes 2005-2024, Licence Ouverte Etalab v2.0 ; VEGET5==6 (coupe vidange) / 5 ans"
ser,H41,,61,8,733,15.5944,0.1702,0.0109,Sapin pectiné,2005-2024,"IGN IFN donnees brutes 2005-2024, Licence Ouverte Etalab v2.0 ; VEGET5==6 (coupe vidange) / 5 ans"
ser,H41,,62,3,733,2.7079,0.0111,0.0041,Épicéa commun,2005-2024,"IGN IFN donnees brutes 2005-2024, Licence Ouverte Etalab v2.0 ; VEGET5==6 (coupe vidange) / 5 ans"
ser,H41,,63,2,733,7.3219,0.02,0.0027,Mélèze d'Europe,2005-2024,"IGN IFN donnees brutes 2005-2024, Licence Ouverte Etalab v2.0 ; VEGET5==6 (coupe vidange) / 5 ans"
ser,H41,,68EO,1,733,3.7983,0.0052,0.0014,Épicéa omorika,2005-2024,"IGN IFN donnees brutes 2005-2024, Licence Ouverte Etalab v2.0 ; VEGET5==6 (coupe vidange) / 5 ans"
ser,H42,,09,1,578,2.6555,0.0046,0.0017,Hêtre,2005-2024,"IGN IFN donnees brutes 2005-2024, Licence Ouverte Etalab v2.0 ; VEGET5==6 (coupe vidange) / 5 ans"
ser,H42,,13B,1,578,0.3075,5e-04,0.0017,Aulne blanc,2005-2024,"IGN IFN donnees brutes 2005-2024, Licence Ouverte Etalab v2.0 ; VEGET5==6 (coupe vidange) / 5 ans"
ser,H42,,17C,2,578,6.164,0.0213,0.0035,Frêne commun,2005-2024,"IGN IFN donnees brutes 2005-2024, Licence Ouverte Etalab v2.0 ; VEGET5==6 (coupe vidange) / 5 ans"
ser,H42,,21C,1,578,0.3057,5e-04,0.0017,Érable champêtre,2005-2024,"IGN IFN donnees brutes 2005-2024, Licence Ouverte Etalab v2.0 ; VEGET5==6 (coupe vidange) / 5 ans"
ser,H42,,33N,1,578,1.8212,0.0032,0.0017,Peuplier noir,2005-2024,"IGN IFN donnees brutes 2005-2024, Licence Ouverte Etalab v2.0 ; VEGET5==6 (coupe vidange) / 5 ans"
ser,H42,,52,2,578,4.834,0.0167,0.0035,Pin sylvestre,2005-2024,"IGN IFN donnees brutes 2005-2024, Licence Ouverte Etalab v2.0 ; VEGET5==6 (coupe vidange) / 5 ans"
ser,H42,,54,2,578,3.7106,0.0128,0.0035,Pin noir d'Autriche,2005-2024,"IGN IFN donnees brutes 2005-2024, Licence Ouverte Etalab v2.0 ; VEGET5==6 (coupe vidange) / 5 ans"
ser,H42,,58,1,578,17.1902,0.0297,0.0017,Pin à crochets,2005-2024,"IGN IFN donnees brutes 2005-2024, Licence Ouverte Etalab v2.0 ; VEGET5==6 (coupe vidange) / 5 ans"
ser,H42,,61,5,578,10.6626,0.0922,0.0087,Sapin pectiné,2005-2024,"IGN IFN donnees brutes 2005-2024, Licence Ouverte Etalab v2.0 ; VEGET5==6 (coupe vidange) / 5 ans"
ser,H42,,62,2,578,6.5905,0.0228,0.0035,Épicéa commun,2005-2024,"IGN IFN donnees brutes 2005-2024, Licence Ouverte Etalab v2.0 ; VEGET5==6 (coupe vidange) / 5 ans"
ser,H42,,63,11,578,16.2476,0.3092,0.019,Mélèze d'Europe,2005-2024,"IGN IFN donnees brutes 2005-2024, Licence Ouverte Etalab v2.0 ; VEGET5==6 (coupe vidange) / 5 ans"
ser,H42,,69JC,1,578,0.4248,7e-04,0.0017,Genévrier commun,2005-2024,"IGN IFN donnees brutes 2005-2024, Licence Ouverte Etalab v2.0 ; VEGET5==6 (coupe vidange) / 5 ans"
ser,I11,,02,13,620,19.0206,0.3988,0.021,Chêne pédonculé,2005-2024,"IGN IFN donnees brutes 2005-2024, Licence Ouverte Etalab v2.0 ; VEGET5==6 (coupe vidange) / 5 ans"
ser,I11,,04,2,620,7.9105,0.0255,0.0032,Chêne rouge,2005-2024,"IGN IFN donnees brutes 2005-2024, Licence Ouverte Etalab v2.0 ; VEGET5==6 (coupe vidange) / 5 ans"
ser,I11,,05,2,620,1.3457,0.0043,0.0032,Chêne pubescent,2005-2024,"IGN IFN donnees brutes 2005-2024, Licence Ouverte Etalab v2.0 ; VEGET5==6 (coupe vidange) / 5 ans"
ser,I11,,09,13,620,11.9233,0.25,0.021,Hêtre,2005-2024,"IGN IFN donnees brutes 2005-2024, Licence Ouverte Etalab v2.0 ; VEGET5==6 (coupe vidange) / 5 ans"
ser,I11,,10,16,620,6.1406,0.1585,0.0258,Châtaignier,2005-2024,"IGN IFN donnees brutes 2005-2024, Licence Ouverte Etalab v2.0 ; VEGET5==6 (coupe vidange) / 5 ans"
ser,I11,,12V,2,620,15.9271,0.0514,0.0032,Bouleau verruqueux,2005-2024,"IGN IFN donnees brutes 2005-2024, Licence Ouverte Etalab v2.0 ; VEGET5==6 (coupe vidange) / 5 ans"
ser,I11,,13G,3,620,14.1298,0.0684,0.0048,Aulne glutineux,2005-2024,"IGN IFN donnees brutes 2005-2024, Licence Ouverte Etalab v2.0 ; VEGET5==6 (coupe vidange) / 5 ans"
ser,I11,,14,4,620,14.5241,0.0937,0.0065,Robinier faux acacia,2005-2024,"IGN IFN donnees brutes 2005-2024, Licence Ouverte Etalab v2.0 ; VEGET5==6 (coupe vidange) / 5 ans"
ser,I11,,17C,6,620,4.8039,0.0465,0.0097,Frêne commun,2005-2024,"IGN IFN donnees brutes 2005-2024, Licence Ouverte Etalab v2.0 ; VEGET5==6 (coupe vidange) / 5 ans"
ser,I11,,18C,2,620,3.099,0.01,0.0032,Orme champêtre,2005-2024,"IGN IFN donnees brutes 2005-2024, Licence Ouverte Etalab v2.0 ; VEGET5==6 (coupe vidange) / 5 ans"
ser,I11,,18M,2,620,0.4383,0.0014,0.0032,Orme de montagne,2005-2024,"IGN IFN donnees brutes 2005-2024, Licence Ouverte Etalab v2.0 ; VEGET5==6 (coupe vidange) / 5 ans"
ser,I11,,21C,2,620,1.1048,0.0036,0.0032,Érable champêtre,2005-2024,"IGN IFN donnees brutes 2005-2024, Licence Ouverte Etalab v2.0 ; VEGET5==6 (coupe vidange) / 5 ans"
ser,I11,,22M,3,620,2.1867,0.0106,0.0048,Merisier,2005-2024,"IGN IFN donnees brutes 2005-2024, Licence Ouverte Etalab v2.0 ; VEGET5==6 (coupe vidange) / 5 ans"
ser,I11,,24,2,620,7.5816,0.0245,0.0032,Tremble,2005-2024,"IGN IFN donnees brutes 2005-2024, Licence Ouverte Etalab v2.0 ; VEGET5==6 (coupe vidange) / 5 ans"
ser,I11,,25C,1,620,0.945,0.0015,0.0016,Saule cendré,2005-2024,"IGN IFN donnees brutes 2005-2024, Licence Ouverte Etalab v2.0 ; VEGET5==6 (coupe vidange) / 5 ans"
ser,I11,,31,4,620,3.2016,0.0207,0.0065,Noisetier coudrier,2005-2024,"IGN IFN donnees brutes 2005-2024, Licence Ouverte Etalab v2.0 ; VEGET5==6 (coupe vidange) / 5 ans"
ser,I11,,33N,1,620,51.4613,0.083,0.0016,Peuplier noir,2005-2024,"IGN IFN donnees brutes 2005-2024, Licence Ouverte Etalab v2.0 ; VEGET5==6 (coupe vidange) / 5 ans"
ser,I11,,49AM,1,620,0.4715,8e-04,0.0016,Aubépine monogyne,2005-2024,"IGN IFN donnees brutes 2005-2024, Licence Ouverte Etalab v2.0 ; VEGET5==6 (coupe vidange) / 5 ans"
ser,I11,,49IA,2,620,0.7696,0.0025,0.0032,Houx,2005-2024,"IGN IFN donnees brutes 2005-2024, Licence Ouverte Etalab v2.0 ; VEGET5==6 (coupe vidange) / 5 ans"
ser,I11,,49SN,1,620,0.5578,9e-04,0.0016,Sureau noir,2005-2024,"IGN IFN donnees brutes 2005-2024, Licence Ouverte Etalab v2.0 ; VEGET5==6 (coupe vidange) / 5 ans"
ser,I11,,52,1,620,6.5299,0.0105,0.0016,Pin sylvestre,2005-2024,"IGN IFN donnees brutes 2005-2024, Licence Ouverte Etalab v2.0 ; VEGET5==6 (coupe vidange) / 5 ans"
ser,I11,,53CO,1,620,3.8478,0.0062,0.0016,Pin laricio de Corse,2005-2024,"IGN IFN donnees brutes 2005-2024, Licence Ouverte Etalab v2.0 ; VEGET5==6 (coupe vidange) / 5 ans"
ser,I11,,62,2,620,17.6867,0.0571,0.0032,Épicéa commun,2005-2024,"IGN IFN donnees brutes 2005-2024, Licence Ouverte Etalab v2.0 ; VEGET5==6 (coupe vidange) / 5 ans"
ser,I11,,64,2,620,38.0198,0.1226,0.0032,Douglas,2005-2024,"IGN IFN donnees brutes 2005-2024, Licence Ouverte Etalab v2.0 ; VEGET5==6 (coupe vidange) / 5 ans"
ser,I11,,73,1,620,6.481,0.0105,0.0016,Épicéa de Sitka,2005-2024,"IGN IFN donnees brutes 2005-2024, Licence Ouverte Etalab v2.0 ; VEGET5==6 (coupe vidange) / 5 ans"
ser,I12,,03,2,441,8.0632,0.0366,0.0045,Chêne sessile,2005-2024,"IGN IFN donnees brutes 2005-2024, Licence Ouverte Etalab v2.0 ; VEGET5==6 (coupe vidange) / 5 ans"
ser,I12,,05,2,441,3.875,0.0176,0.0045,Chêne pubescent,2005-2024,"IGN IFN donnees brutes 2005-2024, Licence Ouverte Etalab v2.0 ; VEGET5==6 (coupe vidange) / 5 ans"
ser,I12,,06,1,441,23.661,0.0537,0.0023,Chêne vert,2005-2024,"IGN IFN donnees brutes 2005-2024, Licence Ouverte Etalab v2.0 ; VEGET5==6 (coupe vidange) / 5 ans"
ser,I12,,09,13,441,10.2388,0.3018,0.0295,Hêtre,2005-2024,"IGN IFN donnees brutes 2005-2024, Licence Ouverte Etalab v2.0 ; VEGET5==6 (coupe vidange) / 5 ans"
ser,I12,,14,3,441,7.4435,0.0506,0.0068,Robinier faux acacia,2005-2024,"IGN IFN donnees brutes 2005-2024, Licence Ouverte Etalab v2.0 ; VEGET5==6 (coupe vidange) / 5 ans"
ser,I12,,17C,2,441,2.1032,0.0095,0.0045,Frêne commun,2005-2024,"IGN IFN donnees brutes 2005-2024, Licence Ouverte Etalab v2.0 ; VEGET5==6 (coupe vidange) / 5 ans"
ser,I12,,21C,1,441,2.3045,0.0052,0.0023,Érable champêtre,2005-2024,"IGN IFN donnees brutes 2005-2024, Licence Ouverte Etalab v2.0 ; VEGET5==6 (coupe vidange) / 5 ans"
ser,I12,,21O,1,441,3.4592,0.0078,0.0023,Érable à feuilles d'obier,2005-2024,"IGN IFN donnees brutes 2005-2024, Licence Ouverte Etalab v2.0 ; VEGET5==6 (coupe vidange) / 5 ans"
ser,I12,,31,1,441,0.1809,4e-04,0.0023,Noisetier coudrier,2005-2024,"IGN IFN donnees brutes 2005-2024, Licence Ouverte Etalab v2.0 ; VEGET5==6 (coupe vidange) / 5 ans"
ser,I12,,49AM,1,441,0.186,4e-04,0.0023,Aubépine monogyne,2005-2024,"IGN IFN donnees brutes 2005-2024, Licence Ouverte Etalab v2.0 ; VEGET5==6 (coupe vidange) / 5 ans"
ser,I12,,49BS,1,441,0.2735,6e-04,0.0023,Buis,2005-2024,"IGN IFN donnees brutes 2005-2024, Licence Ouverte Etalab v2.0 ; VEGET5==6 (coupe vidange) / 5 ans"
ser,I12,,52,3,441,16.0305,0.1091,0.0068,Pin sylvestre,2005-2024,"IGN IFN donnees brutes 2005-2024, Licence Ouverte Etalab v2.0 ; VEGET5==6 (coupe vidange) / 5 ans"
ser,I12,,58,1,441,2.8944,0.0066,0.0023,Pin à crochets,2005-2024,"IGN IFN donnees brutes 2005-2024, Licence Ouverte Etalab v2.0 ; VEGET5==6 (coupe vidange) / 5 ans"
ser,I12,,61,22,441,19.1559,0.9556,0.0499,Sapin pectiné,2005-2024,"IGN IFN donnees brutes 2005-2024, Licence Ouverte Etalab v2.0 ; VEGET5==6 (coupe vidange) / 5 ans"
ser,I12,,62,2,441,16.4199,0.0745,0.0045,Épicéa commun,2005-2024,"IGN IFN donnees brutes 2005-2024, Licence Ouverte Etalab v2.0 ; VEGET5==6 (coupe vidange) / 5 ans"
ser,I13,,05,1,165,24.7228,0.1498,0.0061,Chêne pubescent,2005-2024,"IGN IFN donnees brutes 2005-2024, Licence Ouverte Etalab v2.0 ; VEGET5==6 (coupe vidange) / 5 ans"
ser,I13,,06,1,165,2.5294,0.0153,0.0061,Chêne vert,2005-2024,"IGN IFN donnees brutes 2005-2024, Licence Ouverte Etalab v2.0 ; VEGET5==6 (coupe vidange) / 5 ans"
ser,I13,,10,1,165,0.4286,0.0026,0.0061,Châtaignier,2005-2024,"IGN IFN donnees brutes 2005-2024, Licence Ouverte Etalab v2.0 ; VEGET5==6 (coupe vidange) / 5 ans"
ser,I13,,21C,1,165,2.7687,0.0168,0.0061,Érable champêtre,2005-2024,"IGN IFN donnees brutes 2005-2024, Licence Ouverte Etalab v2.0 ; VEGET5==6 (coupe vidange) / 5 ans"
ser,I13,,21M,1,165,5.9115,0.0358,0.0061,Érable de Montpellier,2005-2024,"IGN IFN donnees brutes 2005-2024, Licence Ouverte Etalab v2.0 ; VEGET5==6 (coupe vidange) / 5 ans"
ser,I13,,22M,1,165,0.5177,0.0031,0.0061,Merisier,2005-2024,"IGN IFN donnees brutes 2005-2024, Licence Ouverte Etalab v2.0 ; VEGET5==6 (coupe vidange) / 5 ans"
ser,I13,,49AM,1,165,0.5099,0.0031,0.0061,Aubépine monogyne,2005-2024,"IGN IFN donnees brutes 2005-2024, Licence Ouverte Etalab v2.0 ; VEGET5==6 (coupe vidange) / 5 ans"
ser,I13,,54,2,165,20.7096,0.251,0.0121,Pin noir d'Autriche,2005-2024,"IGN IFN donnees brutes 2005-2024, Licence Ouverte Etalab v2.0 ; VEGET5==6 (coupe vidange) / 5 ans"
ser,I13,,65,1,165,32.8794,0.1993,0.0061,Cèdre de l'Atlas,2005-2024,"IGN IFN donnees brutes 2005-2024, Licence Ouverte Etalab v2.0 ; VEGET5==6 (coupe vidange) / 5 ans"
ser,I21,,02,3,1562,9.6807,0.0186,0.0019,Chêne pédonculé,2005-2024,"IGN IFN donnees brutes 2005-2024, Licence Ouverte Etalab v2.0 ; VEGET5==6 (coupe vidange) / 5 ans"
ser,I21,,03,3,1562,8.8588,0.017,0.0019,Chêne sessile,2005-2024,"IGN IFN donnees brutes 2005-2024, Licence Ouverte Etalab v2.0 ; VEGET5==6 (coupe vidange) / 5 ans"
ser,I21,,04,1,1562,6.1102,0.0039,6e-04,Chêne rouge,2005-2024,"IGN IFN donnees brutes 2005-2024, Licence Ouverte Etalab v2.0 ; VEGET5==6 (coupe vidange) / 5 ans"
ser,I21,,05,4,1562,4.8057,0.0123,0.0026,Chêne pubescent,2005-2024,"IGN IFN donnees brutes 2005-2024, Licence Ouverte Etalab v2.0 ; VEGET5==6 (coupe vidange) / 5 ans"
ser,I21,,09,44,1562,15.041,0.4237,0.0282,Hêtre,2005-2024,"IGN IFN donnees brutes 2005-2024, Licence Ouverte Etalab v2.0 ; VEGET5==6 (coupe vidange) / 5 ans"
ser,I21,,10,4,1562,6.2631,0.016,0.0026,Châtaignier,2005-2024,"IGN IFN donnees brutes 2005-2024, Licence Ouverte Etalab v2.0 ; VEGET5==6 (coupe vidange) / 5 ans"
ser,I21,,12V,3,1562,4.4125,0.0085,0.0019,Bouleau verruqueux,2005-2024,"IGN IFN donnees brutes 2005-2024, Licence Ouverte Etalab v2.0 ; VEGET5==6 (coupe vidange) / 5 ans"
ser,I21,,13G,1,1562,3.0872,0.002,6e-04,Aulne glutineux,2005-2024,"IGN IFN donnees brutes 2005-2024, Licence Ouverte Etalab v2.0 ; VEGET5==6 (coupe vidange) / 5 ans"
ser,I21,,14,3,1562,7.4728,0.0144,0.0019,Robinier faux acacia,2005-2024,"IGN IFN donnees brutes 2005-2024, Licence Ouverte Etalab v2.0 ; VEGET5==6 (coupe vidange) / 5 ans"
ser,I21,,17C,8,1562,4.8539,0.0249,0.0051,Frêne commun,2005-2024,"IGN IFN donnees brutes 2005-2024, Licence Ouverte Etalab v2.0 ; VEGET5==6 (coupe vidange) / 5 ans"
ser,I21,,19,2,1562,89.2527,0.1143,0.0013,Peuplier cultivé,2005-2024,"IGN IFN donnees brutes 2005-2024, Licence Ouverte Etalab v2.0 ; VEGET5==6 (coupe vidange) / 5 ans"
ser,I21,,20G,1,1562,3.9045,0.0025,6e-04,Tilleul à grandes feuilles,2005-2024,"IGN IFN donnees brutes 2005-2024, Licence Ouverte Etalab v2.0 ; VEGET5==6 (coupe vidange) / 5 ans"
ser,I21,,21C,1,1562,1.7145,0.0011,6e-04,Érable champêtre,2005-2024,"IGN IFN donnees brutes 2005-2024, Licence Ouverte Etalab v2.0 ; VEGET5==6 (coupe vidange) / 5 ans"
ser,I21,,22M,3,1562,6.53,0.0125,0.0019,Merisier,2005-2024,"IGN IFN donnees brutes 2005-2024, Licence Ouverte Etalab v2.0 ; VEGET5==6 (coupe vidange) / 5 ans"
ser,I21,,24,1,1562,3.9603,0.0025,6e-04,Tremble,2005-2024,"IGN IFN donnees brutes 2005-2024, Licence Ouverte Etalab v2.0 ; VEGET5==6 (coupe vidange) / 5 ans"
ser,I21,,25M,3,1562,0.9763,0.0019,0.0019,Saule marsault,2005-2024,"IGN IFN donnees brutes 2005-2024, Licence Ouverte Etalab v2.0 ; VEGET5==6 (coupe vidange) / 5 ans"
ser,I21,,31,2,1562,0.5787,7e-04,0.0013,Noisetier coudrier,2005-2024,"IGN IFN donnees brutes 2005-2024, Licence Ouverte Etalab v2.0 ; VEGET5==6 (coupe vidange) / 5 ans"
ser,I21,,41,1,1562,0.3262,2e-04,6e-04,Alisier torminal,2005-2024,"IGN IFN donnees brutes 2005-2024, Licence Ouverte Etalab v2.0 ; VEGET5==6 (coupe vidange) / 5 ans"
ser,I21,,49AM,2,1562,0.5181,7e-04,0.0013,Aubépine monogyne,2005-2024,"IGN IFN donnees brutes 2005-2024, Licence Ouverte Etalab v2.0 ; VEGET5==6 (coupe vidange) / 5 ans"
ser,I21,,49BS,1,1562,0.4676,3e-04,6e-04,Buis,2005-2024,"IGN IFN donnees brutes 2005-2024, Licence Ouverte Etalab v2.0 ; VEGET5==6 (coupe vidange) / 5 ans"
ser,I21,,49SN,3,1562,1.6874,0.0032,0.0019,Sureau noir,2005-2024,"IGN IFN donnees brutes 2005-2024, Licence Ouverte Etalab v2.0 ; VEGET5==6 (coupe vidange) / 5 ans"
ser,I21,,52,1,1562,16.4797,0.0106,6e-04,Pin sylvestre,2005-2024,"IGN IFN donnees brutes 2005-2024, Licence Ouverte Etalab v2.0 ; VEGET5==6 (coupe vidange) / 5 ans"
ser,I21,,53CO,1,1562,3.3922,0.0022,6e-04,Pin laricio de Corse,2005-2024,"IGN IFN donnees brutes 2005-2024, Licence Ouverte Etalab v2.0 ; VEGET5==6 (coupe vidange) / 5 ans"
ser,I21,,61,23,1562,18.4808,0.2721,0.0147,Sapin pectiné,2005-2024,"IGN IFN donnees brutes 2005-2024, Licence Ouverte Etalab v2.0 ; VEGET5==6 (coupe vidange) / 5 ans"
ser,I21,,62,4,1562,51.2848,0.1313,0.0026,Épicéa commun,2005-2024,"IGN IFN donnees brutes 2005-2024, Licence Ouverte Etalab v2.0 ; VEGET5==6 (coupe vidange) / 5 ans"
ser,I21,,64,4,1562,7.8907,0.0202,0.0026,Douglas,2005-2024,"IGN IFN donnees brutes 2005-2024, Licence Ouverte Etalab v2.0 ; VEGET5==6 (coupe vidange) / 5 ans"
ser,I21,,73,1,1562,54.5807,0.0349,6e-04,Épicéa de Sitka,2005-2024,"IGN IFN donnees brutes 2005-2024, Licence Ouverte Etalab v2.0 ; VEGET5==6 (coupe vidange) / 5 ans"
ser,I21,,74H,2,1562,14.542,0.0186,0.0013,Mélèze hybride,2005-2024,"IGN IFN donnees brutes 2005-2024, Licence Ouverte Etalab v2.0 ; VEGET5==6 (coupe vidange) / 5 ans"
ser,I22,,06,1,452,1.4736,0.0033,0.0022,Chêne vert,2005-2024,"IGN IFN donnees brutes 2005-2024, Licence Ouverte Etalab v2.0 ; VEGET5==6 (coupe vidange) / 5 ans"
ser,I22,,09,1,452,17.0469,0.0377,0.0022,Hêtre,2005-2024,"IGN IFN donnees brutes 2005-2024, Licence Ouverte Etalab v2.0 ; VEGET5==6 (coupe vidange) / 5 ans"
ser,I22,,17C,1,452,0.2265,5e-04,0.0022,Frêne commun,2005-2024,"IGN IFN donnees brutes 2005-2024, Licence Ouverte Etalab v2.0 ; VEGET5==6 (coupe vidange) / 5 ans"
ser,I22,,33B,1,452,4.7887,0.0106,0.0022,Peuplier blanc,2005-2024,"IGN IFN donnees brutes 2005-2024, Licence Ouverte Etalab v2.0 ; VEGET5==6 (coupe vidange) / 5 ans"
ser,I22,,33N,1,452,0.5196,0.0011,0.0022,Peuplier noir,2005-2024,"IGN IFN donnees brutes 2005-2024, Licence Ouverte Etalab v2.0 ; VEGET5==6 (coupe vidange) / 5 ans"
ser,I22,,52,4,452,9.7702,0.0865,0.0088,Pin sylvestre,2005-2024,"IGN IFN donnees brutes 2005-2024, Licence Ouverte Etalab v2.0 ; VEGET5==6 (coupe vidange) / 5 ans"
ser,I22,,58,6,452,6.5727,0.0872,0.0133,Pin à crochets,2005-2024,"IGN IFN donnees brutes 2005-2024, Licence Ouverte Etalab v2.0 ; VEGET5==6 (coupe vidange) / 5 ans"
ser,I22,,61,1,452,8.8698,0.0196,0.0022,Sapin pectiné,2005-2024,"IGN IFN donnees brutes 2005-2024, Licence Ouverte Etalab v2.0 ; VEGET5==6 (coupe vidange) / 5 ans"
ser,I22,,62,1,452,13.2561,0.0293,0.0022,Épicéa commun,2005-2024,"IGN IFN donnees brutes 2005-2024, Licence Ouverte Etalab v2.0 ; VEGET5==6 (coupe vidange) / 5 ans"
ser,J10,,05,11,850,5.924,0.0767,0.0129,Chêne pubescent,2005-2024,"IGN IFN donnees brutes 2005-2024, Licence Ouverte Etalab v2.0 ; VEGET5==6 (coupe vidange) / 5 ans"
ser,J10,,06,12,850,3.229,0.0456,0.0141,Chêne vert,2005-2024,"IGN IFN donnees brutes 2005-2024, Licence Ouverte Etalab v2.0 ; VEGET5==6 (coupe vidange) / 5 ans"
ser,J10,,14,1,850,3.0309,0.0036,0.0012,Robinier faux acacia,2005-2024,"IGN IFN donnees brutes 2005-2024, Licence Ouverte Etalab v2.0 ; VEGET5==6 (coupe vidange) / 5 ans"
ser,J10,,21M,2,850,1.4288,0.0034,0.0024,Érable de Montpellier,2005-2024,"IGN IFN donnees brutes 2005-2024, Licence Ouverte Etalab v2.0 ; VEGET5==6 (coupe vidange) / 5 ans"
ser,J10,,40,2,850,6.3936,0.015,0.0024,Arbousier,2005-2024,"IGN IFN donnees brutes 2005-2024, Licence Ouverte Etalab v2.0 ; VEGET5==6 (coupe vidange) / 5 ans"
ser,J10,,41,1,850,1.0521,0.0012,0.0012,Alisier torminal,2005-2024,"IGN IFN donnees brutes 2005-2024, Licence Ouverte Etalab v2.0 ; VEGET5==6 (coupe vidange) / 5 ans"
ser,J10,,49FL,2,850,0.3816,9e-04,0.0024,Filaire à feuilles larges,2005-2024,"IGN IFN donnees brutes 2005-2024, Licence Ouverte Etalab v2.0 ; VEGET5==6 (coupe vidange) / 5 ans"
ser,J10,,51,2,850,4.0576,0.0095,0.0024,Pin maritime,2005-2024,"IGN IFN donnees brutes 2005-2024, Licence Ouverte Etalab v2.0 ; VEGET5==6 (coupe vidange) / 5 ans"
ser,J10,,54,2,850,13.9595,0.0328,0.0024,Pin noir d'Autriche,2005-2024,"IGN IFN donnees brutes 2005-2024, Licence Ouverte Etalab v2.0 ; VEGET5==6 (coupe vidange) / 5 ans"
ser,J10,,57A,1,850,3.621,0.0043,0.0012,Pin d'Alep,2005-2024,"IGN IFN donnees brutes 2005-2024, Licence Ouverte Etalab v2.0 ; VEGET5==6 (coupe vidange) / 5 ans"
ser,J21,,05,2,185,10.6949,0.1156,0.0108,Chêne pubescent,2005-2024,"IGN IFN donnees brutes 2005-2024, Licence Ouverte Etalab v2.0 ; VEGET5==6 (coupe vidange) / 5 ans"
ser,J21,,06,1,185,26.4255,0.1428,0.0054,Chêne vert,2005-2024,"IGN IFN donnees brutes 2005-2024, Licence Ouverte Etalab v2.0 ; VEGET5==6 (coupe vidange) / 5 ans"
ser,J21,,08S,1,185,1.3399,0.0072,0.0054,Chêne-liège,2005-2024,"IGN IFN donnees brutes 2005-2024, Licence Ouverte Etalab v2.0 ; VEGET5==6 (coupe vidange) / 5 ans"
ser,J21,,10,1,185,4.8303,0.0261,0.0054,Châtaignier,2005-2024,"IGN IFN donnees brutes 2005-2024, Licence Ouverte Etalab v2.0 ; VEGET5==6 (coupe vidange) / 5 ans"
ser,J21,,19,2,185,34.6793,0.3749,0.0108,Peuplier cultivé,2005-2024,"IGN IFN donnees brutes 2005-2024, Licence Ouverte Etalab v2.0 ; VEGET5==6 (coupe vidange) / 5 ans"
ser,J21,,40,1,185,0.3362,0.0018,0.0054,Arbousier,2005-2024,"IGN IFN donnees brutes 2005-2024, Licence Ouverte Etalab v2.0 ; VEGET5==6 (coupe vidange) / 5 ans"
ser,J22,,05,14,995,7.0923,0.0998,0.0141,Chêne pubescent,2005-2024,"IGN IFN donnees brutes 2005-2024, Licence Ouverte Etalab v2.0 ; VEGET5==6 (coupe vidange) / 5 ans"
ser,J22,,06,12,995,4.7851,0.0577,0.0121,Chêne vert,2005-2024,"IGN IFN donnees brutes 2005-2024, Licence Ouverte Etalab v2.0 ; VEGET5==6 (coupe vidange) / 5 ans"
ser,J22,,10,1,995,1.7344,0.0017,0.001,Châtaignier,2005-2024,"IGN IFN donnees brutes 2005-2024, Licence Ouverte Etalab v2.0 ; VEGET5==6 (coupe vidange) / 5 ans"
ser,J22,,15P,1,995,0.373,4e-04,0.001,Érable plane,2005-2024,"IGN IFN donnees brutes 2005-2024, Licence Ouverte Etalab v2.0 ; VEGET5==6 (coupe vidange) / 5 ans"
ser,J22,,17O,1,995,0.1717,2e-04,0.001,Frêne oxyphylle,2005-2024,"IGN IFN donnees brutes 2005-2024, Licence Ouverte Etalab v2.0 ; VEGET5==6 (coupe vidange) / 5 ans"
ser,J22,,18C,1,995,3.1925,0.0032,0.001,Orme champêtre,2005-2024,"IGN IFN donnees brutes 2005-2024, Licence Ouverte Etalab v2.0 ; VEGET5==6 (coupe vidange) / 5 ans"
ser,J22,,19,2,995,92.2363,0.1854,0.002,Peuplier cultivé,2005-2024,"IGN IFN donnees brutes 2005-2024, Licence Ouverte Etalab v2.0 ; VEGET5==6 (coupe vidange) / 5 ans"
ser,J22,,21C,1,995,1.2706,0.0013,0.001,Érable champêtre,2005-2024,"IGN IFN donnees brutes 2005-2024, Licence Ouverte Etalab v2.0 ; VEGET5==6 (coupe vidange) / 5 ans"
ser,J22,,23PD,1,995,5.3309,0.0054,0.001,Prunier domestique,2005-2024,"IGN IFN donnees brutes 2005-2024, Licence Ouverte Etalab v2.0 ; VEGET5==6 (coupe vidange) / 5 ans"
ser,J22,,33B,1,995,2.4682,0.0025,0.001,Peuplier blanc,2005-2024,"IGN IFN donnees brutes 2005-2024, Licence Ouverte Etalab v2.0 ; VEGET5==6 (coupe vidange) / 5 ans"
ser,J22,,33N,2,995,4.4924,0.009,0.002,Peuplier noir,2005-2024,"IGN IFN donnees brutes 2005-2024, Licence Ouverte Etalab v2.0 ; VEGET5==6 (coupe vidange) / 5 ans"
ser,J22,,40,2,995,2.8046,0.0056,0.002,Arbousier,2005-2024,"IGN IFN donnees brutes 2005-2024, Licence Ouverte Etalab v2.0 ; VEGET5==6 (coupe vidange) / 5 ans"
ser,J22,,49FL,1,995,0.4272,4e-04,0.001,Filaire à feuilles larges,2005-2024,"IGN IFN donnees brutes 2005-2024, Licence Ouverte Etalab v2.0 ; VEGET5==6 (coupe vidange) / 5 ans"
ser,J22,,49SN,1,995,0.3884,4e-04,0.001,Sureau noir,2005-2024,"IGN IFN donnees brutes 2005-2024, Licence Ouverte Etalab v2.0 ; VEGET5==6 (coupe vidange) / 5 ans"
ser,J22,,54,1,995,26.3597,0.0265,0.001,Pin noir d'Autriche,2005-2024,"IGN IFN donnees brutes 2005-2024, Licence Ouverte Etalab v2.0 ; VEGET5==6 (coupe vidange) / 5 ans"
ser,J22,,55,2,995,6.4393,0.0129,0.002,Pin parasol,2005-2024,"IGN IFN donnees brutes 2005-2024, Licence Ouverte Etalab v2.0 ; VEGET5==6 (coupe vidange) / 5 ans"
ser,J22,,57A,8,995,4.0822,0.0328,0.008,Pin d'Alep,2005-2024,"IGN IFN donnees brutes 2005-2024, Licence Ouverte Etalab v2.0 ; VEGET5==6 (coupe vidange) / 5 ans"
ser,J22,,65,1,995,19.1426,0.0192,0.001,Cèdre de l'Atlas,2005-2024,"IGN IFN donnees brutes 2005-2024, Licence Ouverte Etalab v2.0 ; VEGET5==6 (coupe vidange) / 5 ans"
ser,J22,,69JC,1,995,0.2425,2e-04,0.001,Genévrier commun,2005-2024,"IGN IFN donnees brutes 2005-2024, Licence Ouverte Etalab v2.0 ; VEGET5==6 (coupe vidange) / 5 ans"
ser,J23,,05,34,1517,5.1074,0.1145,0.0224,Chêne pubescent,2005-2024,"IGN IFN donnees brutes 2005-2024, Licence Ouverte Etalab v2.0 ; VEGET5==6 (coupe vidange) / 5 ans"
ser,J23,,06,23,1517,4.2462,0.0644,0.0152,Chêne vert,2005-2024,"IGN IFN donnees brutes 2005-2024, Licence Ouverte Etalab v2.0 ; VEGET5==6 (coupe vidange) / 5 ans"
ser,J23,,14,2,1517,1.557,0.0021,0.0013,Robinier faux acacia,2005-2024,"IGN IFN donnees brutes 2005-2024, Licence Ouverte Etalab v2.0 ; VEGET5==6 (coupe vidange) / 5 ans"
ser,J23,,51,2,1517,5.2821,0.007,0.0013,Pin maritime,2005-2024,"IGN IFN donnees brutes 2005-2024, Licence Ouverte Etalab v2.0 ; VEGET5==6 (coupe vidange) / 5 ans"
ser,J23,,52,5,1517,2.6462,0.0087,0.0033,Pin sylvestre,2005-2024,"IGN IFN donnees brutes 2005-2024, Licence Ouverte Etalab v2.0 ; VEGET5==6 (coupe vidange) / 5 ans"
ser,J23,,57A,41,1517,10.8554,0.2934,0.027,Pin d'Alep,2005-2024,"IGN IFN donnees brutes 2005-2024, Licence Ouverte Etalab v2.0 ; VEGET5==6 (coupe vidange) / 5 ans"
ser,J23,,57B,1,1517,6.9504,0.0046,7e-04,Pin brutia (ou) eldarica,2005-2024,"IGN IFN donnees brutes 2005-2024, Licence Ouverte Etalab v2.0 ; VEGET5==6 (coupe vidange) / 5 ans"
ser,J23,,69JO,3,1517,0.5248,0.001,0.002,Genévrier oxycèdre,2005-2024,"IGN IFN donnees brutes 2005-2024, Licence Ouverte Etalab v2.0 ; VEGET5==6 (coupe vidange) / 5 ans"
ser,J24,,05,1,95,2.9042,0.0306,0.0105,Chêne pubescent,2005-2024,"IGN IFN donnees brutes 2005-2024, Licence Ouverte Etalab v2.0 ; VEGET5==6 (coupe vidange) / 5 ans"
ser,J24,,51,1,95,2.2579,0.0238,0.0105,Pin maritime,2005-2024,"IGN IFN donnees brutes 2005-2024, Licence Ouverte Etalab v2.0 ; VEGET5==6 (coupe vidange) / 5 ans"
ser,J30,,05,1,339,0.5219,0.0015,0.0029,Chêne pubescent,2005-2024,"IGN IFN donnees brutes 2005-2024, Licence Ouverte Etalab v2.0 ; VEGET5==6 (coupe vidange) / 5 ans"
ser,J30,,08S,4,339,1.4616,0.0172,0.0118,Chêne-liège,2005-2024,"IGN IFN donnees brutes 2005-2024, Licence Ouverte Etalab v2.0 ; VEGET5==6 (coupe vidange) / 5 ans"
ser,J30,,29MI,1,339,3.3958,0.01,0.0029,Mimosa,2005-2024,"IGN IFN donnees brutes 2005-2024, Licence Ouverte Etalab v2.0 ; VEGET5==6 (coupe vidange) / 5 ans"
ser,J30,,40,4,339,2.0903,0.0247,0.0118,Arbousier,2005-2024,"IGN IFN donnees brutes 2005-2024, Licence Ouverte Etalab v2.0 ; VEGET5==6 (coupe vidange) / 5 ans"
ser,J30,,51,2,339,19.1303,0.1129,0.0059,Pin maritime,2005-2024,"IGN IFN donnees brutes 2005-2024, Licence Ouverte Etalab v2.0 ; VEGET5==6 (coupe vidange) / 5 ans"
ser,J30,,55,2,339,2.052,0.0121,0.0059,Pin parasol,2005-2024,"IGN IFN donnees brutes 2005-2024, Licence Ouverte Etalab v2.0 ; VEGET5==6 (coupe vidange) / 5 ans"
ser,J40,,05,17,670,4.0385,0.1025,0.0254,Chêne pubescent,2005-2024,"IGN IFN donnees brutes 2005-2024, Licence Ouverte Etalab v2.0 ; VEGET5==6 (coupe vidange) / 5 ans"
ser,J40,,06,9,670,2.3959,0.0322,0.0134,Chêne vert,2005-2024,"IGN IFN donnees brutes 2005-2024, Licence Ouverte Etalab v2.0 ; VEGET5==6 (coupe vidange) / 5 ans"
ser,J40,,17O,1,670,3.3987,0.0051,0.0015,Frêne oxyphylle,2005-2024,"IGN IFN donnees brutes 2005-2024, Licence Ouverte Etalab v2.0 ; VEGET5==6 (coupe vidange) / 5 ans"
ser,J40,,18C,1,670,0.3665,5e-04,0.0015,Orme champêtre,2005-2024,"IGN IFN donnees brutes 2005-2024, Licence Ouverte Etalab v2.0 ; VEGET5==6 (coupe vidange) / 5 ans"
ser,J40,,23AB,1,670,0.3054,5e-04,0.0015,Alisier blanc,2005-2024,"IGN IFN donnees brutes 2005-2024, Licence Ouverte Etalab v2.0 ; VEGET5==6 (coupe vidange) / 5 ans"
ser,J40,,23PA,1,670,0.2185,3e-04,0.0015,Poirier à feuilles d'amandier,2005-2024,"IGN IFN donnees brutes 2005-2024, Licence Ouverte Etalab v2.0 ; VEGET5==6 (coupe vidange) / 5 ans"
ser,J40,,23PC,1,670,1.7175,0.0026,0.0015,Poirier commun,2005-2024,"IGN IFN donnees brutes 2005-2024, Licence Ouverte Etalab v2.0 ; VEGET5==6 (coupe vidange) / 5 ans"
ser,J40,,40,2,670,0.5823,0.0017,0.003,Arbousier,2005-2024,"IGN IFN donnees brutes 2005-2024, Licence Ouverte Etalab v2.0 ; VEGET5==6 (coupe vidange) / 5 ans"
ser,J40,,49FL,1,670,0.1611,2e-04,0.0015,Filaire à feuilles larges,2005-2024,"IGN IFN donnees brutes 2005-2024, Licence Ouverte Etalab v2.0 ; VEGET5==6 (coupe vidange) / 5 ans"
ser,J40,,52,6,670,4.7453,0.0425,0.009,Pin sylvestre,2005-2024,"IGN IFN donnees brutes 2005-2024, Licence Ouverte Etalab v2.0 ; VEGET5==6 (coupe vidange) / 5 ans"
ser,J40,,54,2,670,5.5014,0.0164,0.003,Pin noir d'Autriche,2005-2024,"IGN IFN donnees brutes 2005-2024, Licence Ouverte Etalab v2.0 ; VEGET5==6 (coupe vidange) / 5 ans"
ser,J40,,57A,4,670,7.3108,0.0436,0.006,Pin d'Alep,2005-2024,"IGN IFN donnees brutes 2005-2024, Licence Ouverte Etalab v2.0 ; VEGET5==6 (coupe vidange) / 5 ans"
ser,J40,,69JC,1,670,0.3508,5e-04,0.0015,Genévrier commun,2005-2024,"IGN IFN donnees brutes 2005-2024, Licence Ouverte Etalab v2.0 ; VEGET5==6 (coupe vidange) / 5 ans"
ser,K11,,06,4,355,1.1718,0.0132,0.0113,Chêne vert,2005-2024,"IGN IFN donnees brutes 2005-2024, Licence Ouverte Etalab v2.0 ; VEGET5==6 (coupe vidange) / 5 ans"
ser,K11,,23PA,1,355,1.1813,0.0033,0.0028,Poirier à feuilles d'amandier,2005-2024,"IGN IFN donnees brutes 2005-2024, Licence Ouverte Etalab v2.0 ; VEGET5==6 (coupe vidange) / 5 ans"
ser,K11,,23PM,1,355,0.8175,0.0023,0.0028,Pommier sauvage,2005-2024,"IGN IFN donnees brutes 2005-2024, Licence Ouverte Etalab v2.0 ; VEGET5==6 (coupe vidange) / 5 ans"
ser,K11,,40,1,355,0.7197,0.002,0.0028,Arbousier,2005-2024,"IGN IFN donnees brutes 2005-2024, Licence Ouverte Etalab v2.0 ; VEGET5==6 (coupe vidange) / 5 ans"
ser,K11,,49FL,1,355,0.6256,0.0018,0.0028,Filaire à feuilles larges,2005-2024,"IGN IFN donnees brutes 2005-2024, Licence Ouverte Etalab v2.0 ; VEGET5==6 (coupe vidange) / 5 ans"
ser,K12,,06,1,412,2.6762,0.0065,0.0024,Chêne vert,2005-2024,"IGN IFN donnees brutes 2005-2024, Licence Ouverte Etalab v2.0 ; VEGET5==6 (coupe vidange) / 5 ans"
ser,K12,,12V,1,412,1.7002,0.0041,0.0024,Bouleau verruqueux,2005-2024,"IGN IFN donnees brutes 2005-2024, Licence Ouverte Etalab v2.0 ; VEGET5==6 (coupe vidange) / 5 ans"
ser,K12,,51,1,412,4.2782,0.0104,0.0024,Pin maritime,2005-2024,"IGN IFN donnees brutes 2005-2024, Licence Ouverte Etalab v2.0 ; VEGET5==6 (coupe vidange) / 5 ans"
ser,K12,,53CO,5,412,23.7514,0.2882,0.0121,Pin laricio de Corse,2005-2024,"IGN IFN donnees brutes 2005-2024, Licence Ouverte Etalab v2.0 ; VEGET5==6 (coupe vidange) / 5 ans"
ser,K13,,06,8,332,8.3295,0.2007,0.0241,Chêne vert,2005-2024,"IGN IFN donnees brutes 2005-2024, Licence Ouverte Etalab v2.0 ; VEGET5==6 (coupe vidange) / 5 ans"
ser,K13,,08S,1,332,0.2909,9e-04,0.003,Chêne-liège,2005-2024,"IGN IFN donnees brutes 2005-2024, Licence Ouverte Etalab v2.0 ; VEGET5==6 (coupe vidange) / 5 ans"
ser,K13,,17F,4,332,5.8697,0.0707,0.012,Frêne à fleur,2005-2024,"IGN IFN donnees brutes 2005-2024, Licence Ouverte Etalab v2.0 ; VEGET5==6 (coupe vidange) / 5 ans"
ser,K13,,22M,1,332,1.0891,0.0033,0.003,Merisier,2005-2024,"IGN IFN donnees brutes 2005-2024, Licence Ouverte Etalab v2.0 ; VEGET5==6 (coupe vidange) / 5 ans"
ser,K13,,23F,1,332,3.444,0.0104,0.003,Figuier de Carie,2005-2024,"IGN IFN donnees brutes 2005-2024, Licence Ouverte Etalab v2.0 ; VEGET5==6 (coupe vidange) / 5 ans"
ser,K13,,32,1,332,4.2424,0.0128,0.003,Charme houblon,2005-2024,"IGN IFN donnees brutes 2005-2024, Licence Ouverte Etalab v2.0 ; VEGET5==6 (coupe vidange) / 5 ans"
ser,K13,,40,2,332,1.4123,0.0085,0.006,Arbousier,2005-2024,"IGN IFN donnees brutes 2005-2024, Licence Ouverte Etalab v2.0 ; VEGET5==6 (coupe vidange) / 5 ans"
ser,K13,,49IA,1,332,0.756,0.0023,0.003,Houx,2005-2024,"IGN IFN donnees brutes 2005-2024, Licence Ouverte Etalab v2.0 ; VEGET5==6 (coupe vidange) / 5 ans"
ser,K13,,57A,1,332,0.767,0.0023,0.003,Pin d'Alep,2005-2024,"IGN IFN donnees brutes 2005-2024, Licence Ouverte Etalab v2.0 ; VEGET5==6 (coupe vidange) / 5 ans"
