ser,espar,n_plac_presence,direct,psi,psi_source,estimation,mse,rse,gamma,nature,covariables,millesime,source
A11,02,1036,68.144,4.4216,direct,68.206,4.3979,3.0747,0.99264,fay_herriot,forms_mnt:h_sd+alt_mean+essence+greco;log,2005-2024,IGN IFN brut (Etalab 2.0) ; FORMS-T (CC-BY 4.0) ; spec 054 lot 3
A11,03,170,96.542,50.8,direct,96.456,48.689,7.2341,0.95928,fay_herriot,forms_mnt:h_sd+alt_mean+essence+greco;log,2005-2024,IGN IFN brut (Etalab 2.0) ; FORMS-T (CC-BY 4.0) ; spec 054 lot 3
A11,04,34,42.781,31.566,direct,45.508,31.651,12.362,0.88158,fay_herriot,forms_mnt:h_sd+alt_mean+essence+greco;log,2005-2024,IGN IFN brut (Etalab 2.0) ; FORMS-T (CC-BY 4.0) ; spec 054 lot 3
A11,09,496,67.03,12.896,direct,67.184,12.679,5.3,0.97814,fay_herriot,forms_mnt:h_sd+alt_mean+essence+greco;log,2005-2024,IGN IFN brut (Etalab 2.0) ; FORMS-T (CC-BY 4.0) ; spec 054 lot 3
A11,10,496,69.978,14.593,direct,69.89,14.234,5.3982,0.97732,fay_herriot,forms_mnt:h_sd+alt_mean+essence+greco;log,2005-2024,IGN IFN brut (Etalab 2.0) ; FORMS-T (CC-BY 4.0) ; spec 054 lot 3
A11,11,10,52.759,259.52,direct,46.627,118.67,23.363,0.57934,fay_herriot,forms_mnt:h_sd+alt_mean+essence+greco;log,2005-2024,IGN IFN brut (Etalab 2.0) ; FORMS-T (CC-BY 4.0) ; spec 054 lot 3
A11,12P,221,43.057,10.813,direct,43.205,10.439,7.478,0.95655,fay_herriot,forms_mnt:h_sd+alt_mean+essence+greco;log,2005-2024,IGN IFN brut (Etalab 2.0) ; FORMS-T (CC-BY 4.0) ; spec 054 lot 3
A11,12V,295,32.057,6.473,direct,31.989,6.1511,7.7532,0.95324,fay_herriot,forms_mnt:h_sd+alt_mean+essence+greco;log,2005-2024,IGN IFN brut (Etalab 2.0) ; FORMS-T (CC-BY 4.0) ; spec 054 lot 3
A11,13G,48,64.644,280.13,direct,66.947,199.15,21.08,0.657,fay_herriot,forms_mnt:h_sd+alt_mean+essence+greco;log,2005-2024,IGN IFN brut (Etalab 2.0) ; FORMS-T (CC-BY 4.0) ; spec 054 lot 3
A11,14,7,48.769,416.32,gvf,54.723,225.35,27.432,0.42315,fay_herriot,forms_mnt:h_sd+alt_mean+essence+greco;log,2005-2024,IGN IFN brut (Etalab 2.0) ; FORMS-T (CC-BY 4.0) ; spec 054 lot 3
A11,15P,1,17.745,1201.9,gvf,30.173,117.78,35.969,0.032548,fay_herriot,forms_mnt:h_sd+alt_mean+essence+greco;log,2005-2024,IGN IFN brut (Etalab 2.0) ; FORMS-T (CC-BY 4.0) ; spec 054 lot 3
A11,15S,54,44.6,52.529,direct,42.663,40.076,14.838,0.82942,fay_herriot,forms_mnt:h_sd+alt_mean+essence+greco;log,2005-2024,IGN IFN brut (Etalab 2.0) ; FORMS-T (CC-BY 4.0) ; spec 054 lot 3
A11,17C,93,56.449,39.078,direct,56.008,35.185,10.591,0.91282,fay_herriot,forms_mnt:h_sd+alt_mean+essence+greco;log,2005-2024,IGN IFN brut (Etalab 2.0) ; FORMS-T (CC-BY 4.0) ; spec 054 lot 3
A11,18C,18,21.45,79.417,direct,16.797,21.123,27.363,0.42657,fay_herriot,forms_mnt:h_sd+alt_mean+essence+greco;log,2005-2024,IGN IFN brut (Etalab 2.0) ; FORMS-T (CC-BY 4.0) ; spec 054 lot 3
A11,19,91,155.49,217.99,direct,156.05,205.52,9.187,0.93439,fay_herriot,forms_mnt:h_sd+alt_mean+essence+greco;log,2005-2024,IGN IFN brut (Etalab 2.0) ; FORMS-T (CC-BY 4.0) ; spec 054 lot 3
A11,20P,3,21.748,625.41,gvf,40.651,200.14,34.801,0.088513,fay_herriot,forms_mnt:h_sd+alt_mean+essence+greco;log,2005-2024,IGN IFN brut (Etalab 2.0) ; FORMS-T (CC-BY 4.0) ; spec 054 lot 3
A11,21C,4,22.795,308.71,gvf,21.983,52.058,32.821,0.17772,fay_herriot,forms_mnt:h_sd+alt_mean+essence+greco;log,2005-2024,IGN IFN brut (Etalab 2.0) ; FORMS-T (CC-BY 4.0) ; spec 054 lot 3
A11,22G,1,6.0234,433.02,gvf,11.951,20.201,37.61,0.010644,fay_herriot,forms_mnt:h_sd+alt_mean+essence+greco;log,2005-2024,IGN IFN brut (Etalab 2.0) ; FORMS-T (CC-BY 4.0) ; spec 054 lot 3
A11,22M,48,24.251,19.593,direct,23.892,15.171,16.303,0.79399,fay_herriot,forms_mnt:h_sd+alt_mean+essence+greco;log,2005-2024,IGN IFN brut (Etalab 2.0) ; FORMS-T (CC-BY 4.0) ; spec 054 lot 3
A11,22S,1,6.8152,1027.4,gvf,31.101,161.46,40.856,0.0057713,fay_herriot,forms_mnt:h_sd+alt_mean+essence+greco;log,2005-2024,IGN IFN brut (Etalab 2.0) ; FORMS-T (CC-BY 4.0) ; spec 054 lot 3
A11,23PC,27,11.79,7.4365,direct,10.623,4.3129,19.549,0.7059,fay_herriot,forms_mnt:h_sd+alt_mean+essence+greco;log,2005-2024,IGN IFN brut (Etalab 2.0) ; FORMS-T (CC-BY 4.0) ; spec 054 lot 3
A11,23PM,20,9.9768,1.7317,direct,9.7798,1.4717,12.405,0.88067,fay_herriot,forms_mnt:h_sd+alt_mean+essence+greco;log,2005-2024,IGN IFN brut (Etalab 2.0) ; FORMS-T (CC-BY 4.0) ; spec 054 lot 3
A11,23SO,4,2.5313,12.564,gvf,8.8681,9.938,35.548,0.06146,fay_herriot,forms_mnt:h_sd+alt_mean+essence+greco;log,2005-2024,IGN IFN brut (Etalab 2.0) ; FORMS-T (CC-BY 4.0) ; spec 054 lot 3
A11,24,17,81.439,303.28,direct,70.46,168.49,18.422,0.7374,fay_herriot,forms_mnt:h_sd+alt_mean+essence+greco;log,2005-2024,IGN IFN brut (Etalab 2.0) ; FORMS-T (CC-BY 4.0) ; spec 054 lot 3
A11,25B,7,45.773,548.82,gvf,53.098,250.74,29.821,0.32895,fay_herriot,forms_mnt:h_sd+alt_mean+essence+greco;log,2005-2024,IGN IFN brut (Etalab 2.0) ; FORMS-T (CC-BY 4.0) ; spec 054 lot 3
A11,25M,271,31.495,4.362,direct,30.826,4.0436,6.5233,0.96689,fay_herriot,forms_mnt:h_sd+alt_mean+essence+greco;log,2005-2024,IGN IFN brut (Etalab 2.0) ; FORMS-T (CC-BY 4.0) ; spec 054 lot 3
A11,25R,132,36.102,10.263,direct,35.288,9.2839,8.6345,0.94222,fay_herriot,forms_mnt:h_sd+alt_mean+essence+greco;log,2005-2024,IGN IFN brut (Etalab 2.0) ; FORMS-T (CC-BY 4.0) ; spec 054 lot 3
A11,27C,1,1.1915,202.22,gvf,17.876,42.547,36.489,0.00090069,fay_herriot,forms_mnt:h_sd+alt_mean+essence+greco;log,2005-2024,IGN IFN brut (Etalab 2.0) ; FORMS-T (CC-BY 4.0) ; spec 054 lot 3
A11,29AF,4,4.5815,13.394,gvf,6.045,4.2798,34.223,0.16752,fay_herriot,forms_mnt:h_sd+alt_mean+essence+greco;log,2005-2024,IGN IFN brut (Etalab 2.0) ; FORMS-T (CC-BY 4.0) ; spec 054 lot 3
A11,29CM,1,9.5614,5318.5,gvf,77.956,1249.3,45.34,0.0022023,fay_herriot,forms_mnt:h_sd+alt_mean+essence+greco;log,2005-2024,IGN IFN brut (Etalab 2.0) ; FORMS-T (CC-BY 4.0) ; spec 054 lot 3
A11,29LI,1,1.1833,16801,gvf,14.685,28.696,36.479,1.07e-05,fay_herriot,forms_mnt:h_sd+alt_mean+essence+greco;log,2005-2024,IGN IFN brut (Etalab 2.0) ; FORMS-T (CC-BY 4.0) ; spec 054 lot 3
A11,29MA,2,67.223,2622.5,gvf,65.384,544.22,35.679,0.18117,fay_herriot,forms_mnt:h_sd+alt_mean+essence+greco;log,2005-2024,IGN IFN brut (Etalab 2.0) ; FORMS-T (CC-BY 4.0) ; spec 054 lot 3
A11,31,187,14.016,1.987,direct,13.47,1.7044,9.6918,0.92698,fay_herriot,forms_mnt:h_sd+alt_mean+essence+greco;log,2005-2024,IGN IFN brut (Etalab 2.0) ; FORMS-T (CC-BY 4.0) ; spec 054 lot 3
A11,332G,3,71.008,3696.2,gvf,127.97,2127.9,36.046,0.14905,fay_herriot,forms_mnt:h_sd+alt_mean+essence+greco;log,2005-2024,IGN IFN brut (Etalab 2.0) ; FORMS-T (CC-BY 4.0) ; spec 054 lot 3
A11,33B,4,53.653,7257.8,gvf,121.22,2238.5,39.029,0.04846,fay_herriot,forms_mnt:h_sd+alt_mean+essence+greco;log,2005-2024,IGN IFN brut (Etalab 2.0) ; FORMS-T (CC-BY 4.0) ; spec 054 lot 3
A11,33N,4,64.276,2076.9,gvf,87.886,818.94,32.562,0.20345,fay_herriot,forms_mnt:h_sd+alt_mean+essence+greco;log,2005-2024,IGN IFN brut (Etalab 2.0) ; FORMS-T (CC-BY 4.0) ; spec 054 lot 3
A11,36,1,16.493,10477,gvf,105.75,2519.1,47.464,0.003323,fay_herriot,forms_mnt:h_sd+alt_mean+essence+greco;log,2005-2024,IGN IFN brut (Etalab 2.0) ; FORMS-T (CC-BY 4.0) ; spec 054 lot 3
A11,41,2,4.4957,27.087,gvf,8.8241,9.3784,34.705,0.087434,fay_herriot,forms_mnt:h_sd+alt_mean+essence+greco;log,2005-2024,IGN IFN brut (Etalab 2.0) ; FORMS-T (CC-BY 4.0) ; spec 054 lot 3
A11,49AM,42,6.2441,1.2503,direct,5.9498,0.9127,16.057,0.80016,fay_herriot,forms_mnt:h_sd+alt_mean+essence+greco;log,2005-2024,IGN IFN brut (Etalab 2.0) ; FORMS-T (CC-BY 4.0) ; spec 054 lot 3
A11,49BO,15,2.881,0.38633,direct,2.7136,0.25581,18.639,0.73395,fay_herriot,forms_mnt:h_sd+alt_mean+essence+greco;log,2005-2024,IGN IFN brut (Etalab 2.0) ; FORMS-T (CC-BY 4.0) ; spec 054 lot 3
A11,49EV,3,1.27,1.394,gvf,2.5488,0.77053,34.44,0.12934,fay_herriot,forms_mnt:h_sd+alt_mean+essence+greco;log,2005-2024,IGN IFN brut (Etalab 2.0) ; FORMS-T (CC-BY 4.0) ; spec 054 lot 3
A11,49IA,141,11.961,4.1009,direct,10.447,2.5734,15.356,0.8175,fay_herriot,forms_mnt:h_sd+alt_mean+essence+greco;log,2005-2024,IGN IFN brut (Etalab 2.0) ; FORMS-T (CC-BY 4.0) ; spec 054 lot 3
A11,49LN,3,6.8432,99.157,gvf,29.332,129.09,38.735,0.057175,fay_herriot,forms_mnt:h_sd+alt_mean+essence+greco;log,2005-2024,IGN IFN brut (Etalab 2.0) ; FORMS-T (CC-BY 4.0) ; spec 054 lot 3
A11,49PC,1,12.219,435.74,gvf,14.572,27.028,35.678,0.042143,fay_herriot,forms_mnt:h_sd+alt_mean+essence+greco;log,2005-2024,IGN IFN brut (Etalab 2.0) ; FORMS-T (CC-BY 4.0) ; spec 054 lot 3
A11,49PS,11,8.4675,14.725,direct,6.4843,3.4503,28.646,0.3847,fay_herriot,forms_mnt:h_sd+alt_mean+essence+greco;log,2005-2024,IGN IFN brut (Etalab 2.0) ; FORMS-T (CC-BY 4.0) ; spec 054 lot 3
A11,49SN,32,5.5307,1.1507,direct,5.2737,0.81613,17.13,0.77341,fay_herriot,forms_mnt:h_sd+alt_mean+essence+greco;log,2005-2024,IGN IFN brut (Etalab 2.0) ; FORMS-T (CC-BY 4.0) ; spec 054 lot 3
A11,51,124,107.56,75.752,direct,107.59,72.243,7.8998,0.95148,fay_herriot,forms_mnt:h_sd+alt_mean+essence+greco;log,2005-2024,IGN IFN brut (Etalab 2.0) ; FORMS-T (CC-BY 4.0) ; spec 054 lot 3
A11,52,135,69.551,35.077,direct,69.972,33.647,8.29,0.94655,fay_herriot,forms_mnt:h_sd+alt_mean+essence+greco;log,2005-2024,IGN IFN brut (Etalab 2.0) ; FORMS-T (CC-BY 4.0) ; spec 054 lot 3
A11,53CO,34,79.805,130.36,direct,85.197,128.69,13.315,0.86251,fay_herriot,forms_mnt:h_sd+alt_mean+essence+greco;log,2005-2024,IGN IFN brut (Etalab 2.0) ; FORMS-T (CC-BY 4.0) ; spec 054 lot 3
A11,54,5,132.64,2916.5,gvf,124.72,1152.5,27.22,0.43648,fay_herriot,forms_mnt:h_sd+alt_mean+essence+greco;log,2005-2024,IGN IFN brut (Etalab 2.0) ; FORMS-T (CC-BY 4.0) ; spec 054 lot 3
A11,56,6,65.516,913.04,gvf,76.579,501.22,29.235,0.37642,fay_herriot,forms_mnt:h_sd+alt_mean+essence+greco;log,2005-2024,IGN IFN brut (Etalab 2.0) ; FORMS-T (CC-BY 4.0) ; spec 054 lot 3
A11,61,96,84.239,106.11,direct,87.13,102.03,11.593,0.89569,fay_herriot,forms_mnt:h_sd+alt_mean+essence+greco;log,2005-2024,IGN IFN brut (Etalab 2.0) ; FORMS-T (CC-BY 4.0) ; spec 054 lot 3
A11,62,6,43.181,1563.9,gvf,106.81,1303.3,33.799,0.13277,fay_herriot,forms_mnt:h_sd+alt_mean+essence+greco;log,2005-2024,IGN IFN brut (Etalab 2.0) ; FORMS-T (CC-BY 4.0) ; spec 054 lot 3
A11,63,2,26.926,7375.4,gvf,107.94,1563.2,36.628,0.012465,fay_herriot,forms_mnt:h_sd+alt_mean+essence+greco;log,2005-2024,IGN IFN brut (Etalab 2.0) ; FORMS-T (CC-BY 4.0) ; spec 054 lot 3
A11,64,112,191.2,321.86,direct,190.36,299.12,9.0855,0.93584,fay_herriot,forms_mnt:h_sd+alt_mean+essence+greco;log,2005-2024,IGN IFN brut (Etalab 2.0) ; FORMS-T (CC-BY 4.0) ; spec 054 lot 3
A11,67,36,13.522,5.2774,direct,13.807,4.5618,15.47,0.81648,fay_herriot,forms_mnt:h_sd+alt_mean+essence+greco;log,2005-2024,IGN IFN brut (Etalab 2.0) ; FORMS-T (CC-BY 4.0) ; spec 054 lot 3
A11,68CJ,2,308.84,2170.7,gvf,248.3,1202.1,13.963,0.84945,fay_herriot,forms_mnt:h_sd+alt_mean+essence+greco;log,2005-2024,IGN IFN brut (Etalab 2.0) ; FORMS-T (CC-BY 4.0) ; spec 054 lot 3
A11,68CL,13,39.059,87.884,direct,48.729,103.35,20.863,0.69031,fay_herriot,forms_mnt:h_sd+alt_mean+essence+greco;log,2005-2024,IGN IFN brut (Etalab 2.0) ; FORMS-T (CC-BY 4.0) ; spec 054 lot 3
A11,68PM,18,294.24,3490.1,direct,210.55,1378.5,17.634,0.76107,fay_herriot,forms_mnt:h_sd+alt_mean+essence+greco;log,2005-2024,IGN IFN brut (Etalab 2.0) ; FORMS-T (CC-BY 4.0) ; spec 054 lot 3
A11,68SV,5,78.444,668.08,gvf,75.668,345.51,24.565,0.54185,fay_herriot,forms_mnt:h_sd+alt_mean+essence+greco;log,2005-2024,IGN IFN brut (Etalab 2.0) ; FORMS-T (CC-BY 4.0) ; spec 054 lot 3
A11,68TG,5,137.78,3704.4,gvf,163.04,2578.1,31.142,0.39686,fay_herriot,forms_mnt:h_sd+alt_mean+essence+greco;log,2005-2024,IGN IFN brut (Etalab 2.0) ; FORMS-T (CC-BY 4.0) ; spec 054 lot 3
A11,68TH,10,110.48,1486.6,direct,90.003,520.18,25.341,0.51319,fay_herriot,forms_mnt:h_sd+alt_mean+essence+greco;log,2005-2024,IGN IFN brut (Etalab 2.0) ; FORMS-T (CC-BY 4.0) ; spec 054 lot 3
A11,71,1,18.164,2508.9,gvf,55.895,504.9,40.2,0.016604,fay_herriot,forms_mnt:h_sd+alt_mean+essence+greco;log,2005-2024,IGN IFN brut (Etalab 2.0) ; FORMS-T (CC-BY 4.0) ; spec 054 lot 3
A11,72V,7,125.98,1482,gvf,125.58,895.38,23.828,0.57897,fay_herriot,forms_mnt:h_sd+alt_mean+essence+greco;log,2005-2024,IGN IFN brut (Etalab 2.0) ; FORMS-T (CC-BY 4.0) ; spec 054 lot 3
A11,73,170,188.81,185.11,direct,188.81,178.43,7.0747,0.96113,fay_herriot,forms_mnt:h_sd+alt_mean+essence+greco;log,2005-2024,IGN IFN brut (Etalab 2.0) ; FORMS-T (CC-BY 4.0) ; spec 054 lot 3
A11,74H,1,280.64,31998,gvf,100.36,1024.2,31.888,0.24015,fay_herriot,forms_mnt:h_sd+alt_mean+essence+greco;log,2005-2024,IGN IFN brut (Etalab 2.0) ; FORMS-T (CC-BY 4.0) ; spec 054 lot 3
A11,74J,29,111.4,621.1,direct,126.16,591.58,19.279,0.71954,fay_herriot,forms_mnt:h_sd+alt_mean+essence+greco;log,2005-2024,IGN IFN brut (Etalab 2.0) ; FORMS-T (CC-BY 4.0) ; spec 054 lot 3
A12,02,346,92.041,21.734,direct,91.831,21.221,5.0164,0.98041,fay_herriot,forms_mnt:h_sd+alt_mean+essence+greco;log,2005-2024,IGN IFN brut (Etalab 2.0) ; FORMS-T (CC-BY 4.0) ; spec 054 lot 3
A12,03,100,93.238,58.939,direct,93.576,56.453,8.0294,0.94985,fay_herriot,forms_mnt:h_sd+alt_mean+essence+greco;log,2005-2024,IGN IFN brut (Etalab 2.0) ; FORMS-T (CC-BY 4.0) ; spec 054 lot 3
A12,04,8,120.5,697.92,gvf,106.47,401.09,18.81,0.72764,fay_herriot,forms_mnt:h_sd+alt_mean+essence+greco;log,2005-2024,IGN IFN brut (Etalab 2.0) ; FORMS-T (CC-BY 4.0) ; spec 054 lot 3
A12,06,1,14.486,1645.7,gvf,35.213,165.05,36.485,0.01611,fay_herriot,forms_mnt:h_sd+alt_mean+essence+greco;log,2005-2024,IGN IFN brut (Etalab 2.0) ; FORMS-T (CC-BY 4.0) ; spec 054 lot 3
A12,09,164,50.626,18.498,direct,51.84,18.386,8.2713,0.94678,fay_herriot,forms_mnt:h_sd+alt_mean+essence+greco;log,2005-2024,IGN IFN brut (Etalab 2.0) ; FORMS-T (CC-BY 4.0) ; spec 054 lot 3
A12,10,203,92.693,55.909,direct,91.461,51.867,7.8742,0.95177,fay_herriot,forms_mnt:h_sd+alt_mean+essence+greco;log,2005-2024,IGN IFN brut (Etalab 2.0) ; FORMS-T (CC-BY 4.0) ; spec 054 lot 3
A12,11,25,37.337,69.262,direct,38.513,53.511,18.994,0.72101,fay_herriot,forms_mnt:h_sd+alt_mean+essence+greco;log,2005-2024,IGN IFN brut (Etalab 2.0) ; FORMS-T (CC-BY 4.0) ; spec 054 lot 3
A12,12P,66,41.434,39.933,direct,42.569,35.976,14.09,0.84663,fay_herriot,forms_mnt:h_sd+alt_mean+essence+greco;log,2005-2024,IGN IFN brut (Etalab 2.0) ; FORMS-T (CC-BY 4.0) ; spec 054 lot 3
A12,12V,111,27.959,6.6873,direct,28.223,6.3983,8.9625,0.93754,fay_herriot,forms_mnt:h_sd+alt_mean+essence+greco;log,2005-2024,IGN IFN brut (Etalab 2.0) ; FORMS-T (CC-BY 4.0) ; spec 054 lot 3
A12,13C,1,30.024,3895.7,gvf,38.615,235.21,39.716,0.028853,fay_herriot,forms_mnt:h_sd+alt_mean+essence+greco;log,2005-2024,IGN IFN brut (Etalab 2.0) ; FORMS-T (CC-BY 4.0) ; spec 054 lot 3
A12,13G,12,37.28,167.08,direct,52.592,173.86,25.071,0.51647,fay_herriot,forms_mnt:h_sd+alt_mean+essence+greco;log,2005-2024,IGN IFN brut (Etalab 2.0) ; FORMS-T (CC-BY 4.0) ; spec 054 lot 3
A12,14,5,70.234,582.85,gvf,66.759,277.9,24.971,0.52078,fay_herriot,forms_mnt:h_sd+alt_mean+essence+greco;log,2005-2024,IGN IFN brut (Etalab 2.0) ; FORMS-T (CC-BY 4.0) ; spec 054 lot 3
A12,15S,22,58.909,350.21,direct,47.705,130.29,23.927,0.55993,fay_herriot,forms_mnt:h_sd+alt_mean+essence+greco;log,2005-2024,IGN IFN brut (Etalab 2.0) ; FORMS-T (CC-BY 4.0) ; spec 054 lot 3
A12,17C,46,66.34,69.424,direct,64.96,59.428,11.867,0.89059,fay_herriot,forms_mnt:h_sd+alt_mean+essence+greco;log,2005-2024,IGN IFN brut (Etalab 2.0) ; FORMS-T (CC-BY 4.0) ; spec 054 lot 3
A12,18C,10,6.2223,2.5624,direct,8.3658,3.0876,21.004,0.65988,fay_herriot,forms_mnt:h_sd+alt_mean+essence+greco;log,2005-2024,IGN IFN brut (Etalab 2.0) ; FORMS-T (CC-BY 4.0) ; spec 054 lot 3
A12,19,64,170.57,393.81,direct,170.91,358.63,11.081,0.90464,fay_herriot,forms_mnt:h_sd+alt_mean+essence+greco;log,2005-2024,IGN IFN brut (Etalab 2.0) ; FORMS-T (CC-BY 4.0) ; spec 054 lot 3
A12,20G,1,1.1103,2678.4,gvf,46.132,284.57,36.567,5.9095e-05,fay_herriot,forms_mnt:h_sd+alt_mean+essence+greco;log,2005-2024,IGN IFN brut (Etalab 2.0) ; FORMS-T (CC-BY 4.0) ; spec 054 lot 3
A12,20P,1,20.404,1876.2,gvf,44.814,259.96,35.978,0.027702,fay_herriot,forms_mnt:h_sd+alt_mean+essence+greco;log,2005-2024,IGN IFN brut (Etalab 2.0) ; FORMS-T (CC-BY 4.0) ; spec 054 lot 3
A12,21C,4,19.149,308.71,gvf,22.569,57.953,33.731,0.13233,fay_herriot,forms_mnt:h_sd+alt_mean+essence+greco;log,2005-2024,IGN IFN brut (Etalab 2.0) ; FORMS-T (CC-BY 4.0) ; spec 054 lot 3
A12,22M,29,29.456,32.596,direct,28.103,23.074,17.092,0.77364,fay_herriot,forms_mnt:h_sd+alt_mean+essence+greco;log,2005-2024,IGN IFN brut (Etalab 2.0) ; FORMS-T (CC-BY 4.0) ; spec 054 lot 3
A12,23C,1,5.4842,92.879,gvf,11.702,17.786,36.041,0.03992,fay_herriot,forms_mnt:h_sd+alt_mean+essence+greco;log,2005-2024,IGN IFN brut (Etalab 2.0) ; FORMS-T (CC-BY 4.0) ; spec 054 lot 3
A12,23PC,14,6.3504,1.2634,direct,6.7664,1.1624,15.934,0.80386,fay_herriot,forms_mnt:h_sd+alt_mean+essence+greco;log,2005-2024,IGN IFN brut (Etalab 2.0) ; FORMS-T (CC-BY 4.0) ; spec 054 lot 3
A12,23PD,1,5.4498,102.22,gvf,13.849,26.023,36.836,0.035967,fay_herriot,forms_mnt:h_sd+alt_mean+essence+greco;log,2005-2024,IGN IFN brut (Etalab 2.0) ; FORMS-T (CC-BY 4.0) ; spec 054 lot 3
A12,23PM,8,12.499,9.5432,gvf,11.226,5.2758,20.461,0.67764,fay_herriot,forms_mnt:h_sd+alt_mean+essence+greco;log,2005-2024,IGN IFN brut (Etalab 2.0) ; FORMS-T (CC-BY 4.0) ; spec 054 lot 3
A12,24,28,60.771,181.17,direct,57.51,118.19,18.904,0.72357,fay_herriot,forms_mnt:h_sd+alt_mean+essence+greco;log,2005-2024,IGN IFN brut (Etalab 2.0) ; FORMS-T (CC-BY 4.0) ; spec 054 lot 3
A12,25B,2,108.15,1920.9,gvf,78.128,451.71,27.203,0.4388,fay_herriot,forms_mnt:h_sd+alt_mean+essence+greco;log,2005-2024,IGN IFN brut (Etalab 2.0) ; FORMS-T (CC-BY 4.0) ; spec 054 lot 3
A12,25FR,2,67.505,1867.8,gvf,64.826,453.78,32.861,0.23854,fay_herriot,forms_mnt:h_sd+alt_mean+essence+greco;log,2005-2024,IGN IFN brut (Etalab 2.0) ; FORMS-T (CC-BY 4.0) ; spec 054 lot 3
A12,25M,78,34.364,23.684,direct,31.361,17.12,13.194,0.86491,fay_herriot,forms_mnt:h_sd+alt_mean+essence+greco;log,2005-2024,IGN IFN brut (Etalab 2.0) ; FORMS-T (CC-BY 4.0) ; spec 054 lot 3
A12,25R,35,28.4,21.719,direct,27.934,17.624,15.029,0.82664,fay_herriot,forms_mnt:h_sd+alt_mean+essence+greco;log,2005-2024,IGN IFN brut (Etalab 2.0) ; FORMS-T (CC-BY 4.0) ; spec 054 lot 3
A12,29AF,1,13.585,53.575,gvf,8.3919,6.7699,31.005,0.30667,fay_herriot,forms_mnt:h_sd+alt_mean+essence+greco;log,2005-2024,IGN IFN brut (Etalab 2.0) ; FORMS-T (CC-BY 4.0) ; spec 054 lot 3
A12,29MA,1,13.04,5245.1,gvf,68.471,752.76,40.07,0.0041452,fay_herriot,forms_mnt:h_sd+alt_mean+essence+greco;log,2005-2024,IGN IFN brut (Etalab 2.0) ; FORMS-T (CC-BY 4.0) ; spec 054 lot 3
A12,31,42,8.8053,5.1644,direct,8.745,3.382,21.029,0.65844,fay_herriot,forms_mnt:h_sd+alt_mean+essence+greco;log,2005-2024,IGN IFN brut (Etalab 2.0) ; FORMS-T (CC-BY 4.0) ; spec 054 lot 3
A12,33B,1,73.428,29031,gvf,132.2,2747,39.646,0.023292,fay_herriot,forms_mnt:h_sd+alt_mean+essence+greco;log,2005-2024,IGN IFN brut (Etalab 2.0) ; FORMS-T (CC-BY 4.0) ; spec 054 lot 3
A12,33G,3,21.416,5584.6,gvf,139.53,2699.2,37.235,0.010436,fay_herriot,forms_mnt:h_sd+alt_mean+essence+greco;log,2005-2024,IGN IFN brut (Etalab 2.0) ; FORMS-T (CC-BY 4.0) ; spec 054 lot 3
A12,33N,3,59.414,2769.2,gvf,93.737,1007.9,33.869,0.14066,fay_herriot,forms_mnt:h_sd+alt_mean+essence+greco;log,2005-2024,IGN IFN brut (Etalab 2.0) ; FORMS-T (CC-BY 4.0) ; spec 054 lot 3
A12,34,5,53.747,6410.7,gvf,123.7,2225.3,38.134,0.054694,fay_herriot,forms_mnt:h_sd+alt_mean+essence+greco;log,2005-2024,IGN IFN brut (Etalab 2.0) ; FORMS-T (CC-BY 4.0) ; spec 054 lot 3
A12,36,1,14.307,10477,gvf,112.31,2844.4,47.489,0.0025026,fay_herriot,forms_mnt:h_sd+alt_mean+essence+greco;log,2005-2024,IGN IFN brut (Etalab 2.0) ; FORMS-T (CC-BY 4.0) ; spec 054 lot 3
A12,41,6,6.5126,9.029,gvf,8.503,5.9035,28.575,0.37624,fay_herriot,forms_mnt:h_sd+alt_mean+essence+greco;log,2005-2024,IGN IFN brut (Etalab 2.0) ; FORMS-T (CC-BY 4.0) ; spec 054 lot 3
A12,49AM,7,3.799,5.5683,gvf,4.8098,2.2667,31.302,0.24971,fay_herriot,forms_mnt:h_sd+alt_mean+essence+greco;log,2005-2024,IGN IFN brut (Etalab 2.0) ; FORMS-T (CC-BY 4.0) ; spec 054 lot 3
A12,49BO,3,1.7001,1.2601,gvf,2.248,0.52545,32.246,0.22751,fay_herriot,forms_mnt:h_sd+alt_mean+essence+greco;log,2005-2024,IGN IFN brut (Etalab 2.0) ; FORMS-T (CC-BY 4.0) ; spec 054 lot 3
A12,49IA,40,12.14,9.3002,direct,9.6479,3.982,20.683,0.67049,fay_herriot,forms_mnt:h_sd+alt_mean+essence+greco;log,2005-2024,IGN IFN brut (Etalab 2.0) ; FORMS-T (CC-BY 4.0) ; spec 054 lot 3
A12,49PS,3,4.1888,18.617,gvf,5.6191,3.8171,34.77,0.10795,fay_herriot,forms_mnt:h_sd+alt_mean+essence+greco;log,2005-2024,IGN IFN brut (Etalab 2.0) ; FORMS-T (CC-BY 4.0) ; spec 054 lot 3
A12,49SN,16,4.7112,1.7303,direct,4.7283,1.0998,22.18,0.62222,fay_herriot,forms_mnt:h_sd+alt_mean+essence+greco;log,2005-2024,IGN IFN brut (Etalab 2.0) ; FORMS-T (CC-BY 4.0) ; spec 054 lot 3
A12,51,75,127.94,150.31,direct,127.02,138.6,9.2681,0.93326,fay_herriot,forms_mnt:h_sd+alt_mean+essence+greco;log,2005-2024,IGN IFN brut (Etalab 2.0) ; FORMS-T (CC-BY 4.0) ; spec 054 lot 3
A12,52,104,78.639,86.609,direct,79.02,79.032,11.25,0.90166,fay_herriot,forms_mnt:h_sd+alt_mean+essence+greco;log,2005-2024,IGN IFN brut (Etalab 2.0) ; FORMS-T (CC-BY 4.0) ; spec 054 lot 3
A12,53CA,1,99.335,7363.2,gvf,152.87,3754.1,40.08,0.14681,fay_herriot,forms_mnt:h_sd+alt_mean+essence+greco;log,2005-2024,IGN IFN brut (Etalab 2.0) ; FORMS-T (CC-BY 4.0) ; spec 054 lot 3
A12,53CO,18,104.41,204.97,direct,108.01,192.13,12.833,0.87226,fay_herriot,forms_mnt:h_sd+alt_mean+essence+greco;log,2005-2024,IGN IFN brut (Etalab 2.0) ; FORMS-T (CC-BY 4.0) ; spec 054 lot 3
A12,54,1,247.94,14583,gvf,159.94,2190.1,29.26,0.3512,fay_herriot,forms_mnt:h_sd+alt_mean+essence+greco;log,2005-2024,IGN IFN brut (Etalab 2.0) ; FORMS-T (CC-BY 4.0) ; spec 054 lot 3
A12,56,1,51.739,5478.2,gvf,86.443,993.9,36.47,0.059041,fay_herriot,forms_mnt:h_sd+alt_mean+essence+greco;log,2005-2024,IGN IFN brut (Etalab 2.0) ; FORMS-T (CC-BY 4.0) ; spec 054 lot 3
A12,61,37,88.912,293.11,direct,95.709,265.47,17.024,0.77594,fay_herriot,forms_mnt:h_sd+alt_mean+essence+greco;log,2005-2024,IGN IFN brut (Etalab 2.0) ; FORMS-T (CC-BY 4.0) ; spec 054 lot 3
A12,62,3,136.41,3127.8,gvf,132.84,1306.8,27.212,0.43308,fay_herriot,forms_mnt:h_sd+alt_mean+essence+greco;log,2005-2024,IGN IFN brut (Etalab 2.0) ; FORMS-T (CC-BY 4.0) ; spec 054 lot 3
A12,64,32,102.14,304.13,direct,114.49,313.15,15.456,0.81498,fay_herriot,forms_mnt:h_sd+alt_mean+essence+greco;log,2005-2024,IGN IFN brut (Etalab 2.0) ; FORMS-T (CC-BY 4.0) ; spec 054 lot 3
A12,67,6,7.5268,23.957,gvf,13.467,19.002,32.369,0.23292,fay_herriot,forms_mnt:h_sd+alt_mean+essence+greco;log,2005-2024,IGN IFN brut (Etalab 2.0) ; FORMS-T (CC-BY 4.0) ; spec 054 lot 3
A12,68CE,1,140.58,2315.7,gvf,109.8,939.59,27.918,0.52285,fay_herriot,forms_mnt:h_sd+alt_mean+essence+greco;log,2005-2024,IGN IFN brut (Etalab 2.0) ; FORMS-T (CC-BY 4.0) ; spec 054 lot 3
A12,68CL,2,30.972,443.84,gvf,68.039,576.07,35.276,0.21723,fay_herriot,forms_mnt:h_sd+alt_mean+essence+greco;log,2005-2024,IGN IFN brut (Etalab 2.0) ; FORMS-T (CC-BY 4.0) ; spec 054 lot 3
A12,68CM,1,24.974,3229.4,gvf,74.866,740.17,36.34,0.024199,fay_herriot,forms_mnt:h_sd+alt_mean+essence+greco;log,2005-2024,IGN IFN brut (Etalab 2.0) ; FORMS-T (CC-BY 4.0) ; spec 054 lot 3
A12,68PM,3,135.39,17610,gvf,82.234,803.45,34.469,0.1179,fay_herriot,forms_mnt:h_sd+alt_mean+essence+greco;log,2005-2024,IGN IFN brut (Etalab 2.0) ; FORMS-T (CC-BY 4.0) ; spec 054 lot 3
A12,68TG,1,26.17,18522,gvf,191.43,6627.9,42.528,0.0047256,fay_herriot,forms_mnt:h_sd+alt_mean+essence+greco;log,2005-2024,IGN IFN brut (Etalab 2.0) ; FORMS-T (CC-BY 4.0) ; spec 054 lot 3
A12,68TH,3,37.535,3461.1,gvf,74.238,707.9,35.839,0.049672,fay_herriot,forms_mnt:h_sd+alt_mean+essence+greco;log,2005-2024,IGN IFN brut (Etalab 2.0) ; FORMS-T (CC-BY 4.0) ; spec 054 lot 3
A12,72V,2,20.077,5187.1,gvf,130.2,2406.3,37.677,0.0098795,fay_herriot,forms_mnt:h_sd+alt_mean+essence+greco;log,2005-2024,IGN IFN brut (Etalab 2.0) ; FORMS-T (CC-BY 4.0) ; spec 054 lot 3
A12,73,36,205.85,1067.7,direct,204.91,895.22,14.601,0.83595,fay_herriot,forms_mnt:h_sd+alt_mean+essence+greco;log,2005-2024,IGN IFN brut (Etalab 2.0) ; FORMS-T (CC-BY 4.0) ; spec 054 lot 3
A12,74J,2,52.294,7644.8,gvf,174.28,4129.8,36.873,0.043914,fay_herriot,forms_mnt:h_sd+alt_mean+essence+greco;log,2005-2024,IGN IFN brut (Etalab 2.0) ; FORMS-T (CC-BY 4.0) ; spec 054 lot 3
A12,77,1,91.204,11017,gvf,78.098,750.04,35.067,0.088379,fay_herriot,forms_mnt:h_sd+alt_mean+essence+greco;log,2005-2024,IGN IFN brut (Etalab 2.0) ; FORMS-T (CC-BY 4.0) ; spec 054 lot 3
A13,02,411,86.185,15.55,direct,86.218,15.318,4.5395,0.98396,fay_herriot,forms_mnt:h_sd+alt_mean+essence+greco;log,2005-2024,IGN IFN brut (Etalab 2.0) ; FORMS-T (CC-BY 4.0) ; spec 054 lot 3
A13,03,401,136.4,27.956,direct,136.03,27.491,3.8544,0.98843,fay_herriot,forms_mnt:h_sd+alt_mean+essence+greco;log,2005-2024,IGN IFN brut (Etalab 2.0) ; FORMS-T (CC-BY 4.0) ; spec 054 lot 3
A13,04,9,30.611,620.37,gvf,70.165,548.25,33.371,0.16244,fay_herriot,forms_mnt:h_sd+alt_mean+essence+greco;log,2005-2024,IGN IFN brut (Etalab 2.0) ; FORMS-T (CC-BY 4.0) ; spec 054 lot 3
A13,09,418,84.789,17.823,direct,84.795,17.496,4.9328,0.98106,fay_herriot,forms_mnt:h_sd+alt_mean+essence+greco;log,2005-2024,IGN IFN brut (Etalab 2.0) ; FORMS-T (CC-BY 4.0) ; spec 054 lot 3
A13,10,226,85.75,44.537,direct,85.269,42.102,7.6095,0.95495,fay_herriot,forms_mnt:h_sd+alt_mean+essence+greco;log,2005-2024,IGN IFN brut (Etalab 2.0) ; FORMS-T (CC-BY 4.0) ; spec 054 lot 3
A13,11,25,41.552,66.419,direct,42.314,53.317,17.256,0.76948,fay_herriot,forms_mnt:h_sd+alt_mean+essence+greco;log,2005-2024,IGN IFN brut (Etalab 2.0) ; FORMS-T (CC-BY 4.0) ; spec 054 lot 3
A13,12P,21,45.133,95.828,direct,47.178,77.726,18.687,0.73186,fay_herriot,forms_mnt:h_sd+alt_mean+essence+greco;log,2005-2024,IGN IFN brut (Etalab 2.0) ; FORMS-T (CC-BY 4.0) ; spec 054 lot 3
A13,12V,230,34.115,7.5202,direct,34.157,7.1864,7.8482,0.95209,fay_herriot,forms_mnt:h_sd+alt_mean+essence+greco;log,2005-2024,IGN IFN brut (Etalab 2.0) ; FORMS-T (CC-BY 4.0) ; spec 054 lot 3
A13,13G,48,74.67,198.2,direct,76.166,162.46,16.734,0.78318,fay_herriot,forms_mnt:h_sd+alt_mean+essence+greco;log,2005-2024,IGN IFN brut (Etalab 2.0) ; FORMS-T (CC-BY 4.0) ; spec 054 lot 3
A13,14,5,70.832,582.85,gvf,69.503,298.64,24.864,0.525,fay_herriot,forms_mnt:h_sd+alt_mean+essence+greco;log,2005-2024,IGN IFN brut (Etalab 2.0) ; FORMS-T (CC-BY 4.0) ; spec 054 lot 3
A13,15P,2,43.583,600.94,gvf,37.371,131.55,30.692,0.2887,fay_herriot,forms_mnt:h_sd+alt_mean+essence+greco;log,2005-2024,IGN IFN brut (Etalab 2.0) ; FORMS-T (CC-BY 4.0) ; spec 054 lot 3
A13,15S,32,43.226,84.545,direct,42.166,59.967,18.365,0.73943,fay_herriot,forms_mnt:h_sd+alt_mean+essence+greco;log,2005-2024,IGN IFN brut (Etalab 2.0) ; FORMS-T (CC-BY 4.0) ; spec 054 lot 3
A13,17C,92,50.255,31.892,direct,50.981,29.943,10.734,0.91046,fay_herriot,forms_mnt:h_sd+alt_mean+essence+greco;log,2005-2024,IGN IFN brut (Etalab 2.0) ; FORMS-T (CC-BY 4.0) ; spec 054 lot 3
A13,18C,11,17.053,15.013,direct,16.746,10.417,19.273,0.71324,fay_herriot,forms_mnt:h_sd+alt_mean+essence+greco;log,2005-2024,IGN IFN brut (Etalab 2.0) ; FORMS-T (CC-BY 4.0) ; spec 054 lot 3
A13,19,59,167.83,537.87,direct,170.27,483.75,12.917,0.87054,fay_herriot,forms_mnt:h_sd+alt_mean+essence+greco;log,2005-2024,IGN IFN brut (Etalab 2.0) ; FORMS-T (CC-BY 4.0) ; spec 054 lot 3
A13,20G,3,83.404,892.81,gvf,64.394,271.92,25.608,0.50011,fay_herriot,forms_mnt:h_sd+alt_mean+essence+greco;log,2005-2024,IGN IFN brut (Etalab 2.0) ; FORMS-T (CC-BY 4.0) ; spec 054 lot 3
A13,20P,12,38.937,261.92,direct,44.62,149.96,27.445,0.42635,fay_herriot,forms_mnt:h_sd+alt_mean+essence+greco;log,2005-2024,IGN IFN brut (Etalab 2.0) ; FORMS-T (CC-BY 4.0) ; spec 054 lot 3
A13,21C,14,24.74,49.221,direct,24.813,30.756,22.35,0.61489,fay_herriot,forms_mnt:h_sd+alt_mean+essence+greco;log,2005-2024,IGN IFN brut (Etalab 2.0) ; FORMS-T (CC-BY 4.0) ; spec 054 lot 3
A13,22M,62,31.825,30.252,direct,30.585,22.77,15.602,0.81128,fay_herriot,forms_mnt:h_sd+alt_mean+essence+greco;log,2005-2024,IGN IFN brut (Etalab 2.0) ; FORMS-T (CC-BY 4.0) ; spec 054 lot 3
A13,23PC,6,8.588,14.241,gvf,9.0985,6.5419,28.111,0.3994,fay_herriot,forms_mnt:h_sd+alt_mean+essence+greco;log,2005-2024,IGN IFN brut (Etalab 2.0) ; FORMS-T (CC-BY 4.0) ; spec 054 lot 3
A13,23PM,3,3.7182,25.449,gvf,9.0667,10.19,35.208,0.065205,fay_herriot,forms_mnt:h_sd+alt_mean+essence+greco;log,2005-2024,IGN IFN brut (Etalab 2.0) ; FORMS-T (CC-BY 4.0) ; spec 054 lot 3
A13,23SO,6,6.7271,8.3758,gvf,8.9951,6.3265,27.962,0.40959,fay_herriot,forms_mnt:h_sd+alt_mean+essence+greco;log,2005-2024,IGN IFN brut (Etalab 2.0) ; FORMS-T (CC-BY 4.0) ; spec 054 lot 3
A13,24,49,66.597,129.74,direct,63.974,97.97,15.472,0.81445,fay_herriot,forms_mnt:h_sd+alt_mean+essence+greco;log,2005-2024,IGN IFN brut (Etalab 2.0) ; FORMS-T (CC-BY 4.0) ; spec 054 lot 3
A13,25B,1,56.757,3841.7,gvf,64.393,501.55,34.779,0.097202,fay_herriot,forms_mnt:h_sd+alt_mean+essence+greco;log,2005-2024,IGN IFN brut (Etalab 2.0) ; FORMS-T (CC-BY 4.0) ; spec 054 lot 3
A13,25C,1,84.91,2030.2,gvf,31.797,92.427,30.235,0.31319,fay_herriot,forms_mnt:h_sd+alt_mean+essence+greco;log,2005-2024,IGN IFN brut (Etalab 2.0) ; FORMS-T (CC-BY 4.0) ; spec 054 lot 3
A13,25M,77,27.319,11.349,direct,26.261,9.4028,11.677,0.89411,fay_herriot,forms_mnt:h_sd+alt_mean+essence+greco;log,2005-2024,IGN IFN brut (Etalab 2.0) ; FORMS-T (CC-BY 4.0) ; spec 054 lot 3
A13,25R,14,24.1,75.903,direct,25.904,45.317,25.987,0.49559,fay_herriot,forms_mnt:h_sd+alt_mean+essence+greco;log,2005-2024,IGN IFN brut (Etalab 2.0) ; FORMS-T (CC-BY 4.0) ; spec 054 lot 3
A13,27C,1,13.376,202.22,gvf,19.612,45.9,34.546,0.10201,fay_herriot,forms_mnt:h_sd+alt_mean+essence+greco;log,2005-2024,IGN IFN brut (Etalab 2.0) ; FORMS-T (CC-BY 4.0) ; spec 054 lot 3
A13,29AF,1,7.0124,53.575,gvf,7.2745,6.7059,35.598,0.10543,fay_herriot,forms_mnt:h_sd+alt_mean+essence+greco;log,2005-2024,IGN IFN brut (Etalab 2.0) ; FORMS-T (CC-BY 4.0) ; spec 054 lot 3
A13,31,65,14.321,5.338,direct,13.316,3.8535,14.742,0.83147,fay_herriot,forms_mnt:h_sd+alt_mean+essence+greco;log,2005-2024,IGN IFN brut (Etalab 2.0) ; FORMS-T (CC-BY 4.0) ; spec 054 lot 3
A13,332G,1,169.77,11089,gvf,164.04,3023.6,33.52,0.25023,fay_herriot,forms_mnt:h_sd+alt_mean+essence+greco;log,2005-2024,IGN IFN brut (Etalab 2.0) ; FORMS-T (CC-BY 4.0) ; spec 054 lot 3
A13,41,5,19.79,10.835,gvf,17.763,7.2243,15.131,0.82273,fay_herriot,forms_mnt:h_sd+alt_mean+essence+greco;log,2005-2024,IGN IFN brut (Etalab 2.0) ; FORMS-T (CC-BY 4.0) ; spec 054 lot 3
A13,49AM,26,6.754,1.9759,direct,6.4437,1.3532,18.053,0.74776,fay_herriot,forms_mnt:h_sd+alt_mean+essence+greco;log,2005-2024,IGN IFN brut (Etalab 2.0) ; FORMS-T (CC-BY 4.0) ; spec 054 lot 3
A13,49BO,3,1.19,1.2601,gvf,2.3794,0.67031,34.409,0.1261,fay_herriot,forms_mnt:h_sd+alt_mean+essence+greco;log,2005-2024,IGN IFN brut (Etalab 2.0) ; FORMS-T (CC-BY 4.0) ; spec 054 lot 3
A13,49EV,2,1.0829,2.091,gvf,3.0022,1.1509,35.734,0.067172,fay_herriot,forms_mnt:h_sd+alt_mean+essence+greco;log,2005-2024,IGN IFN brut (Etalab 2.0) ; FORMS-T (CC-BY 4.0) ; spec 054 lot 3
A13,49IA,35,6.8875,1.3128,direct,6.8195,1.0654,15.135,0.82268,fay_herriot,forms_mnt:h_sd+alt_mean+essence+greco;log,2005-2024,IGN IFN brut (Etalab 2.0) ; FORMS-T (CC-BY 4.0) ; spec 054 lot 3
A13,49PS,7,8.8431,7.9788,gvf,7.5957,3.3732,24.18,0.55723,fay_herriot,forms_mnt:h_sd+alt_mean+essence+greco;log,2005-2024,IGN IFN brut (Etalab 2.0) ; FORMS-T (CC-BY 4.0) ; spec 054 lot 3
A13,49SN,11,3.8963,1.0464,direct,4.2877,0.83562,21.32,0.65069,fay_herriot,forms_mnt:h_sd+alt_mean+essence+greco;log,2005-2024,IGN IFN brut (Etalab 2.0) ; FORMS-T (CC-BY 4.0) ; spec 054 lot 3
A13,51,26,103.33,362.79,direct,107.3,311.66,16.452,0.79074,fay_herriot,forms_mnt:h_sd+alt_mean+essence+greco;log,2005-2024,IGN IFN brut (Etalab 2.0) ; FORMS-T (CC-BY 4.0) ; spec 054 lot 3
A13,52,126,81.478,54.173,direct,81.908,51.551,8.7658,0.94025,fay_herriot,forms_mnt:h_sd+alt_mean+essence+greco;log,2005-2024,IGN IFN brut (Etalab 2.0) ; FORMS-T (CC-BY 4.0) ; spec 054 lot 3
A13,53CO,31,93.404,190.14,direct,99.734,186.2,13.682,0.85489,fay_herriot,forms_mnt:h_sd+alt_mean+essence+greco;log,2005-2024,IGN IFN brut (Etalab 2.0) ; FORMS-T (CC-BY 4.0) ; spec 054 lot 3
A13,54,1,31.829,14583,gvf,134.18,2389.2,36.429,0.0088416,fay_herriot,forms_mnt:h_sd+alt_mean+essence+greco;log,2005-2024,IGN IFN brut (Etalab 2.0) ; FORMS-T (CC-BY 4.0) ; spec 054 lot 3
A13,56,4,80.54,1369.6,gvf,89.935,689.46,29.196,0.37817,fay_herriot,forms_mnt:h_sd+alt_mean+essence+greco;log,2005-2024,IGN IFN brut (Etalab 2.0) ; FORMS-T (CC-BY 4.0) ; spec 054 lot 3
A13,61,50,113.18,284.71,direct,115.92,255.84,13.799,0.85244,fay_herriot,forms_mnt:h_sd+alt_mean+essence+greco;log,2005-2024,IGN IFN brut (Etalab 2.0) ; FORMS-T (CC-BY 4.0) ; spec 054 lot 3
A13,62,44,98.311,249.8,direct,104.34,235.48,14.707,0.83244,fay_herriot,forms_mnt:h_sd+alt_mean+essence+greco;log,2005-2024,IGN IFN brut (Etalab 2.0) ; FORMS-T (CC-BY 4.0) ; spec 054 lot 3
A13,63,3,143.49,4916.9,gvf,131.56,1502,29.458,0.34967,fay_herriot,forms_mnt:h_sd+alt_mean+essence+greco;log,2005-2024,IGN IFN brut (Etalab 2.0) ; FORMS-T (CC-BY 4.0) ; spec 054 lot 3
A13,64,118,228.41,309.29,direct,227.27,293.1,7.5329,0.95587,fay_herriot,forms_mnt:h_sd+alt_mean+essence+greco;log,2005-2024,IGN IFN brut (Etalab 2.0) ; FORMS-T (CC-BY 4.0) ; spec 054 lot 3
A13,65,1,13.188,14346,gvf,90.844,1179.9,37.812,0.0015543,fay_herriot,forms_mnt:h_sd+alt_mean+essence+greco;log,2005-2024,IGN IFN brut (Etalab 2.0) ; FORMS-T (CC-BY 4.0) ; spec 054 lot 3
A13,67,5,11.547,28.748,gvf,14.883,18.766,29.107,0.37323,fay_herriot,forms_mnt:h_sd+alt_mean+essence+greco;log,2005-2024,IGN IFN brut (Etalab 2.0) ; FORMS-T (CC-BY 4.0) ; spec 054 lot 3
A13,68CL,1,49.027,887.69,gvf,77.702,705.4,34.181,0.25799,fay_herriot,forms_mnt:h_sd+alt_mean+essence+greco;log,2005-2024,IGN IFN brut (Etalab 2.0) ; FORMS-T (CC-BY 4.0) ; spec 054 lot 3
A13,68PC,1,181.26,6209,gvf,113.75,1022.9,28.117,0.40457,fay_herriot,forms_mnt:h_sd+alt_mean+essence+greco;log,2005-2024,IGN IFN brut (Etalab 2.0) ; FORMS-T (CC-BY 4.0) ; spec 054 lot 3
A13,68PM,1,14.053,52830,gvf,82.812,929.6,36.817,0.00047976,fay_herriot,forms_mnt:h_sd+alt_mean+essence+greco;log,2005-2024,IGN IFN brut (Etalab 2.0) ; FORMS-T (CC-BY 4.0) ; spec 054 lot 3
A13,68TG,2,15.631,9260.9,gvf,206.38,7722.4,42.58,0.0033763,fay_herriot,forms_mnt:h_sd+alt_mean+essence+greco;log,2005-2024,IGN IFN brut (Etalab 2.0) ; FORMS-T (CC-BY 4.0) ; spec 054 lot 3
A13,68TH,2,25.059,5191.7,gvf,81.381,883.76,36.53,0.015293,fay_herriot,forms_mnt:h_sd+alt_mean+essence+greco;log,2005-2024,IGN IFN brut (Etalab 2.0) ; FORMS-T (CC-BY 4.0) ; spec 054 lot 3
A13,71,2,57.379,1254.5,gvf,63.071,463.88,34.149,0.25205,fay_herriot,forms_mnt:h_sd+alt_mean+essence+greco;log,2005-2024,IGN IFN brut (Etalab 2.0) ; FORMS-T (CC-BY 4.0) ; spec 054 lot 3
A13,72V,7,97.525,1482,gvf,120.25,1084.4,27.385,0.45177,fay_herriot,forms_mnt:h_sd+alt_mean+essence+greco;log,2005-2024,IGN IFN brut (Etalab 2.0) ; FORMS-T (CC-BY 4.0) ; spec 054 lot 3
A13,73,27,187.23,894.37,direct,191.67,791.62,14.679,0.83424,fay_herriot,forms_mnt:h_sd+alt_mean+essence+greco;log,2005-2024,IGN IFN brut (Etalab 2.0) ; FORMS-T (CC-BY 4.0) ; spec 054 lot 3
A13,74J,10,104.34,1301.2,direct,142.25,1321.2,25.553,0.51793,fay_herriot,forms_mnt:h_sd+alt_mean+essence+greco;log,2005-2024,IGN IFN brut (Etalab 2.0) ; FORMS-T (CC-BY 4.0) ; spec 054 lot 3
A21,02,463,64.739,9.7805,direct,64.956,9.6745,4.7884,0.98215,fay_herriot,forms_mnt:h_sd+alt_mean+essence+greco;log,2005-2024,IGN IFN brut (Etalab 2.0) ; FORMS-T (CC-BY 4.0) ; spec 054 lot 3
A21,03,62,88.438,121.8,direct,89.183,110.73,11.799,0.89184,fay_herriot,forms_mnt:h_sd+alt_mean+essence+greco;log,2005-2024,IGN IFN brut (Etalab 2.0) ; FORMS-T (CC-BY 4.0) ; spec 054 lot 3
A21,04,12,99.46,679.11,direct,89.278,361.86,21.307,0.65162,fay_herriot,forms_mnt:h_sd+alt_mean+essence+greco;log,2005-2024,IGN IFN brut (Etalab 2.0) ; FORMS-T (CC-BY 4.0) ; spec 054 lot 3
A21,06,1,69.596,1645.7,gvf,41.445,166.42,31.127,0.27427,fay_herriot,forms_mnt:h_sd+alt_mean+essence+greco;log,2005-2024,IGN IFN brut (Etalab 2.0) ; FORMS-T (CC-BY 4.0) ; spec 054 lot 3
A21,09,105,57.332,35.24,direct,58.552,33.984,9.9562,0.92294,fay_herriot,forms_mnt:h_sd+alt_mean+essence+greco;log,2005-2024,IGN IFN brut (Etalab 2.0) ; FORMS-T (CC-BY 4.0) ; spec 054 lot 3
A21,10,342,59.388,14.777,direct,59.615,14.431,6.3721,0.9684,fay_herriot,forms_mnt:h_sd+alt_mean+essence+greco;log,2005-2024,IGN IFN brut (Etalab 2.0) ; FORMS-T (CC-BY 4.0) ; spec 054 lot 3
A21,11,15,33.912,83.512,direct,35.929,60.424,21.635,0.63875,fay_herriot,forms_mnt:h_sd+alt_mean+essence+greco;log,2005-2024,IGN IFN brut (Etalab 2.0) ; FORMS-T (CC-BY 4.0) ; spec 054 lot 3
A21,12P,62,37.596,23.704,direct,38.591,22.225,12.216,0.88448,fay_herriot,forms_mnt:h_sd+alt_mean+essence+greco;log,2005-2024,IGN IFN brut (Etalab 2.0) ; FORMS-T (CC-BY 4.0) ; spec 054 lot 3
A21,12V,129,28.833,12.566,direct,29.054,11.444,11.644,0.89468,fay_herriot,forms_mnt:h_sd+alt_mean+essence+greco;log,2005-2024,IGN IFN brut (Etalab 2.0) ; FORMS-T (CC-BY 4.0) ; spec 054 lot 3
A21,13G,6,62.986,1611.7,gvf,70.041,487.73,31.531,0.24016,fay_herriot,forms_mnt:h_sd+alt_mean+essence+greco;log,2005-2024,IGN IFN brut (Etalab 2.0) ; FORMS-T (CC-BY 4.0) ; spec 054 lot 3
A21,14,7,33.988,416.32,gvf,51.836,259.5,31.077,0.26269,fay_herriot,forms_mnt:h_sd+alt_mean+essence+greco;log,2005-2024,IGN IFN brut (Etalab 2.0) ; FORMS-T (CC-BY 4.0) ; spec 054 lot 3
A21,15P,1,13.342,1201.9,gvf,30.591,122.87,36.234,0.018662,fay_herriot,forms_mnt:h_sd+alt_mean+essence+greco;log,2005-2024,IGN IFN brut (Etalab 2.0) ; FORMS-T (CC-BY 4.0) ; spec 054 lot 3
A21,15S,8,20.085,417.67,gvf,32.739,125.61,34.233,0.11033,fay_herriot,forms_mnt:h_sd+alt_mean+essence+greco;log,2005-2024,IGN IFN brut (Etalab 2.0) ; FORMS-T (CC-BY 4.0) ; spec 054 lot 3
A21,17C,23,42.501,132.43,direct,45.801,98.667,21.688,0.63655,fay_herriot,forms_mnt:h_sd+alt_mean+essence+greco;log,2005-2024,IGN IFN brut (Etalab 2.0) ; FORMS-T (CC-BY 4.0) ; spec 054 lot 3
A21,18C,6,22.334,83.011,gvf,17.274,21.985,27.144,0.43552,fay_herriot,forms_mnt:h_sd+alt_mean+essence+greco;log,2005-2024,IGN IFN brut (Etalab 2.0) ; FORMS-T (CC-BY 4.0) ; spec 054 lot 3
A21,19,14,123.5,503.56,direct,131.21,454.74,16.252,0.79546,fay_herriot,forms_mnt:h_sd+alt_mean+essence+greco;log,2005-2024,IGN IFN brut (Etalab 2.0) ; FORMS-T (CC-BY 4.0) ; spec 054 lot 3
A21,20P,2,47.065,938.12,gvf,44.465,200.55,31.849,0.23265,fay_herriot,forms_mnt:h_sd+alt_mean+essence+greco;log,2005-2024,IGN IFN brut (Etalab 2.0) ; FORMS-T (CC-BY 4.0) ; spec 054 lot 3
A21,21C,3,52.469,411.62,gvf,32.927,75.909,26.46,0.46202,fay_herriot,forms_mnt:h_sd+alt_mean+essence+greco;log,2005-2024,IGN IFN brut (Etalab 2.0) ; FORMS-T (CC-BY 4.0) ; spec 054 lot 3
A21,22M,31,18.846,9.1464,direct,19.459,8.1528,14.674,0.83295,fay_herriot,forms_mnt:h_sd+alt_mean+essence+greco;log,2005-2024,IGN IFN brut (Etalab 2.0) ; FORMS-T (CC-BY 4.0) ; spec 054 lot 3
A21,23PC,8,6.2388,10.68,gvf,7.621,5.2186,29.976,0.31877,fay_herriot,forms_mnt:h_sd+alt_mean+essence+greco;log,2005-2024,IGN IFN brut (Etalab 2.0) ; FORMS-T (CC-BY 4.0) ; spec 054 lot 3
A21,23PD,1,2.9323,102.22,gvf,13.451,25.25,37.357,0.010685,fay_herriot,forms_mnt:h_sd+alt_mean+essence+greco;log,2005-2024,IGN IFN brut (Etalab 2.0) ; FORMS-T (CC-BY 4.0) ; spec 054 lot 3
A21,23PM,8,13.509,9.5432,gvf,11.831,5.2542,19.375,0.71062,fay_herriot,forms_mnt:h_sd+alt_mean+essence+greco;log,2005-2024,IGN IFN brut (Etalab 2.0) ; FORMS-T (CC-BY 4.0) ; spec 054 lot 3
A21,24,17,39.367,110.33,direct,42.085,81.827,21.494,0.64331,fay_herriot,forms_mnt:h_sd+alt_mean+essence+greco;log,2005-2024,IGN IFN brut (Etalab 2.0) ; FORMS-T (CC-BY 4.0) ; spec 054 lot 3
A21,25M,65,29.54,16.008,direct,27.497,12.176,12.69,0.87499,fay_herriot,forms_mnt:h_sd+alt_mean+essence+greco;log,2005-2024,IGN IFN brut (Etalab 2.0) ; FORMS-T (CC-BY 4.0) ; spec 054 lot 3
A21,25R,39,37.482,38.973,direct,34.784,28.016,15.217,0.82234,fay_herriot,forms_mnt:h_sd+alt_mean+essence+greco;log,2005-2024,IGN IFN brut (Etalab 2.0) ; FORMS-T (CC-BY 4.0) ; spec 054 lot 3
A21,25V,1,7.5642,339.61,gvf,28.798,170.33,45.319,0.021176,fay_herriot,forms_mnt:h_sd+alt_mean+essence+greco;log,2005-2024,IGN IFN brut (Etalab 2.0) ; FORMS-T (CC-BY 4.0) ; spec 054 lot 3
A21,29AF,3,9.6718,17.858,gvf,7.6032,4.7441,28.647,0.40212,fay_herriot,forms_mnt:h_sd+alt_mean+essence+greco;log,2005-2024,IGN IFN brut (Etalab 2.0) ; FORMS-T (CC-BY 4.0) ; spec 054 lot 3
A21,31,19,12.205,10.624,direct,10.603,5.1996,21.507,0.64289,fay_herriot,forms_mnt:h_sd+alt_mean+essence+greco;log,2005-2024,IGN IFN brut (Etalab 2.0) ; FORMS-T (CC-BY 4.0) ; spec 054 lot 3
A21,33N,1,56.793,8307.6,gvf,93.932,1126,35.724,0.047486,fay_herriot,forms_mnt:h_sd+alt_mean+essence+greco;log,2005-2024,IGN IFN brut (Etalab 2.0) ; FORMS-T (CC-BY 4.0) ; spec 054 lot 3
A21,34,1,33.624,32054,gvf,123.07,2339.1,39.298,0.0045085,fay_herriot,forms_mnt:h_sd+alt_mean+essence+greco;log,2005-2024,IGN IFN brut (Etalab 2.0) ; FORMS-T (CC-BY 4.0) ; spec 054 lot 3
A21,41,10,7.1883,5.6319,direct,8.1795,4.0012,24.455,0.54088,fay_herriot,forms_mnt:h_sd+alt_mean+essence+greco;log,2005-2024,IGN IFN brut (Etalab 2.0) ; FORMS-T (CC-BY 4.0) ; spec 054 lot 3
A21,49AM,13,5.2169,2.1703,direct,5.1175,1.2999,22.279,0.61689,fay_herriot,forms_mnt:h_sd+alt_mean+essence+greco;log,2005-2024,IGN IFN brut (Etalab 2.0) ; FORMS-T (CC-BY 4.0) ; spec 054 lot 3
A21,49BO,4,1.8025,0.94505,gvf,2.1523,0.43059,30.488,0.30626,fay_herriot,forms_mnt:h_sd+alt_mean+essence+greco;log,2005-2024,IGN IFN brut (Etalab 2.0) ; FORMS-T (CC-BY 4.0) ; spec 054 lot 3
A21,49IA,49,7.9649,1.4275,direct,7.5901,1.1086,13.872,0.85089,fay_herriot,forms_mnt:h_sd+alt_mean+essence+greco;log,2005-2024,IGN IFN brut (Etalab 2.0) ; FORMS-T (CC-BY 4.0) ; spec 054 lot 3
A21,49LN,2,22.55,148.74,gvf,29.018,88.416,32.403,0.30506,fay_herriot,forms_mnt:h_sd+alt_mean+essence+greco;log,2005-2024,IGN IFN brut (Etalab 2.0) ; FORMS-T (CC-BY 4.0) ; spec 054 lot 3
A21,49PS,4,1.8928,13.963,gvf,5.3651,3.7927,36.299,0.031896,fay_herriot,forms_mnt:h_sd+alt_mean+essence+greco;log,2005-2024,IGN IFN brut (Etalab 2.0) ; FORMS-T (CC-BY 4.0) ; spec 054 lot 3
A21,49SN,5,2.9987,4.8898,gvf,4.1913,1.8786,32.702,0.19102,fay_herriot,forms_mnt:h_sd+alt_mean+essence+greco;log,2005-2024,IGN IFN brut (Etalab 2.0) ; FORMS-T (CC-BY 4.0) ; spec 054 lot 3
A21,51,306,148.93,55.268,direct,148.06,53.62,4.9457,0.98096,fay_herriot,forms_mnt:h_sd+alt_mean+essence+greco;log,2005-2024,IGN IFN brut (Etalab 2.0) ; FORMS-T (CC-BY 4.0) ; spec 054 lot 3
A21,52,87,61.343,74.315,direct,63.422,69.064,13.104,0.86669,fay_herriot,forms_mnt:h_sd+alt_mean+essence+greco;log,2005-2024,IGN IFN brut (Etalab 2.0) ; FORMS-T (CC-BY 4.0) ; spec 054 lot 3
A21,53CA,1,261.94,7363.2,gvf,207.5,3143.9,27.022,0.54473,fay_herriot,forms_mnt:h_sd+alt_mean+essence+greco;log,2005-2024,IGN IFN brut (Etalab 2.0) ; FORMS-T (CC-BY 4.0) ; spec 054 lot 3
A21,53CO,14,155.76,683.54,direct,150.76,528.07,15.243,0.82007,fay_herriot,forms_mnt:h_sd+alt_mean+essence+greco;log,2005-2024,IGN IFN brut (Etalab 2.0) ; FORMS-T (CC-BY 4.0) ; spec 054 lot 3
A21,56,1,54.806,5478.2,gvf,82.703,902.7,36.329,0.065773,fay_herriot,forms_mnt:h_sd+alt_mean+essence+greco;log,2005-2024,IGN IFN brut (Etalab 2.0) ; FORMS-T (CC-BY 4.0) ; spec 054 lot 3
A21,61,31,49.688,45.813,direct,55.409,49.984,12.759,0.87373,fay_herriot,forms_mnt:h_sd+alt_mean+essence+greco;log,2005-2024,IGN IFN brut (Etalab 2.0) ; FORMS-T (CC-BY 4.0) ; spec 054 lot 3
A21,62,2,61.31,4691.7,gvf,116.24,1615.4,34.578,0.093279,fay_herriot,forms_mnt:h_sd+alt_mean+essence+greco;log,2005-2024,IGN IFN brut (Etalab 2.0) ; FORMS-T (CC-BY 4.0) ; spec 054 lot 3
A21,64,40,129.33,527.95,direct,138.13,486.23,15.964,0.80268,fay_herriot,forms_mnt:h_sd+alt_mean+essence+greco;log,2005-2024,IGN IFN brut (Etalab 2.0) ; FORMS-T (CC-BY 4.0) ; spec 054 lot 3
A21,67,3,7.7394,47.913,gvf,13.942,23.046,34.433,0.13832,fay_herriot,forms_mnt:h_sd+alt_mean+essence+greco;log,2005-2024,IGN IFN brut (Etalab 2.0) ; FORMS-T (CC-BY 4.0) ; spec 054 lot 3
A21,68CL,3,33.15,295.9,gvf,60.561,384.62,32.383,0.32289,fay_herriot,forms_mnt:h_sd+alt_mean+essence+greco;log,2005-2024,IGN IFN brut (Etalab 2.0) ; FORMS-T (CC-BY 4.0) ; spec 054 lot 3
A21,68CM,2,90.077,1614.7,gvf,79.514,510.23,28.408,0.39218,fay_herriot,forms_mnt:h_sd+alt_mean+essence+greco;log,2005-2024,IGN IFN brut (Etalab 2.0) ; FORMS-T (CC-BY 4.0) ; spec 054 lot 3
A21,68PM,3,274.19,17610,gvf,117.01,1176.5,29.314,0.35408,fay_herriot,forms_mnt:h_sd+alt_mean+essence+greco;log,2005-2024,IGN IFN brut (Etalab 2.0) ; FORMS-T (CC-BY 4.0) ; spec 054 lot 3
A21,68TH,1,94.508,10383,gvf,75.237,687.15,34.841,0.099467,fay_herriot,forms_mnt:h_sd+alt_mean+essence+greco;log,2005-2024,IGN IFN brut (Etalab 2.0) ; FORMS-T (CC-BY 4.0) ; spec 054 lot 3
A21,72V,2,35.259,5187.1,gvf,121.76,2058.4,37.26,0.029856,fay_herriot,forms_mnt:h_sd+alt_mean+essence+greco;log,2005-2024,IGN IFN brut (Etalab 2.0) ; FORMS-T (CC-BY 4.0) ; spec 054 lot 3
A21,73,12,172.77,2812.6,direct,180.23,1820.5,23.674,0.57675,fay_herriot,forms_mnt:h_sd+alt_mean+essence+greco;log,2005-2024,IGN IFN brut (Etalab 2.0) ; FORMS-T (CC-BY 4.0) ; spec 054 lot 3
A21,74J,2,24.736,7644.8,gvf,172.18,4188.3,37.586,0.010172,fay_herriot,forms_mnt:h_sd+alt_mean+essence+greco;log,2005-2024,IGN IFN brut (Etalab 2.0) ; FORMS-T (CC-BY 4.0) ; spec 054 lot 3
A22,02,363,83.365,14.826,direct,83.297,14.565,4.5818,0.98366,fay_herriot,forms_mnt:h_sd+alt_mean+essence+greco;log,2005-2024,IGN IFN brut (Etalab 2.0) ; FORMS-T (CC-BY 4.0) ; spec 054 lot 3
A22,03,280,132.61,44.88,direct,131.8,43.492,5.0036,0.98051,fay_herriot,forms_mnt:h_sd+alt_mean+essence+greco;log,2005-2024,IGN IFN brut (Etalab 2.0) ; FORMS-T (CC-BY 4.0) ; spec 054 lot 3
A22,04,17,75.663,487.79,direct,75.018,293.13,22.823,0.60111,fay_herriot,forms_mnt:h_sd+alt_mean+essence+greco;log,2005-2024,IGN IFN brut (Etalab 2.0) ; FORMS-T (CC-BY 4.0) ; spec 054 lot 3
A22,05,2,32.864,1559.8,gvf,51.487,320.44,34.768,0.081649,fay_herriot,forms_mnt:h_sd+alt_mean+essence+greco;log,2005-2024,IGN IFN brut (Etalab 2.0) ; FORMS-T (CC-BY 4.0) ; spec 054 lot 3
A22,06,1,1.1393,1645.7,gvf,34.578,161.82,36.79,0.00010126,fay_herriot,forms_mnt:h_sd+alt_mean+essence+greco;log,2005-2024,IGN IFN brut (Etalab 2.0) ; FORMS-T (CC-BY 4.0) ; spec 054 lot 3
A22,07,28,75.819,197.13,direct,66.897,123.53,16.614,0.78923,fay_herriot,forms_mnt:h_sd+alt_mean+essence+greco;log,2005-2024,IGN IFN brut (Etalab 2.0) ; FORMS-T (CC-BY 4.0) ; spec 054 lot 3
A22,09,126,47.625,19.798,direct,49.083,19.72,9.0473,0.93635,fay_herriot,forms_mnt:h_sd+alt_mean+essence+greco;log,2005-2024,IGN IFN brut (Etalab 2.0) ; FORMS-T (CC-BY 4.0) ; spec 054 lot 3
A22,10,230,66.414,31.571,direct,66.497,30.017,8.2391,0.9472,fay_herriot,forms_mnt:h_sd+alt_mean+essence+greco;log,2005-2024,IGN IFN brut (Etalab 2.0) ; FORMS-T (CC-BY 4.0) ; spec 054 lot 3
A22,11,43,44.492,68.482,direct,43.59,52.062,16.553,0.78776,fay_herriot,forms_mnt:h_sd+alt_mean+essence+greco;log,2005-2024,IGN IFN brut (Etalab 2.0) ; FORMS-T (CC-BY 4.0) ; spec 054 lot 3
A22,12P,20,31.173,129.22,direct,38.765,100.76,25.895,0.49126,fay_herriot,forms_mnt:h_sd+alt_mean+essence+greco;log,2005-2024,IGN IFN brut (Etalab 2.0) ; FORMS-T (CC-BY 4.0) ; spec 054 lot 3
A22,12V,91,28.516,11.793,direct,28.802,10.837,11.429,0.89851,fay_herriot,forms_mnt:h_sd+alt_mean+essence+greco;log,2005-2024,IGN IFN brut (Etalab 2.0) ; FORMS-T (CC-BY 4.0) ; spec 054 lot 3
A22,13G,12,64.427,643.96,direct,69.258,341.69,26.69,0.45285,fay_herriot,forms_mnt:h_sd+alt_mean+essence+greco;log,2005-2024,IGN IFN brut (Etalab 2.0) ; FORMS-T (CC-BY 4.0) ; spec 054 lot 3
A22,14,9,62.566,323.81,gvf,62.012,195.59,22.553,0.60819,fay_herriot,forms_mnt:h_sd+alt_mean+essence+greco;log,2005-2024,IGN IFN brut (Etalab 2.0) ; FORMS-T (CC-BY 4.0) ; spec 054 lot 3
A22,15S,6,18.033,556.89,gvf,33.696,139.26,35.023,0.069751,fay_herriot,forms_mnt:h_sd+alt_mean+essence+greco;log,2005-2024,IGN IFN brut (Etalab 2.0) ; FORMS-T (CC-BY 4.0) ; spec 054 lot 3
A22,17C,40,39.514,64.099,direct,42.427,56.295,17.684,0.75773,fay_herriot,forms_mnt:h_sd+alt_mean+essence+greco;log,2005-2024,IGN IFN brut (Etalab 2.0) ; FORMS-T (CC-BY 4.0) ; spec 054 lot 3
A22,17O,15,70.048,285.17,direct,62.501,159.67,20.217,0.68841,fay_herriot,forms_mnt:h_sd+alt_mean+essence+greco;log,2005-2024,IGN IFN brut (Etalab 2.0) ; FORMS-T (CC-BY 4.0) ; spec 054 lot 3
A22,18C,10,17.532,50.074,direct,15.694,17.977,27.016,0.44076,fay_herriot,forms_mnt:h_sd+alt_mean+essence+greco;log,2005-2024,IGN IFN brut (Etalab 2.0) ; FORMS-T (CC-BY 4.0) ; spec 054 lot 3
A22,19,41,144.67,282.01,direct,146.79,263.45,11.058,0.90503,fay_herriot,forms_mnt:h_sd+alt_mean+essence+greco;log,2005-2024,IGN IFN brut (Etalab 2.0) ; FORMS-T (CC-BY 4.0) ; spec 054 lot 3
A22,20G,2,7.0936,1339.2,gvf,44.278,260.86,36.477,0.0048014,fay_herriot,forms_mnt:h_sd+alt_mean+essence+greco;log,2005-2024,IGN IFN brut (Etalab 2.0) ; FORMS-T (CC-BY 4.0) ; spec 054 lot 3
A22,20P,1,12.462,1876.2,gvf,43.78,252.65,36.306,0.010516,fay_herriot,forms_mnt:h_sd+alt_mean+essence+greco;log,2005-2024,IGN IFN brut (Etalab 2.0) ; FORMS-T (CC-BY 4.0) ; spec 054 lot 3
A22,21C,14,36.615,217.85,direct,27.828,56.325,26.969,0.44141,fay_herriot,forms_mnt:h_sd+alt_mean+essence+greco;log,2005-2024,IGN IFN brut (Etalab 2.0) ; FORMS-T (CC-BY 4.0) ; spec 054 lot 3
A22,22C,1,0.90672,56.621,gvf,11.864,22.887,40.324,0.001861,fay_herriot,forms_mnt:h_sd+alt_mean+essence+greco;log,2005-2024,IGN IFN brut (Etalab 2.0) ; FORMS-T (CC-BY 4.0) ; spec 054 lot 3
A22,22M,39,26.071,14.265,direct,25.642,11.899,13.453,0.85951,fay_herriot,forms_mnt:h_sd+alt_mean+essence+greco;log,2005-2024,IGN IFN brut (Etalab 2.0) ; FORMS-T (CC-BY 4.0) ; spec 054 lot 3
A22,23PC,31,3.7652,0.45507,direct,4.4307,0.50827,16.091,0.80001,fay_herriot,forms_mnt:h_sd+alt_mean+essence+greco;log,2005-2024,IGN IFN brut (Etalab 2.0) ; FORMS-T (CC-BY 4.0) ; spec 054 lot 3
A22,23PM,6,4.6297,12.724,gvf,7.7547,6.5277,32.947,0.17783,fay_herriot,forms_mnt:h_sd+alt_mean+essence+greco;log,2005-2024,IGN IFN brut (Etalab 2.0) ; FORMS-T (CC-BY 4.0) ; spec 054 lot 3
A22,23SO,3,9.5959,16.752,gvf,9.7662,7.4011,27.856,0.41377,fay_herriot,forms_mnt:h_sd+alt_mean+essence+greco;log,2005-2024,IGN IFN brut (Etalab 2.0) ; FORMS-T (CC-BY 4.0) ; spec 054 lot 3
A22,24,39,32.041,11.364,direct,33.096,11.185,10.105,0.92063,fay_herriot,forms_mnt:h_sd+alt_mean+essence+greco;log,2005-2024,IGN IFN brut (Etalab 2.0) ; FORMS-T (CC-BY 4.0) ; spec 054 lot 3
A22,25B,2,44.962,1920.9,gvf,56.828,380.52,34.326,0.11905,fay_herriot,forms_mnt:h_sd+alt_mean+essence+greco;log,2005-2024,IGN IFN brut (Etalab 2.0) ; FORMS-T (CC-BY 4.0) ; spec 054 lot 3
A22,25C,3,43.568,676.72,gvf,22.986,51.79,31.308,0.2648,fay_herriot,forms_mnt:h_sd+alt_mean+essence+greco;log,2005-2024,IGN IFN brut (Etalab 2.0) ; FORMS-T (CC-BY 4.0) ; spec 054 lot 3
A22,25FR,1,71.976,3735.6,gvf,63.386,488.79,34.879,0.15115,fay_herriot,forms_mnt:h_sd+alt_mean+essence+greco;log,2005-2024,IGN IFN brut (Etalab 2.0) ; FORMS-T (CC-BY 4.0) ; spec 054 lot 3
A22,25M,37,19.353,25.269,direct,18.472,15.223,21.122,0.65556,fay_herriot,forms_mnt:h_sd+alt_mean+essence+greco;log,2005-2024,IGN IFN brut (Etalab 2.0) ; FORMS-T (CC-BY 4.0) ; spec 054 lot 3
A22,25R,16,10.835,7.0459,direct,14.139,8.396,20.493,0.68148,fay_herriot,forms_mnt:h_sd+alt_mean+essence+greco;log,2005-2024,IGN IFN brut (Etalab 2.0) ; FORMS-T (CC-BY 4.0) ; spec 054 lot 3
A22,26E,1,3.0718,13310,gvf,182.53,5311,39.925,9.1025e-05,fay_herriot,forms_mnt:h_sd+alt_mean+essence+greco;log,2005-2024,IGN IFN brut (Etalab 2.0) ; FORMS-T (CC-BY 4.0) ; spec 054 lot 3
A22,27C,4,23.256,50.556,gvf,21.074,24.42,23.449,0.5787,fay_herriot,forms_mnt:h_sd+alt_mean+essence+greco;log,2005-2024,IGN IFN brut (Etalab 2.0) ; FORMS-T (CC-BY 4.0) ; spec 054 lot 3
A22,29AF,1,1.7561,53.575,gvf,6.502,6.0008,37.675,0.007337,fay_herriot,forms_mnt:h_sd+alt_mean+essence+greco;log,2005-2024,IGN IFN brut (Etalab 2.0) ; FORMS-T (CC-BY 4.0) ; spec 054 lot 3
A22,31,25,8.9323,11.594,direct,8.6209,5.1308,26.275,0.46911,fay_herriot,forms_mnt:h_sd+alt_mean+essence+greco;log,2005-2024,IGN IFN brut (Etalab 2.0) ; FORMS-T (CC-BY 4.0) ; spec 054 lot 3
A22,34,7,206.81,4579.1,gvf,164.9,1739.4,25.292,0.54532,fay_herriot,forms_mnt:h_sd+alt_mean+essence+greco;log,2005-2024,IGN IFN brut (Etalab 2.0) ; FORMS-T (CC-BY 4.0) ; spec 054 lot 3
A22,36,1,13.449,10477,gvf,108.78,2669.7,47.497,0.0022119,fay_herriot,forms_mnt:h_sd+alt_mean+essence+greco;log,2005-2024,IGN IFN brut (Etalab 2.0) ; FORMS-T (CC-BY 4.0) ; spec 054 lot 3
A22,40,1,3.2812,405.16,gvf,12.381,21.535,37.48,0.0034005,fay_herriot,forms_mnt:h_sd+alt_mean+essence+greco;log,2005-2024,IGN IFN brut (Etalab 2.0) ; FORMS-T (CC-BY 4.0) ; spec 054 lot 3
A22,41,29,8.9351,2.8238,direct,9.0887,2.3066,16.71,0.78403,fay_herriot,forms_mnt:h_sd+alt_mean+essence+greco;log,2005-2024,IGN IFN brut (Etalab 2.0) ; FORMS-T (CC-BY 4.0) ; spec 054 lot 3
A22,49AM,31,4.1777,1.1153,direct,4.4456,0.84985,20.737,0.6677,fay_herriot,forms_mnt:h_sd+alt_mean+essence+greco;log,2005-2024,IGN IFN brut (Etalab 2.0) ; FORMS-T (CC-BY 4.0) ; spec 054 lot 3
A22,49BO,1,0.73172,3.7802,gvf,2.314,0.71636,36.577,0.017861,fay_herriot,forms_mnt:h_sd+alt_mean+essence+greco;log,2005-2024,IGN IFN brut (Etalab 2.0) ; FORMS-T (CC-BY 4.0) ; spec 054 lot 3
A22,49EV,1,0.7563,4.182,gvf,2.8367,1.085,36.72,0.017259,fay_herriot,forms_mnt:h_sd+alt_mean+essence+greco;log,2005-2024,IGN IFN brut (Etalab 2.0) ; FORMS-T (CC-BY 4.0) ; spec 054 lot 3
A22,49IA,55,8.5263,2.656,direct,7.8443,1.7633,16.928,0.77849,fay_herriot,forms_mnt:h_sd+alt_mean+essence+greco;log,2005-2024,IGN IFN brut (Etalab 2.0) ; FORMS-T (CC-BY 4.0) ; spec 054 lot 3
A22,49LN,2,8.1152,148.74,gvf,30.521,140.34,38.815,0.053796,fay_herriot,forms_mnt:h_sd+alt_mean+essence+greco;log,2005-2024,IGN IFN brut (Etalab 2.0) ; FORMS-T (CC-BY 4.0) ; spec 054 lot 3
A22,49PS,14,4.7079,0.67381,direct,4.873,0.59082,15.774,0.80857,fay_herriot,forms_mnt:h_sd+alt_mean+essence+greco;log,2005-2024,IGN IFN brut (Etalab 2.0) ; FORMS-T (CC-BY 4.0) ; spec 054 lot 3
A22,49RT,1,0.9416,0.0396,gvf,1.9264,0.12419,18.293,0.74193,fay_herriot,forms_mnt:h_sd+alt_mean+essence+greco;log,2005-2024,IGN IFN brut (Etalab 2.0) ; FORMS-T (CC-BY 4.0) ; spec 054 lot 3
A22,49SN,7,2.3838,3.4927,gvf,4.1097,1.848,33.078,0.17281,fay_herriot,forms_mnt:h_sd+alt_mean+essence+greco;log,2005-2024,IGN IFN brut (Etalab 2.0) ; FORMS-T (CC-BY 4.0) ; spec 054 lot 3
A22,51,86,143.54,147.05,direct,141.62,135.86,8.2303,0.94734,fay_herriot,forms_mnt:h_sd+alt_mean+essence+greco;log,2005-2024,IGN IFN brut (Etalab 2.0) ; FORMS-T (CC-BY 4.0) ; spec 054 lot 3
A22,52,75,97.563,142.47,direct,95.557,122.71,11.592,0.8956,fay_herriot,forms_mnt:h_sd+alt_mean+essence+greco;log,2005-2024,IGN IFN brut (Etalab 2.0) ; FORMS-T (CC-BY 4.0) ; spec 054 lot 3
A22,53CA,2,85.454,3681.6,gvf,140.45,2898,38.329,0.20299,fay_herriot,forms_mnt:h_sd+alt_mean+essence+greco;log,2005-2024,IGN IFN brut (Etalab 2.0) ; FORMS-T (CC-BY 4.0) ; spec 054 lot 3
A22,53CO,53,103.01,135.14,direct,105.34,128.91,10.779,0.90977,fay_herriot,forms_mnt:h_sd+alt_mean+essence+greco;log,2005-2024,IGN IFN brut (Etalab 2.0) ; FORMS-T (CC-BY 4.0) ; spec 054 lot 3
A22,54,2,133.02,7291.3,gvf,124.63,1569.7,31.788,0.23757,fay_herriot,forms_mnt:h_sd+alt_mean+essence+greco;log,2005-2024,IGN IFN brut (Etalab 2.0) ; FORMS-T (CC-BY 4.0) ; spec 054 lot 3
A22,56,3,38.149,1826.1,gvf,80.107,820.22,35.751,0.092837,fay_herriot,forms_mnt:h_sd+alt_mean+essence+greco;log,2005-2024,IGN IFN brut (Etalab 2.0) ; FORMS-T (CC-BY 4.0) ; spec 054 lot 3
A22,61,9,45.423,1094.3,gvf,99.021,1039.2,32.555,0.1949,fay_herriot,forms_mnt:h_sd+alt_mean+essence+greco;log,2005-2024,IGN IFN brut (Etalab 2.0) ; FORMS-T (CC-BY 4.0) ; spec 054 lot 3
A22,62,4,113.83,2345.8,gvf,120.82,1116,27.651,0.41495,fay_herriot,forms_mnt:h_sd+alt_mean+essence+greco;log,2005-2024,IGN IFN brut (Etalab 2.0) ; FORMS-T (CC-BY 4.0) ; spec 054 lot 3
A22,64,37,155.37,508.9,direct,159.03,459.9,13.485,0.85897,fay_herriot,forms_mnt:h_sd+alt_mean+essence+greco;log,2005-2024,IGN IFN brut (Etalab 2.0) ; FORMS-T (CC-BY 4.0) ; spec 054 lot 3
A22,65,1,228.25,14346,gvf,113.44,1214.8,30.725,0.31801,fay_herriot,forms_mnt:h_sd+alt_mean+essence+greco;log,2005-2024,IGN IFN brut (Etalab 2.0) ; FORMS-T (CC-BY 4.0) ; spec 054 lot 3
A22,67,2,9.0201,71.87,gvf,14.517,25.336,34.674,0.12691,fay_herriot,forms_mnt:h_sd+alt_mean+essence+greco;log,2005-2024,IGN IFN brut (Etalab 2.0) ; FORMS-T (CC-BY 4.0) ; spec 054 lot 3
A22,68CM,1,32.547,3229.4,gvf,72.029,673.12,36.02,0.040416,fay_herriot,forms_mnt:h_sd+alt_mean+essence+greco;log,2005-2024,IGN IFN brut (Etalab 2.0) ; FORMS-T (CC-BY 4.0) ; spec 054 lot 3
A22,68PM,1,18.309,52830,gvf,74.394,749.19,36.792,0.00081413,fay_herriot,forms_mnt:h_sd+alt_mean+essence+greco;log,2005-2024,IGN IFN brut (Etalab 2.0) ; FORMS-T (CC-BY 4.0) ; spec 054 lot 3
A22,69JC,1,1.0319,13.827,gvf,3.6395,1.7798,36.655,0.0097922,fay_herriot,forms_mnt:h_sd+alt_mean+essence+greco;log,2005-2024,IGN IFN brut (Etalab 2.0) ; FORMS-T (CC-BY 4.0) ; spec 054 lot 3
A22,72V,2,15.113,5187.1,gvf,126.88,2296.5,37.768,0.0056224,fay_herriot,forms_mnt:h_sd+alt_mean+essence+greco;log,2005-2024,IGN IFN brut (Etalab 2.0) ; FORMS-T (CC-BY 4.0) ; spec 054 lot 3
A22,73,6,125.44,5202.2,gvf,171.6,2866.8,31.201,0.27974,fay_herriot,forms_mnt:h_sd+alt_mean+essence+greco;log,2005-2024,IGN IFN brut (Etalab 2.0) ; FORMS-T (CC-BY 4.0) ; spec 054 lot 3
A30,02,410,87.791,17.132,direct,87.527,16.746,4.6753,0.98298,fay_herriot,forms_mnt:h_sd+alt_mean+essence+greco;log,2005-2024,IGN IFN brut (Etalab 2.0) ; FORMS-T (CC-BY 4.0) ; spec 054 lot 3
A30,03,145,100.08,76.472,direct,99.486,71.413,8.4943,0.94388,fay_herriot,forms_mnt:h_sd+alt_mean+essence+greco;log,2005-2024,IGN IFN brut (Etalab 2.0) ; FORMS-T (CC-BY 4.0) ; spec 054 lot 3
A30,04,9,75.109,620.37,gvf,72.066,313.76,24.579,0.53867,fay_herriot,forms_mnt:h_sd+alt_mean+essence+greco;log,2005-2024,IGN IFN brut (Etalab 2.0) ; FORMS-T (CC-BY 4.0) ; spec 054 lot 3
A30,05,11,52.688,333.97,direct,51.214,165.16,25.094,0.51628,fay_herriot,forms_mnt:h_sd+alt_mean+essence+greco;log,2005-2024,IGN IFN brut (Etalab 2.0) ; FORMS-T (CC-BY 4.0) ; spec 054 lot 3
A30,06,5,25.69,329.14,gvf,30.649,100.08,32.641,0.20475,fay_herriot,forms_mnt:h_sd+alt_mean+essence+greco;log,2005-2024,IGN IFN brut (Etalab 2.0) ; FORMS-T (CC-BY 4.0) ; spec 054 lot 3
A30,09,4,20.956,1468.2,gvf,67.801,580.31,35.53,0.036986,fay_herriot,forms_mnt:h_sd+alt_mean+essence+greco;log,2005-2024,IGN IFN brut (Etalab 2.0) ; FORMS-T (CC-BY 4.0) ; spec 054 lot 3
A30,10,121,54.114,34.912,direct,54.822,32.855,10.455,0.91504,fay_herriot,forms_mnt:h_sd+alt_mean+essence+greco;log,2005-2024,IGN IFN brut (Etalab 2.0) ; FORMS-T (CC-BY 4.0) ; spec 054 lot 3
A30,11,54,34.997,21.489,direct,35.284,19.278,12.444,0.87978,fay_herriot,forms_mnt:h_sd+alt_mean+essence+greco;log,2005-2024,IGN IFN brut (Etalab 2.0) ; FORMS-T (CC-BY 4.0) ; spec 054 lot 3
A30,12P,3,28.621,752.05,gvf,42.043,208.19,34.319,0.1227,fay_herriot,forms_mnt:h_sd+alt_mean+essence+greco;log,2005-2024,IGN IFN brut (Etalab 2.0) ; FORMS-T (CC-BY 4.0) ; spec 054 lot 3
A30,12V,31,14.683,8.4123,direct,17.231,8.9361,17.348,0.76693,fay_herriot,forms_mnt:h_sd+alt_mean+essence+greco;log,2005-2024,IGN IFN brut (Etalab 2.0) ; FORMS-T (CC-BY 4.0) ; spec 054 lot 3
A30,13C,1,27.32,3895.7,gvf,34.719,191.41,39.848,0.02401,fay_herriot,forms_mnt:h_sd+alt_mean+essence+greco;log,2005-2024,IGN IFN brut (Etalab 2.0) ; FORMS-T (CC-BY 4.0) ; spec 054 lot 3
A30,13G,25,86.902,366.08,direct,81.312,234.36,18.827,0.72594,fay_herriot,forms_mnt:h_sd+alt_mean+essence+greco;log,2005-2024,IGN IFN brut (Etalab 2.0) ; FORMS-T (CC-BY 4.0) ; spec 054 lot 3
A30,14,27,69.391,175.72,direct,66.361,125.95,16.911,0.77868,fay_herriot,forms_mnt:h_sd+alt_mean+essence+greco;log,2005-2024,IGN IFN brut (Etalab 2.0) ; FORMS-T (CC-BY 4.0) ; spec 054 lot 3
A30,15P,3,19.249,400.62,gvf,27.983,93.371,34.531,0.10615,fay_herriot,forms_mnt:h_sd+alt_mean+essence+greco;log,2005-2024,IGN IFN brut (Etalab 2.0) ; FORMS-T (CC-BY 4.0) ; spec 054 lot 3
A30,15S,4,10.732,835.34,gvf,32.115,133.9,36.031,0.017397,fay_herriot,forms_mnt:h_sd+alt_mean+essence+greco;log,2005-2024,IGN IFN brut (Etalab 2.0) ; FORMS-T (CC-BY 4.0) ; spec 054 lot 3
A30,17C,117,50.388,30.975,direct,50.279,28.221,10.566,0.91323,fay_herriot,forms_mnt:h_sd+alt_mean+essence+greco;log,2005-2024,IGN IFN brut (Etalab 2.0) ; FORMS-T (CC-BY 4.0) ; spec 054 lot 3
A30,17O,27,27.438,32.913,direct,31.121,32.145,18.219,0.746,fay_herriot,forms_mnt:h_sd+alt_mean+essence+greco;log,2005-2024,IGN IFN brut (Etalab 2.0) ; FORMS-T (CC-BY 4.0) ; spec 054 lot 3
A30,18C,26,11.272,7.2298,direct,11.87,5.6067,19.949,0.69293,fay_herriot,forms_mnt:h_sd+alt_mean+essence+greco;log,2005-2024,IGN IFN brut (Etalab 2.0) ; FORMS-T (CC-BY 4.0) ; spec 054 lot 3
A30,19,56,185.51,475.71,direct,182.45,416.58,11.187,0.90281,fay_herriot,forms_mnt:h_sd+alt_mean+essence+greco;log,2005-2024,IGN IFN brut (Etalab 2.0) ; FORMS-T (CC-BY 4.0) ; spec 054 lot 3
A30,20G,2,33.092,1339.2,gvf,40.547,198.33,34.733,0.095017,fay_herriot,forms_mnt:h_sd+alt_mean+essence+greco;log,2005-2024,IGN IFN brut (Etalab 2.0) ; FORMS-T (CC-BY 4.0) ; spec 054 lot 3
A30,20P,3,16.53,625.41,gvf,39.196,193.63,35.501,0.053121,fay_herriot,forms_mnt:h_sd+alt_mean+essence+greco;log,2005-2024,IGN IFN brut (Etalab 2.0) ; FORMS-T (CC-BY 4.0) ; spec 054 lot 3
A30,21C,30,25.981,28.077,direct,24.597,19.131,17.782,0.75532,fay_herriot,forms_mnt:h_sd+alt_mean+essence+greco;log,2005-2024,IGN IFN brut (Etalab 2.0) ; FORMS-T (CC-BY 4.0) ; spec 054 lot 3
A30,22M,64,25.271,10.089,direct,24.826,8.6923,11.876,0.89045,fay_herriot,forms_mnt:h_sd+alt_mean+essence+greco;log,2005-2024,IGN IFN brut (Etalab 2.0) ; FORMS-T (CC-BY 4.0) ; spec 054 lot 3
A30,22S,1,19.694,1027.4,gvf,29.313,136.32,39.83,0.046231,fay_herriot,forms_mnt:h_sd+alt_mean+essence+greco;log,2005-2024,IGN IFN brut (Etalab 2.0) ; FORMS-T (CC-BY 4.0) ; spec 054 lot 3
A30,23C,3,14.526,30.96,gvf,12.427,10.895,26.561,0.46671,fay_herriot,forms_mnt:h_sd+alt_mean+essence+greco;log,2005-2024,IGN IFN brut (Etalab 2.0) ; FORMS-T (CC-BY 4.0) ; spec 054 lot 3
A30,23PC,13,4.3721,2.2459,direct,5.7927,2.099,25.01,0.52218,fay_herriot,forms_mnt:h_sd+alt_mean+essence+greco;log,2005-2024,IGN IFN brut (Etalab 2.0) ; FORMS-T (CC-BY 4.0) ; spec 054 lot 3
A30,23PM,9,6.2593,8.4828,gvf,7.3242,4.4193,28.702,0.37227,fay_herriot,forms_mnt:h_sd+alt_mean+essence+greco;log,2005-2024,IGN IFN brut (Etalab 2.0) ; FORMS-T (CC-BY 4.0) ; spec 054 lot 3
A30,23SO,1,0.95564,50.255,gvf,9.1207,11.212,36.713,0.0023279,fay_herriot,forms_mnt:h_sd+alt_mean+essence+greco;log,2005-2024,IGN IFN brut (Etalab 2.0) ; FORMS-T (CC-BY 4.0) ; spec 054 lot 3
A30,24,28,47.881,204.59,direct,46.544,115.22,23.062,0.58997,fay_herriot,forms_mnt:h_sd+alt_mean+essence+greco;log,2005-2024,IGN IFN brut (Etalab 2.0) ; FORMS-T (CC-BY 4.0) ; spec 054 lot 3
A30,25B,3,28.87,1280.6,gvf,51.796,331.91,35.173,0.077125,fay_herriot,forms_mnt:h_sd+alt_mean+essence+greco;log,2005-2024,IGN IFN brut (Etalab 2.0) ; FORMS-T (CC-BY 4.0) ; spec 054 lot 3
A30,25C,10,45.05,222.88,direct,28.691,49.923,24.627,0.539,fay_herriot,forms_mnt:h_sd+alt_mean+essence+greco;log,2005-2024,IGN IFN brut (Etalab 2.0) ; FORMS-T (CC-BY 4.0) ; spec 054 lot 3
A30,25FR,1,3.9339,3735.6,gvf,57.378,480.37,38.198,0.00053165,fay_herriot,forms_mnt:h_sd+alt_mean+essence+greco;log,2005-2024,IGN IFN brut (Etalab 2.0) ; FORMS-T (CC-BY 4.0) ; spec 054 lot 3
A30,25M,52,21.952,9.3526,direct,21.002,7.4627,13.007,0.86869,fay_herriot,forms_mnt:h_sd+alt_mean+essence+greco;log,2005-2024,IGN IFN brut (Etalab 2.0) ; FORMS-T (CC-BY 4.0) ; spec 054 lot 3
A30,25R,9,50.313,143.95,gvf,39.658,63.596,20.109,0.69307,fay_herriot,forms_mnt:h_sd+alt_mean+essence+greco;log,2005-2024,IGN IFN brut (Etalab 2.0) ; FORMS-T (CC-BY 4.0) ; spec 054 lot 3
A30,27C,4,21.24,50.556,gvf,19.182,22.422,24.686,0.53397,fay_herriot,forms_mnt:h_sd+alt_mean+essence+greco;log,2005-2024,IGN IFN brut (Etalab 2.0) ; FORMS-T (CC-BY 4.0) ; spec 054 lot 3
A30,27N,1,11.869,802.58,gvf,36.901,220.35,40.227,0.022041,fay_herriot,forms_mnt:h_sd+alt_mean+essence+greco;log,2005-2024,IGN IFN brut (Etalab 2.0) ; FORMS-T (CC-BY 4.0) ; spec 054 lot 3
A30,29CM,2,32.876,2659.2,gvf,71.621,986.63,43.857,0.049599,fay_herriot,forms_mnt:h_sd+alt_mean+essence+greco;log,2005-2024,IGN IFN brut (Etalab 2.0) ; FORMS-T (CC-BY 4.0) ; spec 054 lot 3
A30,29MA,2,15.894,2622.5,gvf,60.872,589.61,39.89,0.012217,fay_herriot,forms_mnt:h_sd+alt_mean+essence+greco;log,2005-2024,IGN IFN brut (Etalab 2.0) ; FORMS-T (CC-BY 4.0) ; spec 054 lot 3
A30,29MI,1,13.948,803.24,gvf,13.985,25.226,35.913,0.030163,fay_herriot,forms_mnt:h_sd+alt_mean+essence+greco;log,2005-2024,IGN IFN brut (Etalab 2.0) ; FORMS-T (CC-BY 4.0) ; spec 054 lot 3
A30,31,31,8.8067,3.1974,direct,8.5365,2.288,17.719,0.75697,fay_herriot,forms_mnt:h_sd+alt_mean+essence+greco;log,2005-2024,IGN IFN brut (Etalab 2.0) ; FORMS-T (CC-BY 4.0) ; spec 054 lot 3
A30,33G,1,20.741,16754,gvf,126.99,2254.2,37.386,0.003286,fay_herriot,forms_mnt:h_sd+alt_mean+essence+greco;log,2005-2024,IGN IFN brut (Etalab 2.0) ; FORMS-T (CC-BY 4.0) ; spec 054 lot 3
A30,33N,1,9.8944,8307.6,gvf,90.365,1094.8,36.615,0.0015108,fay_herriot,forms_mnt:h_sd+alt_mean+essence+greco;log,2005-2024,IGN IFN brut (Etalab 2.0) ; FORMS-T (CC-BY 4.0) ; spec 054 lot 3
A30,34,8,93.944,4006.7,gvf,111.13,1438.2,34.126,0.22048,fay_herriot,forms_mnt:h_sd+alt_mean+essence+greco;log,2005-2024,IGN IFN brut (Etalab 2.0) ; FORMS-T (CC-BY 4.0) ; spec 054 lot 3
A30,39,1,1.1672,6.4091,gvf,3.0207,1.2997,37.74,0.026568,fay_herriot,forms_mnt:h_sd+alt_mean+essence+greco;log,2005-2024,IGN IFN brut (Etalab 2.0) ; FORMS-T (CC-BY 4.0) ; spec 054 lot 3
A30,41,49,6.5109,0.62113,direct,6.7277,0.59726,11.487,0.89758,fay_herriot,forms_mnt:h_sd+alt_mean+essence+greco;log,2005-2024,IGN IFN brut (Etalab 2.0) ; FORMS-T (CC-BY 4.0) ; spec 054 lot 3
A30,49AE,1,0.81937,67.137,gvf,4.907,4.1779,41.655,0.0012824,fay_herriot,forms_mnt:h_sd+alt_mean+essence+greco;log,2005-2024,IGN IFN brut (Etalab 2.0) ; FORMS-T (CC-BY 4.0) ; spec 054 lot 3
A30,49AM,47,4.6306,0.65915,direct,4.6382,0.53611,15.786,0.80683,fay_herriot,forms_mnt:h_sd+alt_mean+essence+greco;log,2005-2024,IGN IFN brut (Etalab 2.0) ; FORMS-T (CC-BY 4.0) ; spec 054 lot 3
A30,49BO,2,3.1539,1.8901,gvf,2.5377,0.51212,28.199,0.40325,fay_herriot,forms_mnt:h_sd+alt_mean+essence+greco;log,2005-2024,IGN IFN brut (Etalab 2.0) ; FORMS-T (CC-BY 4.0) ; spec 054 lot 3
A30,49EV,3,3.2556,1.394,gvf,2.9572,0.58864,25.945,0.494,fay_herriot,forms_mnt:h_sd+alt_mean+essence+greco;log,2005-2024,IGN IFN brut (Etalab 2.0) ; FORMS-T (CC-BY 4.0) ; spec 054 lot 3
A30,49IA,38,5.6272,0.66923,direct,5.5984,0.57157,13.504,0.85867,fay_herriot,forms_mnt:h_sd+alt_mean+essence+greco;log,2005-2024,IGN IFN brut (Etalab 2.0) ; FORMS-T (CC-BY 4.0) ; spec 054 lot 3
A30,49LN,2,2.678,148.74,gvf,30.061,144.42,39.977,0.0061533,fay_herriot,forms_mnt:h_sd+alt_mean+essence+greco;log,2005-2024,IGN IFN brut (Etalab 2.0) ; FORMS-T (CC-BY 4.0) ; spec 054 lot 3
A30,49PS,16,3.9001,0.67525,direct,4.2048,0.59283,18.311,0.74309,fay_herriot,forms_mnt:h_sd+alt_mean+essence+greco;log,2005-2024,IGN IFN brut (Etalab 2.0) ; FORMS-T (CC-BY 4.0) ; spec 054 lot 3
A30,49SN,8,4.3987,3.0561,gvf,4.3272,1.3537,26.888,0.44841,fay_herriot,forms_mnt:h_sd+alt_mean+essence+greco;log,2005-2024,IGN IFN brut (Etalab 2.0) ; FORMS-T (CC-BY 4.0) ; spec 054 lot 3
A30,51,48,122.06,417.68,direct,118.43,324.71,15.215,0.8208,fay_herriot,forms_mnt:h_sd+alt_mean+essence+greco;log,2005-2024,IGN IFN brut (Etalab 2.0) ; FORMS-T (CC-BY 4.0) ; spec 054 lot 3
A30,52,11,78.744,420.77,direct,77.123,266.21,21.155,0.65424,fay_herriot,forms_mnt:h_sd+alt_mean+essence+greco;log,2005-2024,IGN IFN brut (Etalab 2.0) ; FORMS-T (CC-BY 4.0) ; spec 054 lot 3
A30,53CO,31,112.71,274.39,direct,114.04,241.56,13.628,0.85602,fay_herriot,forms_mnt:h_sd+alt_mean+essence+greco;log,2005-2024,IGN IFN brut (Etalab 2.0) ; FORMS-T (CC-BY 4.0) ; spec 054 lot 3
A30,55,1,6.7178,2240.3,gvf,70.441,734.93,38.486,0.0025799,fay_herriot,forms_mnt:h_sd+alt_mean+essence+greco;log,2005-2024,IGN IFN brut (Etalab 2.0) ; FORMS-T (CC-BY 4.0) ; spec 054 lot 3
A30,61,3,27.59,3283,gvf,106.51,1457.8,35.847,0.028912,fay_herriot,forms_mnt:h_sd+alt_mean+essence+greco;log,2005-2024,IGN IFN brut (Etalab 2.0) ; FORMS-T (CC-BY 4.0) ; spec 054 lot 3
A30,62,2,86.547,4691.7,gvf,111.04,1347.1,33.054,0.17012,fay_herriot,forms_mnt:h_sd+alt_mean+essence+greco;log,2005-2024,IGN IFN brut (Etalab 2.0) ; FORMS-T (CC-BY 4.0) ; spec 054 lot 3
A30,64,20,138.22,673.16,direct,144.51,581.12,16.682,0.78467,fay_herriot,forms_mnt:h_sd+alt_mean+essence+greco;log,2005-2024,IGN IFN brut (Etalab 2.0) ; FORMS-T (CC-BY 4.0) ; spec 054 lot 3
A30,65,1,16.026,14346,gvf,75.652,816.34,37.767,0.0022936,fay_herriot,forms_mnt:h_sd+alt_mean+essence+greco;log,2005-2024,IGN IFN brut (Etalab 2.0) ; FORMS-T (CC-BY 4.0) ; spec 054 lot 3
A30,68CL,1,45.362,887.69,gvf,67.507,556.9,34.958,0.22937,fay_herriot,forms_mnt:h_sd+alt_mean+essence+greco;log,2005-2024,IGN IFN brut (Etalab 2.0) ; FORMS-T (CC-BY 4.0) ; spec 054 lot 3
A30,68PM,1,148.65,52830,gvf,71.814,661.53,35.815,0.050969,fay_herriot,forms_mnt:h_sd+alt_mean+essence+greco;log,2005-2024,IGN IFN brut (Etalab 2.0) ; FORMS-T (CC-BY 4.0) ; spec 054 lot 3
A30,68TG,2,20.314,9260.9,gvf,171.37,5307.2,42.51,0.005689,fay_herriot,forms_mnt:h_sd+alt_mean+essence+greco;log,2005-2024,IGN IFN brut (Etalab 2.0) ; FORMS-T (CC-BY 4.0) ; spec 054 lot 3
B10,02,560,77.585,8.9402,direct,77.747,8.8768,3.8322,0.98857,fay_herriot,forms_mnt:h_sd+alt_mean+essence+greco;log,2005-2024,IGN IFN brut (Etalab 2.0) ; FORMS-T (CC-BY 4.0) ; spec 054 lot 3
B10,03,284,120.2,33.89,direct,120.09,33.229,4.8003,0.98206,fay_herriot,forms_mnt:h_sd+alt_mean+essence+greco;log,2005-2024,IGN IFN brut (Etalab 2.0) ; FORMS-T (CC-BY 4.0) ; spec 054 lot 3
B10,04,21,60.414,200.69,direct,67.375,176.85,19.738,0.70016,fay_herriot,forms_mnt:h_sd+alt_mean+essence+greco;log,2005-2024,IGN IFN brut (Etalab 2.0) ; FORMS-T (CC-BY 4.0) ; spec 054 lot 3
B10,09,764,120.61,18.814,direct,120.26,18.521,3.5787,0.99003,fay_herriot,forms_mnt:h_sd+alt_mean+essence+greco;log,2005-2024,IGN IFN brut (Etalab 2.0) ; FORMS-T (CC-BY 4.0) ; spec 054 lot 3
B10,10,125,70.328,48.914,direct,70.968,46.314,9.5894,0.92849,fay_herriot,forms_mnt:h_sd+alt_mean+essence+greco;log,2005-2024,IGN IFN brut (Etalab 2.0) ; FORMS-T (CC-BY 4.0) ; spec 054 lot 3
B10,11,497,47.505,4.1764,direct,47.503,4.1182,4.272,0.98579,fay_herriot,forms_mnt:h_sd+alt_mean+essence+greco;log,2005-2024,IGN IFN brut (Etalab 2.0) ; FORMS-T (CC-BY 4.0) ; spec 054 lot 3
B10,12P,6,82.452,379.46,gvf,73.394,212.74,19.873,0.69701,fay_herriot,forms_mnt:h_sd+alt_mean+essence+greco;log,2005-2024,IGN IFN brut (Etalab 2.0) ; FORMS-T (CC-BY 4.0) ; spec 054 lot 3
B10,12V,363,36.907,4.5311,direct,36.907,4.4192,5.6959,0.97475,fay_herriot,forms_mnt:h_sd+alt_mean+essence+greco;log,2005-2024,IGN IFN brut (Etalab 2.0) ; FORMS-T (CC-BY 4.0) ; spec 054 lot 3
B10,13B,1,21.092,1378.3,gvf,42.247,258.56,38.061,0.039794,fay_herriot,forms_mnt:h_sd+alt_mean+essence+greco;log,2005-2024,IGN IFN brut (Etalab 2.0) ; FORMS-T (CC-BY 4.0) ; spec 054 lot 3
B10,13C,5,28.318,64.344,gvf,33.608,61.541,23.342,0.61542,fay_herriot,forms_mnt:h_sd+alt_mean+essence+greco;log,2005-2024,IGN IFN brut (Etalab 2.0) ; FORMS-T (CC-BY 4.0) ; spec 054 lot 3
B10,13G,78,45.977,35.526,direct,49.453,36.44,12.207,0.88427,fay_herriot,forms_mnt:h_sd+alt_mean+essence+greco;log,2005-2024,IGN IFN brut (Etalab 2.0) ; FORMS-T (CC-BY 4.0) ; spec 054 lot 3
B10,14,9,67.743,612.83,gvf,69.773,322.63,25.743,0.49019,fay_herriot,forms_mnt:h_sd+alt_mean+essence+greco;log,2005-2024,IGN IFN brut (Etalab 2.0) ; FORMS-T (CC-BY 4.0) ; spec 054 lot 3
B10,15P,11,26.784,61.231,direct,30.482,48.399,22.823,0.60069,fay_herriot,forms_mnt:h_sd+alt_mean+essence+greco;log,2005-2024,IGN IFN brut (Etalab 2.0) ; FORMS-T (CC-BY 4.0) ; spec 054 lot 3
B10,15S,368,54.495,11.386,direct,54.065,10.89,6.1039,0.97101,fay_herriot,forms_mnt:h_sd+alt_mean+essence+greco;log,2005-2024,IGN IFN brut (Etalab 2.0) ; FORMS-T (CC-BY 4.0) ; spec 054 lot 3
B10,17C,540,65.796,9.2544,direct,65.736,9.089,4.5863,0.98362,fay_herriot,forms_mnt:h_sd+alt_mean+essence+greco;log,2005-2024,IGN IFN brut (Etalab 2.0) ; FORMS-T (CC-BY 4.0) ; spec 054 lot 3
B10,17F,1,88.862,436.98,gvf,59.052,142.87,20.241,0.69883,fay_herriot,forms_mnt:h_sd+alt_mean+essence+greco;log,2005-2024,IGN IFN brut (Etalab 2.0) ; FORMS-T (CC-BY 4.0) ; spec 054 lot 3
B10,18C,60,19.187,13.2,direct,18.658,9.8142,16.79,0.78172,fay_herriot,forms_mnt:h_sd+alt_mean+essence+greco;log,2005-2024,IGN IFN brut (Etalab 2.0) ; FORMS-T (CC-BY 4.0) ; spec 054 lot 3
B10,19,155,188.58,163.48,direct,188.9,158.49,6.6647,0.96544,fay_herriot,forms_mnt:h_sd+alt_mean+essence+greco;log,2005-2024,IGN IFN brut (Etalab 2.0) ; FORMS-T (CC-BY 4.0) ; spec 054 lot 3
B10,20G,1,43.555,6100.8,gvf,52.056,346.82,35.776,0.038393,fay_herriot,forms_mnt:h_sd+alt_mean+essence+greco;log,2005-2024,IGN IFN brut (Etalab 2.0) ; FORMS-T (CC-BY 4.0) ; spec 054 lot 3
B10,20P,98,59.168,32.064,direct,58.667,29.494,9.257,0.93342,fay_herriot,forms_mnt:h_sd+alt_mean+essence+greco;log,2005-2024,IGN IFN brut (Etalab 2.0) ; FORMS-T (CC-BY 4.0) ; spec 054 lot 3
B10,21C,144,26.988,5.3901,direct,26.95,5.0882,8.37,0.94551,fay_herriot,forms_mnt:h_sd+alt_mean+essence+greco;log,2005-2024,IGN IFN brut (Etalab 2.0) ; FORMS-T (CC-BY 4.0) ; spec 054 lot 3
B10,22M,235,35.04,5.0842,direct,34.764,4.851,6.3356,0.96876,fay_herriot,forms_mnt:h_sd+alt_mean+essence+greco;log,2005-2024,IGN IFN brut (Etalab 2.0) ; FORMS-T (CC-BY 4.0) ; spec 054 lot 3
B10,23PC,2,8.854,28.764,gvf,9.6689,9.1383,31.265,0.25923,fay_herriot,forms_mnt:h_sd+alt_mean+essence+greco;log,2005-2024,IGN IFN brut (Etalab 2.0) ; FORMS-T (CC-BY 4.0) ; spec 054 lot 3
B10,23PM,4,5.9532,21.216,gvf,9.2563,9.2929,32.933,0.17661,fay_herriot,forms_mnt:h_sd+alt_mean+essence+greco;log,2005-2024,IGN IFN brut (Etalab 2.0) ; FORMS-T (CC-BY 4.0) ; spec 054 lot 3
B10,23SO,2,6.1666,14.705,gvf,9.9128,9.8201,31.613,0.24929,fay_herriot,forms_mnt:h_sd+alt_mean+essence+greco;log,2005-2024,IGN IFN brut (Etalab 2.0) ; FORMS-T (CC-BY 4.0) ; spec 054 lot 3
B10,24,83,49.541,35.425,direct,50.209,32.781,11.403,0.89895,fay_herriot,forms_mnt:h_sd+alt_mean+essence+greco;log,2005-2024,IGN IFN brut (Etalab 2.0) ; FORMS-T (CC-BY 4.0) ; spec 054 lot 3
B10,25B,27,75.651,191.22,direct,74.191,147.29,16.358,0.79351,fay_herriot,forms_mnt:h_sd+alt_mean+essence+greco;log,2005-2024,IGN IFN brut (Etalab 2.0) ; FORMS-T (CC-BY 4.0) ; spec 054 lot 3
B10,25C,8,3.4187,134.99,gvf,21,58.676,36.477,0.010995,fay_herriot,forms_mnt:h_sd+alt_mean+essence+greco;log,2005-2024,IGN IFN brut (Etalab 2.0) ; FORMS-T (CC-BY 4.0) ; spec 054 lot 3
B10,25M,129,17.281,2.1524,direct,17.408,2.0706,8.266,0.94685,fay_herriot,forms_mnt:h_sd+alt_mean+essence+greco;log,2005-2024,IGN IFN brut (Etalab 2.0) ; FORMS-T (CC-BY 4.0) ; spec 054 lot 3
B10,26E,1,48.915,19802,gvf,209.52,6848.6,39.497,0.015278,fay_herriot,forms_mnt:h_sd+alt_mean+essence+greco;log,2005-2024,IGN IFN brut (Etalab 2.0) ; FORMS-T (CC-BY 4.0) ; spec 054 lot 3
B10,27C,10,19.751,39.73,direct,20.549,24.362,24.019,0.55767,fay_herriot,forms_mnt:h_sd+alt_mean+essence+greco;log,2005-2024,IGN IFN brut (Etalab 2.0) ; FORMS-T (CC-BY 4.0) ; spec 054 lot 3
B10,29AF,2,1.3546,12.717,gvf,7.4654,7.7966,37.402,0.018191,fay_herriot,forms_mnt:h_sd+alt_mean+essence+greco;log,2005-2024,IGN IFN brut (Etalab 2.0) ; FORMS-T (CC-BY 4.0) ; spec 054 lot 3
B10,29AI,3,10.14,1304.4,gvf,89.038,2201.7,52.698,0.01002,fay_herriot,forms_mnt:h_sd+alt_mean+essence+greco;log,2005-2024,IGN IFN brut (Etalab 2.0) ; FORMS-T (CC-BY 4.0) ; spec 054 lot 3
B10,29CM,1,21.331,6952.6,gvf,93.248,1768.2,45.095,0.0083335,fay_herriot,forms_mnt:h_sd+alt_mean+essence+greco;log,2005-2024,IGN IFN brut (Etalab 2.0) ; FORMS-T (CC-BY 4.0) ; spec 054 lot 3
B10,29FA,1,30.55,,gvf,30.55,,,1,direct,forms_mnt:h_sd+alt_mean+essence+greco;log,2005-2024,IGN IFN brut (Etalab 2.0) ; FORMS-T (CC-BY 4.0) ; spec 054 lot 3
B10,29MA,4,157.01,1989.3,gvf,120.06,784.08,23.323,0.61409,fay_herriot,forms_mnt:h_sd+alt_mean+essence+greco;log,2005-2024,IGN IFN brut (Etalab 2.0) ; FORMS-T (CC-BY 4.0) ; spec 054 lot 3
B10,31,239,8.3781,0.44993,direct,8.441,0.43545,7.8176,0.95245,fay_herriot,forms_mnt:h_sd+alt_mean+essence+greco;log,2005-2024,IGN IFN brut (Etalab 2.0) ; FORMS-T (CC-BY 4.0) ; spec 054 lot 3
B10,33G,10,90.534,1501.8,direct,127.33,1287.3,28.178,0.41203,fay_herriot,forms_mnt:h_sd+alt_mean+essence+greco;log,2005-2024,IGN IFN brut (Etalab 2.0) ; FORMS-T (CC-BY 4.0) ; spec 054 lot 3
B10,33N,1,73.373,8169.7,gvf,110.82,1511.2,35.078,0.078012,fay_herriot,forms_mnt:h_sd+alt_mean+essence+greco;log,2005-2024,IGN IFN brut (Etalab 2.0) ; FORMS-T (CC-BY 4.0) ; spec 054 lot 3
B10,38AU,9,7.7423,6.3701,gvf,7.4718,3.4204,24.752,0.54716,fay_herriot,forms_mnt:h_sd+alt_mean+essence+greco;log,2005-2024,IGN IFN brut (Etalab 2.0) ; FORMS-T (CC-BY 4.0) ; spec 054 lot 3
B10,39,12,2.8716,0.83241,direct,3.2946,0.6513,24.495,0.55986,fay_herriot,forms_mnt:h_sd+alt_mean+essence+greco;log,2005-2024,IGN IFN brut (Etalab 2.0) ; FORMS-T (CC-BY 4.0) ; spec 054 lot 3
B10,41,9,16.601,10.278,gvf,15.239,6.7546,17.055,0.77493,fay_herriot,forms_mnt:h_sd+alt_mean+essence+greco;log,2005-2024,IGN IFN brut (Etalab 2.0) ; FORMS-T (CC-BY 4.0) ; spec 054 lot 3
B10,49AM,102,8.7569,1.7847,direct,8.2445,1.3435,14.059,0.84656,fay_herriot,forms_mnt:h_sd+alt_mean+essence+greco;log,2005-2024,IGN IFN brut (Etalab 2.0) ; FORMS-T (CC-BY 4.0) ; spec 054 lot 3
B10,49EV,1,2.0356,0.98916,gvf,2.8457,0.70533,29.513,0.34977,fay_herriot,forms_mnt:h_sd+alt_mean+essence+greco;log,2005-2024,IGN IFN brut (Etalab 2.0) ; FORMS-T (CC-BY 4.0) ; spec 054 lot 3
B10,49IA,32,7.5083,2.5406,direct,7.3365,1.8101,18.338,0.7402,fay_herriot,forms_mnt:h_sd+alt_mean+essence+greco;log,2005-2024,IGN IFN brut (Etalab 2.0) ; FORMS-T (CC-BY 4.0) ; spec 054 lot 3
B10,49LN,1,12.912,297.47,gvf,35.883,190.5,38.464,0.067128,fay_herriot,forms_mnt:h_sd+alt_mean+essence+greco;log,2005-2024,IGN IFN brut (Etalab 2.0) ; FORMS-T (CC-BY 4.0) ; spec 054 lot 3
B10,49PM,2,6.8967,21.203,gvf,6.9139,5.0981,32.657,0.22363,fay_herriot,forms_mnt:h_sd+alt_mean+essence+greco;log,2005-2024,IGN IFN brut (Etalab 2.0) ; FORMS-T (CC-BY 4.0) ; spec 054 lot 3
B10,49PS,21,5.6914,2.859,direct,6.0512,1.9623,23.15,0.59264,fay_herriot,forms_mnt:h_sd+alt_mean+essence+greco;log,2005-2024,IGN IFN brut (Etalab 2.0) ; FORMS-T (CC-BY 4.0) ; spec 054 lot 3
B10,49RC,2,40.572,62.84,gvf,29.649,27.02,17.532,0.77083,fay_herriot,forms_mnt:h_sd+alt_mean+essence+greco;log,2005-2024,IGN IFN brut (Etalab 2.0) ; FORMS-T (CC-BY 4.0) ; spec 054 lot 3
B10,49SN,35,5.9041,0.93979,direct,5.8143,0.75778,14.972,0.82647,fay_herriot,forms_mnt:h_sd+alt_mean+essence+greco;log,2005-2024,IGN IFN brut (Etalab 2.0) ; FORMS-T (CC-BY 4.0) ; spec 054 lot 3
B10,51,6,179.17,2613.7,gvf,158.44,1266.3,22.459,0.61196,fay_herriot,forms_mnt:h_sd+alt_mean+essence+greco;log,2005-2024,IGN IFN brut (Etalab 2.0) ; FORMS-T (CC-BY 4.0) ; spec 054 lot 3
B10,52,48,92.646,203.66,direct,92.833,173.14,14.174,0.84403,fay_herriot,forms_mnt:h_sd+alt_mean+essence+greco;log,2005-2024,IGN IFN brut (Etalab 2.0) ; FORMS-T (CC-BY 4.0) ; spec 054 lot 3
B10,53CA,1,77.615,7363.2,gvf,172.06,5146,41.691,0.095065,fay_herriot,forms_mnt:h_sd+alt_mean+essence+greco;log,2005-2024,IGN IFN brut (Etalab 2.0) ; FORMS-T (CC-BY 4.0) ; spec 054 lot 3
B10,53CO,39,164.7,664.18,direct,163.07,549.35,14.373,0.83984,fay_herriot,forms_mnt:h_sd+alt_mean+essence+greco;log,2005-2024,IGN IFN brut (Etalab 2.0) ; FORMS-T (CC-BY 4.0) ; spec 054 lot 3
B10,54,7,156.52,1357.2,gvf,152.42,910.1,19.792,0.69858,fay_herriot,forms_mnt:h_sd+alt_mean+essence+greco;log,2005-2024,IGN IFN brut (Etalab 2.0) ; FORMS-T (CC-BY 4.0) ; spec 054 lot 3
B10,61,2,68.437,6137.2,gvf,131.63,2079,34.639,0.089245,fay_herriot,forms_mnt:h_sd+alt_mean+essence+greco;log,2005-2024,IGN IFN brut (Etalab 2.0) ; FORMS-T (CC-BY 4.0) ; spec 054 lot 3
B10,62,49,129.51,422.45,direct,132.37,370.58,14.543,0.83602,fay_herriot,forms_mnt:h_sd+alt_mean+essence+greco;log,2005-2024,IGN IFN brut (Etalab 2.0) ; FORMS-T (CC-BY 4.0) ; spec 054 lot 3
B10,63,2,107.05,5602,gvf,126.69,1704.6,32.588,0.20803,fay_herriot,forms_mnt:h_sd+alt_mean+essence+greco;log,2005-2024,IGN IFN brut (Etalab 2.0) ; FORMS-T (CC-BY 4.0) ; spec 054 lot 3
B10,64,40,198.73,1169.1,direct,201.7,983.58,15.549,0.81266,fay_herriot,forms_mnt:h_sd+alt_mean+essence+greco;log,2005-2024,IGN IFN brut (Etalab 2.0) ; FORMS-T (CC-BY 4.0) ; spec 054 lot 3
B10,67,5,18.744,45.775,gvf,18.497,23.027,25.942,0.49636,fay_herriot,forms_mnt:h_sd+alt_mean+essence+greco;log,2005-2024,IGN IFN brut (Etalab 2.0) ; FORMS-T (CC-BY 4.0) ; spec 054 lot 3
B10,68CL,1,88.98,6502.1,gvf,95.171,1271.9,37.473,0.13521,fay_herriot,forms_mnt:h_sd+alt_mean+essence+greco;log,2005-2024,IGN IFN brut (Etalab 2.0) ; FORMS-T (CC-BY 4.0) ; spec 054 lot 3
B10,68PC,1,31.992,6209,gvf,85.61,971,36.399,0.020728,fay_herriot,forms_mnt:h_sd+alt_mean+essence+greco;log,2005-2024,IGN IFN brut (Etalab 2.0) ; FORMS-T (CC-BY 4.0) ; spec 054 lot 3
B10,68TH,2,64.506,3786.7,gvf,84.189,836,34.344,0.12365,fay_herriot,forms_mnt:h_sd+alt_mean+essence+greco;log,2005-2024,IGN IFN brut (Etalab 2.0) ; FORMS-T (CC-BY 4.0) ; spec 054 lot 3
B10,71,1,8.0489,2508.9,gvf,68.187,762.63,40.5,0.0033046,fay_herriot,forms_mnt:h_sd+alt_mean+essence+greco;log,2005-2024,IGN IFN brut (Etalab 2.0) ; FORMS-T (CC-BY 4.0) ; spec 054 lot 3
B10,72V,7,296.45,3491.5,gvf,252.66,1990.2,17.657,0.76371,fay_herriot,forms_mnt:h_sd+alt_mean+essence+greco;log,2005-2024,IGN IFN brut (Etalab 2.0) ; FORMS-T (CC-BY 4.0) ; spec 054 lot 3
B10,73,27,148.71,756.89,direct,162.62,725.54,16.563,0.78955,fay_herriot,forms_mnt:h_sd+alt_mean+essence+greco;log,2005-2024,IGN IFN brut (Etalab 2.0) ; FORMS-T (CC-BY 4.0) ; spec 054 lot 3
B10,74H,1,50.773,31998,gvf,86.927,1012.4,36.603,0.010239,fay_herriot,forms_mnt:h_sd+alt_mean+essence+greco;log,2005-2024,IGN IFN brut (Etalab 2.0) ; FORMS-T (CC-BY 4.0) ; spec 054 lot 3
B10,74J,20,194.05,1505.8,direct,197.56,1221.6,17.691,0.76252,fay_herriot,forms_mnt:h_sd+alt_mean+essence+greco;log,2005-2024,IGN IFN brut (Etalab 2.0) ; FORMS-T (CC-BY 4.0) ; spec 054 lot 3
B21,02,108,94.788,51.121,direct,94.407,48.599,7.3843,0.95757,fay_herriot,forms_mnt:h_sd+alt_mean+essence+greco;log,2005-2024,IGN IFN brut (Etalab 2.0) ; FORMS-T (CC-BY 4.0) ; spec 054 lot 3
B21,03,22,120.44,201.38,direct,118.89,177.4,11.203,0.90243,fay_herriot,forms_mnt:h_sd+alt_mean+essence+greco;log,2005-2024,IGN IFN brut (Etalab 2.0) ; FORMS-T (CC-BY 4.0) ; spec 054 lot 3
B21,04,6,47.563,1105.4,gvf,72.157,545.31,32.363,0.2081,fay_herriot,forms_mnt:h_sd+alt_mean+essence+greco;log,2005-2024,IGN IFN brut (Etalab 2.0) ; FORMS-T (CC-BY 4.0) ; spec 054 lot 3
B21,09,13,58.204,457.54,direct,69.886,324.48,25.776,0.48736,fay_herriot,forms_mnt:h_sd+alt_mean+essence+greco;log,2005-2024,IGN IFN brut (Etalab 2.0) ; FORMS-T (CC-BY 4.0) ; spec 054 lot 3
B21,10,7,102.08,1280.1,gvf,87.19,481.63,25.17,0.51109,fay_herriot,forms_mnt:h_sd+alt_mean+essence+greco;log,2005-2024,IGN IFN brut (Etalab 2.0) ; FORMS-T (CC-BY 4.0) ; spec 054 lot 3
B21,11,59,48.93,33.457,direct,48.414,29.602,11.238,0.90185,fay_herriot,forms_mnt:h_sd+alt_mean+essence+greco;log,2005-2024,IGN IFN brut (Etalab 2.0) ; FORMS-T (CC-BY 4.0) ; spec 054 lot 3
B21,12P,7,56.824,325.25,gvf,54.658,172.27,24.013,0.56039,fay_herriot,forms_mnt:h_sd+alt_mean+essence+greco;log,2005-2024,IGN IFN brut (Etalab 2.0) ; FORMS-T (CC-BY 4.0) ; spec 054 lot 3
B21,12V,62,38.068,23.145,direct,37.621,20.148,11.931,0.88938,fay_herriot,forms_mnt:h_sd+alt_mean+essence+greco;log,2005-2024,IGN IFN brut (Etalab 2.0) ; FORMS-T (CC-BY 4.0) ; spec 054 lot 3
B21,13C,2,13.245,160.86,gvf,35.646,176.63,37.284,0.12284,fay_herriot,forms_mnt:h_sd+alt_mean+essence+greco;log,2005-2024,IGN IFN brut (Etalab 2.0) ; FORMS-T (CC-BY 4.0) ; spec 054 lot 3
B21,13G,27,39.191,56.786,direct,45.962,60.938,16.984,0.77644,fay_herriot,forms_mnt:h_sd+alt_mean+essence+greco;log,2005-2024,IGN IFN brut (Etalab 2.0) ; FORMS-T (CC-BY 4.0) ; spec 054 lot 3
B21,14,3,50.098,1838.5,gvf,63.743,452.5,33.371,0.14915,fay_herriot,forms_mnt:h_sd+alt_mean+essence+greco;log,2005-2024,IGN IFN brut (Etalab 2.0) ; FORMS-T (CC-BY 4.0) ; spec 054 lot 3
B21,15P,1,25.285,1250.3,gvf,33.661,141.39,35.325,0.061615,fay_herriot,forms_mnt:h_sd+alt_mean+essence+greco;log,2005-2024,IGN IFN brut (Etalab 2.0) ; FORMS-T (CC-BY 4.0) ; spec 054 lot 3
B21,15S,57,41.199,27.352,direct,40.876,23.992,11.983,0.8885,fay_herriot,forms_mnt:h_sd+alt_mean+essence+greco;log,2005-2024,IGN IFN brut (Etalab 2.0) ; FORMS-T (CC-BY 4.0) ; spec 054 lot 3
B21,17C,68,55.409,59.904,direct,55.696,52.668,13.03,0.86809,fay_herriot,forms_mnt:h_sd+alt_mean+essence+greco;log,2005-2024,IGN IFN brut (Etalab 2.0) ; FORMS-T (CC-BY 4.0) ; spec 054 lot 3
B21,18C,11,20.784,35.025,direct,18.616,17.393,22.403,0.61295,fay_herriot,forms_mnt:h_sd+alt_mean+essence+greco;log,2005-2024,IGN IFN brut (Etalab 2.0) ; FORMS-T (CC-BY 4.0) ; spec 054 lot 3
B21,19,107,184.68,220.22,direct,184.61,209.77,7.8452,0.95212,fay_herriot,forms_mnt:h_sd+alt_mean+essence+greco;log,2005-2024,IGN IFN brut (Etalab 2.0) ; FORMS-T (CC-BY 4.0) ; spec 054 lot 3
B21,20P,3,81.814,970.42,gvf,61.822,264.93,26.328,0.46969,fay_herriot,forms_mnt:h_sd+alt_mean+essence+greco;log,2005-2024,IGN IFN brut (Etalab 2.0) ; FORMS-T (CC-BY 4.0) ; spec 054 lot 3
B21,21C,6,88.251,209.44,gvf,70.615,111.29,14.939,0.82683,fay_herriot,forms_mnt:h_sd+alt_mean+essence+greco;log,2005-2024,IGN IFN brut (Etalab 2.0) ; FORMS-T (CC-BY 4.0) ; spec 054 lot 3
B21,22G,3,13.657,18.119,gvf,13.565,10.662,24.072,0.5693,fay_herriot,forms_mnt:h_sd+alt_mean+essence+greco;log,2005-2024,IGN IFN brut (Etalab 2.0) ; FORMS-T (CC-BY 4.0) ; spec 054 lot 3
B21,22M,19,36.092,42.447,direct,33.558,29.379,16.152,0.79759,fay_herriot,forms_mnt:h_sd+alt_mean+essence+greco;log,2005-2024,IGN IFN brut (Etalab 2.0) ; FORMS-T (CC-BY 4.0) ; spec 054 lot 3
B21,22S,6,7.6954,43.66,gvf,27.982,107.75,37.097,0.14833,fay_herriot,forms_mnt:h_sd+alt_mean+essence+greco;log,2005-2024,IGN IFN brut (Etalab 2.0) ; FORMS-T (CC-BY 4.0) ; spec 054 lot 3
B21,23AF,1,43.444,132.62,gvf,30.78,43.546,21.439,0.64631,fay_herriot,forms_mnt:h_sd+alt_mean+essence+greco;log,2005-2024,IGN IFN brut (Etalab 2.0) ; FORMS-T (CC-BY 4.0) ; spec 054 lot 3
B21,23PM,1,11.68,84.863,gvf,9.7779,10.433,33.034,0.17111,fay_herriot,forms_mnt:h_sd+alt_mean+essence+greco;log,2005-2024,IGN IFN brut (Etalab 2.0) ; FORMS-T (CC-BY 4.0) ; spec 054 lot 3
B21,23SO,9,7.2028,3.2677,gvf,8.2174,2.8997,20.723,0.67091,fay_herriot,forms_mnt:h_sd+alt_mean+essence+greco;log,2005-2024,IGN IFN brut (Etalab 2.0) ; FORMS-T (CC-BY 4.0) ; spec 054 lot 3
B21,24,27,50.495,115.89,direct,50.984,87.723,18.371,0.73858,fay_herriot,forms_mnt:h_sd+alt_mean+essence+greco;log,2005-2024,IGN IFN brut (Etalab 2.0) ; FORMS-T (CC-BY 4.0) ; spec 054 lot 3
B21,25B,23,55.176,144.47,direct,57.373,115.4,18.724,0.73016,fay_herriot,forms_mnt:h_sd+alt_mean+essence+greco;log,2005-2024,IGN IFN brut (Etalab 2.0) ; FORMS-T (CC-BY 4.0) ; spec 054 lot 3
B21,25C,11,48.925,585.57,direct,27.076,63.68,29.472,0.34421,fay_herriot,forms_mnt:h_sd+alt_mean+essence+greco;log,2005-2024,IGN IFN brut (Etalab 2.0) ; FORMS-T (CC-BY 4.0) ; spec 054 lot 3
B21,25FR,4,64.103,1530.4,gvf,66.515,464.04,32.386,0.25637,fay_herriot,forms_mnt:h_sd+alt_mean+essence+greco;log,2005-2024,IGN IFN brut (Etalab 2.0) ; FORMS-T (CC-BY 4.0) ; spec 054 lot 3
B21,25M,31,23.11,50.233,direct,20.976,24.103,23.405,0.57719,fay_herriot,forms_mnt:h_sd+alt_mean+essence+greco;log,2005-2024,IGN IFN brut (Etalab 2.0) ; FORMS-T (CC-BY 4.0) ; spec 054 lot 3
B21,25V,1,1.0037,339.61,gvf,32.673,225.11,45.921,0.00038072,fay_herriot,forms_mnt:h_sd+alt_mean+essence+greco;log,2005-2024,IGN IFN brut (Etalab 2.0) ; FORMS-T (CC-BY 4.0) ; spec 054 lot 3
B21,27C,1,1.7552,422.36,gvf,19.965,52.842,36.411,0.00093573,fay_herriot,forms_mnt:h_sd+alt_mean+essence+greco;log,2005-2024,IGN IFN brut (Etalab 2.0) ; FORMS-T (CC-BY 4.0) ; spec 054 lot 3
B21,29AF,5,2.5604,5.0869,gvf,6.1705,4.5953,34.74,0.14199,fay_herriot,forms_mnt:h_sd+alt_mean+essence+greco;log,2005-2024,IGN IFN brut (Etalab 2.0) ; FORMS-T (CC-BY 4.0) ; spec 054 lot 3
B21,29CM,1,53.275,6952.6,gvf,85.321,1395.3,43.781,0.049806,fay_herriot,forms_mnt:h_sd+alt_mean+essence+greco;log,2005-2024,IGN IFN brut (Etalab 2.0) ; FORMS-T (CC-BY 4.0) ; spec 054 lot 3
B21,29MA,1,17.978,7957.3,gvf,72.04,828.7,39.96,0.0051885,fay_herriot,forms_mnt:h_sd+alt_mean+essence+greco;log,2005-2024,IGN IFN brut (Etalab 2.0) ; FORMS-T (CC-BY 4.0) ; spec 054 lot 3
B21,31,20,5.1148,1.6544,direct,6.1819,1.6301,20.653,0.67002,fay_herriot,forms_mnt:h_sd+alt_mean+essence+greco;log,2005-2024,IGN IFN brut (Etalab 2.0) ; FORMS-T (CC-BY 4.0) ; spec 054 lot 3
B21,32,1,15.41,1513.1,gvf,16.378,34.845,36.042,0.019754,fay_herriot,forms_mnt:h_sd+alt_mean+essence+greco;log,2005-2024,IGN IFN brut (Etalab 2.0) ; FORMS-T (CC-BY 4.0) ; spec 054 lot 3
B21,332G,1,1.0078,15574,gvf,158.42,3920.8,39.525,8.3733e-06,fay_herriot,forms_mnt:h_sd+alt_mean+essence+greco;log,2005-2024,IGN IFN brut (Etalab 2.0) ; FORMS-T (CC-BY 4.0) ; spec 054 lot 3
B21,33G,5,146.71,4271.5,gvf,148.57,1811.7,28.649,0.39285,fay_herriot,forms_mnt:h_sd+alt_mean+essence+greco;log,2005-2024,IGN IFN brut (Etalab 2.0) ; FORMS-T (CC-BY 4.0) ; spec 054 lot 3
B21,33N,1,162.54,8169.7,gvf,120.41,1354.4,30.565,0.29341,fay_herriot,forms_mnt:h_sd+alt_mean+essence+greco;log,2005-2024,IGN IFN brut (Etalab 2.0) ; FORMS-T (CC-BY 4.0) ; spec 054 lot 3
B21,39,1,1.1988,8.8833,gvf,3.5536,1.8031,37.787,0.020351,fay_herriot,forms_mnt:h_sd+alt_mean+essence+greco;log,2005-2024,IGN IFN brut (Etalab 2.0) ; FORMS-T (CC-BY 4.0) ; spec 054 lot 3
B21,42,1,100.75,4466.8,gvf,24.71,62.253,31.93,0.22587,fay_herriot,forms_mnt:h_sd+alt_mean+essence+greco;log,2005-2024,IGN IFN brut (Etalab 2.0) ; FORMS-T (CC-BY 4.0) ; spec 054 lot 3
B21,49AE,1,6.9588,18.365,gvf,6.0471,4.4191,34.763,0.25293,fay_herriot,forms_mnt:h_sd+alt_mean+essence+greco;log,2005-2024,IGN IFN brut (Etalab 2.0) ; FORMS-T (CC-BY 4.0) ; spec 054 lot 3
B21,49AM,20,6.6719,0.86263,direct,6.5013,0.71352,12.993,0.86887,fay_herriot,forms_mnt:h_sd+alt_mean+essence+greco;log,2005-2024,IGN IFN brut (Etalab 2.0) ; FORMS-T (CC-BY 4.0) ; spec 054 lot 3
B21,49PM,1,4.0858,42.406,gvf,6.2716,5.2111,36.399,0.048115,fay_herriot,forms_mnt:h_sd+alt_mean+essence+greco;log,2005-2024,IGN IFN brut (Etalab 2.0) ; FORMS-T (CC-BY 4.0) ; spec 054 lot 3
B21,49PS,2,21.367,28.166,gvf,14.246,8.621,20.61,0.67545,fay_herriot,forms_mnt:h_sd+alt_mean+essence+greco;log,2005-2024,IGN IFN brut (Etalab 2.0) ; FORMS-T (CC-BY 4.0) ; spec 054 lot 3
B21,49SN,23,6.7706,1.8134,direct,6.3059,1.2121,17.459,0.76448,fay_herriot,forms_mnt:h_sd+alt_mean+essence+greco;log,2005-2024,IGN IFN brut (Etalab 2.0) ; FORMS-T (CC-BY 4.0) ; spec 054 lot 3
B21,52,10,166.54,2858.1,direct,124.68,896.26,24.011,0.55477,fay_herriot,forms_mnt:h_sd+alt_mean+essence+greco;log,2005-2024,IGN IFN brut (Etalab 2.0) ; FORMS-T (CC-BY 4.0) ; spec 054 lot 3
B21,53CO,1,65.184,14070,gvf,139.21,2455.9,35.598,0.037329,fay_herriot,forms_mnt:h_sd+alt_mean+essence+greco;log,2005-2024,IGN IFN brut (Etalab 2.0) ; FORMS-T (CC-BY 4.0) ; spec 054 lot 3
B21,62,6,44.114,2629.9,gvf,124.18,1850.2,34.639,0.08677,fay_herriot,forms_mnt:h_sd+alt_mean+essence+greco;log,2005-2024,IGN IFN brut (Etalab 2.0) ; FORMS-T (CC-BY 4.0) ; spec 054 lot 3
B21,63,2,73.274,5602,gvf,115.93,1612,34.632,0.10958,fay_herriot,forms_mnt:h_sd+alt_mean+essence+greco;log,2005-2024,IGN IFN brut (Etalab 2.0) ; FORMS-T (CC-BY 4.0) ; spec 054 lot 3
B21,64,1,200.4,31085,gvf,199.41,4471.9,33.535,0.14229,fay_herriot,forms_mnt:h_sd+alt_mean+essence+greco;log,2005-2024,IGN IFN brut (Etalab 2.0) ; FORMS-T (CC-BY 4.0) ; spec 054 lot 3
B21,67,1,14.124,228.87,gvf,16.608,34.122,35.172,0.10065,fay_herriot,forms_mnt:h_sd+alt_mean+essence+greco;log,2005-2024,IGN IFN brut (Etalab 2.0) ; FORMS-T (CC-BY 4.0) ; spec 054 lot 3
B21,68CL,1,63.48,6502.1,gvf,86.891,1151.8,39.058,0.073712,fay_herriot,forms_mnt:h_sd+alt_mean+essence+greco;log,2005-2024,IGN IFN brut (Etalab 2.0) ; FORMS-T (CC-BY 4.0) ; spec 054 lot 3
B21,73,1,59.702,22543,gvf,205.48,5679,36.674,0.019898,fay_herriot,forms_mnt:h_sd+alt_mean+essence+greco;log,2005-2024,IGN IFN brut (Etalab 2.0) ; FORMS-T (CC-BY 4.0) ; spec 054 lot 3
B22,02,77,79.145,42.07,direct,79.441,40.317,7.9928,0.95029,fay_herriot,forms_mnt:h_sd+alt_mean+essence+greco;log,2005-2024,IGN IFN brut (Etalab 2.0) ; FORMS-T (CC-BY 4.0) ; spec 054 lot 3
B22,03,21,69.554,126.97,direct,74.517,121.37,14.785,0.83029,fay_herriot,forms_mnt:h_sd+alt_mean+essence+greco;log,2005-2024,IGN IFN brut (Etalab 2.0) ; FORMS-T (CC-BY 4.0) ; spec 054 lot 3
B22,04,4,133.53,1658,gvf,107.5,633.4,23.411,0.57998,fay_herriot,forms_mnt:h_sd+alt_mean+essence+greco;log,2005-2024,IGN IFN brut (Etalab 2.0) ; FORMS-T (CC-BY 4.0) ; spec 054 lot 3
B22,09,32,93.517,356.52,direct,90.685,255.6,17.63,0.75902,fay_herriot,forms_mnt:h_sd+alt_mean+essence+greco;log,2005-2024,IGN IFN brut (Etalab 2.0) ; FORMS-T (CC-BY 4.0) ; spec 054 lot 3
B22,10,14,87.447,392.85,direct,83.109,254.82,19.207,0.71424,fay_herriot,forms_mnt:h_sd+alt_mean+essence+greco;log,2005-2024,IGN IFN brut (Etalab 2.0) ; FORMS-T (CC-BY 4.0) ; spec 054 lot 3
B22,11,75,46.778,24.27,direct,46.506,22.119,10.113,0.92049,fay_herriot,forms_mnt:h_sd+alt_mean+essence+greco;log,2005-2024,IGN IFN brut (Etalab 2.0) ; FORMS-T (CC-BY 4.0) ; spec 054 lot 3
B22,12P,3,76.585,758.92,gvf,62.746,259.95,25.695,0.49808,fay_herriot,forms_mnt:h_sd+alt_mean+essence+greco;log,2005-2024,IGN IFN brut (Etalab 2.0) ; FORMS-T (CC-BY 4.0) ; spec 054 lot 3
B22,12V,38,50.677,56.156,direct,47.789,42.794,13.689,0.85449,fay_herriot,forms_mnt:h_sd+alt_mean+essence+greco;log,2005-2024,IGN IFN brut (Etalab 2.0) ; FORMS-T (CC-BY 4.0) ; spec 054 lot 3
B22,13G,38,67.419,94.1,direct,68.935,84.977,13.373,0.86115,fay_herriot,forms_mnt:h_sd+alt_mean+essence+greco;log,2005-2024,IGN IFN brut (Etalab 2.0) ; FORMS-T (CC-BY 4.0) ; spec 054 lot 3
B22,14,3,74.392,1838.5,gvf,68.102,436.59,30.681,0.27877,fay_herriot,forms_mnt:h_sd+alt_mean+essence+greco;log,2005-2024,IGN IFN brut (Etalab 2.0) ; FORMS-T (CC-BY 4.0) ; spec 054 lot 3
B22,15P,3,24.92,416.76,gvf,32.305,116.08,33.35,0.1606,fay_herriot,forms_mnt:h_sd+alt_mean+essence+greco;log,2005-2024,IGN IFN brut (Etalab 2.0) ; FORMS-T (CC-BY 4.0) ; spec 054 lot 3
B22,15S,119,69.576,53.887,direct,66.299,45.12,10.132,0.92022,fay_herriot,forms_mnt:h_sd+alt_mean+essence+greco;log,2005-2024,IGN IFN brut (Etalab 2.0) ; FORMS-T (CC-BY 4.0) ; spec 054 lot 3
B22,17C,159,67.77,27.579,direct,67.25,25.965,7.5771,0.95532,fay_herriot,forms_mnt:h_sd+alt_mean+essence+greco;log,2005-2024,IGN IFN brut (Etalab 2.0) ; FORMS-T (CC-BY 4.0) ; spec 054 lot 3
B22,18C,36,21.508,25.049,direct,19.508,14.604,19.589,0.70338,fay_herriot,forms_mnt:h_sd+alt_mean+essence+greco;log,2005-2024,IGN IFN brut (Etalab 2.0) ; FORMS-T (CC-BY 4.0) ; spec 054 lot 3
B22,19,150,146.1,111.67,direct,147.34,109.23,7.0932,0.96085,fay_herriot,forms_mnt:h_sd+alt_mean+essence+greco;log,2005-2024,IGN IFN brut (Etalab 2.0) ; FORMS-T (CC-BY 4.0) ; spec 054 lot 3
B22,20G,3,31.113,2033.6,gvf,46.88,275.23,35.389,0.0576,fay_herriot,forms_mnt:h_sd+alt_mean+essence+greco;log,2005-2024,IGN IFN brut (Etalab 2.0) ; FORMS-T (CC-BY 4.0) ; spec 054 lot 3
B22,20P,52,61.606,71.735,direct,59.623,58.831,12.864,0.87169,fay_herriot,forms_mnt:h_sd+alt_mean+essence+greco;log,2005-2024,IGN IFN brut (Etalab 2.0) ; FORMS-T (CC-BY 4.0) ; spec 054 lot 3
B22,21C,25,24.101,20.486,direct,24.103,16.147,16.672,0.78453,fay_herriot,forms_mnt:h_sd+alt_mean+essence+greco;log,2005-2024,IGN IFN brut (Etalab 2.0) ; FORMS-T (CC-BY 4.0) ; spec 054 lot 3
B22,22M,38,51.929,57.27,direct,46.793,40.009,13.517,0.85808,fay_herriot,forms_mnt:h_sd+alt_mean+essence+greco;log,2005-2024,IGN IFN brut (Etalab 2.0) ; FORMS-T (CC-BY 4.0) ; spec 054 lot 3
B22,22S,2,15.563,130.98,gvf,29.738,114.27,35.947,0.19188,fay_herriot,forms_mnt:h_sd+alt_mean+essence+greco;log,2005-2024,IGN IFN brut (Etalab 2.0) ; FORMS-T (CC-BY 4.0) ; spec 054 lot 3
B22,23C,2,4.9256,51.972,gvf,11.931,18.072,35.631,0.056552,fay_herriot,forms_mnt:h_sd+alt_mean+essence+greco;log,2005-2024,IGN IFN brut (Etalab 2.0) ; FORMS-T (CC-BY 4.0) ; spec 054 lot 3
B22,23PM,2,6.575,42.431,gvf,8.9595,9.358,34.143,0.11569,fay_herriot,forms_mnt:h_sd+alt_mean+essence+greco;log,2005-2024,IGN IFN brut (Etalab 2.0) ; FORMS-T (CC-BY 4.0) ; spec 054 lot 3
B22,23SO,4,9.074,7.3523,gvf,9.6865,5.0407,23.178,0.58982,fay_herriot,forms_mnt:h_sd+alt_mean+essence+greco;log,2005-2024,IGN IFN brut (Etalab 2.0) ; FORMS-T (CC-BY 4.0) ; spec 054 lot 3
B22,24,18,95.535,1162.5,direct,70.473,320.7,25.411,0.50202,fay_herriot,forms_mnt:h_sd+alt_mean+essence+greco;log,2005-2024,IGN IFN brut (Etalab 2.0) ; FORMS-T (CC-BY 4.0) ; spec 054 lot 3
B22,25B,18,60.262,217.59,direct,61.156,154.91,20.352,0.68183,fay_herriot,forms_mnt:h_sd+alt_mean+essence+greco;log,2005-2024,IGN IFN brut (Etalab 2.0) ; FORMS-T (CC-BY 4.0) ; spec 054 lot 3
B22,25C,10,47.412,1025,direct,23.843,59.073,32.236,0.21973,fay_herriot,forms_mnt:h_sd+alt_mean+essence+greco;log,2005-2024,IGN IFN brut (Etalab 2.0) ; FORMS-T (CC-BY 4.0) ; spec 054 lot 3
B22,25FR,2,178.24,3060.9,gvf,116.94,795.63,24.12,0.57133,fay_herriot,forms_mnt:h_sd+alt_mean+essence+greco;log,2005-2024,IGN IFN brut (Etalab 2.0) ; FORMS-T (CC-BY 4.0) ; spec 054 lot 3
B22,25M,32,21.082,22.051,direct,20.233,14.738,18.974,0.7213,fay_herriot,forms_mnt:h_sd+alt_mean+essence+greco;log,2005-2024,IGN IFN brut (Etalab 2.0) ; FORMS-T (CC-BY 4.0) ; spec 054 lot 3
B22,27C,5,35.76,84.473,gvf,29.257,37.778,21.008,0.6603,fay_herriot,forms_mnt:h_sd+alt_mean+essence+greco;log,2005-2024,IGN IFN brut (Etalab 2.0) ; FORMS-T (CC-BY 4.0) ; spec 054 lot 3
B22,29AF,2,1.0106,12.717,gvf,6.9259,6.7649,37.554,0.010206,fay_herriot,forms_mnt:h_sd+alt_mean+essence+greco;log,2005-2024,IGN IFN brut (Etalab 2.0) ; FORMS-T (CC-BY 4.0) ; spec 054 lot 3
B22,31,60,13.31,24.73,direct,10.85,7.9544,25.995,0.4791,fay_herriot,forms_mnt:h_sd+alt_mean+essence+greco;log,2005-2024,IGN IFN brut (Etalab 2.0) ; FORMS-T (CC-BY 4.0) ; spec 054 lot 3
B22,332G,1,504.7,15574,gvf,346.16,5312.4,21.056,0.67742,fay_herriot,forms_mnt:h_sd+alt_mean+essence+greco;log,2005-2024,IGN IFN brut (Etalab 2.0) ; FORMS-T (CC-BY 4.0) ; spec 054 lot 3
B22,33G,4,495.09,5339.4,gvf,415.65,3258.6,13.734,0.85496,fay_herriot,forms_mnt:h_sd+alt_mean+essence+greco;log,2005-2024,IGN IFN brut (Etalab 2.0) ; FORMS-T (CC-BY 4.0) ; spec 054 lot 3
B22,34,1,12.31,7770.4,gvf,134.43,2788.5,39.281,0.0024976,fay_herriot,forms_mnt:h_sd+alt_mean+essence+greco;log,2005-2024,IGN IFN brut (Etalab 2.0) ; FORMS-T (CC-BY 4.0) ; spec 054 lot 3
B22,38AU,4,12.876,14.333,gvf,9.8175,5.2145,23.26,0.59763,fay_herriot,forms_mnt:h_sd+alt_mean+essence+greco;log,2005-2024,IGN IFN brut (Etalab 2.0) ; FORMS-T (CC-BY 4.0) ; spec 054 lot 3
B22,41,2,1.0875,46.251,gvf,10.327,14.004,36.235,0.0032725,fay_herriot,forms_mnt:h_sd+alt_mean+essence+greco;log,2005-2024,IGN IFN brut (Etalab 2.0) ; FORMS-T (CC-BY 4.0) ; spec 054 lot 3
B22,49AE,1,1.3788,18.365,gvf,5.6022,5.3392,41.245,0.013118,fay_herriot,forms_mnt:h_sd+alt_mean+essence+greco;log,2005-2024,IGN IFN brut (Etalab 2.0) ; FORMS-T (CC-BY 4.0) ; spec 054 lot 3
B22,49AM,28,10.627,4.0165,direct,9.1828,2.3585,16.724,0.78309,fay_herriot,forms_mnt:h_sd+alt_mean+essence+greco;log,2005-2024,IGN IFN brut (Etalab 2.0) ; FORMS-T (CC-BY 4.0) ; spec 054 lot 3
B22,49BO,1,1.8669,0.58065,gvf,2.2228,0.37023,27.374,0.43527,fay_herriot,forms_mnt:h_sd+alt_mean+essence+greco;log,2005-2024,IGN IFN brut (Etalab 2.0) ; FORMS-T (CC-BY 4.0) ; spec 054 lot 3
B22,49BS,1,9.2457,48.452,gvf,5.261,3.0916,33.421,0.1847,fay_herriot,forms_mnt:h_sd+alt_mean+essence+greco;log,2005-2024,IGN IFN brut (Etalab 2.0) ; FORMS-T (CC-BY 4.0) ; spec 054 lot 3
B22,49EV,1,1.68,0.98916,gvf,2.6455,0.68906,31.378,0.26814,fay_herriot,forms_mnt:h_sd+alt_mean+essence+greco;log,2005-2024,IGN IFN brut (Etalab 2.0) ; FORMS-T (CC-BY 4.0) ; spec 054 lot 3
B22,49PM,1,1.3729,42.406,gvf,6.2889,5.4907,37.26,0.0056746,fay_herriot,forms_mnt:h_sd+alt_mean+essence+greco;log,2005-2024,IGN IFN brut (Etalab 2.0) ; FORMS-T (CC-BY 4.0) ; spec 054 lot 3
B22,49PS,5,9.1028,11.267,gvf,7.3876,3.7134,26.085,0.48569,fay_herriot,forms_mnt:h_sd+alt_mean+essence+greco;log,2005-2024,IGN IFN brut (Etalab 2.0) ; FORMS-T (CC-BY 4.0) ; spec 054 lot 3
B22,49RC,1,13.147,125.68,gvf,9.9443,12.552,35.627,0.15008,fay_herriot,forms_mnt:h_sd+alt_mean+essence+greco;log,2005-2024,IGN IFN brut (Etalab 2.0) ; FORMS-T (CC-BY 4.0) ; spec 054 lot 3
B22,49SN,32,6.0511,1.3489,direct,5.7875,0.96599,16.982,0.77706,fay_herriot,forms_mnt:h_sd+alt_mean+essence+greco;log,2005-2024,IGN IFN brut (Etalab 2.0) ; FORMS-T (CC-BY 4.0) ; spec 054 lot 3
B22,52,1,104.24,9336,gvf,88.221,882.87,33.68,0.13002,fay_herriot,forms_mnt:h_sd+alt_mean+essence+greco;log,2005-2024,IGN IFN brut (Etalab 2.0) ; FORMS-T (CC-BY 4.0) ; spec 054 lot 3
B22,53CO,1,205.89,14070,gvf,157.44,2338.6,30.717,0.27895,fay_herriot,forms_mnt:h_sd+alt_mean+essence+greco;log,2005-2024,IGN IFN brut (Etalab 2.0) ; FORMS-T (CC-BY 4.0) ; spec 054 lot 3
B22,54,1,17.919,9500.6,gvf,130.3,2251.1,36.414,0.0043208,fay_herriot,forms_mnt:h_sd+alt_mean+essence+greco;log,2005-2024,IGN IFN brut (Etalab 2.0) ; FORMS-T (CC-BY 4.0) ; spec 054 lot 3
B22,56,1,39.65,6180.2,gvf,90.527,1121.1,36.987,0.03163,fay_herriot,forms_mnt:h_sd+alt_mean+essence+greco;log,2005-2024,IGN IFN brut (Etalab 2.0) ; FORMS-T (CC-BY 4.0) ; spec 054 lot 3
B22,62,6,181.24,2629.9,gvf,162.14,1309.6,22.319,0.61594,fay_herriot,forms_mnt:h_sd+alt_mean+essence+greco;log,2005-2024,IGN IFN brut (Etalab 2.0) ; FORMS-T (CC-BY 4.0) ; spec 054 lot 3
B22,63,1,140.68,11204,gvf,124.77,1702.3,33.068,0.18488,fay_herriot,forms_mnt:h_sd+alt_mean+essence+greco;log,2005-2024,IGN IFN brut (Etalab 2.0) ; FORMS-T (CC-BY 4.0) ; spec 054 lot 3
B22,64,2,23.738,15543,gvf,195.29,4991.7,36.177,0.0046337,fay_herriot,forms_mnt:h_sd+alt_mean+essence+greco;log,2005-2024,IGN IFN brut (Etalab 2.0) ; FORMS-T (CC-BY 4.0) ; spec 054 lot 3
B22,73,1,385.87,22543,gvf,276.6,5519.9,26.861,0.45889,fay_herriot,forms_mnt:h_sd+alt_mean+essence+greco;log,2005-2024,IGN IFN brut (Etalab 2.0) ; FORMS-T (CC-BY 4.0) ; spec 054 lot 3
B23,02,196,116.85,35.663,direct,116.39,34.695,5.0607,0.98006,fay_herriot,forms_mnt:h_sd+alt_mean+essence+greco;log,2005-2024,IGN IFN brut (Etalab 2.0) ; FORMS-T (CC-BY 4.0) ; spec 054 lot 3
B23,03,75,116.36,117.8,direct,116.44,110.61,9.0326,0.93654,fay_herriot,forms_mnt:h_sd+alt_mean+essence+greco;log,2005-2024,IGN IFN brut (Etalab 2.0) ; FORMS-T (CC-BY 4.0) ; spec 054 lot 3
B23,04,2,117.71,3316.1,gvf,98.661,834.46,29.279,0.34917,fay_herriot,forms_mnt:h_sd+alt_mean+essence+greco;log,2005-2024,IGN IFN brut (Etalab 2.0) ; FORMS-T (CC-BY 4.0) ; spec 054 lot 3
B23,09,84,92.007,87,direct,92.058,80.765,9.7623,0.92589,fay_herriot,forms_mnt:h_sd+alt_mean+essence+greco;log,2005-2024,IGN IFN brut (Etalab 2.0) ; FORMS-T (CC-BY 4.0) ; spec 054 lot 3
B23,10,6,40.587,1493.4,gvf,75.486,651.84,33.823,0.12406,fay_herriot,forms_mnt:h_sd+alt_mean+essence+greco;log,2005-2024,IGN IFN brut (Etalab 2.0) ; FORMS-T (CC-BY 4.0) ; spec 054 lot 3
B23,11,253,57.789,10.258,direct,57.565,9.9467,5.4787,0.97664,fay_herriot,forms_mnt:h_sd+alt_mean+essence+greco;log,2005-2024,IGN IFN brut (Etalab 2.0) ; FORMS-T (CC-BY 4.0) ; spec 054 lot 3
B23,12P,2,39.49,1138.4,gvf,54.746,340.98,33.73,0.14959,fay_herriot,forms_mnt:h_sd+alt_mean+essence+greco;log,2005-2024,IGN IFN brut (Etalab 2.0) ; FORMS-T (CC-BY 4.0) ; spec 054 lot 3
B23,12V,76,38.667,12.591,direct,38.634,11.811,8.8955,0.93846,fay_herriot,forms_mnt:h_sd+alt_mean+essence+greco;log,2005-2024,IGN IFN brut (Etalab 2.0) ; FORMS-T (CC-BY 4.0) ; spec 054 lot 3
B23,13G,57,54.917,58.664,direct,58.528,58.045,13.017,0.86844,fay_herriot,forms_mnt:h_sd+alt_mean+essence+greco;log,2005-2024,IGN IFN brut (Etalab 2.0) ; FORMS-T (CC-BY 4.0) ; spec 054 lot 3
B23,14,1,172.48,5515.5,gvf,104.72,844.12,27.744,0.40919,fay_herriot,forms_mnt:h_sd+alt_mean+essence+greco;log,2005-2024,IGN IFN brut (Etalab 2.0) ; FORMS-T (CC-BY 4.0) ; spec 054 lot 3
B23,15P,4,36.713,312.57,gvf,37.685,120.39,29.116,0.35637,fay_herriot,forms_mnt:h_sd+alt_mean+essence+greco;log,2005-2024,IGN IFN brut (Etalab 2.0) ; FORMS-T (CC-BY 4.0) ; spec 054 lot 3
B23,15S,127,49.362,13.217,direct,49.077,12.55,7.2183,0.95947,fay_herriot,forms_mnt:h_sd+alt_mean+essence+greco;log,2005-2024,IGN IFN brut (Etalab 2.0) ; FORMS-T (CC-BY 4.0) ; spec 054 lot 3
B23,17C,132,81.78,36.825,direct,80.972,34.645,7.2692,0.95888,fay_herriot,forms_mnt:h_sd+alt_mean+essence+greco;log,2005-2024,IGN IFN brut (Etalab 2.0) ; FORMS-T (CC-BY 4.0) ; spec 054 lot 3
B23,18C,10,20.735,39.095,direct,19.295,20.04,23.201,0.58542,fay_herriot,forms_mnt:h_sd+alt_mean+essence+greco;log,2005-2024,IGN IFN brut (Etalab 2.0) ; FORMS-T (CC-BY 4.0) ; spec 054 lot 3
B23,18D,1,16.943,1054.1,gvf,50.43,385.03,38.91,0.033788,fay_herriot,forms_mnt:h_sd+alt_mean+essence+greco;log,2005-2024,IGN IFN brut (Etalab 2.0) ; FORMS-T (CC-BY 4.0) ; spec 054 lot 3
B23,18M,2,4.9624,166.55,gvf,22.102,67.248,37.103,0.018631,fay_herriot,forms_mnt:h_sd+alt_mean+essence+greco;log,2005-2024,IGN IFN brut (Etalab 2.0) ; FORMS-T (CC-BY 4.0) ; spec 054 lot 3
B23,19,68,164.32,273.33,direct,166.96,262.04,9.6955,0.92693,fay_herriot,forms_mnt:h_sd+alt_mean+essence+greco;log,2005-2024,IGN IFN brut (Etalab 2.0) ; FORMS-T (CC-BY 4.0) ; spec 054 lot 3
B23,20G,1,26.437,6100.8,gvf,53.576,377.03,36.243,0.014497,fay_herriot,forms_mnt:h_sd+alt_mean+essence+greco;log,2005-2024,IGN IFN brut (Etalab 2.0) ; FORMS-T (CC-BY 4.0) ; spec 054 lot 3
B23,20P,15,54.153,186.8,direct,54.025,125.74,20.755,0.66842,fay_herriot,forms_mnt:h_sd+alt_mean+essence+greco;log,2005-2024,IGN IFN brut (Etalab 2.0) ; FORMS-T (CC-BY 4.0) ; spec 054 lot 3
B23,21C,6,28.651,209.44,gvf,27.643,66.226,29.439,0.33478,fay_herriot,forms_mnt:h_sd+alt_mean+essence+greco;log,2005-2024,IGN IFN brut (Etalab 2.0) ; FORMS-T (CC-BY 4.0) ; spec 054 lot 3
B23,22G,2,5.7397,27.179,gvf,13.169,21.121,34.9,0.13468,fay_herriot,forms_mnt:h_sd+alt_mean+essence+greco;log,2005-2024,IGN IFN brut (Etalab 2.0) ; FORMS-T (CC-BY 4.0) ; spec 054 lot 3
B23,22M,46,51.602,38.901,direct,48.492,30.908,11.465,0.89785,fay_herriot,forms_mnt:h_sd+alt_mean+essence+greco;log,2005-2024,IGN IFN brut (Etalab 2.0) ; FORMS-T (CC-BY 4.0) ; spec 054 lot 3
B23,23PM,1,14.311,84.863,gvf,11.304,12.833,31.692,0.23657,fay_herriot,forms_mnt:h_sd+alt_mean+essence+greco;log,2005-2024,IGN IFN brut (Etalab 2.0) ; FORMS-T (CC-BY 4.0) ; spec 054 lot 3
B23,23SO,3,5.7291,9.803,gvf,9.5987,8.5601,30.481,0.30066,fay_herriot,forms_mnt:h_sd+alt_mean+essence+greco;log,2005-2024,IGN IFN brut (Etalab 2.0) ; FORMS-T (CC-BY 4.0) ; spec 054 lot 3
B23,24,39,54.551,79.465,direct,55.196,67.604,14.896,0.82784,fay_herriot,forms_mnt:h_sd+alt_mean+essence+greco;log,2005-2024,IGN IFN brut (Etalab 2.0) ; FORMS-T (CC-BY 4.0) ; spec 054 lot 3
B23,25B,10,71.197,540.48,direct,71.145,300.86,24.38,0.54633,fay_herriot,forms_mnt:h_sd+alt_mean+essence+greco;log,2005-2024,IGN IFN brut (Etalab 2.0) ; FORMS-T (CC-BY 4.0) ; spec 054 lot 3
B23,25M,22,25.704,68.919,direct,23.219,31.343,24.112,0.55176,fay_herriot,forms_mnt:h_sd+alt_mean+essence+greco;log,2005-2024,IGN IFN brut (Etalab 2.0) ; FORMS-T (CC-BY 4.0) ; spec 054 lot 3
B23,27N,3,20.723,227.21,gvf,41.743,222.19,35.71,0.1953,fay_herriot,forms_mnt:h_sd+alt_mean+essence+greco;log,2005-2024,IGN IFN brut (Etalab 2.0) ; FORMS-T (CC-BY 4.0) ; spec 054 lot 3
B23,31,38,7.1398,1.7641,direct,7.6894,1.6193,16.549,0.78771,fay_herriot,forms_mnt:h_sd+alt_mean+essence+greco;log,2005-2024,IGN IFN brut (Etalab 2.0) ; FORMS-T (CC-BY 4.0) ; spec 054 lot 3
B23,332G,1,21.082,15574,gvf,175.24,4781.8,39.46,0.003651,fay_herriot,forms_mnt:h_sd+alt_mean+essence+greco;log,2005-2024,IGN IFN brut (Etalab 2.0) ; FORMS-T (CC-BY 4.0) ; spec 054 lot 3
B23,41,1,3.0899,92.503,gvf,11.514,17.263,36.084,0.01308,fay_herriot,forms_mnt:h_sd+alt_mean+essence+greco;log,2005-2024,IGN IFN brut (Etalab 2.0) ; FORMS-T (CC-BY 4.0) ; spec 054 lot 3
B23,49AM,8,17.08,6.9787,gvf,14.531,4.2724,14.224,0.84295,fay_herriot,forms_mnt:h_sd+alt_mean+essence+greco;log,2005-2024,IGN IFN brut (Etalab 2.0) ; FORMS-T (CC-BY 4.0) ; spec 054 lot 3
B23,49IA,1,5.0684,30.842,gvf,6.8657,5.6183,34.524,0.096614,fay_herriot,forms_mnt:h_sd+alt_mean+essence+greco;log,2005-2024,IGN IFN brut (Etalab 2.0) ; FORMS-T (CC-BY 4.0) ; spec 054 lot 3
B23,49SN,4,3.729,7.6652,gvf,5.1713,2.8616,32.712,0.18893,fay_herriot,forms_mnt:h_sd+alt_mean+essence+greco;log,2005-2024,IGN IFN brut (Etalab 2.0) ; FORMS-T (CC-BY 4.0) ; spec 054 lot 3
B23,52,1,107.61,9336,gvf,98.31,1088.6,33.561,0.13738,fay_herriot,forms_mnt:h_sd+alt_mean+essence+greco;log,2005-2024,IGN IFN brut (Etalab 2.0) ; FORMS-T (CC-BY 4.0) ; spec 054 lot 3
B23,62,25,224.14,1895.5,direct,205.44,1238.6,17.131,0.77289,fay_herriot,forms_mnt:h_sd+alt_mean+essence+greco;log,2005-2024,IGN IFN brut (Etalab 2.0) ; FORMS-T (CC-BY 4.0) ; spec 054 lot 3
B23,63,3,116.94,3734.6,gvf,130.07,1534.6,30.118,0.31981,fay_herriot,forms_mnt:h_sd+alt_mean+essence+greco;log,2005-2024,IGN IFN brut (Etalab 2.0) ; FORMS-T (CC-BY 4.0) ; spec 054 lot 3
B23,64,4,105.51,7771.4,gvf,197.85,4339.1,33.294,0.15535,fay_herriot,forms_mnt:h_sd+alt_mean+essence+greco;log,2005-2024,IGN IFN brut (Etalab 2.0) ; FORMS-T (CC-BY 4.0) ; spec 054 lot 3
B23,72V,1,452.35,24440,gvf,270.5,4782,25.565,0.51808,fay_herriot,forms_mnt:h_sd+alt_mean+essence+greco;log,2005-2024,IGN IFN brut (Etalab 2.0) ; FORMS-T (CC-BY 4.0) ; spec 054 lot 3
B23,73,2,73.318,11272,gvf,219.62,6227,35.931,0.057702,fay_herriot,forms_mnt:h_sd+alt_mean+essence+greco;log,2005-2024,IGN IFN brut (Etalab 2.0) ; FORMS-T (CC-BY 4.0) ; spec 054 lot 3
B23,74J,2,169.3,11019,gvf,203.29,4307.4,32.284,0.25038,fay_herriot,forms_mnt:h_sd+alt_mean+essence+greco;log,2005-2024,IGN IFN brut (Etalab 2.0) ; FORMS-T (CC-BY 4.0) ; spec 054 lot 3
B31,02,155,82.386,34.046,direct,82.416,32.814,6.9505,0.9624,fay_herriot,forms_mnt:h_sd+alt_mean+essence+greco;log,2005-2024,IGN IFN brut (Etalab 2.0) ; FORMS-T (CC-BY 4.0) ; spec 054 lot 3
B31,03,110,162.87,135.57,direct,159.97,125.86,7.0131,0.96172,fay_herriot,forms_mnt:h_sd+alt_mean+essence+greco;log,2005-2024,IGN IFN brut (Etalab 2.0) ; FORMS-T (CC-BY 4.0) ; spec 054 lot 3
B31,04,5,16.584,1326.4,gvf,74.654,722.39,36.003,0.025934,fay_herriot,forms_mnt:h_sd+alt_mean+essence+greco;log,2005-2024,IGN IFN brut (Etalab 2.0) ; FORMS-T (CC-BY 4.0) ; spec 054 lot 3
B31,09,125,75.852,48.246,direct,76.116,45.656,8.8772,0.9387,fay_herriot,forms_mnt:h_sd+alt_mean+essence+greco;log,2005-2024,IGN IFN brut (Etalab 2.0) ; FORMS-T (CC-BY 4.0) ; spec 054 lot 3
B31,10,42,56.479,164.7,direct,60.397,135.06,19.242,0.71321,fay_herriot,forms_mnt:h_sd+alt_mean+essence+greco;log,2005-2024,IGN IFN brut (Etalab 2.0) ; FORMS-T (CC-BY 4.0) ; spec 054 lot 3
B31,11,31,43.724,64.869,direct,43.441,50.871,16.418,0.79098,fay_herriot,forms_mnt:h_sd+alt_mean+essence+greco;log,2005-2024,IGN IFN brut (Etalab 2.0) ; FORMS-T (CC-BY 4.0) ; spec 054 lot 3
B31,12P,2,16.51,1138.4,gvf,48.565,307.4,36.101,0.029827,fay_herriot,forms_mnt:h_sd+alt_mean+essence+greco;log,2005-2024,IGN IFN brut (Etalab 2.0) ; FORMS-T (CC-BY 4.0) ; spec 054 lot 3
B31,12V,118,39.257,15.454,direct,38.768,14,9.6513,0.92756,fay_herriot,forms_mnt:h_sd+alt_mean+essence+greco;log,2005-2024,IGN IFN brut (Etalab 2.0) ; FORMS-T (CC-BY 4.0) ; spec 054 lot 3
B31,13B,2,26.674,689.15,gvf,37.197,181.99,36.268,0.11705,fay_herriot,forms_mnt:h_sd+alt_mean+essence+greco;log,2005-2024,IGN IFN brut (Etalab 2.0) ; FORMS-T (CC-BY 4.0) ; spec 054 lot 3
B31,13C,1,7.6963,321.72,gvf,38.054,228.98,39.764,0.023095,fay_herriot,forms_mnt:h_sd+alt_mean+essence+greco;log,2005-2024,IGN IFN brut (Etalab 2.0) ; FORMS-T (CC-BY 4.0) ; spec 054 lot 3
B31,13G,20,120.97,829.58,direct,105.4,439.79,19.897,0.69371,fay_herriot,forms_mnt:h_sd+alt_mean+essence+greco;log,2005-2024,IGN IFN brut (Etalab 2.0) ; FORMS-T (CC-BY 4.0) ; spec 054 lot 3
B31,14,9,29.186,612.83,gvf,56.957,360.2,33.322,0.15145,fay_herriot,forms_mnt:h_sd+alt_mean+essence+greco;log,2005-2024,IGN IFN brut (Etalab 2.0) ; FORMS-T (CC-BY 4.0) ; spec 054 lot 3
B31,15P,1,23.84,1250.3,gvf,32.51,132.8,35.447,0.055151,fay_herriot,forms_mnt:h_sd+alt_mean+essence+greco;log,2005-2024,IGN IFN brut (Etalab 2.0) ; FORMS-T (CC-BY 4.0) ; spec 054 lot 3
B31,15S,43,54.004,90.818,direct,50.176,63.413,15.871,0.80482,fay_herriot,forms_mnt:h_sd+alt_mean+essence+greco;log,2005-2024,IGN IFN brut (Etalab 2.0) ; FORMS-T (CC-BY 4.0) ; spec 054 lot 3
B31,17C,126,53.215,31.78,direct,53.403,29.476,10.166,0.91962,fay_herriot,forms_mnt:h_sd+alt_mean+essence+greco;log,2005-2024,IGN IFN brut (Etalab 2.0) ; FORMS-T (CC-BY 4.0) ; spec 054 lot 3
B31,18C,26,21.347,32.852,direct,18.844,16.544,21.585,0.64043,fay_herriot,forms_mnt:h_sd+alt_mean+essence+greco;log,2005-2024,IGN IFN brut (Etalab 2.0) ; FORMS-T (CC-BY 4.0) ; spec 054 lot 3
B31,18D,1,18.13,1054.1,gvf,43.787,288.27,38.775,0.0385,fay_herriot,forms_mnt:h_sd+alt_mean+essence+greco;log,2005-2024,IGN IFN brut (Etalab 2.0) ; FORMS-T (CC-BY 4.0) ; spec 054 lot 3
B31,19,47,167.03,408.35,direct,168.01,371.8,11.477,0.89767,fay_herriot,forms_mnt:h_sd+alt_mean+essence+greco;log,2005-2024,IGN IFN brut (Etalab 2.0) ; FORMS-T (CC-BY 4.0) ; spec 054 lot 3
B31,20G,7,141.03,871.54,gvf,106.56,374.6,18.163,0.74557,fay_herriot,forms_mnt:h_sd+alt_mean+essence+greco;log,2005-2024,IGN IFN brut (Etalab 2.0) ; FORMS-T (CC-BY 4.0) ; spec 054 lot 3
B31,20P,16,60.361,308.76,direct,54.439,153.34,22.747,0.60241,fay_herriot,forms_mnt:h_sd+alt_mean+essence+greco;log,2005-2024,IGN IFN brut (Etalab 2.0) ; FORMS-T (CC-BY 4.0) ; spec 054 lot 3
B31,21C,38,35.453,33.462,direct,33.038,24.155,14.876,0.82827,fay_herriot,forms_mnt:h_sd+alt_mean+essence+greco;log,2005-2024,IGN IFN brut (Etalab 2.0) ; FORMS-T (CC-BY 4.0) ; spec 054 lot 3
B31,22M,63,32.655,16.535,direct,31.633,13.872,11.774,0.89225,fay_herriot,forms_mnt:h_sd+alt_mean+essence+greco;log,2005-2024,IGN IFN brut (Etalab 2.0) ; FORMS-T (CC-BY 4.0) ; spec 054 lot 3
B31,23PC,5,14.386,11.506,gvf,12.45,6.0803,19.806,0.69787,fay_herriot,forms_mnt:h_sd+alt_mean+essence+greco;log,2005-2024,IGN IFN brut (Etalab 2.0) ; FORMS-T (CC-BY 4.0) ; spec 054 lot 3
B31,23PM,2,10.61,42.431,gvf,9.4598,8.7646,31.295,0.2541,fay_herriot,forms_mnt:h_sd+alt_mean+essence+greco;log,2005-2024,IGN IFN brut (Etalab 2.0) ; FORMS-T (CC-BY 4.0) ; spec 054 lot 3
B31,23SO,2,3.73,14.705,gvf,9.2869,10.293,34.547,0.10833,fay_herriot,forms_mnt:h_sd+alt_mean+essence+greco;log,2005-2024,IGN IFN brut (Etalab 2.0) ; FORMS-T (CC-BY 4.0) ; spec 054 lot 3
B31,24,52,59.147,179.7,direct,56.556,118.03,19.21,0.71426,fay_herriot,forms_mnt:h_sd+alt_mean+essence+greco;log,2005-2024,IGN IFN brut (Etalab 2.0) ; FORMS-T (CC-BY 4.0) ; spec 054 lot 3
B31,25B,3,66.169,1895.5,gvf,62.574,400.42,31.979,0.22875,fay_herriot,forms_mnt:h_sd+alt_mean+essence+greco;log,2005-2024,IGN IFN brut (Etalab 2.0) ; FORMS-T (CC-BY 4.0) ; spec 054 lot 3
B31,25C,3,45.212,359.97,gvf,27.516,57.783,27.626,0.42168,fay_herriot,forms_mnt:h_sd+alt_mean+essence+greco;log,2005-2024,IGN IFN brut (Etalab 2.0) ; FORMS-T (CC-BY 4.0) ; spec 054 lot 3
B31,25M,46,24.43,27.441,direct,22.453,17.163,18.451,0.73634,fay_herriot,forms_mnt:h_sd+alt_mean+essence+greco;log,2005-2024,IGN IFN brut (Etalab 2.0) ; FORMS-T (CC-BY 4.0) ; spec 054 lot 3
B31,25R,1,41.14,255.65,gvf,32.25,75.43,26.931,0.45948,fay_herriot,forms_mnt:h_sd+alt_mean+essence+greco;log,2005-2024,IGN IFN brut (Etalab 2.0) ; FORMS-T (CC-BY 4.0) ; spec 054 lot 3
B31,26E,1,151.32,19802,gvf,185.84,4656.5,36.719,0.12929,fay_herriot,forms_mnt:h_sd+alt_mean+essence+greco;log,2005-2024,IGN IFN brut (Etalab 2.0) ; FORMS-T (CC-BY 4.0) ; spec 054 lot 3
B31,31,89,10.227,4.6312,direct,9.8304,3.1985,18.193,0.74357,fay_herriot,forms_mnt:h_sd+alt_mean+essence+greco;log,2005-2024,IGN IFN brut (Etalab 2.0) ; FORMS-T (CC-BY 4.0) ; spec 054 lot 3
B31,332G,2,163.65,7787.2,gvf,156.12,2498.1,32.014,0.30633,fay_herriot,forms_mnt:h_sd+alt_mean+essence+greco;log,2005-2024,IGN IFN brut (Etalab 2.0) ; FORMS-T (CC-BY 4.0) ; spec 054 lot 3
B31,33G,1,69.793,21357,gvf,141.6,2709.9,36.763,0.028452,fay_herriot,forms_mnt:h_sd+alt_mean+essence+greco;log,2005-2024,IGN IFN brut (Etalab 2.0) ; FORMS-T (CC-BY 4.0) ; spec 054 lot 3
B31,33N,1,21.175,8169.7,gvf,101.47,1366.2,36.426,0.006998,fay_herriot,forms_mnt:h_sd+alt_mean+essence+greco;log,2005-2024,IGN IFN brut (Etalab 2.0) ; FORMS-T (CC-BY 4.0) ; spec 054 lot 3
B31,38AU,3,8.6213,19.11,gvf,7.0668,4.6086,30.378,0.33307,fay_herriot,forms_mnt:h_sd+alt_mean+essence+greco;log,2005-2024,IGN IFN brut (Etalab 2.0) ; FORMS-T (CC-BY 4.0) ; spec 054 lot 3
B31,49AM,22,8.9833,9.1102,direct,7.0088,2.977,24.618,0.53215,fay_herriot,forms_mnt:h_sd+alt_mean+essence+greco;log,2005-2024,IGN IFN brut (Etalab 2.0) ; FORMS-T (CC-BY 4.0) ; spec 054 lot 3
B31,49BO,1,2.6595,0.58065,gvf,2.5877,0.3431,22.636,0.61,fay_herriot,forms_mnt:h_sd+alt_mean+essence+greco;log,2005-2024,IGN IFN brut (Etalab 2.0) ; FORMS-T (CC-BY 4.0) ; spec 054 lot 3
B31,49IA,16,7.6111,3.3308,direct,7.1221,2.0333,20.021,0.69071,fay_herriot,forms_mnt:h_sd+alt_mean+essence+greco;log,2005-2024,IGN IFN brut (Etalab 2.0) ; FORMS-T (CC-BY 4.0) ; spec 054 lot 3
B31,49LN,1,14.106,297.47,gvf,32.169,150.61,38.15,0.07909,fay_herriot,forms_mnt:h_sd+alt_mean+essence+greco;log,2005-2024,IGN IFN brut (Etalab 2.0) ; FORMS-T (CC-BY 4.0) ; spec 054 lot 3
B31,49PS,3,2.7716,18.778,gvf,5.6949,4.174,35.875,0.049906,fay_herriot,forms_mnt:h_sd+alt_mean+essence+greco;log,2005-2024,IGN IFN brut (Etalab 2.0) ; FORMS-T (CC-BY 4.0) ; spec 054 lot 3
B31,49SN,14,4.8825,0.88463,direct,4.8711,0.68821,17.031,0.77579,fay_herriot,forms_mnt:h_sd+alt_mean+essence+greco;log,2005-2024,IGN IFN brut (Etalab 2.0) ; FORMS-T (CC-BY 4.0) ; spec 054 lot 3
B31,51,1,244.16,15682,gvf,148.66,1945.1,29.667,0.32801,fay_herriot,forms_mnt:h_sd+alt_mean+essence+greco;log,2005-2024,IGN IFN brut (Etalab 2.0) ; FORMS-T (CC-BY 4.0) ; spec 054 lot 3
B31,52,34,77.547,193.73,direct,78.782,160.46,16.079,0.79943,fay_herriot,forms_mnt:h_sd+alt_mean+essence+greco;log,2005-2024,IGN IFN brut (Etalab 2.0) ; FORMS-T (CC-BY 4.0) ; spec 054 lot 3
B31,53CO,11,106.73,381.53,direct,112.62,338.84,16.344,0.79313,fay_herriot,forms_mnt:h_sd+alt_mean+essence+greco;log,2005-2024,IGN IFN brut (Etalab 2.0) ; FORMS-T (CC-BY 4.0) ; spec 054 lot 3
B31,54,1,48.264,9500.6,gvf,124.39,1995.2,35.911,0.030522,fay_herriot,forms_mnt:h_sd+alt_mean+essence+greco;log,2005-2024,IGN IFN brut (Etalab 2.0) ; FORMS-T (CC-BY 4.0) ; spec 054 lot 3
B31,61,35,61.8,129.56,direct,71.658,138.62,16.43,0.79103,fay_herriot,forms_mnt:h_sd+alt_mean+essence+greco;log,2005-2024,IGN IFN brut (Etalab 2.0) ; FORMS-T (CC-BY 4.0) ; spec 054 lot 3
B31,62,9,106.33,1753.3,gvf,119.8,1022.4,26.691,0.45295,fay_herriot,forms_mnt:h_sd+alt_mean+essence+greco;log,2005-2024,IGN IFN brut (Etalab 2.0) ; FORMS-T (CC-BY 4.0) ; spec 054 lot 3
B31,63,1,365.68,11204,gvf,234.26,2843.6,22.763,0.60513,fay_herriot,forms_mnt:h_sd+alt_mean+essence+greco;log,2005-2024,IGN IFN brut (Etalab 2.0) ; FORMS-T (CC-BY 4.0) ; spec 054 lot 3
B31,64,31,208.92,1316.7,direct,205.65,1038.2,15.668,0.80976,fay_herriot,forms_mnt:h_sd+alt_mean+essence+greco;log,2005-2024,IGN IFN brut (Etalab 2.0) ; FORMS-T (CC-BY 4.0) ; spec 054 lot 3
B31,67,9,19.817,25.43,gvf,18.569,15.243,21.025,0.66476,fay_herriot,forms_mnt:h_sd+alt_mean+essence+greco;log,2005-2024,IGN IFN brut (Etalab 2.0) ; FORMS-T (CC-BY 4.0) ; spec 054 lot 3
B31,68CL,1,32.045,6502.1,gvf,84.314,1162,40.429,0.019876,fay_herriot,forms_mnt:h_sd+alt_mean+essence+greco;log,2005-2024,IGN IFN brut (Etalab 2.0) ; FORMS-T (CC-BY 4.0) ; spec 054 lot 3
B31,68EO,1,2.6581,133.39,gvf,76.384,783.42,36.643,0.0067552,fay_herriot,forms_mnt:h_sd+alt_mean+essence+greco;log,2005-2024,IGN IFN brut (Etalab 2.0) ; FORMS-T (CC-BY 4.0) ; spec 054 lot 3
B31,72V,1,17.441,24440,gvf,134.31,2576.4,37.793,0.0015955,fay_herriot,forms_mnt:h_sd+alt_mean+essence+greco;log,2005-2024,IGN IFN brut (Etalab 2.0) ; FORMS-T (CC-BY 4.0) ; spec 054 lot 3
B31,73,10,126.06,2168.7,direct,161.28,1783.9,26.188,0.48477,fay_herriot,forms_mnt:h_sd+alt_mean+essence+greco;log,2005-2024,IGN IFN brut (Etalab 2.0) ; FORMS-T (CC-BY 4.0) ; spec 054 lot 3
B31,74J,3,95.313,7346.3,gvf,170.59,3529.1,34.825,0.13703,fay_herriot,forms_mnt:h_sd+alt_mean+essence+greco;log,2005-2024,IGN IFN brut (Etalab 2.0) ; FORMS-T (CC-BY 4.0) ; spec 054 lot 3
B32,02,287,88.118,21.172,direct,88.057,20.711,5.1682,0.97921,fay_herriot,forms_mnt:h_sd+alt_mean+essence+greco;log,2005-2024,IGN IFN brut (Etalab 2.0) ; FORMS-T (CC-BY 4.0) ; spec 054 lot 3
B32,03,654,130.64,17.041,direct,130.41,16.854,3.1479,0.99228,fay_herriot,forms_mnt:h_sd+alt_mean+essence+greco;log,2005-2024,IGN IFN brut (Etalab 2.0) ; FORMS-T (CC-BY 4.0) ; spec 054 lot 3
B32,04,20,65.565,123.39,direct,67.928,109.02,15.371,0.8173,fay_herriot,forms_mnt:h_sd+alt_mean+essence+greco;log,2005-2024,IGN IFN brut (Etalab 2.0) ; FORMS-T (CC-BY 4.0) ; spec 054 lot 3
B32,05,7,49.13,626.3,gvf,54.635,260.41,29.536,0.33105,fay_herriot,forms_mnt:h_sd+alt_mean+essence+greco;log,2005-2024,IGN IFN brut (Etalab 2.0) ; FORMS-T (CC-BY 4.0) ; spec 054 lot 3
B32,09,304,79.029,21.608,direct,79.111,21.095,5.8058,0.97376,fay_herriot,forms_mnt:h_sd+alt_mean+essence+greco;log,2005-2024,IGN IFN brut (Etalab 2.0) ; FORMS-T (CC-BY 4.0) ; spec 054 lot 3
B32,10,132,54.14,27.072,direct,55.241,26.328,9.2884,0.9329,fay_herriot,forms_mnt:h_sd+alt_mean+essence+greco;log,2005-2024,IGN IFN brut (Etalab 2.0) ; FORMS-T (CC-BY 4.0) ; spec 054 lot 3
B32,11,366,39.038,4.6773,direct,39.135,4.5931,5.4764,0.97665,fay_herriot,forms_mnt:h_sd+alt_mean+essence+greco;log,2005-2024,IGN IFN brut (Etalab 2.0) ; FORMS-T (CC-BY 4.0) ; spec 054 lot 3
B32,12P,10,60.856,88.88,direct,59.262,71.566,14.275,0.84253,fay_herriot,forms_mnt:h_sd+alt_mean+essence+greco;log,2005-2024,IGN IFN brut (Etalab 2.0) ; FORMS-T (CC-BY 4.0) ; spec 054 lot 3
B32,12V,294,31.383,4.2706,direct,31.46,4.154,6.4785,0.96733,fay_herriot,forms_mnt:h_sd+alt_mean+essence+greco;log,2005-2024,IGN IFN brut (Etalab 2.0) ; FORMS-T (CC-BY 4.0) ; spec 054 lot 3
B32,13G,20,72.547,286.85,direct,74.418,213.26,19.623,0.70202,fay_herriot,forms_mnt:h_sd+alt_mean+essence+greco;log,2005-2024,IGN IFN brut (Etalab 2.0) ; FORMS-T (CC-BY 4.0) ; spec 054 lot 3
B32,14,17,80.813,342.78,direct,76.11,217.31,19.369,0.70984,fay_herriot,forms_mnt:h_sd+alt_mean+essence+greco;log,2005-2024,IGN IFN brut (Etalab 2.0) ; FORMS-T (CC-BY 4.0) ; spec 054 lot 3
B32,15P,4,23.644,312.57,gvf,31.698,108.16,32.811,0.18676,fay_herriot,forms_mnt:h_sd+alt_mean+essence+greco;log,2005-2024,IGN IFN brut (Etalab 2.0) ; FORMS-T (CC-BY 4.0) ; spec 054 lot 3
B32,15S,59,36.74,43.257,direct,36.978,35.249,16.056,0.80027,fay_herriot,forms_mnt:h_sd+alt_mean+essence+greco;log,2005-2024,IGN IFN brut (Etalab 2.0) ; FORMS-T (CC-BY 4.0) ; spec 054 lot 3
B32,17C,135,59.889,27.621,direct,59.72,25.937,8.5279,0.94342,fay_herriot,forms_mnt:h_sd+alt_mean+essence+greco;log,2005-2024,IGN IFN brut (Etalab 2.0) ; FORMS-T (CC-BY 4.0) ; spec 054 lot 3
B32,17O,1,4.504,2845.3,gvf,52.093,370.39,36.944,0.00091462,fay_herriot,forms_mnt:h_sd+alt_mean+essence+greco;log,2005-2024,IGN IFN brut (Etalab 2.0) ; FORMS-T (CC-BY 4.0) ; spec 054 lot 3
B32,18C,33,10.744,3.7869,direct,11.569,3.5157,16.207,0.79649,fay_herriot,forms_mnt:h_sd+alt_mean+essence+greco;log,2005-2024,IGN IFN brut (Etalab 2.0) ; FORMS-T (CC-BY 4.0) ; spec 054 lot 3
B32,19,23,137.25,674.31,direct,145.82,598.22,16.773,0.78201,fay_herriot,forms_mnt:h_sd+alt_mean+essence+greco;log,2005-2024,IGN IFN brut (Etalab 2.0) ; FORMS-T (CC-BY 4.0) ; spec 054 lot 3
B32,20G,3,49.236,2033.6,gvf,48.167,266.68,33.904,0.13274,fay_herriot,forms_mnt:h_sd+alt_mean+essence+greco;log,2005-2024,IGN IFN brut (Etalab 2.0) ; FORMS-T (CC-BY 4.0) ; spec 054 lot 3
B32,20P,30,53.491,175.59,direct,51.539,111.51,20.489,0.67663,fay_herriot,forms_mnt:h_sd+alt_mean+essence+greco;log,2005-2024,IGN IFN brut (Etalab 2.0) ; FORMS-T (CC-BY 4.0) ; spec 054 lot 3
B32,21C,59,29.023,23.733,direct,28.064,18.266,15.229,0.82006,fay_herriot,forms_mnt:h_sd+alt_mean+essence+greco;log,2005-2024,IGN IFN brut (Etalab 2.0) ; FORMS-T (CC-BY 4.0) ; spec 054 lot 3
B32,22M,108,26.998,9.3337,direct,26.8,8.3779,10.8,0.90931,fay_herriot,forms_mnt:h_sd+alt_mean+essence+greco;log,2005-2024,IGN IFN brut (Etalab 2.0) ; FORMS-T (CC-BY 4.0) ; spec 054 lot 3
B32,23PC,2,10.292,28.764,gvf,9.4883,8.0421,29.888,0.32105,fay_herriot,forms_mnt:h_sd+alt_mean+essence+greco;log,2005-2024,IGN IFN brut (Etalab 2.0) ; FORMS-T (CC-BY 4.0) ; spec 054 lot 3
B32,23PM,5,6.3121,16.973,gvf,8.5137,7.3181,31.775,0.23161,fay_herriot,forms_mnt:h_sd+alt_mean+essence+greco;log,2005-2024,IGN IFN brut (Etalab 2.0) ; FORMS-T (CC-BY 4.0) ; spec 054 lot 3
B32,23SO,1,1.5857,29.409,gvf,10.409,14.405,36.463,0.01086,fay_herriot,forms_mnt:h_sd+alt_mean+essence+greco;log,2005-2024,IGN IFN brut (Etalab 2.0) ; FORMS-T (CC-BY 4.0) ; spec 054 lot 3
B32,24,73,45.725,32.292,direct,46.34,29.671,11.755,0.89263,fay_herriot,forms_mnt:h_sd+alt_mean+essence+greco;log,2005-2024,IGN IFN brut (Etalab 2.0) ; FORMS-T (CC-BY 4.0) ; spec 054 lot 3
B32,25B,7,73.595,812.34,gvf,67.702,324.43,26.604,0.46124,fay_herriot,forms_mnt:h_sd+alt_mean+essence+greco;log,2005-2024,IGN IFN brut (Etalab 2.0) ; FORMS-T (CC-BY 4.0) ; spec 054 lot 3
B32,25C,2,11.021,539.96,gvf,19.305,48.645,36.128,0.028073,fay_herriot,forms_mnt:h_sd+alt_mean+essence+greco;log,2005-2024,IGN IFN brut (Etalab 2.0) ; FORMS-T (CC-BY 4.0) ; spec 054 lot 3
B32,25M,50,14.203,6.6051,direct,14.932,5.8422,16.187,0.79682,fay_herriot,forms_mnt:h_sd+alt_mean+essence+greco;log,2005-2024,IGN IFN brut (Etalab 2.0) ; FORMS-T (CC-BY 4.0) ; spec 054 lot 3
B32,25R,1,2.4251,255.65,gvf,26.665,98.496,37.219,0.0029452,fay_herriot,forms_mnt:h_sd+alt_mean+essence+greco;log,2005-2024,IGN IFN brut (Etalab 2.0) ; FORMS-T (CC-BY 4.0) ; spec 054 lot 3
B32,26E,1,74.541,19802,gvf,189.73,5479.7,39.015,0.034777,fay_herriot,forms_mnt:h_sd+alt_mean+essence+greco;log,2005-2024,IGN IFN brut (Etalab 2.0) ; FORMS-T (CC-BY 4.0) ; spec 054 lot 3
B32,27C,2,25.625,211.18,gvf,21.296,42.626,30.657,0.28533,fay_herriot,forms_mnt:h_sd+alt_mean+essence+greco;log,2005-2024,IGN IFN brut (Etalab 2.0) ; FORMS-T (CC-BY 4.0) ; spec 054 lot 3
B32,29AF,2,5.2391,12.717,gvf,6.6141,4.7811,33.059,0.217,fay_herriot,forms_mnt:h_sd+alt_mean+essence+greco;log,2005-2024,IGN IFN brut (Etalab 2.0) ; FORMS-T (CC-BY 4.0) ; spec 054 lot 3
B32,29MA,5,57.005,1591.5,gvf,68.386,570.6,34.93,0.20772,fay_herriot,forms_mnt:h_sd+alt_mean+essence+greco;log,2005-2024,IGN IFN brut (Etalab 2.0) ; FORMS-T (CC-BY 4.0) ; spec 054 lot 3
B32,31,72,8.115,4.1169,direct,8.3882,2.9779,20.572,0.67256,fay_herriot,forms_mnt:h_sd+alt_mean+essence+greco;log,2005-2024,IGN IFN brut (Etalab 2.0) ; FORMS-T (CC-BY 4.0) ; spec 054 lot 3
B32,33G,2,254.11,10679,gvf,187.49,2665,27.535,0.43707,fay_herriot,forms_mnt:h_sd+alt_mean+essence+greco;log,2005-2024,IGN IFN brut (Etalab 2.0) ; FORMS-T (CC-BY 4.0) ; spec 054 lot 3
B32,33N,1,23.707,8169.7,gvf,103.72,1425,36.395,0.0087559,fay_herriot,forms_mnt:h_sd+alt_mean+essence+greco;log,2005-2024,IGN IFN brut (Etalab 2.0) ; FORMS-T (CC-BY 4.0) ; spec 054 lot 3
B32,38AU,2,1.3416,28.666,gvf,6.4711,5.9466,37.684,0.0079983,fay_herriot,forms_mnt:h_sd+alt_mean+essence+greco;log,2005-2024,IGN IFN brut (Etalab 2.0) ; FORMS-T (CC-BY 4.0) ; spec 054 lot 3
B32,39,6,3.2302,1.4805,gvf,3.4158,0.84372,26.891,0.47505,fay_herriot,forms_mnt:h_sd+alt_mean+essence+greco;log,2005-2024,IGN IFN brut (Etalab 2.0) ; FORMS-T (CC-BY 4.0) ; spec 054 lot 3
B32,41,22,10.74,3.5992,direct,10.671,2.8738,15.887,0.80451,fay_herriot,forms_mnt:h_sd+alt_mean+essence+greco;log,2005-2024,IGN IFN brut (Etalab 2.0) ; FORMS-T (CC-BY 4.0) ; spec 054 lot 3
B32,49AM,37,4.654,0.49932,direct,4.7622,0.44456,14.001,0.84779,fay_herriot,forms_mnt:h_sd+alt_mean+essence+greco;log,2005-2024,IGN IFN brut (Etalab 2.0) ; FORMS-T (CC-BY 4.0) ; spec 054 lot 3
B32,49EV,1,0.81,0.98916,gvf,2.8067,0.98774,35.41,0.078483,fay_herriot,forms_mnt:h_sd+alt_mean+essence+greco;log,2005-2024,IGN IFN brut (Etalab 2.0) ; FORMS-T (CC-BY 4.0) ; spec 054 lot 3
B32,49IA,14,7.0744,3.029,direct,6.8127,1.9276,20.379,0.67964,fay_herriot,forms_mnt:h_sd+alt_mean+essence+greco;log,2005-2024,IGN IFN brut (Etalab 2.0) ; FORMS-T (CC-BY 4.0) ; spec 054 lot 3
B32,49PS,5,9.7121,11.267,gvf,7.7359,3.8084,25.227,0.51808,fay_herriot,forms_mnt:h_sd+alt_mean+essence+greco;log,2005-2024,IGN IFN brut (Etalab 2.0) ; FORMS-T (CC-BY 4.0) ; spec 054 lot 3
B32,49RC,1,5.1848,125.68,gvf,9.3028,12.831,38.505,0.02673,fay_herriot,forms_mnt:h_sd+alt_mean+essence+greco;log,2005-2024,IGN IFN brut (Etalab 2.0) ; FORMS-T (CC-BY 4.0) ; spec 054 lot 3
B32,49SN,8,3.6384,3.8326,gvf,4.5024,1.8437,30.158,0.30724,fay_herriot,forms_mnt:h_sd+alt_mean+essence+greco;log,2005-2024,IGN IFN brut (Etalab 2.0) ; FORMS-T (CC-BY 4.0) ; spec 054 lot 3
B32,51,5,65.703,3136.5,gvf,109.24,1334.8,33.445,0.15018,fay_herriot,forms_mnt:h_sd+alt_mean+essence+greco;log,2005-2024,IGN IFN brut (Etalab 2.0) ; FORMS-T (CC-BY 4.0) ; spec 054 lot 3
B32,52,128,97.844,88.049,direct,96.999,80.856,9.2702,0.93316,fay_herriot,forms_mnt:h_sd+alt_mean+essence+greco;log,2005-2024,IGN IFN brut (Etalab 2.0) ; FORMS-T (CC-BY 4.0) ; spec 054 lot 3
B32,53CO,48,128.84,230.22,direct,130.04,212.25,11.203,0.90252,fay_herriot,forms_mnt:h_sd+alt_mean+essence+greco;log,2005-2024,IGN IFN brut (Etalab 2.0) ; FORMS-T (CC-BY 4.0) ; spec 054 lot 3
B32,54,1,94.83,9500.6,gvf,126.71,1899.4,34.396,0.10837,fay_herriot,forms_mnt:h_sd+alt_mean+essence+greco;log,2005-2024,IGN IFN brut (Etalab 2.0) ; FORMS-T (CC-BY 4.0) ; spec 054 lot 3
B32,56,1,120.87,6180.2,gvf,98.753,1037.2,32.613,0.23286,fay_herriot,forms_mnt:h_sd+alt_mean+essence+greco;log,2005-2024,IGN IFN brut (Etalab 2.0) ; FORMS-T (CC-BY 4.0) ; spec 054 lot 3
B32,61,37,55.321,120.3,direct,67.403,137.66,17.407,0.76562,fay_herriot,forms_mnt:h_sd+alt_mean+essence+greco;log,2005-2024,IGN IFN brut (Etalab 2.0) ; FORMS-T (CC-BY 4.0) ; spec 054 lot 3
B32,62,28,137.91,555.19,direct,137.45,451.56,15.46,0.81478,fay_herriot,forms_mnt:h_sd+alt_mean+essence+greco;log,2005-2024,IGN IFN brut (Etalab 2.0) ; FORMS-T (CC-BY 4.0) ; spec 054 lot 3
B32,63,1,27.264,11204,gvf,119.74,1923.8,36.631,0.0084471,fay_herriot,forms_mnt:h_sd+alt_mean+essence+greco;log,2005-2024,IGN IFN brut (Etalab 2.0) ; FORMS-T (CC-BY 4.0) ; spec 054 lot 3
B32,64,63,210.14,446.94,direct,209.14,411.16,9.6952,0.92693,fay_herriot,forms_mnt:h_sd+alt_mean+essence+greco;log,2005-2024,IGN IFN brut (Etalab 2.0) ; FORMS-T (CC-BY 4.0) ; spec 054 lot 3
B32,67,5,8.7048,45.775,gvf,14.91,25.082,33.588,0.17529,fay_herriot,forms_mnt:h_sd+alt_mean+essence+greco;log,2005-2024,IGN IFN brut (Etalab 2.0) ; FORMS-T (CC-BY 4.0) ; spec 054 lot 3
B32,68CL,1,29.397,6502.1,gvf,86.458,1226.6,40.508,0.01678,fay_herriot,forms_mnt:h_sd+alt_mean+essence+greco;log,2005-2024,IGN IFN brut (Etalab 2.0) ; FORMS-T (CC-BY 4.0) ; spec 054 lot 3
B32,68PC,1,62.851,6209,gvf,78.591,769.42,35.295,0.075521,fay_herriot,forms_mnt:h_sd+alt_mean+essence+greco;log,2005-2024,IGN IFN brut (Etalab 2.0) ; FORMS-T (CC-BY 4.0) ; spec 054 lot 3
B32,72V,3,32.433,8146.8,gvf,134.78,2552.6,37.485,0.016309,fay_herriot,forms_mnt:h_sd+alt_mean+essence+greco;log,2005-2024,IGN IFN brut (Etalab 2.0) ; FORMS-T (CC-BY 4.0) ; spec 054 lot 3
B32,73,11,94.096,704.17,direct,127.51,820.33,22.461,0.61752,fay_herriot,forms_mnt:h_sd+alt_mean+essence+greco;log,2005-2024,IGN IFN brut (Etalab 2.0) ; FORMS-T (CC-BY 4.0) ; spec 054 lot 3
B32,74J,4,116.71,5509.7,gvf,170.05,3052.8,32.492,0.24095,fay_herriot,forms_mnt:h_sd+alt_mean+essence+greco;log,2005-2024,IGN IFN brut (Etalab 2.0) ; FORMS-T (CC-BY 4.0) ; spec 054 lot 3
B33,02,296,99.983,21.82,direct,99.76,21.367,4.6335,0.98328,fay_herriot,forms_mnt:h_sd+alt_mean+essence+greco;log,2005-2024,IGN IFN brut (Etalab 2.0) ; FORMS-T (CC-BY 4.0) ; spec 054 lot 3
B33,03,759,172.18,20.089,direct,171.75,19.886,2.5964,0.99475,fay_herriot,forms_mnt:h_sd+alt_mean+essence+greco;log,2005-2024,IGN IFN brut (Etalab 2.0) ; FORMS-T (CC-BY 4.0) ; spec 054 lot 3
B33,04,9,174.07,736.91,gvf,154.32,489.99,14.344,0.84076,fay_herriot,forms_mnt:h_sd+alt_mean+essence+greco;log,2005-2024,IGN IFN brut (Etalab 2.0) ; FORMS-T (CC-BY 4.0) ; spec 054 lot 3
B33,05,2,34.245,2192.1,gvf,57.08,399.91,35.035,0.064279,fay_herriot,forms_mnt:h_sd+alt_mean+essence+greco;log,2005-2024,IGN IFN brut (Etalab 2.0) ; FORMS-T (CC-BY 4.0) ; spec 054 lot 3
B33,09,190,67.38,50.714,direct,68.605,48.441,10.145,0.91997,fay_herriot,forms_mnt:h_sd+alt_mean+essence+greco;log,2005-2024,IGN IFN brut (Etalab 2.0) ; FORMS-T (CC-BY 4.0) ; spec 054 lot 3
B33,10,204,76.173,50.728,direct,76.1,47.463,9.053,0.93625,fay_herriot,forms_mnt:h_sd+alt_mean+essence+greco;log,2005-2024,IGN IFN brut (Etalab 2.0) ; FORMS-T (CC-BY 4.0) ; spec 054 lot 3
B33,11,340,40.449,8.2871,direct,40.599,8.0381,6.9834,0.96205,fay_herriot,forms_mnt:h_sd+alt_mean+essence+greco;log,2005-2024,IGN IFN brut (Etalab 2.0) ; FORMS-T (CC-BY 4.0) ; spec 054 lot 3
B33,12P,16,37.32,70.335,direct,41.158,62.251,19.17,0.71773,fay_herriot,forms_mnt:h_sd+alt_mean+essence+greco;log,2005-2024,IGN IFN brut (Etalab 2.0) ; FORMS-T (CC-BY 4.0) ; spec 054 lot 3
B33,12V,145,34.582,10.23,direct,34.59,9.6073,8.9608,0.93754,fay_herriot,forms_mnt:h_sd+alt_mean+essence+greco;log,2005-2024,IGN IFN brut (Etalab 2.0) ; FORMS-T (CC-BY 4.0) ; spec 054 lot 3
B33,13G,26,110.97,462.43,direct,103.38,312.04,17.087,0.77373,fay_herriot,forms_mnt:h_sd+alt_mean+essence+greco;log,2005-2024,IGN IFN brut (Etalab 2.0) ; FORMS-T (CC-BY 4.0) ; spec 054 lot 3
B33,14,32,55.493,116.78,direct,58.024,99.105,17.157,0.772,fay_herriot,forms_mnt:h_sd+alt_mean+essence+greco;log,2005-2024,IGN IFN brut (Etalab 2.0) ; FORMS-T (CC-BY 4.0) ; spec 054 lot 3
B33,15S,19,43.649,121.21,direct,42.036,75.81,20.713,0.66869,fay_herriot,forms_mnt:h_sd+alt_mean+essence+greco;log,2005-2024,IGN IFN brut (Etalab 2.0) ; FORMS-T (CC-BY 4.0) ; spec 054 lot 3
B33,17C,124,52.511,29.197,direct,52.943,27.457,9.8973,0.92382,fay_herriot,forms_mnt:h_sd+alt_mean+essence+greco;log,2005-2024,IGN IFN brut (Etalab 2.0) ; FORMS-T (CC-BY 4.0) ; spec 054 lot 3
B33,18C,18,10.266,3.2664,direct,11.173,3.1325,15.84,0.80556,fay_herriot,forms_mnt:h_sd+alt_mean+essence+greco;log,2005-2024,IGN IFN brut (Etalab 2.0) ; FORMS-T (CC-BY 4.0) ; spec 054 lot 3
B33,19,44,204.05,775.83,direct,201.67,663.81,12.776,0.87327,fay_herriot,forms_mnt:h_sd+alt_mean+essence+greco;log,2005-2024,IGN IFN brut (Etalab 2.0) ; FORMS-T (CC-BY 4.0) ; spec 054 lot 3
B33,20P,13,57.652,254.29,direct,54.236,142.82,22.035,0.62663,fay_herriot,forms_mnt:h_sd+alt_mean+essence+greco;log,2005-2024,IGN IFN brut (Etalab 2.0) ; FORMS-T (CC-BY 4.0) ; spec 054 lot 3
B33,21C,26,22.094,16.397,direct,22.614,13.676,16.353,0.79265,fay_herriot,forms_mnt:h_sd+alt_mean+essence+greco;log,2005-2024,IGN IFN brut (Etalab 2.0) ; FORMS-T (CC-BY 4.0) ; spec 054 lot 3
B33,22M,97,31.086,13.399,direct,30.499,11.662,11.197,0.90254,fay_herriot,forms_mnt:h_sd+alt_mean+essence+greco;log,2005-2024,IGN IFN brut (Etalab 2.0) ; FORMS-T (CC-BY 4.0) ; spec 054 lot 3
B33,23PC,2,3.155,28.764,gvf,8.9495,10.185,35.661,0.042544,fay_herriot,forms_mnt:h_sd+alt_mean+essence+greco;log,2005-2024,IGN IFN brut (Etalab 2.0) ; FORMS-T (CC-BY 4.0) ; spec 054 lot 3
B33,23PM,4,12.108,21.216,gvf,10.686,7.8977,26.298,0.47012,fay_herriot,forms_mnt:h_sd+alt_mean+essence+greco;log,2005-2024,IGN IFN brut (Etalab 2.0) ; FORMS-T (CC-BY 4.0) ; spec 054 lot 3
B33,24,94,43.647,21.204,direct,44.339,20.171,10.129,0.92023,fay_herriot,forms_mnt:h_sd+alt_mean+essence+greco;log,2005-2024,IGN IFN brut (Etalab 2.0) ; FORMS-T (CC-BY 4.0) ; spec 054 lot 3
B33,25C,2,21.854,539.96,gvf,20.312,49.606,34.675,0.10199,fay_herriot,forms_mnt:h_sd+alt_mean+essence+greco;log,2005-2024,IGN IFN brut (Etalab 2.0) ; FORMS-T (CC-BY 4.0) ; spec 054 lot 3
B33,25M,50,21.236,10.694,direct,20.81,8.6985,14.172,0.8441,fay_herriot,forms_mnt:h_sd+alt_mean+essence+greco;log,2005-2024,IGN IFN brut (Etalab 2.0) ; FORMS-T (CC-BY 4.0) ; spec 054 lot 3
B33,25V,1,24.608,339.61,gvf,31.4,156.96,39.899,0.1863,fay_herriot,forms_mnt:h_sd+alt_mean+essence+greco;log,2005-2024,IGN IFN brut (Etalab 2.0) ; FORMS-T (CC-BY 4.0) ; spec 054 lot 3
B33,27C,5,18.733,84.473,gvf,19.745,33.375,29.258,0.34786,fay_herriot,forms_mnt:h_sd+alt_mean+essence+greco;log,2005-2024,IGN IFN brut (Etalab 2.0) ; FORMS-T (CC-BY 4.0) ; spec 054 lot 3
B33,29MA,3,91.815,2652.4,gvf,78.503,662.49,32.787,0.28982,fay_herriot,forms_mnt:h_sd+alt_mean+essence+greco;log,2005-2024,IGN IFN brut (Etalab 2.0) ; FORMS-T (CC-BY 4.0) ; spec 054 lot 3
B33,31,45,6.9876,3.4175,direct,7.7049,2.7085,21.36,0.6472,fay_herriot,forms_mnt:h_sd+alt_mean+essence+greco;log,2005-2024,IGN IFN brut (Etalab 2.0) ; FORMS-T (CC-BY 4.0) ; spec 054 lot 3
B33,33N,1,38.212,8169.7,gvf,105.4,1450.9,36.139,0.022434,fay_herriot,forms_mnt:h_sd+alt_mean+essence+greco;log,2005-2024,IGN IFN brut (Etalab 2.0) ; FORMS-T (CC-BY 4.0) ; spec 054 lot 3
B33,41,62,9.1424,1.4971,direct,9.3167,1.3691,12.559,0.87758,fay_herriot,forms_mnt:h_sd+alt_mean+essence+greco;log,2005-2024,IGN IFN brut (Etalab 2.0) ; FORMS-T (CC-BY 4.0) ; spec 054 lot 3
B33,49AM,24,3.1632,1.179,direct,4.1422,1.0639,24.901,0.52146,fay_herriot,forms_mnt:h_sd+alt_mean+essence+greco;log,2005-2024,IGN IFN brut (Etalab 2.0) ; FORMS-T (CC-BY 4.0) ; spec 054 lot 3
B33,49BS,1,28.634,48.452,gvf,16.252,10.971,20.38,0.68483,fay_herriot,forms_mnt:h_sd+alt_mean+essence+greco;log,2005-2024,IGN IFN brut (Etalab 2.0) ; FORMS-T (CC-BY 4.0) ; spec 054 lot 3
B33,49IA,22,2.9504,0.4747,direct,3.7263,0.53629,19.653,0.7019,fay_herriot,forms_mnt:h_sd+alt_mean+essence+greco;log,2005-2024,IGN IFN brut (Etalab 2.0) ; FORMS-T (CC-BY 4.0) ; spec 054 lot 3
B33,49PS,6,11.699,9.3888,gvf,9.3884,4.0226,21.363,0.65179,fay_herriot,forms_mnt:h_sd+alt_mean+essence+greco;log,2005-2024,IGN IFN brut (Etalab 2.0) ; FORMS-T (CC-BY 4.0) ; spec 054 lot 3
B33,49SN,4,2.225,7.6652,gvf,4.7693,2.7769,34.94,0.076579,fay_herriot,forms_mnt:h_sd+alt_mean+essence+greco;log,2005-2024,IGN IFN brut (Etalab 2.0) ; FORMS-T (CC-BY 4.0) ; spec 054 lot 3
B33,51,15,112.69,974.41,direct,116.34,657.52,22.042,0.62595,fay_herriot,forms_mnt:h_sd+alt_mean+essence+greco;log,2005-2024,IGN IFN brut (Etalab 2.0) ; FORMS-T (CC-BY 4.0) ; spec 054 lot 3
B33,52,54,81.379,134.91,direct,82.284,119.36,13.277,0.86308,fay_herriot,forms_mnt:h_sd+alt_mean+essence+greco;log,2005-2024,IGN IFN brut (Etalab 2.0) ; FORMS-T (CC-BY 4.0) ; spec 054 lot 3
B33,53CO,31,162.05,533.41,direct,159.68,448.9,13.268,0.86341,fay_herriot,forms_mnt:h_sd+alt_mean+essence+greco;log,2005-2024,IGN IFN brut (Etalab 2.0) ; FORMS-T (CC-BY 4.0) ; spec 054 lot 3
B33,54,1,76.222,9500.6,gvf,129.27,2059,35.101,0.072805,fay_herriot,forms_mnt:h_sd+alt_mean+essence+greco;log,2005-2024,IGN IFN brut (Etalab 2.0) ; FORMS-T (CC-BY 4.0) ; spec 054 lot 3
B33,61,25,88.441,669.96,direct,103.79,559.86,22.797,0.59986,fay_herriot,forms_mnt:h_sd+alt_mean+essence+greco;log,2005-2024,IGN IFN brut (Etalab 2.0) ; FORMS-T (CC-BY 4.0) ; spec 054 lot 3
B33,62,16,99.182,1086.5,direct,115.95,807.98,24.514,0.53759,fay_herriot,forms_mnt:h_sd+alt_mean+essence+greco;log,2005-2024,IGN IFN brut (Etalab 2.0) ; FORMS-T (CC-BY 4.0) ; spec 054 lot 3
B33,64,35,222.51,782.71,direct,220.19,684.4,11.881,0.89038,fay_herriot,forms_mnt:h_sd+alt_mean+essence+greco;log,2005-2024,IGN IFN brut (Etalab 2.0) ; FORMS-T (CC-BY 4.0) ; spec 054 lot 3
B33,67,1,50.998,228.87,gvf,32.751,57.838,23.221,0.59335,fay_herriot,forms_mnt:h_sd+alt_mean+essence+greco;log,2005-2024,IGN IFN brut (Etalab 2.0) ; FORMS-T (CC-BY 4.0) ; spec 054 lot 3
B33,68CC,1,172.92,5793.5,gvf,110.54,974.45,28.24,0.39857,fay_herriot,forms_mnt:h_sd+alt_mean+essence+greco;log,2005-2024,IGN IFN brut (Etalab 2.0) ; FORMS-T (CC-BY 4.0) ; spec 054 lot 3
B33,68CM,1,19.335,3229.4,gvf,80.45,862.06,36.496,0.014647,fay_herriot,forms_mnt:h_sd+alt_mean+essence+greco;log,2005-2024,IGN IFN brut (Etalab 2.0) ; FORMS-T (CC-BY 4.0) ; spec 054 lot 3
B33,68TG,1,28.22,13701,gvf,203.39,7443.4,42.418,0.0074081,fay_herriot,forms_mnt:h_sd+alt_mean+essence+greco;log,2005-2024,IGN IFN brut (Etalab 2.0) ; FORMS-T (CC-BY 4.0) ; spec 054 lot 3
B33,72V,5,30.313,4888.1,gvf,136.63,2601.7,37.333,0.023569,fay_herriot,forms_mnt:h_sd+alt_mean+essence+greco;log,2005-2024,IGN IFN brut (Etalab 2.0) ; FORMS-T (CC-BY 4.0) ; spec 054 lot 3
B33,73,5,312.25,4508.7,gvf,282.47,2764.1,18.613,0.73522,fay_herriot,forms_mnt:h_sd+alt_mean+essence+greco;log,2005-2024,IGN IFN brut (Etalab 2.0) ; FORMS-T (CC-BY 4.0) ; spec 054 lot 3
B41,02,940,83.188,6.0941,direct,83.221,6.0581,2.9576,0.99319,fay_herriot,forms_mnt:h_sd+alt_mean+essence+greco;log,2005-2024,IGN IFN brut (Etalab 2.0) ; FORMS-T (CC-BY 4.0) ; spec 054 lot 3
B41,03,934,116.5,9.1068,direct,116.46,9.053,2.5837,0.9948,fay_herriot,forms_mnt:h_sd+alt_mean+essence+greco;log,2005-2024,IGN IFN brut (Etalab 2.0) ; FORMS-T (CC-BY 4.0) ; spec 054 lot 3
B41,04,14,48.389,156.97,direct,58.057,150.44,21.126,0.65699,fay_herriot,forms_mnt:h_sd+alt_mean+essence+greco;log,2005-2024,IGN IFN brut (Etalab 2.0) ; FORMS-T (CC-BY 4.0) ; spec 054 lot 3
B41,05,86,65.344,34.59,direct,64.984,32.228,8.7359,0.94065,fay_herriot,forms_mnt:h_sd+alt_mean+essence+greco;log,2005-2024,IGN IFN brut (Etalab 2.0) ; FORMS-T (CC-BY 4.0) ; spec 054 lot 3
B41,09,597,97.931,17.521,direct,97.736,17.212,4.2448,0.98597,fay_herriot,forms_mnt:h_sd+alt_mean+essence+greco;log,2005-2024,IGN IFN brut (Etalab 2.0) ; FORMS-T (CC-BY 4.0) ; spec 054 lot 3
B41,10,526,111.27,30.659,direct,110.46,29.653,4.9298,0.98108,fay_herriot,forms_mnt:h_sd+alt_mean+essence+greco;log,2005-2024,IGN IFN brut (Etalab 2.0) ; FORMS-T (CC-BY 4.0) ; spec 054 lot 3
B41,11,825,45.504,3.1456,direct,45.496,3.1086,3.8753,0.98831,fay_herriot,forms_mnt:h_sd+alt_mean+essence+greco;log,2005-2024,IGN IFN brut (Etalab 2.0) ; FORMS-T (CC-BY 4.0) ; spec 054 lot 3
B41,12P,29,43.707,58.757,direct,45.394,51.622,15.828,0.80675,fay_herriot,forms_mnt:h_sd+alt_mean+essence+greco;log,2005-2024,IGN IFN brut (Etalab 2.0) ; FORMS-T (CC-BY 4.0) ; spec 054 lot 3
B41,12V,522,36.044,3.2199,direct,36.023,3.1565,4.932,0.98106,fay_herriot,forms_mnt:h_sd+alt_mean+essence+greco;log,2005-2024,IGN IFN brut (Etalab 2.0) ; FORMS-T (CC-BY 4.0) ; spec 054 lot 3
B41,13B,1,24.501,1378.3,gvf,40.053,228.61,37.75,0.052962,fay_herriot,forms_mnt:h_sd+alt_mean+essence+greco;log,2005-2024,IGN IFN brut (Etalab 2.0) ; FORMS-T (CC-BY 4.0) ; spec 054 lot 3
B41,13C,2,20.729,160.86,gvf,34.978,140.26,33.859,0.2554,fay_herriot,forms_mnt:h_sd+alt_mean+essence+greco;log,2005-2024,IGN IFN brut (Etalab 2.0) ; FORMS-T (CC-BY 4.0) ; spec 054 lot 3
B41,13G,134,89.979,90.725,direct,89.285,82.309,10.161,0.91973,fay_herriot,forms_mnt:h_sd+alt_mean+essence+greco;log,2005-2024,IGN IFN brut (Etalab 2.0) ; FORMS-T (CC-BY 4.0) ; spec 054 lot 3
B41,14,181,62.613,31.836,direct,62.919,30.28,8.7458,0.94052,fay_herriot,forms_mnt:h_sd+alt_mean+essence+greco;log,2005-2024,IGN IFN brut (Etalab 2.0) ; FORMS-T (CC-BY 4.0) ; spec 054 lot 3
B41,15P,46,22.938,17.033,direct,24.984,16.267,16.143,0.79865,fay_herriot,forms_mnt:h_sd+alt_mean+essence+greco;log,2005-2024,IGN IFN brut (Etalab 2.0) ; FORMS-T (CC-BY 4.0) ; spec 054 lot 3
B41,15S,361,39.589,7.1262,direct,39.577,6.8845,6.6297,0.9658,fay_herriot,forms_mnt:h_sd+alt_mean+essence+greco;log,2005-2024,IGN IFN brut (Etalab 2.0) ; FORMS-T (CC-BY 4.0) ; spec 054 lot 3
B41,17C,831,62.026,5.3411,direct,61.992,5.2791,3.7063,0.9893,fay_herriot,forms_mnt:h_sd+alt_mean+essence+greco;log,2005-2024,IGN IFN brut (Etalab 2.0) ; FORMS-T (CC-BY 4.0) ; spec 054 lot 3
B41,17O,1,65.323,2845.3,gvf,55.675,351.87,33.692,0.16147,fay_herriot,forms_mnt:h_sd+alt_mean+essence+greco;log,2005-2024,IGN IFN brut (Etalab 2.0) ; FORMS-T (CC-BY 4.0) ; spec 054 lot 3
B41,18C,190,15.182,1.9104,direct,15.229,1.8086,8.8306,0.93937,fay_herriot,forms_mnt:h_sd+alt_mean+essence+greco;log,2005-2024,IGN IFN brut (Etalab 2.0) ; FORMS-T (CC-BY 4.0) ; spec 054 lot 3
B41,18D,1,64.275,1054.1,gvf,52.958,275.79,31.359,0.33477,fay_herriot,forms_mnt:h_sd+alt_mean+essence+greco;log,2005-2024,IGN IFN brut (Etalab 2.0) ; FORMS-T (CC-BY 4.0) ; spec 054 lot 3
B41,18M,1,1.8156,333.11,gvf,20.785,60.545,37.436,0.0012691,fay_herriot,forms_mnt:h_sd+alt_mean+essence+greco;log,2005-2024,IGN IFN brut (Etalab 2.0) ; FORMS-T (CC-BY 4.0) ; spec 054 lot 3
B41,19,345,158.86,66.402,direct,159.39,65.533,5.0789,0.97992,fay_herriot,forms_mnt:h_sd+alt_mean+essence+greco;log,2005-2024,IGN IFN brut (Etalab 2.0) ; FORMS-T (CC-BY 4.0) ; spec 054 lot 3
B41,20G,19,58.728,357.2,direct,54.481,173.08,24.148,0.55353,fay_herriot,forms_mnt:h_sd+alt_mean+essence+greco;log,2005-2024,IGN IFN brut (Etalab 2.0) ; FORMS-T (CC-BY 4.0) ; spec 054 lot 3
B41,20P,213,53.069,14.548,direct,52.918,13.925,7.0517,0.96133,fay_herriot,forms_mnt:h_sd+alt_mean+essence+greco;log,2005-2024,IGN IFN brut (Etalab 2.0) ; FORMS-T (CC-BY 4.0) ; spec 054 lot 3
B41,21C,154,26.383,4.33,direct,26.312,4.1119,7.7067,0.95379,fay_herriot,forms_mnt:h_sd+alt_mean+essence+greco;log,2005-2024,IGN IFN brut (Etalab 2.0) ; FORMS-T (CC-BY 4.0) ; spec 054 lot 3
B41,22C,2,4.1616,28.31,gvf,12.176,21.988,38.512,0.07283,fay_herriot,forms_mnt:h_sd+alt_mean+essence+greco;log,2005-2024,IGN IFN brut (Etalab 2.0) ; FORMS-T (CC-BY 4.0) ; spec 054 lot 3
B41,22G,10,5.3068,2.7174,direct,7.982,3.6768,24.023,0.57095,fay_herriot,forms_mnt:h_sd+alt_mean+essence+greco;log,2005-2024,IGN IFN brut (Etalab 2.0) ; FORMS-T (CC-BY 4.0) ; spec 054 lot 3
B41,22M,254,33.475,5.8925,direct,33.131,5.5491,7.1102,0.96066,fay_herriot,forms_mnt:h_sd+alt_mean+essence+greco;log,2005-2024,IGN IFN brut (Etalab 2.0) ; FORMS-T (CC-BY 4.0) ; spec 054 lot 3
B41,22S,26,14.739,14.841,direct,20.062,19.847,22.206,0.65272,fay_herriot,forms_mnt:h_sd+alt_mean+essence+greco;log,2005-2024,IGN IFN brut (Etalab 2.0) ; FORMS-T (CC-BY 4.0) ; spec 054 lot 3
B41,23AB,3,12.3,85.865,gvf,11.661,14.704,32.885,0.18451,fay_herriot,forms_mnt:h_sd+alt_mean+essence+greco;log,2005-2024,IGN IFN brut (Etalab 2.0) ; FORMS-T (CC-BY 4.0) ; spec 054 lot 3
B41,23C,1,9.1477,103.94,gvf,12.572,19.248,34.898,0.093686,fay_herriot,forms_mnt:h_sd+alt_mean+essence+greco;log,2005-2024,IGN IFN brut (Etalab 2.0) ; FORMS-T (CC-BY 4.0) ; spec 054 lot 3
B41,23PC,3,6.8165,19.176,gvf,8.7389,7.6869,31.726,0.2373,fay_herriot,forms_mnt:h_sd+alt_mean+essence+greco;log,2005-2024,IGN IFN brut (Etalab 2.0) ; FORMS-T (CC-BY 4.0) ; spec 054 lot 3
B41,23PD,3,10.34,37.773,gvf,13.866,19.377,31.747,0.26657,fay_herriot,forms_mnt:h_sd+alt_mean+essence+greco;log,2005-2024,IGN IFN brut (Etalab 2.0) ; FORMS-T (CC-BY 4.0) ; spec 054 lot 3
B41,23PM,8,8.4672,10.608,gvf,9.0733,5.754,26.437,0.46461,fay_herriot,forms_mnt:h_sd+alt_mean+essence+greco;log,2005-2024,IGN IFN brut (Etalab 2.0) ; FORMS-T (CC-BY 4.0) ; spec 054 lot 3
B41,23SO,3,3.4859,9.803,gvf,9.3855,10.161,33.964,0.13731,fay_herriot,forms_mnt:h_sd+alt_mean+essence+greco;log,2005-2024,IGN IFN brut (Etalab 2.0) ; FORMS-T (CC-BY 4.0) ; spec 054 lot 3
B41,24,213,54.008,18.024,direct,53.987,17.2,7.682,0.95408,fay_herriot,forms_mnt:h_sd+alt_mean+essence+greco;log,2005-2024,IGN IFN brut (Etalab 2.0) ; FORMS-T (CC-BY 4.0) ; spec 054 lot 3
B41,25B,48,77.518,209.32,direct,74.703,154.35,16.631,0.7866,fay_herriot,forms_mnt:h_sd+alt_mean+essence+greco;log,2005-2024,IGN IFN brut (Etalab 2.0) ; FORMS-T (CC-BY 4.0) ; spec 054 lot 3
B41,25C,13,16.33,24.585,direct,17.881,17.506,23.4,0.58208,fay_herriot,forms_mnt:h_sd+alt_mean+essence+greco;log,2005-2024,IGN IFN brut (Etalab 2.0) ; FORMS-T (CC-BY 4.0) ; spec 054 lot 3
B41,25FR,3,87.01,2040.6,gvf,74.26,522.68,30.787,0.32267,fay_herriot,forms_mnt:h_sd+alt_mean+essence+greco;log,2005-2024,IGN IFN brut (Etalab 2.0) ; FORMS-T (CC-BY 4.0) ; spec 054 lot 3
B41,25M,185,13.377,1.5277,direct,13.664,1.4964,8.9528,0.93766,fay_herriot,forms_mnt:h_sd+alt_mean+essence+greco;log,2005-2024,IGN IFN brut (Etalab 2.0) ; FORMS-T (CC-BY 4.0) ; spec 054 lot 3
B41,26E,3,52.099,6600.5,gvf,189.53,5366.4,38.65,0.050155,fay_herriot,forms_mnt:h_sd+alt_mean+essence+greco;log,2005-2024,IGN IFN brut (Etalab 2.0) ; FORMS-T (CC-BY 4.0) ; spec 054 lot 3
B41,27C,31,24.227,11.895,direct,23.674,9.8574,13.262,0.86368,fay_herriot,forms_mnt:h_sd+alt_mean+essence+greco;log,2005-2024,IGN IFN brut (Etalab 2.0) ; FORMS-T (CC-BY 4.0) ; spec 054 lot 3
B41,27N,3,44.138,227.21,gvf,44.719,139.1,26.374,0.52403,fay_herriot,forms_mnt:h_sd+alt_mean+essence+greco;log,2005-2024,IGN IFN brut (Etalab 2.0) ; FORMS-T (CC-BY 4.0) ; spec 054 lot 3
B41,29AF,4,1.9949,6.3586,gvf,6.6247,5.7524,36.204,0.074387,fay_herriot,forms_mnt:h_sd+alt_mean+essence+greco;log,2005-2024,IGN IFN brut (Etalab 2.0) ; FORMS-T (CC-BY 4.0) ; spec 054 lot 3
B41,29AI,1,3.6949,3913.1,gvf,86.057,2086.5,53.079,0.00044778,fay_herriot,forms_mnt:h_sd+alt_mean+essence+greco;log,2005-2024,IGN IFN brut (Etalab 2.0) ; FORMS-T (CC-BY 4.0) ; spec 054 lot 3
B41,29CM,2,55.168,3476.3,gvf,85.136,1288.8,42.168,0.10106,fay_herriot,forms_mnt:h_sd+alt_mean+essence+greco;log,2005-2024,IGN IFN brut (Etalab 2.0) ; FORMS-T (CC-BY 4.0) ; spec 054 lot 3
B41,29EN,2,3.8866,386.08,gvf,39.592,232.32,38.497,0.0049987,fay_herriot,forms_mnt:h_sd+alt_mean+essence+greco;log,2005-2024,IGN IFN brut (Etalab 2.0) ; FORMS-T (CC-BY 4.0) ; spec 054 lot 3
B41,29LI,1,13.388,16801,gvf,16.756,37.178,36.389,0.0013679,fay_herriot,forms_mnt:h_sd+alt_mean+essence+greco;log,2005-2024,IGN IFN brut (Etalab 2.0) ; FORMS-T (CC-BY 4.0) ; spec 054 lot 3
B41,29MA,8,41.97,994.66,gvf,66.745,561.62,35.506,0.18526,fay_herriot,forms_mnt:h_sd+alt_mean+essence+greco;log,2005-2024,IGN IFN brut (Etalab 2.0) ; FORMS-T (CC-BY 4.0) ; spec 054 lot 3
B41,31,385,9.421,0.40522,direct,9.4162,0.3912,6.6423,0.96566,fay_herriot,forms_mnt:h_sd+alt_mean+essence+greco;log,2005-2024,IGN IFN brut (Etalab 2.0) ; FORMS-T (CC-BY 4.0) ; spec 054 lot 3
B41,332G,8,101.09,1946.8,gvf,133.95,1555.3,29.441,0.40262,fay_herriot,forms_mnt:h_sd+alt_mean+essence+greco;log,2005-2024,IGN IFN brut (Etalab 2.0) ; FORMS-T (CC-BY 4.0) ; spec 054 lot 3
B41,33G,40,141.43,603.67,direct,143.58,512.2,15.763,0.80969,fay_herriot,forms_mnt:h_sd+alt_mean+essence+greco;log,2005-2024,IGN IFN brut (Etalab 2.0) ; FORMS-T (CC-BY 4.0) ; spec 054 lot 3
B41,33N,2,27.726,4084.9,gvf,105.21,1444.1,36.119,0.023595,fay_herriot,forms_mnt:h_sd+alt_mean+essence+greco;log,2005-2024,IGN IFN brut (Etalab 2.0) ; FORMS-T (CC-BY 4.0) ; spec 054 lot 3
B41,34,2,33.797,3885.2,gvf,132.63,2608,38.504,0.036376,fay_herriot,forms_mnt:h_sd+alt_mean+essence+greco;log,2005-2024,IGN IFN brut (Etalab 2.0) ; FORMS-T (CC-BY 4.0) ; spec 054 lot 3
B41,38AU,7,6.1355,8.1902,gvf,6.5313,3.6981,29.443,0.37114,fay_herriot,forms_mnt:h_sd+alt_mean+essence+greco;log,2005-2024,IGN IFN brut (Etalab 2.0) ; FORMS-T (CC-BY 4.0) ; spec 054 lot 3
B41,39,11,3.3829,0.77783,direct,3.4944,0.56889,21.585,0.65387,fay_herriot,forms_mnt:h_sd+alt_mean+essence+greco;log,2005-2024,IGN IFN brut (Etalab 2.0) ; FORMS-T (CC-BY 4.0) ; spec 054 lot 3
B41,41,52,11.521,2.0277,direct,11.436,1.7908,11.702,0.89368,fay_herriot,forms_mnt:h_sd+alt_mean+essence+greco;log,2005-2024,IGN IFN brut (Etalab 2.0) ; FORMS-T (CC-BY 4.0) ; spec 054 lot 3
B41,49AE,2,1.9408,9.1827,gvf,5.5754,5.0424,40.276,0.050037,fay_herriot,forms_mnt:h_sd+alt_mean+essence+greco;log,2005-2024,IGN IFN brut (Etalab 2.0) ; FORMS-T (CC-BY 4.0) ; spec 054 lot 3
B41,49AM,155,5.2604,0.28957,direct,5.2851,0.27068,9.8441,0.92464,fay_herriot,forms_mnt:h_sd+alt_mean+essence+greco;log,2005-2024,IGN IFN brut (Etalab 2.0) ; FORMS-T (CC-BY 4.0) ; spec 054 lot 3
B41,49BO,4,1.9571,0.14516,gvf,2.0927,0.1299,17.223,0.7721,fay_herriot,forms_mnt:h_sd+alt_mean+essence+greco;log,2005-2024,IGN IFN brut (Etalab 2.0) ; FORMS-T (CC-BY 4.0) ; spec 054 lot 3
B41,49EV,8,1.4867,0.12365,gvf,1.8808,0.14061,19.937,0.69655,fay_herriot,forms_mnt:h_sd+alt_mean+essence+greco;log,2005-2024,IGN IFN brut (Etalab 2.0) ; FORMS-T (CC-BY 4.0) ; spec 054 lot 3
B41,49IA,15,5.1439,1.8963,direct,5.5946,1.4553,21.563,0.64178,fay_herriot,forms_mnt:h_sd+alt_mean+essence+greco;log,2005-2024,IGN IFN brut (Etalab 2.0) ; FORMS-T (CC-BY 4.0) ; spec 054 lot 3
B41,49LN,1,1.1365,297.47,gvf,36.498,213.82,40.064,0.00055721,fay_herriot,forms_mnt:h_sd+alt_mean+essence+greco;log,2005-2024,IGN IFN brut (Etalab 2.0) ; FORMS-T (CC-BY 4.0) ; spec 054 lot 3
B41,49PC,1,6.427,435.74,gvf,16.569,35.954,36.188,0.012026,fay_herriot,forms_mnt:h_sd+alt_mean+essence+greco;log,2005-2024,IGN IFN brut (Etalab 2.0) ; FORMS-T (CC-BY 4.0) ; spec 054 lot 3
B41,49PM,5,3.6591,8.4812,gvf,5.9385,4.0426,33.857,0.16854,fay_herriot,forms_mnt:h_sd+alt_mean+essence+greco;log,2005-2024,IGN IFN brut (Etalab 2.0) ; FORMS-T (CC-BY 4.0) ; spec 054 lot 3
B41,49PS,14,5.8573,3.0978,direct,6.0218,1.9696,23.305,0.58713,fay_herriot,forms_mnt:h_sd+alt_mean+essence+greco;log,2005-2024,IGN IFN brut (Etalab 2.0) ; FORMS-T (CC-BY 4.0) ; spec 054 lot 3
B41,49RC,7,9.7927,17.954,gvf,9.7823,8.1217,29.133,0.40682,fay_herriot,forms_mnt:h_sd+alt_mean+essence+greco;log,2005-2024,IGN IFN brut (Etalab 2.0) ; FORMS-T (CC-BY 4.0) ; spec 054 lot 3
B41,49SN,67,4.0275,0.24935,direct,4.132,0.23524,11.738,0.89308,fay_herriot,forms_mnt:h_sd+alt_mean+essence+greco;log,2005-2024,IGN IFN brut (Etalab 2.0) ; FORMS-T (CC-BY 4.0) ; spec 054 lot 3
B41,51,20,87.207,235.34,direct,93.315,218.46,15.839,0.8058,fay_herriot,forms_mnt:h_sd+alt_mean+essence+greco;log,2005-2024,IGN IFN brut (Etalab 2.0) ; FORMS-T (CC-BY 4.0) ; spec 054 lot 3
B41,52,288,100.46,26.346,direct,100.21,25.706,5.0593,0.98007,fay_herriot,forms_mnt:h_sd+alt_mean+essence+greco;log,2005-2024,IGN IFN brut (Etalab 2.0) ; FORMS-T (CC-BY 4.0) ; spec 054 lot 3
B41,53CO,39,132.36,358.19,direct,134.22,318.98,13.306,0.86264,fay_herriot,forms_mnt:h_sd+alt_mean+essence+greco;log,2005-2024,IGN IFN brut (Etalab 2.0) ; FORMS-T (CC-BY 4.0) ; spec 054 lot 3
B41,54,15,92.727,532.16,direct,104.96,465.9,20.565,0.67476,fay_herriot,forms_mnt:h_sd+alt_mean+essence+greco;log,2005-2024,IGN IFN brut (Etalab 2.0) ; FORMS-T (CC-BY 4.0) ; spec 054 lot 3
B41,56,3,130.4,2060.1,gvf,112.41,827.69,25.594,0.51454,fay_herriot,forms_mnt:h_sd+alt_mean+essence+greco;log,2005-2024,IGN IFN brut (Etalab 2.0) ; FORMS-T (CC-BY 4.0) ; spec 054 lot 3
B41,61,1,117.66,12274,gvf,130.85,1967.2,33.895,0.1265,fay_herriot,forms_mnt:h_sd+alt_mean+essence+greco;log,2005-2024,IGN IFN brut (Etalab 2.0) ; FORMS-T (CC-BY 4.0) ; spec 054 lot 3
B41,62,30,107.09,259.27,direct,111.48,239.86,13.893,0.85029,fay_herriot,forms_mnt:h_sd+alt_mean+essence+greco;log,2005-2024,IGN IFN brut (Etalab 2.0) ; FORMS-T (CC-BY 4.0) ; spec 054 lot 3
B41,64,29,254.96,936.98,direct,249.25,807.21,11.399,0.89908,fay_herriot,forms_mnt:h_sd+alt_mean+essence+greco;log,2005-2024,IGN IFN brut (Etalab 2.0) ; FORMS-T (CC-BY 4.0) ; spec 054 lot 3
B41,67,3,26.825,76.291,gvf,21.99,29.102,24.532,0.54773,fay_herriot,forms_mnt:h_sd+alt_mean+essence+greco;log,2005-2024,IGN IFN brut (Etalab 2.0) ; FORMS-T (CC-BY 4.0) ; spec 054 lot 3
B41,68CE,1,1.627,2315.7,gvf,90.045,1631.5,44.858,0.00014676,fay_herriot,forms_mnt:h_sd+alt_mean+essence+greco;log,2005-2024,IGN IFN brut (Etalab 2.0) ; FORMS-T (CC-BY 4.0) ; spec 054 lot 3
B41,68CL,4,110.97,1625.5,gvf,100.39,757.72,27.421,0.49308,fay_herriot,forms_mnt:h_sd+alt_mean+essence+greco;log,2005-2024,IGN IFN brut (Etalab 2.0) ; FORMS-T (CC-BY 4.0) ; spec 054 lot 3
B41,68SV,1,33.488,3340.4,gvf,79.726,822.81,35.979,0.041327,fay_herriot,forms_mnt:h_sd+alt_mean+essence+greco;log,2005-2024,IGN IFN brut (Etalab 2.0) ; FORMS-T (CC-BY 4.0) ; spec 054 lot 3
B41,72V,2,184.73,12220,gvf,152.76,2392.3,32.018,0.26393,fay_herriot,forms_mnt:h_sd+alt_mean+essence+greco;log,2005-2024,IGN IFN brut (Etalab 2.0) ; FORMS-T (CC-BY 4.0) ; spec 054 lot 3
B41,74J,3,126.56,7346.3,gvf,179.65,3514.7,33.001,0.21872,fay_herriot,forms_mnt:h_sd+alt_mean+essence+greco;log,2005-2024,IGN IFN brut (Etalab 2.0) ; FORMS-T (CC-BY 4.0) ; spec 054 lot 3
B42,02,726,93.919,7.943,direct,93.852,7.8775,2.9905,0.99304,fay_herriot,forms_mnt:h_sd+alt_mean+essence+greco;log,2005-2024,IGN IFN brut (Etalab 2.0) ; FORMS-T (CC-BY 4.0) ; spec 054 lot 3
B42,03,582,117.53,13.141,direct,117.43,13.022,3.073,0.99265,fay_herriot,forms_mnt:h_sd+alt_mean+essence+greco;log,2005-2024,IGN IFN brut (Etalab 2.0) ; FORMS-T (CC-BY 4.0) ; spec 054 lot 3
B42,04,10,42.866,169.11,direct,55.392,167.14,23.339,0.5825,fay_herriot,forms_mnt:h_sd+alt_mean+essence+greco;log,2005-2024,IGN IFN brut (Etalab 2.0) ; FORMS-T (CC-BY 4.0) ; spec 054 lot 3
B42,05,2,36.693,2192.1,gvf,55.473,373.98,34.861,0.0731,fay_herriot,forms_mnt:h_sd+alt_mean+essence+greco;log,2005-2024,IGN IFN brut (Etalab 2.0) ; FORMS-T (CC-BY 4.0) ; spec 054 lot 3
B42,07,1,13.313,3322,gvf,44.406,273.67,37.254,0.0068039,fay_herriot,forms_mnt:h_sd+alt_mean+essence+greco;log,2005-2024,IGN IFN brut (Etalab 2.0) ; FORMS-T (CC-BY 4.0) ; spec 054 lot 3
B42,09,150,54.478,22.065,direct,55.704,21.83,8.3876,0.94527,fay_herriot,forms_mnt:h_sd+alt_mean+essence+greco;log,2005-2024,IGN IFN brut (Etalab 2.0) ; FORMS-T (CC-BY 4.0) ; spec 054 lot 3
B42,10,206,54.729,28.418,direct,55.811,27.556,9.4057,0.93119,fay_herriot,forms_mnt:h_sd+alt_mean+essence+greco;log,2005-2024,IGN IFN brut (Etalab 2.0) ; FORMS-T (CC-BY 4.0) ; spec 054 lot 3
B42,11,713,45.619,3.3742,direct,45.588,3.3285,4.002,0.98753,fay_herriot,forms_mnt:h_sd+alt_mean+essence+greco;log,2005-2024,IGN IFN brut (Etalab 2.0) ; FORMS-T (CC-BY 4.0) ; spec 054 lot 3
B42,12P,15,33.36,69.598,direct,38.379,62.939,20.671,0.67248,fay_herriot,forms_mnt:h_sd+alt_mean+essence+greco;log,2005-2024,IGN IFN brut (Etalab 2.0) ; FORMS-T (CC-BY 4.0) ; spec 054 lot 3
B42,12V,332,36.614,4.7763,direct,36.531,4.6287,5.8894,0.973,fay_herriot,forms_mnt:h_sd+alt_mean+essence+greco;log,2005-2024,IGN IFN brut (Etalab 2.0) ; FORMS-T (CC-BY 4.0) ; spec 054 lot 3
B42,13B,1,10.125,1378.3,gvf,39.117,229.54,38.731,0.0094599,fay_herriot,forms_mnt:h_sd+alt_mean+essence+greco;log,2005-2024,IGN IFN brut (Etalab 2.0) ; FORMS-T (CC-BY 4.0) ; spec 054 lot 3
B42,13C,1,35.377,321.72,gvf,38.579,150.17,31.765,0.33311,fay_herriot,forms_mnt:h_sd+alt_mean+essence+greco;log,2005-2024,IGN IFN brut (Etalab 2.0) ; FORMS-T (CC-BY 4.0) ; spec 054 lot 3
B42,13G,80,52.681,41.545,direct,54.932,40.547,11.592,0.89559,fay_herriot,forms_mnt:h_sd+alt_mean+essence+greco;log,2005-2024,IGN IFN brut (Etalab 2.0) ; FORMS-T (CC-BY 4.0) ; spec 054 lot 3
B42,14,115,64.89,63.678,direct,64.945,57.211,11.646,0.89463,fay_herriot,forms_mnt:h_sd+alt_mean+essence+greco;log,2005-2024,IGN IFN brut (Etalab 2.0) ; FORMS-T (CC-BY 4.0) ; spec 054 lot 3
B42,15P,17,19.905,12.414,direct,22.076,12.37,15.931,0.80385,fay_herriot,forms_mnt:h_sd+alt_mean+essence+greco;log,2005-2024,IGN IFN brut (Etalab 2.0) ; FORMS-T (CC-BY 4.0) ; spec 054 lot 3
B42,15S,121,47.441,19.641,direct,46.758,17.895,9.0471,0.93636,fay_herriot,forms_mnt:h_sd+alt_mean+essence+greco;log,2005-2024,IGN IFN brut (Etalab 2.0) ; FORMS-T (CC-BY 4.0) ; spec 054 lot 3
B42,17C,583,70.383,9.9055,direct,70.15,9.6918,4.4379,0.98467,fay_herriot,forms_mnt:h_sd+alt_mean+essence+greco;log,2005-2024,IGN IFN brut (Etalab 2.0) ; FORMS-T (CC-BY 4.0) ; spec 054 lot 3
B42,17O,2,131.74,1422.7,gvf,91.681,431.26,22.651,0.61034,fay_herriot,forms_mnt:h_sd+alt_mean+essence+greco;log,2005-2024,IGN IFN brut (Etalab 2.0) ; FORMS-T (CC-BY 4.0) ; spec 054 lot 3
B42,18C,140,12.004,2.1915,direct,12.324,2.0708,11.677,0.8941,fay_herriot,forms_mnt:h_sd+alt_mean+essence+greco;log,2005-2024,IGN IFN brut (Etalab 2.0) ; FORMS-T (CC-BY 4.0) ; spec 054 lot 3
B42,18M,3,1.2112,111.04,gvf,19.973,55.865,37.423,0.0016937,fay_herriot,forms_mnt:h_sd+alt_mean+essence+greco;log,2005-2024,IGN IFN brut (Etalab 2.0) ; FORMS-T (CC-BY 4.0) ; spec 054 lot 3
B42,19,135,132.33,109.41,direct,134.24,107.49,7.7231,0.9536,fay_herriot,forms_mnt:h_sd+alt_mean+essence+greco;log,2005-2024,IGN IFN brut (Etalab 2.0) ; FORMS-T (CC-BY 4.0) ; spec 054 lot 3
B42,20G,7,29.864,871.54,gvf,45.241,239.9,34.236,0.11613,fay_herriot,forms_mnt:h_sd+alt_mean+essence+greco;log,2005-2024,IGN IFN brut (Etalab 2.0) ; FORMS-T (CC-BY 4.0) ; spec 054 lot 3
B42,20P,146,36.765,9.385,direct,37.25,9.1561,8.1232,0.9487,fay_herriot,forms_mnt:h_sd+alt_mean+essence+greco;log,2005-2024,IGN IFN brut (Etalab 2.0) ; FORMS-T (CC-BY 4.0) ; spec 054 lot 3
B42,21C,126,25.845,8.7313,direct,25.665,7.83,10.903,0.9076,fay_herriot,forms_mnt:h_sd+alt_mean+essence+greco;log,2005-2024,IGN IFN brut (Etalab 2.0) ; FORMS-T (CC-BY 4.0) ; spec 054 lot 3
B42,22G,1,1.6184,54.358,gvf,13.056,24.114,37.612,0.0061492,fay_herriot,forms_mnt:h_sd+alt_mean+essence+greco;log,2005-2024,IGN IFN brut (Etalab 2.0) ; FORMS-T (CC-BY 4.0) ; spec 054 lot 3
B42,22M,140,28.366,5.6809,direct,28.167,5.3147,8.1847,0.94788,fay_herriot,forms_mnt:h_sd+alt_mean+essence+greco;log,2005-2024,IGN IFN brut (Etalab 2.0) ; FORMS-T (CC-BY 4.0) ; spec 054 lot 3
B42,22S,2,2.2423,130.98,gvf,34.011,192.41,40.784,0.0049049,fay_herriot,forms_mnt:h_sd+alt_mean+essence+greco;log,2005-2024,IGN IFN brut (Etalab 2.0) ; FORMS-T (CC-BY 4.0) ; spec 054 lot 3
B42,23AB,6,9.3965,42.933,gvf,10.712,12.022,32.368,0.20891,fay_herriot,forms_mnt:h_sd+alt_mean+essence+greco;log,2005-2024,IGN IFN brut (Etalab 2.0) ; FORMS-T (CC-BY 4.0) ; spec 054 lot 3
B42,23C,2,21.857,51.972,gvf,16.918,17.258,24.555,0.54134,fay_herriot,forms_mnt:h_sd+alt_mean+essence+greco;log,2005-2024,IGN IFN brut (Etalab 2.0) ; FORMS-T (CC-BY 4.0) ; spec 054 lot 3
B42,23PC,7,9.3835,8.2182,gvf,9.2576,4.704,23.428,0.57907,fay_herriot,forms_mnt:h_sd+alt_mean+essence+greco;log,2005-2024,IGN IFN brut (Etalab 2.0) ; FORMS-T (CC-BY 4.0) ; spec 054 lot 3
B42,23PM,13,8.1723,2.3205,direct,8.3952,1.9403,16.592,0.78703,fay_herriot,forms_mnt:h_sd+alt_mean+essence+greco;log,2005-2024,IGN IFN brut (Etalab 2.0) ; FORMS-T (CC-BY 4.0) ; spec 054 lot 3
B42,24,346,56.043,10.325,direct,55.926,10.031,5.663,0.97504,fay_herriot,forms_mnt:h_sd+alt_mean+essence+greco;log,2005-2024,IGN IFN brut (Etalab 2.0) ; FORMS-T (CC-BY 4.0) ; spec 054 lot 3
B42,25B,14,58.19,269.14,direct,59.888,178.99,22.34,0.61766,fay_herriot,forms_mnt:h_sd+alt_mean+essence+greco;log,2005-2024,IGN IFN brut (Etalab 2.0) ; FORMS-T (CC-BY 4.0) ; spec 054 lot 3
B42,25C,5,16.898,215.98,gvf,19.122,41.766,33.797,0.14512,fay_herriot,forms_mnt:h_sd+alt_mean+essence+greco;log,2005-2024,IGN IFN brut (Etalab 2.0) ; FORMS-T (CC-BY 4.0) ; spec 054 lot 3
B42,25M,113,12.844,1.5997,direct,13.156,1.5629,9.5024,0.92978,fay_herriot,forms_mnt:h_sd+alt_mean+essence+greco;log,2005-2024,IGN IFN brut (Etalab 2.0) ; FORMS-T (CC-BY 4.0) ; spec 054 lot 3
B42,26E,1,161.56,19802,gvf,190.01,4767.3,36.337,0.14475,fay_herriot,forms_mnt:h_sd+alt_mean+essence+greco;log,2005-2024,IGN IFN brut (Etalab 2.0) ; FORMS-T (CC-BY 4.0) ; spec 054 lot 3
B42,27C,21,31.29,50.744,direct,27.387,27.971,19.312,0.71244,fay_herriot,forms_mnt:h_sd+alt_mean+essence+greco;log,2005-2024,IGN IFN brut (Etalab 2.0) ; FORMS-T (CC-BY 4.0) ; spec 054 lot 3
B42,27N,1,24.902,681.64,gvf,41.175,245.38,38.044,0.1046,fay_herriot,forms_mnt:h_sd+alt_mean+essence+greco;log,2005-2024,IGN IFN brut (Etalab 2.0) ; FORMS-T (CC-BY 4.0) ; spec 054 lot 3
B42,29AF,7,7.2364,3.6335,gvf,7.1605,2.4004,21.637,0.64919,fay_herriot,forms_mnt:h_sd+alt_mean+essence+greco;log,2005-2024,IGN IFN brut (Etalab 2.0) ; FORMS-T (CC-BY 4.0) ; spec 054 lot 3
B42,29MA,7,87.771,1136.8,gvf,78.593,481.27,27.913,0.46529,fay_herriot,forms_mnt:h_sd+alt_mean+essence+greco;log,2005-2024,IGN IFN brut (Etalab 2.0) ; FORMS-T (CC-BY 4.0) ; spec 054 lot 3
B42,31,231,6.2026,0.2185,direct,6.2993,0.21601,7.3781,0.95764,fay_herriot,forms_mnt:h_sd+alt_mean+essence+greco;log,2005-2024,IGN IFN brut (Etalab 2.0) ; FORMS-T (CC-BY 4.0) ; spec 054 lot 3
B42,332G,2,237.02,7787.2,gvf,190.68,2697.2,27.237,0.48089,fay_herriot,forms_mnt:h_sd+alt_mean+essence+greco;log,2005-2024,IGN IFN brut (Etalab 2.0) ; FORMS-T (CC-BY 4.0) ; spec 054 lot 3
B42,33B,1,33.288,29031,gvf,137.86,3044.5,40.025,0.0048772,fay_herriot,forms_mnt:h_sd+alt_mean+essence+greco;log,2005-2024,IGN IFN brut (Etalab 2.0) ; FORMS-T (CC-BY 4.0) ; spec 054 lot 3
B42,33G,14,102.76,283.9,direct,109.38,270,15.023,0.82687,fay_herriot,forms_mnt:h_sd+alt_mean+essence+greco;log,2005-2024,IGN IFN brut (Etalab 2.0) ; FORMS-T (CC-BY 4.0) ; spec 054 lot 3
B42,33N,2,38.59,4084.9,gvf,100.02,1275.4,35.704,0.044718,fay_herriot,forms_mnt:h_sd+alt_mean+essence+greco;log,2005-2024,IGN IFN brut (Etalab 2.0) ; FORMS-T (CC-BY 4.0) ; spec 054 lot 3
B42,34,1,243.86,7770.4,gvf,180.58,2331.6,26.739,0.49564,fay_herriot,forms_mnt:h_sd+alt_mean+essence+greco;log,2005-2024,IGN IFN brut (Etalab 2.0) ; FORMS-T (CC-BY 4.0) ; spec 054 lot 3
B42,38AU,5,3.8507,11.466,gvf,6.0511,4.4334,34.796,0.1424,fay_herriot,forms_mnt:h_sd+alt_mean+essence+greco;log,2005-2024,IGN IFN brut (Etalab 2.0) ; FORMS-T (CC-BY 4.0) ; spec 054 lot 3
B42,39,5,1.8038,1.7767,gvf,3.1391,1.1389,33.996,0.19037,fay_herriot,forms_mnt:h_sd+alt_mean+essence+greco;log,2005-2024,IGN IFN brut (Etalab 2.0) ; FORMS-T (CC-BY 4.0) ; spec 054 lot 3
B42,41,17,11.638,5.4438,direct,11.315,3.9448,17.553,0.76162,fay_herriot,forms_mnt:h_sd+alt_mean+essence+greco;log,2005-2024,IGN IFN brut (Etalab 2.0) ; FORMS-T (CC-BY 4.0) ; spec 054 lot 3
B42,49AE,13,5.8945,1.963,direct,5.8259,1.4735,20.836,0.69444,fay_herriot,forms_mnt:h_sd+alt_mean+essence+greco;log,2005-2024,IGN IFN brut (Etalab 2.0) ; FORMS-T (CC-BY 4.0) ; spec 054 lot 3
B42,49AM,102,4.7817,0.45439,direct,4.8588,0.40733,13.136,0.86598,fay_herriot,forms_mnt:h_sd+alt_mean+essence+greco;log,2005-2024,IGN IFN brut (Etalab 2.0) ; FORMS-T (CC-BY 4.0) ; spec 054 lot 3
B42,49EV,1,1.2667,0.98916,gvf,2.6606,0.79268,33.463,0.17237,fay_herriot,forms_mnt:h_sd+alt_mean+essence+greco;log,2005-2024,IGN IFN brut (Etalab 2.0) ; FORMS-T (CC-BY 4.0) ; spec 054 lot 3
B42,49IA,2,2.7915,15.421,gvf,5.9589,4.3971,35.19,0.060928,fay_herriot,forms_mnt:h_sd+alt_mean+essence+greco;log,2005-2024,IGN IFN brut (Etalab 2.0) ; FORMS-T (CC-BY 4.0) ; spec 054 lot 3
B42,49PM,1,12.618,42.406,gvf,7.9014,5.7319,30.3,0.32527,fay_herriot,forms_mnt:h_sd+alt_mean+essence+greco;log,2005-2024,IGN IFN brut (Etalab 2.0) ; FORMS-T (CC-BY 4.0) ; spec 054 lot 3
B42,49PS,9,2.678,6.2592,gvf,5.433,3.4713,34.293,0.12826,fay_herriot,forms_mnt:h_sd+alt_mean+essence+greco;log,2005-2024,IGN IFN brut (Etalab 2.0) ; FORMS-T (CC-BY 4.0) ; spec 054 lot 3
B42,49RC,3,7.9048,41.893,gvf,9.149,10.472,35.371,0.16074,fay_herriot,forms_mnt:h_sd+alt_mean+essence+greco;log,2005-2024,IGN IFN brut (Etalab 2.0) ; FORMS-T (CC-BY 4.0) ; spec 054 lot 3
B42,49SN,29,4.1416,0.83288,direct,4.3433,0.67072,18.856,0.72561,fay_herriot,forms_mnt:h_sd+alt_mean+essence+greco;log,2005-2024,IGN IFN brut (Etalab 2.0) ; FORMS-T (CC-BY 4.0) ; spec 054 lot 3
B42,52,35,68.109,138.31,direct,71.096,122.75,15.584,0.81155,fay_herriot,forms_mnt:h_sd+alt_mean+essence+greco;log,2005-2024,IGN IFN brut (Etalab 2.0) ; FORMS-T (CC-BY 4.0) ; spec 054 lot 3
B42,53CO,11,81.864,314.12,direct,94.685,310.09,18.598,0.73258,fay_herriot,forms_mnt:h_sd+alt_mean+essence+greco;log,2005-2024,IGN IFN brut (Etalab 2.0) ; FORMS-T (CC-BY 4.0) ; spec 054 lot 3
B42,54,8,89.687,1187.6,gvf,109.67,842.81,26.472,0.46516,fay_herriot,forms_mnt:h_sd+alt_mean+essence+greco;log,2005-2024,IGN IFN brut (Etalab 2.0) ; FORMS-T (CC-BY 4.0) ; spec 054 lot 3
B42,61,1,23.64,12274,gvf,126.65,2103.2,36.21,0.0058121,fay_herriot,forms_mnt:h_sd+alt_mean+essence+greco;log,2005-2024,IGN IFN brut (Etalab 2.0) ; FORMS-T (CC-BY 4.0) ; spec 054 lot 3
B42,62,18,75.551,222.51,direct,86.456,224.91,17.346,0.76711,fay_herriot,forms_mnt:h_sd+alt_mean+essence+greco;log,2005-2024,IGN IFN brut (Etalab 2.0) ; FORMS-T (CC-BY 4.0) ; spec 054 lot 3
B42,63,1,264.07,11204,gvf,170.89,2148.1,27.122,0.44419,fay_herriot,forms_mnt:h_sd+alt_mean+essence+greco;log,2005-2024,IGN IFN brut (Etalab 2.0) ; FORMS-T (CC-BY 4.0) ; spec 054 lot 3
B42,64,14,116.6,811.94,direct,137.51,776.99,20.272,0.68254,fay_herriot,forms_mnt:h_sd+alt_mean+essence+greco;log,2005-2024,IGN IFN brut (Etalab 2.0) ; FORMS-T (CC-BY 4.0) ; spec 054 lot 3
B42,65,1,168.51,14346,gvf,99.995,1113.7,33.374,0.20265,fay_herriot,forms_mnt:h_sd+alt_mean+essence+greco;log,2005-2024,IGN IFN brut (Etalab 2.0) ; FORMS-T (CC-BY 4.0) ; spec 054 lot 3
B42,67,2,17.1,114.44,gvf,16.751,28.753,32.01,0.24704,fay_herriot,forms_mnt:h_sd+alt_mean+essence+greco;log,2005-2024,IGN IFN brut (Etalab 2.0) ; FORMS-T (CC-BY 4.0) ; spec 054 lot 3
B42,68CC,1,33.57,5793.5,gvf,78.001,801.81,36.302,0.024368,fay_herriot,forms_mnt:h_sd+alt_mean+essence+greco;log,2005-2024,IGN IFN brut (Etalab 2.0) ; FORMS-T (CC-BY 4.0) ; spec 054 lot 3
B42,68CL,1,28.261,6502.1,gvf,86.122,1218.9,40.539,0.015528,fay_herriot,forms_mnt:h_sd+alt_mean+essence+greco;log,2005-2024,IGN IFN brut (Etalab 2.0) ; FORMS-T (CC-BY 4.0) ; spec 054 lot 3
B42,72V,5,51.787,4888.1,gvf,128.81,2203,36.438,0.065813,fay_herriot,forms_mnt:h_sd+alt_mean+essence+greco;log,2005-2024,IGN IFN brut (Etalab 2.0) ; FORMS-T (CC-BY 4.0) ; spec 054 lot 3
B42,73,2,240.31,11272,gvf,219.81,3902.3,28.419,0.3968,fay_herriot,forms_mnt:h_sd+alt_mean+essence+greco;log,2005-2024,IGN IFN brut (Etalab 2.0) ; FORMS-T (CC-BY 4.0) ; spec 054 lot 3
B43,02,85,76.669,80.543,direct,76.606,72.793,11.137,0.90358,fay_herriot,forms_mnt:h_sd+alt_mean+essence+greco;log,2005-2024,IGN IFN brut (Etalab 2.0) ; FORMS-T (CC-BY 4.0) ; spec 054 lot 3
B43,03,34,80.337,113.96,direct,81.771,104.03,12.473,0.87911,fay_herriot,forms_mnt:h_sd+alt_mean+essence+greco;log,2005-2024,IGN IFN brut (Etalab 2.0) ; FORMS-T (CC-BY 4.0) ; spec 054 lot 3
B43,05,5,35.033,876.82,gvf,48.458,260.6,33.313,0.15235,fay_herriot,forms_mnt:h_sd+alt_mean+essence+greco;log,2005-2024,IGN IFN brut (Etalab 2.0) ; FORMS-T (CC-BY 4.0) ; spec 054 lot 3
B43,09,23,43.073,183.34,direct,54.288,165.92,23.727,0.56509,fay_herriot,forms_mnt:h_sd+alt_mean+essence+greco;log,2005-2024,IGN IFN brut (Etalab 2.0) ; FORMS-T (CC-BY 4.0) ; spec 054 lot 3
B43,10,1,33.974,8960.5,gvf,64.51,534.93,35.853,0.016271,fay_herriot,forms_mnt:h_sd+alt_mean+essence+greco;log,2005-2024,IGN IFN brut (Etalab 2.0) ; FORMS-T (CC-BY 4.0) ; spec 054 lot 3
B43,11,36,51.198,131.29,direct,47.341,81.24,19.039,0.71939,fay_herriot,forms_mnt:h_sd+alt_mean+essence+greco;log,2005-2024,IGN IFN brut (Etalab 2.0) ; FORMS-T (CC-BY 4.0) ; spec 054 lot 3
B43,12P,2,11.562,1138.4,gvf,44.939,267.66,36.406,0.014854,fay_herriot,forms_mnt:h_sd+alt_mean+essence+greco;log,2005-2024,IGN IFN brut (Etalab 2.0) ; FORMS-T (CC-BY 4.0) ; spec 054 lot 3
B43,12V,88,30.442,14.087,direct,30.413,12.598,11.671,0.89415,fay_herriot,forms_mnt:h_sd+alt_mean+essence+greco;log,2005-2024,IGN IFN brut (Etalab 2.0) ; FORMS-T (CC-BY 4.0) ; spec 054 lot 3
B43,13B,1,28.039,1378.3,gvf,34.948,170.91,37.408,0.068243,fay_herriot,forms_mnt:h_sd+alt_mean+essence+greco;log,2005-2024,IGN IFN brut (Etalab 2.0) ; FORMS-T (CC-BY 4.0) ; spec 054 lot 3
B43,13C,1,4.6929,321.72,gvf,35.471,202.63,40.131,0.0087132,fay_herriot,forms_mnt:h_sd+alt_mean+essence+greco;log,2005-2024,IGN IFN brut (Etalab 2.0) ; FORMS-T (CC-BY 4.0) ; spec 054 lot 3
B43,13G,59,65.722,142.37,direct,66.669,117.11,16.232,0.79573,fay_herriot,forms_mnt:h_sd+alt_mean+essence+greco;log,2005-2024,IGN IFN brut (Etalab 2.0) ; FORMS-T (CC-BY 4.0) ; spec 054 lot 3
B43,14,9,49.091,612.83,gvf,55.241,264.44,29.438,0.33552,fay_herriot,forms_mnt:h_sd+alt_mean+essence+greco;log,2005-2024,IGN IFN brut (Etalab 2.0) ; FORMS-T (CC-BY 4.0) ; spec 054 lot 3
B43,15P,15,35.968,66.747,direct,34.225,43.605,19.294,0.71336,fay_herriot,forms_mnt:h_sd+alt_mean+essence+greco;log,2005-2024,IGN IFN brut (Etalab 2.0) ; FORMS-T (CC-BY 4.0) ; spec 054 lot 3
B43,15S,99,42.611,35.896,direct,41.322,29.359,13.112,0.86657,fay_herriot,forms_mnt:h_sd+alt_mean+essence+greco;log,2005-2024,IGN IFN brut (Etalab 2.0) ; FORMS-T (CC-BY 4.0) ; spec 054 lot 3
B43,17C,225,73.402,31.105,direct,72.25,28.863,7.4359,0.95697,fay_herriot,forms_mnt:h_sd+alt_mean+essence+greco;log,2005-2024,IGN IFN brut (Etalab 2.0) ; FORMS-T (CC-BY 4.0) ; spec 054 lot 3
B43,18C,59,11.316,2.7054,direct,11.636,2.4657,13.495,0.8587,fay_herriot,forms_mnt:h_sd+alt_mean+essence+greco;log,2005-2024,IGN IFN brut (Etalab 2.0) ; FORMS-T (CC-BY 4.0) ; spec 054 lot 3
B43,18D,3,33.592,351.37,gvf,38.978,160.41,32.493,0.29197,fay_herriot,forms_mnt:h_sd+alt_mean+essence+greco;log,2005-2024,IGN IFN brut (Etalab 2.0) ; FORMS-T (CC-BY 4.0) ; spec 054 lot 3
B43,19,239,122.94,55.796,direct,123.88,55.11,5.9924,0.97205,fay_herriot,forms_mnt:h_sd+alt_mean+essence+greco;log,2005-2024,IGN IFN brut (Etalab 2.0) ; FORMS-T (CC-BY 4.0) ; spec 054 lot 3
B43,20G,3,19.471,2033.6,gvf,42.042,229.77,36.055,0.023379,fay_herriot,forms_mnt:h_sd+alt_mean+essence+greco;log,2005-2024,IGN IFN brut (Etalab 2.0) ; FORMS-T (CC-BY 4.0) ; spec 054 lot 3
B43,20P,26,58.696,144.97,direct,54.211,93.949,17.88,0.75318,fay_herriot,forms_mnt:h_sd+alt_mean+essence+greco;log,2005-2024,IGN IFN brut (Etalab 2.0) ; FORMS-T (CC-BY 4.0) ; spec 054 lot 3
B43,21C,37,27.849,32.573,direct,26.122,21.71,17.837,0.75353,fay_herriot,forms_mnt:h_sd+alt_mean+essence+greco;log,2005-2024,IGN IFN brut (Etalab 2.0) ; FORMS-T (CC-BY 4.0) ; spec 054 lot 3
B43,22G,4,6.1917,13.59,gvf,9.974,10.138,31.922,0.26591,fay_herriot,forms_mnt:h_sd+alt_mean+essence+greco;log,2005-2024,IGN IFN brut (Etalab 2.0) ; FORMS-T (CC-BY 4.0) ; spec 054 lot 3
B43,22M,41,20.087,13.994,direct,20.521,11.546,16.558,0.78735,fay_herriot,forms_mnt:h_sd+alt_mean+essence+greco;log,2005-2024,IGN IFN brut (Etalab 2.0) ; FORMS-T (CC-BY 4.0) ; spec 054 lot 3
B43,22S,1,1.1291,261.96,gvf,30.832,159.03,40.902,0.00062448,fay_herriot,forms_mnt:h_sd+alt_mean+essence+greco;log,2005-2024,IGN IFN brut (Etalab 2.0) ; FORMS-T (CC-BY 4.0) ; spec 054 lot 3
B43,23AB,15,13.98,27.306,direct,11.703,9.3583,26.14,0.47889,fay_herriot,forms_mnt:h_sd+alt_mean+essence+greco;log,2005-2024,IGN IFN brut (Etalab 2.0) ; FORMS-T (CC-BY 4.0) ; spec 054 lot 3
B43,23AF,1,24.957,132.62,gvf,17.755,25.779,28.596,0.37617,fay_herriot,forms_mnt:h_sd+alt_mean+essence+greco;log,2005-2024,IGN IFN brut (Etalab 2.0) ; FORMS-T (CC-BY 4.0) ; spec 054 lot 3
B43,23PC,3,10.546,19.176,gvf,9.0942,6.2161,27.415,0.42682,fay_herriot,forms_mnt:h_sd+alt_mean+essence+greco;log,2005-2024,IGN IFN brut (Etalab 2.0) ; FORMS-T (CC-BY 4.0) ; spec 054 lot 3
B43,23PD,2,6.8361,56.66,gvf,12.485,19.663,35.516,0.095764,fay_herriot,forms_mnt:h_sd+alt_mean+essence+greco;log,2005-2024,IGN IFN brut (Etalab 2.0) ; FORMS-T (CC-BY 4.0) ; spec 054 lot 3
B43,23PM,4,2.2896,21.216,gvf,7.9885,8.1756,35.793,0.030751,fay_herriot,forms_mnt:h_sd+alt_mean+essence+greco;log,2005-2024,IGN IFN brut (Etalab 2.0) ; FORMS-T (CC-BY 4.0) ; spec 054 lot 3
B43,23SO,1,4.4139,29.409,gvf,8.9279,9.851,35.155,0.078393,fay_herriot,forms_mnt:h_sd+alt_mean+essence+greco;log,2005-2024,IGN IFN brut (Etalab 2.0) ; FORMS-T (CC-BY 4.0) ; spec 054 lot 3
B43,24,43,34.893,159.07,direct,40.198,105.72,25.578,0.49566,fay_herriot,forms_mnt:h_sd+alt_mean+essence+greco;log,2005-2024,IGN IFN brut (Etalab 2.0) ; FORMS-T (CC-BY 4.0) ; spec 054 lot 3
B43,25B,25,64.42,150.79,direct,62.517,111.77,16.911,0.77944,fay_herriot,forms_mnt:h_sd+alt_mean+essence+greco;log,2005-2024,IGN IFN brut (Etalab 2.0) ; FORMS-T (CC-BY 4.0) ; spec 054 lot 3
B43,25C,12,11.974,13.253,direct,14.036,10.805,23.42,0.58142,fay_herriot,forms_mnt:h_sd+alt_mean+essence+greco;log,2005-2024,IGN IFN brut (Etalab 2.0) ; FORMS-T (CC-BY 4.0) ; spec 054 lot 3
B43,25FR,3,75.907,2040.6,gvf,63.409,415.82,32.159,0.26609,fay_herriot,forms_mnt:h_sd+alt_mean+essence+greco;log,2005-2024,IGN IFN brut (Etalab 2.0) ; FORMS-T (CC-BY 4.0) ; spec 054 lot 3
B43,25M,69,11.586,2.153,direct,12.026,2.0672,11.955,0.88896,fay_herriot,forms_mnt:h_sd+alt_mean+essence+greco;log,2005-2024,IGN IFN brut (Etalab 2.0) ; FORMS-T (CC-BY 4.0) ; spec 054 lot 3
B43,25R,1,1.7892,255.65,gvf,23.857,78.998,37.256,0.0016053,fay_herriot,forms_mnt:h_sd+alt_mean+essence+greco;log,2005-2024,IGN IFN brut (Etalab 2.0) ; FORMS-T (CC-BY 4.0) ; spec 054 lot 3
B43,27C,9,15.499,46.929,gvf,16.761,22.22,28.124,0.3966,fay_herriot,forms_mnt:h_sd+alt_mean+essence+greco;log,2005-2024,IGN IFN brut (Etalab 2.0) ; FORMS-T (CC-BY 4.0) ; spec 054 lot 3
B43,29AF,6,2.4472,4.2391,gvf,5.444,3.526,34.492,0.15355,fay_herriot,forms_mnt:h_sd+alt_mean+essence+greco;log,2005-2024,IGN IFN brut (Etalab 2.0) ; FORMS-T (CC-BY 4.0) ; spec 054 lot 3
B43,29EN,3,59.27,257.39,gvf,48.721,117.27,22.227,0.6367,fay_herriot,forms_mnt:h_sd+alt_mean+essence+greco;log,2005-2024,IGN IFN brut (Etalab 2.0) ; FORMS-T (CC-BY 4.0) ; spec 054 lot 3
B43,29MA,4,12.427,1989.3,gvf,62.96,629.84,39.861,0.0098693,fay_herriot,forms_mnt:h_sd+alt_mean+essence+greco;log,2005-2024,IGN IFN brut (Etalab 2.0) ; FORMS-T (CC-BY 4.0) ; spec 054 lot 3
B43,31,103,14.07,3.8157,direct,13.072,2.8718,12.964,0.86948,fay_herriot,forms_mnt:h_sd+alt_mean+essence+greco;log,2005-2024,IGN IFN brut (Etalab 2.0) ; FORMS-T (CC-BY 4.0) ; spec 054 lot 3
B43,332G,5,11.542,3114.9,gvf,137.81,2950,39.411,0.0054618,fay_herriot,forms_mnt:h_sd+alt_mean+essence+greco;log,2005-2024,IGN IFN brut (Etalab 2.0) ; FORMS-T (CC-BY 4.0) ; spec 054 lot 3
B43,33B,2,103.38,14516,gvf,122.45,2169.5,38.039,0.086375,fay_herriot,forms_mnt:h_sd+alt_mean+essence+greco;log,2005-2024,IGN IFN brut (Etalab 2.0) ; FORMS-T (CC-BY 4.0) ; spec 054 lot 3
B43,33G,10,117.17,1304.8,direct,123.29,861.2,23.802,0.57463,fay_herriot,forms_mnt:h_sd+alt_mean+essence+greco;log,2005-2024,IGN IFN brut (Etalab 2.0) ; FORMS-T (CC-BY 4.0) ; spec 054 lot 3
B43,33N,3,203.39,2723.2,gvf,156.43,1080.3,21.011,0.66108,fay_herriot,forms_mnt:h_sd+alt_mean+essence+greco;log,2005-2024,IGN IFN brut (Etalab 2.0) ; FORMS-T (CC-BY 4.0) ; spec 054 lot 3
B43,38AU,2,1.204,28.666,gvf,5.787,4.7639,37.716,0.0064516,fay_herriot,forms_mnt:h_sd+alt_mean+essence+greco;log,2005-2024,IGN IFN brut (Etalab 2.0) ; FORMS-T (CC-BY 4.0) ; spec 054 lot 3
B43,39,1,3.7529,8.8833,gvf,3.2918,1.2888,34.488,0.16914,fay_herriot,forms_mnt:h_sd+alt_mean+essence+greco;log,2005-2024,IGN IFN brut (Etalab 2.0) ; FORMS-T (CC-BY 4.0) ; spec 054 lot 3
B43,41,4,2.6091,23.126,gvf,8.8505,9.9395,35.622,0.036422,fay_herriot,forms_mnt:h_sd+alt_mean+essence+greco;log,2005-2024,IGN IFN brut (Etalab 2.0) ; FORMS-T (CC-BY 4.0) ; spec 054 lot 3
B43,49AE,1,1.409,18.365,gvf,4.9962,4.246,41.243,0.013691,fay_herriot,forms_mnt:h_sd+alt_mean+essence+greco;log,2005-2024,IGN IFN brut (Etalab 2.0) ; FORMS-T (CC-BY 4.0) ; spec 054 lot 3
B43,49AM,87,4.1654,0.14004,direct,4.2019,0.13424,8.7197,0.94086,fay_herriot,forms_mnt:h_sd+alt_mean+essence+greco;log,2005-2024,IGN IFN brut (Etalab 2.0) ; FORMS-T (CC-BY 4.0) ; spec 054 lot 3
B43,49BO,6,1.2533,0.096775,gvf,1.5185,0.097866,20.602,0.67576,fay_herriot,forms_mnt:h_sd+alt_mean+essence+greco;log,2005-2024,IGN IFN brut (Etalab 2.0) ; FORMS-T (CC-BY 4.0) ; spec 054 lot 3
B43,49EV,2,1.052,0.49458,gvf,2.24,0.52596,32.376,0.2232,fay_herriot,forms_mnt:h_sd+alt_mean+essence+greco;log,2005-2024,IGN IFN brut (Etalab 2.0) ; FORMS-T (CC-BY 4.0) ; spec 054 lot 3
B43,49PM,31,3.4445,0.44535,direct,3.8527,0.43985,17.214,0.77379,fay_herriot,forms_mnt:h_sd+alt_mean+essence+greco;log,2005-2024,IGN IFN brut (Etalab 2.0) ; FORMS-T (CC-BY 4.0) ; spec 054 lot 3
B43,49PS,8,3.8657,7.0416,gvf,5.0297,2.6707,32.492,0.21414,fay_herriot,forms_mnt:h_sd+alt_mean+essence+greco;log,2005-2024,IGN IFN brut (Etalab 2.0) ; FORMS-T (CC-BY 4.0) ; spec 054 lot 3
B43,49RC,4,4.2973,31.42,gvf,8.0433,9.104,37.513,0.070172,fay_herriot,forms_mnt:h_sd+alt_mean+essence+greco;log,2005-2024,IGN IFN brut (Etalab 2.0) ; FORMS-T (CC-BY 4.0) ; spec 054 lot 3
B43,49SN,15,4.9795,2.0183,direct,4.7522,1.1397,22.465,0.61202,fay_herriot,forms_mnt:h_sd+alt_mean+essence+greco;log,2005-2024,IGN IFN brut (Etalab 2.0) ; FORMS-T (CC-BY 4.0) ; spec 054 lot 3
B43,52,123,60.647,21.065,direct,61.256,20.59,7.4077,0.9573,fay_herriot,forms_mnt:h_sd+alt_mean+essence+greco;log,2005-2024,IGN IFN brut (Etalab 2.0) ; FORMS-T (CC-BY 4.0) ; spec 054 lot 3
B43,53CA,1,267.53,7363.2,gvf,208.53,3088.8,26.651,0.55518,fay_herriot,forms_mnt:h_sd+alt_mean+essence+greco;log,2005-2024,IGN IFN brut (Etalab 2.0) ; FORMS-T (CC-BY 4.0) ; spec 054 lot 3
B43,53CO,3,62.018,4690,gvf,118.13,1659.8,34.488,0.095271,fay_herriot,forms_mnt:h_sd+alt_mean+essence+greco;log,2005-2024,IGN IFN brut (Etalab 2.0) ; FORMS-T (CC-BY 4.0) ; spec 054 lot 3
B43,54,69,82.821,72.729,direct,85.037,71.036,9.9113,0.92372,fay_herriot,forms_mnt:h_sd+alt_mean+essence+greco;log,2005-2024,IGN IFN brut (Etalab 2.0) ; FORMS-T (CC-BY 4.0) ; spec 054 lot 3
B43,62,14,47.425,214.7,direct,70.662,276.54,23.534,0.57358,fay_herriot,forms_mnt:h_sd+alt_mean+essence+greco;log,2005-2024,IGN IFN brut (Etalab 2.0) ; FORMS-T (CC-BY 4.0) ; spec 054 lot 3
B43,64,1,103.74,31085,gvf,171.8,3714.8,35.476,0.042558,fay_herriot,forms_mnt:h_sd+alt_mean+essence+greco;log,2005-2024,IGN IFN brut (Etalab 2.0) ; FORMS-T (CC-BY 4.0) ; spec 054 lot 3
B43,65,1,3.9983,14346,gvf,78.46,876.87,37.742,0.00014307,fay_herriot,forms_mnt:h_sd+alt_mean+essence+greco;log,2005-2024,IGN IFN brut (Etalab 2.0) ; FORMS-T (CC-BY 4.0) ; spec 054 lot 3
B43,69JC,8,4.5925,2.2045,gvf,4.0824,0.98366,24.294,0.55125,fay_herriot,forms_mnt:h_sd+alt_mean+essence+greco;log,2005-2024,IGN IFN brut (Etalab 2.0) ; FORMS-T (CC-BY 4.0) ; spec 054 lot 3
B44,02,100,83.379,46.183,direct,83.107,43.666,7.9512,0.95081,fay_herriot,forms_mnt:h_sd+alt_mean+essence+greco;log,2005-2024,IGN IFN brut (Etalab 2.0) ; FORMS-T (CC-BY 4.0) ; spec 054 lot 3
B44,03,129,100.71,61.958,direct,100.46,58.906,7.6395,0.95459,fay_herriot,forms_mnt:h_sd+alt_mean+essence+greco;log,2005-2024,IGN IFN brut (Etalab 2.0) ; FORMS-T (CC-BY 4.0) ; spec 054 lot 3
B44,04,2,88.823,3316.1,gvf,76.317,589.63,31.818,0.23401,fay_herriot,forms_mnt:h_sd+alt_mean+essence+greco;log,2005-2024,IGN IFN brut (Etalab 2.0) ; FORMS-T (CC-BY 4.0) ; spec 054 lot 3
B44,05,34,64.893,150.56,direct,62.022,108.15,16.767,0.7822,fay_herriot,forms_mnt:h_sd+alt_mean+essence+greco;log,2005-2024,IGN IFN brut (Etalab 2.0) ; FORMS-T (CC-BY 4.0) ; spec 054 lot 3
B44,09,5,40.985,1708.9,gvf,70.303,572.19,34.025,0.11207,fay_herriot,forms_mnt:h_sd+alt_mean+essence+greco;log,2005-2024,IGN IFN brut (Etalab 2.0) ; FORMS-T (CC-BY 4.0) ; spec 054 lot 3
B44,10,11,115.92,1071.2,direct,93.921,436.97,22.257,0.61699,fay_herriot,forms_mnt:h_sd+alt_mean+essence+greco;log,2005-2024,IGN IFN brut (Etalab 2.0) ; FORMS-T (CC-BY 4.0) ; spec 054 lot 3
B44,11,63,32.283,28.653,direct,33.489,25.492,15.076,0.82365,fay_herriot,forms_mnt:h_sd+alt_mean+essence+greco;log,2005-2024,IGN IFN brut (Etalab 2.0) ; FORMS-T (CC-BY 4.0) ; spec 054 lot 3
B44,12P,2,75.32,1138.4,gvf,56.55,257.87,28.397,0.39021,fay_herriot,forms_mnt:h_sd+alt_mean+essence+greco;log,2005-2024,IGN IFN brut (Etalab 2.0) ; FORMS-T (CC-BY 4.0) ; spec 054 lot 3
B44,12V,15,23.037,32.462,direct,25.342,26.776,20.419,0.67734,fay_herriot,forms_mnt:h_sd+alt_mean+essence+greco;log,2005-2024,IGN IFN brut (Etalab 2.0) ; FORMS-T (CC-BY 4.0) ; spec 054 lot 3
B44,13G,10,96.266,1152.7,direct,83.641,446.67,25.268,0.50794,fay_herriot,forms_mnt:h_sd+alt_mean+essence+greco;log,2005-2024,IGN IFN brut (Etalab 2.0) ; FORMS-T (CC-BY 4.0) ; spec 054 lot 3
B44,14,35,58.018,185.13,direct,58.656,133.44,19.694,0.70012,fay_herriot,forms_mnt:h_sd+alt_mean+essence+greco;log,2005-2024,IGN IFN brut (Etalab 2.0) ; FORMS-T (CC-BY 4.0) ; spec 054 lot 3
B44,15P,6,20.061,208.38,gvf,28.461,85.911,32.566,0.19871,fay_herriot,forms_mnt:h_sd+alt_mean+essence+greco;log,2005-2024,IGN IFN brut (Etalab 2.0) ; FORMS-T (CC-BY 4.0) ; spec 054 lot 3
B44,15S,19,28.815,60.996,direct,30.845,44.877,21.718,0.63608,fay_herriot,forms_mnt:h_sd+alt_mean+essence+greco;log,2005-2024,IGN IFN brut (Etalab 2.0) ; FORMS-T (CC-BY 4.0) ; spec 054 lot 3
B44,17C,76,91.139,289.71,direct,80.892,180.17,16.593,0.78639,fay_herriot,forms_mnt:h_sd+alt_mean+essence+greco;log,2005-2024,IGN IFN brut (Etalab 2.0) ; FORMS-T (CC-BY 4.0) ; spec 054 lot 3
B44,18C,53,11.232,3.8561,direct,11.742,3.4209,15.751,0.80774,fay_herriot,forms_mnt:h_sd+alt_mean+essence+greco;log,2005-2024,IGN IFN brut (Etalab 2.0) ; FORMS-T (CC-BY 4.0) ; spec 054 lot 3
B44,19,23,133.72,640.6,direct,140.15,553.09,16.78,0.78185,fay_herriot,forms_mnt:h_sd+alt_mean+essence+greco;log,2005-2024,IGN IFN brut (Etalab 2.0) ; FORMS-T (CC-BY 4.0) ; spec 054 lot 3
B44,20P,8,44.361,363.91,gvf,43.941,149.26,27.804,0.40981,fay_herriot,forms_mnt:h_sd+alt_mean+essence+greco;log,2005-2024,IGN IFN brut (Etalab 2.0) ; FORMS-T (CC-BY 4.0) ; spec 054 lot 3
B44,21C,34,17.313,8.1683,direct,18.06,7.3604,15.022,0.82492,fay_herriot,forms_mnt:h_sd+alt_mean+essence+greco;log,2005-2024,IGN IFN brut (Etalab 2.0) ; FORMS-T (CC-BY 4.0) ; spec 054 lot 3
B44,22C,1,1.3165,56.621,gvf,11.629,21.855,40.202,0.0039148,fay_herriot,forms_mnt:h_sd+alt_mean+essence+greco;log,2005-2024,IGN IFN brut (Etalab 2.0) ; FORMS-T (CC-BY 4.0) ; spec 054 lot 3
B44,22M,35,15.124,8.8282,direct,16.628,8.2409,17.264,0.76888,fay_herriot,forms_mnt:h_sd+alt_mean+essence+greco;log,2005-2024,IGN IFN brut (Etalab 2.0) ; FORMS-T (CC-BY 4.0) ; spec 054 lot 3
B44,23C,1,8.122,103.94,gvf,11.205,15.603,35.253,0.075349,fay_herriot,forms_mnt:h_sd+alt_mean+essence+greco;log,2005-2024,IGN IFN brut (Etalab 2.0) ; FORMS-T (CC-BY 4.0) ; spec 054 lot 3
B44,23PC,1,3.0259,57.528,gvf,8.1905,8.7377,36.09,0.020028,fay_herriot,forms_mnt:h_sd+alt_mean+essence+greco;log,2005-2024,IGN IFN brut (Etalab 2.0) ; FORMS-T (CC-BY 4.0) ; spec 054 lot 3
B44,23PD,1,8.3651,113.32,gvf,13.174,22.471,35.981,0.073464,fay_herriot,forms_mnt:h_sd+alt_mean+essence+greco;log,2005-2024,IGN IFN brut (Etalab 2.0) ; FORMS-T (CC-BY 4.0) ; spec 054 lot 3
B44,23PM,2,7.7293,42.431,gvf,8.4022,7.8741,33.397,0.15311,fay_herriot,forms_mnt:h_sd+alt_mean+essence+greco;log,2005-2024,IGN IFN brut (Etalab 2.0) ; FORMS-T (CC-BY 4.0) ; spec 054 lot 3
B44,24,6,95.958,618.65,gvf,75.319,251.97,21.075,0.65649,fay_herriot,forms_mnt:h_sd+alt_mean+essence+greco;log,2005-2024,IGN IFN brut (Etalab 2.0) ; FORMS-T (CC-BY 4.0) ; spec 054 lot 3
B44,25B,4,123.03,1421.6,gvf,89.357,441.06,23.503,0.57756,fay_herriot,forms_mnt:h_sd+alt_mean+essence+greco;log,2005-2024,IGN IFN brut (Etalab 2.0) ; FORMS-T (CC-BY 4.0) ; spec 054 lot 3
B44,25C,1,7.1452,1079.9,gvf,17.863,42.642,36.556,0.0060336,fay_herriot,forms_mnt:h_sd+alt_mean+essence+greco;log,2005-2024,IGN IFN brut (Etalab 2.0) ; FORMS-T (CC-BY 4.0) ; spec 054 lot 3
B44,25FR,1,66.829,6121.7,gvf,61.448,496.83,36.274,0.085654,fay_herriot,forms_mnt:h_sd+alt_mean+essence+greco;log,2005-2024,IGN IFN brut (Etalab 2.0) ; FORMS-T (CC-BY 4.0) ; spec 054 lot 3
B44,25M,7,15.481,64.33,gvf,16.251,23.259,29.677,0.32357,fay_herriot,forms_mnt:h_sd+alt_mean+essence+greco;log,2005-2024,IGN IFN brut (Etalab 2.0) ; FORMS-T (CC-BY 4.0) ; spec 054 lot 3
B44,27C,2,13.701,211.18,gvf,17.599,36.772,34.457,0.10244,fay_herriot,forms_mnt:h_sd+alt_mean+essence+greco;log,2005-2024,IGN IFN brut (Etalab 2.0) ; FORMS-T (CC-BY 4.0) ; spec 054 lot 3
B44,31,20,16.271,20.122,direct,12.623,7.6646,21.933,0.62818,fay_herriot,forms_mnt:h_sd+alt_mean+essence+greco;log,2005-2024,IGN IFN brut (Etalab 2.0) ; FORMS-T (CC-BY 4.0) ; spec 054 lot 3
B44,33G,8,125.27,2669.7,gvf,131.03,1318.6,27.713,0.43014,fay_herriot,forms_mnt:h_sd+alt_mean+essence+greco;log,2005-2024,IGN IFN brut (Etalab 2.0) ; FORMS-T (CC-BY 4.0) ; spec 054 lot 3
B44,38AU,13,4.2741,1.0618,direct,4.7506,0.93595,20.365,0.68839,fay_herriot,forms_mnt:h_sd+alt_mean+essence+greco;log,2005-2024,IGN IFN brut (Etalab 2.0) ; FORMS-T (CC-BY 4.0) ; spec 054 lot 3
B44,39,4,4.732,2.2208,gvf,4.0385,0.96787,24.361,0.5642,fay_herriot,forms_mnt:h_sd+alt_mean+essence+greco;log,2005-2024,IGN IFN brut (Etalab 2.0) ; FORMS-T (CC-BY 4.0) ; spec 054 lot 3
B44,41,12,8.8753,4.1219,direct,9.0552,3.0729,19.359,0.71047,fay_herriot,forms_mnt:h_sd+alt_mean+essence+greco;log,2005-2024,IGN IFN brut (Etalab 2.0) ; FORMS-T (CC-BY 4.0) ; spec 054 lot 3
B44,49AM,34,4.9769,0.87833,direct,4.9723,0.6899,16.705,0.7836,fay_herriot,forms_mnt:h_sd+alt_mean+essence+greco;log,2005-2024,IGN IFN brut (Etalab 2.0) ; FORMS-T (CC-BY 4.0) ; spec 054 lot 3
B44,49EV,2,1.8223,0.49458,gvf,2.3198,0.38418,26.719,0.46298,fay_herriot,forms_mnt:h_sd+alt_mean+essence+greco;log,2005-2024,IGN IFN brut (Etalab 2.0) ; FORMS-T (CC-BY 4.0) ; spec 054 lot 3
B44,49IA,1,1.7389,30.842,gvf,5.6727,4.1973,36.116,0.012432,fay_herriot,forms_mnt:h_sd+alt_mean+essence+greco;log,2005-2024,IGN IFN brut (Etalab 2.0) ; FORMS-T (CC-BY 4.0) ; spec 054 lot 3
B44,49PM,16,11.474,4.7932,direct,9.8689,2.817,17.007,0.7791,fay_herriot,forms_mnt:h_sd+alt_mean+essence+greco;log,2005-2024,IGN IFN brut (Etalab 2.0) ; FORMS-T (CC-BY 4.0) ; spec 054 lot 3
B44,49PS,8,3.3853,7.0416,gvf,5.0922,2.8871,33.368,0.17286,fay_herriot,forms_mnt:h_sd+alt_mean+essence+greco;log,2005-2024,IGN IFN brut (Etalab 2.0) ; FORMS-T (CC-BY 4.0) ; spec 054 lot 3
B44,49RC,6,9.1606,20.947,gvf,8.8233,7.4395,30.913,0.33968,fay_herriot,forms_mnt:h_sd+alt_mean+essence+greco;log,2005-2024,IGN IFN brut (Etalab 2.0) ; FORMS-T (CC-BY 4.0) ; spec 054 lot 3
B44,49SN,6,7.5478,5.1101,gvf,6.1186,2.0041,23.137,0.58873,fay_herriot,forms_mnt:h_sd+alt_mean+essence+greco;log,2005-2024,IGN IFN brut (Etalab 2.0) ; FORMS-T (CC-BY 4.0) ; spec 054 lot 3
B44,52,24,72.564,174.84,direct,73.779,144.18,16.275,0.79454,fay_herriot,forms_mnt:h_sd+alt_mean+essence+greco;log,2005-2024,IGN IFN brut (Etalab 2.0) ; FORMS-T (CC-BY 4.0) ; spec 054 lot 3
B44,53CO,8,107.63,1758.7,gvf,119.1,1001.2,26.567,0.45822,fay_herriot,forms_mnt:h_sd+alt_mean+essence+greco;log,2005-2024,IGN IFN brut (Etalab 2.0) ; FORMS-T (CC-BY 4.0) ; spec 054 lot 3
B44,54,12,128.8,692.87,direct,126.62,510.09,17.837,0.75456,fay_herriot,forms_mnt:h_sd+alt_mean+essence+greco;log,2005-2024,IGN IFN brut (Etalab 2.0) ; FORMS-T (CC-BY 4.0) ; spec 054 lot 3
B44,56,1,54.248,6180.2,gvf,82.856,912.13,36.451,0.05762,fay_herriot,forms_mnt:h_sd+alt_mean+essence+greco;log,2005-2024,IGN IFN brut (Etalab 2.0) ; FORMS-T (CC-BY 4.0) ; spec 054 lot 3
B44,61,1,195.16,12274,gvf,135.9,1729.9,30.606,0.28491,fay_herriot,forms_mnt:h_sd+alt_mean+essence+greco;log,2005-2024,IGN IFN brut (Etalab 2.0) ; FORMS-T (CC-BY 4.0) ; spec 054 lot 3
B44,62,1,27.563,15779,gvf,122.85,1974.6,36.171,0.0061442,fay_herriot,forms_mnt:h_sd+alt_mean+essence+greco;log,2005-2024,IGN IFN brut (Etalab 2.0) ; FORMS-T (CC-BY 4.0) ; spec 054 lot 3
B44,64,6,164.95,5180.9,gvf,173.96,2355.9,27.901,0.40273,fay_herriot,forms_mnt:h_sd+alt_mean+essence+greco;log,2005-2024,IGN IFN brut (Etalab 2.0) ; FORMS-T (CC-BY 4.0) ; spec 054 lot 3
B44,67,2,26.972,114.44,gvf,19.744,28.778,27.171,0.44942,fay_herriot,forms_mnt:h_sd+alt_mean+essence+greco;log,2005-2024,IGN IFN brut (Etalab 2.0) ; FORMS-T (CC-BY 4.0) ; spec 054 lot 3
B44,68TG,1,31.425,13701,gvf,181.1,5888.2,42.37,0.0091698,fay_herriot,forms_mnt:h_sd+alt_mean+essence+greco;log,2005-2024,IGN IFN brut (Etalab 2.0) ; FORMS-T (CC-BY 4.0) ; spec 054 lot 3
B44,69JC,1,1.4954,17.636,gvf,3.5746,1.6982,36.456,0.01602,fay_herriot,forms_mnt:h_sd+alt_mean+essence+greco;log,2005-2024,IGN IFN brut (Etalab 2.0) ; FORMS-T (CC-BY 4.0) ; spec 054 lot 3
B44,71,1,4.4871,2508.9,gvf,57.416,541.56,40.531,0.0010294,fay_herriot,forms_mnt:h_sd+alt_mean+essence+greco;log,2005-2024,IGN IFN brut (Etalab 2.0) ; FORMS-T (CC-BY 4.0) ; spec 054 lot 3
B51,02,744,115.31,10.552,direct,115.08,10.447,2.8086,0.99386,fay_herriot,forms_mnt:h_sd+alt_mean+essence+greco;log,2005-2024,IGN IFN brut (Etalab 2.0) ; FORMS-T (CC-BY 4.0) ; spec 054 lot 3
B51,03,544,139.24,17.446,direct,138.94,17.253,2.9896,0.99304,fay_herriot,forms_mnt:h_sd+alt_mean+essence+greco;log,2005-2024,IGN IFN brut (Etalab 2.0) ; FORMS-T (CC-BY 4.0) ; spec 054 lot 3
B51,04,4,39.691,1658,gvf,72.533,622.23,34.391,0.10874,fay_herriot,forms_mnt:h_sd+alt_mean+essence+greco;log,2005-2024,IGN IFN brut (Etalab 2.0) ; FORMS-T (CC-BY 4.0) ; spec 054 lot 3
B51,05,1,5.5482,4384.1,gvf,56.37,416.81,36.218,0.00090076,fay_herriot,forms_mnt:h_sd+alt_mean+essence+greco;log,2005-2024,IGN IFN brut (Etalab 2.0) ; FORMS-T (CC-BY 4.0) ; spec 054 lot 3
B51,09,135,41.434,13.424,direct,43.048,13.673,8.5897,0.9426,fay_herriot,forms_mnt:h_sd+alt_mean+essence+greco;log,2005-2024,IGN IFN brut (Etalab 2.0) ; FORMS-T (CC-BY 4.0) ; spec 054 lot 3
B51,10,58,55.231,58.474,direct,57.135,54.583,12.931,0.87011,fay_herriot,forms_mnt:h_sd+alt_mean+essence+greco;log,2005-2024,IGN IFN brut (Etalab 2.0) ; FORMS-T (CC-BY 4.0) ; spec 054 lot 3
B51,11,775,49.563,2.8366,direct,49.497,2.8042,3.3832,0.99109,fay_herriot,forms_mnt:h_sd+alt_mean+essence+greco;log,2005-2024,IGN IFN brut (Etalab 2.0) ; FORMS-T (CC-BY 4.0) ; spec 054 lot 3
B51,12P,7,43.77,325.25,gvf,47.451,169.16,27.41,0.43063,fay_herriot,forms_mnt:h_sd+alt_mean+essence+greco;log,2005-2024,IGN IFN brut (Etalab 2.0) ; FORMS-T (CC-BY 4.0) ; spec 054 lot 3
B51,12V,156,32.348,7.0657,direct,32.389,6.7363,8.0133,0.95004,fay_herriot,forms_mnt:h_sd+alt_mean+essence+greco;log,2005-2024,IGN IFN brut (Etalab 2.0) ; FORMS-T (CC-BY 4.0) ; spec 054 lot 3
B51,13B,1,19.081,1378.3,gvf,38.149,212.41,38.204,0.032804,fay_herriot,forms_mnt:h_sd+alt_mean+essence+greco;log,2005-2024,IGN IFN brut (Etalab 2.0) ; FORMS-T (CC-BY 4.0) ; spec 054 lot 3
B51,13C,1,21.973,321.72,gvf,36.086,171.58,36.299,0.16156,fay_herriot,forms_mnt:h_sd+alt_mean+essence+greco;log,2005-2024,IGN IFN brut (Etalab 2.0) ; FORMS-T (CC-BY 4.0) ; spec 054 lot 3
B51,13G,138,59.937,79.87,direct,62.256,73.688,13.789,0.85241,fay_herriot,forms_mnt:h_sd+alt_mean+essence+greco;log,2005-2024,IGN IFN brut (Etalab 2.0) ; FORMS-T (CC-BY 4.0) ; spec 054 lot 3
B51,14,108,66.535,54.82,direct,66.351,49.828,10.639,0.91204,fay_herriot,forms_mnt:h_sd+alt_mean+essence+greco;log,2005-2024,IGN IFN brut (Etalab 2.0) ; FORMS-T (CC-BY 4.0) ; spec 054 lot 3
B51,15P,8,33.414,156.29,gvf,33.333,75.913,26.138,0.47843,fay_herriot,forms_mnt:h_sd+alt_mean+essence+greco;log,2005-2024,IGN IFN brut (Etalab 2.0) ; FORMS-T (CC-BY 4.0) ; spec 054 lot 3
B51,15S,104,31.143,13.44,direct,31.689,12.592,11.198,0.90259,fay_herriot,forms_mnt:h_sd+alt_mean+essence+greco;log,2005-2024,IGN IFN brut (Etalab 2.0) ; FORMS-T (CC-BY 4.0) ; spec 054 lot 3
B51,17C,369,68.023,21.18,direct,67.564,20.188,6.6502,0.96558,fay_herriot,forms_mnt:h_sd+alt_mean+essence+greco;log,2005-2024,IGN IFN brut (Etalab 2.0) ; FORMS-T (CC-BY 4.0) ; spec 054 lot 3
B51,18C,93,11.499,1.9143,direct,11.825,1.8243,11.422,0.89867,fay_herriot,forms_mnt:h_sd+alt_mean+essence+greco;log,2005-2024,IGN IFN brut (Etalab 2.0) ; FORMS-T (CC-BY 4.0) ; spec 054 lot 3
B51,18D,5,35.059,210.82,gvf,40.733,137.68,28.806,0.42812,fay_herriot,forms_mnt:h_sd+alt_mean+essence+greco;log,2005-2024,IGN IFN brut (Etalab 2.0) ; FORMS-T (CC-BY 4.0) ; spec 054 lot 3
B51,19,185,136.92,102.86,direct,138.39,100.88,7.2576,0.95902,fay_herriot,forms_mnt:h_sd+alt_mean+essence+greco;log,2005-2024,IGN IFN brut (Etalab 2.0) ; FORMS-T (CC-BY 4.0) ; spec 054 lot 3
B51,20G,25,34.837,93.665,direct,39.011,74.411,22.112,0.62458,fay_herriot,forms_mnt:h_sd+alt_mean+essence+greco;log,2005-2024,IGN IFN brut (Etalab 2.0) ; FORMS-T (CC-BY 4.0) ; spec 054 lot 3
B51,20P,111,46.291,21.917,direct,46.326,20.383,9.7456,0.92622,fay_herriot,forms_mnt:h_sd+alt_mean+essence+greco;log,2005-2024,IGN IFN brut (Etalab 2.0) ; FORMS-T (CC-BY 4.0) ; spec 054 lot 3
B51,21C,85,26.082,11.564,direct,25.782,10.003,12.267,0.88309,fay_herriot,forms_mnt:h_sd+alt_mean+essence+greco;log,2005-2024,IGN IFN brut (Etalab 2.0) ; FORMS-T (CC-BY 4.0) ; spec 054 lot 3
B51,22C,1,2.7252,56.621,gvf,12.253,23.892,39.891,0.016564,fay_herriot,forms_mnt:h_sd+alt_mean+essence+greco;log,2005-2024,IGN IFN brut (Etalab 2.0) ; FORMS-T (CC-BY 4.0) ; spec 054 lot 3
B51,22M,107,24.899,5.1314,direct,24.87,4.815,8.8231,0.93944,fay_herriot,forms_mnt:h_sd+alt_mean+essence+greco;log,2005-2024,IGN IFN brut (Etalab 2.0) ; FORMS-T (CC-BY 4.0) ; spec 054 lot 3
B51,23AB,1,21.435,257.6,gvf,12.391,16.558,32.839,0.18635,fay_herriot,forms_mnt:h_sd+alt_mean+essence+greco;log,2005-2024,IGN IFN brut (Etalab 2.0) ; FORMS-T (CC-BY 4.0) ; spec 054 lot 3
B51,23C,3,18.32,34.648,gvf,15.353,13.801,24.196,0.55432,fay_herriot,forms_mnt:h_sd+alt_mean+essence+greco;log,2005-2024,IGN IFN brut (Etalab 2.0) ; FORMS-T (CC-BY 4.0) ; spec 054 lot 3
B51,23PC,15,12.392,10.909,direct,11.039,5.6464,21.527,0.64381,fay_herriot,forms_mnt:h_sd+alt_mean+essence+greco;log,2005-2024,IGN IFN brut (Etalab 2.0) ; FORMS-T (CC-BY 4.0) ; spec 054 lot 3
B51,23PD,2,3.6736,56.66,gvf,14.046,26.843,36.886,0.029676,fay_herriot,forms_mnt:h_sd+alt_mean+essence+greco;log,2005-2024,IGN IFN brut (Etalab 2.0) ; FORMS-T (CC-BY 4.0) ; spec 054 lot 3
B51,23PM,21,6.6837,0.77084,direct,6.9362,0.73457,12.357,0.88154,fay_herriot,forms_mnt:h_sd+alt_mean+essence+greco;log,2005-2024,IGN IFN brut (Etalab 2.0) ; FORMS-T (CC-BY 4.0) ; spec 054 lot 3
B51,24,215,48.085,13.564,direct,48.2,13.046,7.4935,0.95631,fay_herriot,forms_mnt:h_sd+alt_mean+essence+greco;log,2005-2024,IGN IFN brut (Etalab 2.0) ; FORMS-T (CC-BY 4.0) ; spec 054 lot 3
B51,25B,28,44.278,98.409,direct,48.635,86.405,19.113,0.71895,fay_herriot,forms_mnt:h_sd+alt_mean+essence+greco;log,2005-2024,IGN IFN brut (Etalab 2.0) ; FORMS-T (CC-BY 4.0) ; spec 054 lot 3
B51,25C,13,10.926,10.411,direct,13.738,9.9941,23.012,0.59552,fay_herriot,forms_mnt:h_sd+alt_mean+essence+greco;log,2005-2024,IGN IFN brut (Etalab 2.0) ; FORMS-T (CC-BY 4.0) ; spec 054 lot 3
B51,25FR,5,31.839,1224.3,gvf,60.967,482.79,36.04,0.096097,fay_herriot,forms_mnt:h_sd+alt_mean+essence+greco;log,2005-2024,IGN IFN brut (Etalab 2.0) ; FORMS-T (CC-BY 4.0) ; spec 054 lot 3
B51,25M,89,11.379,1.2637,direct,11.746,1.2532,9.5311,0.92936,fay_herriot,forms_mnt:h_sd+alt_mean+essence+greco;log,2005-2024,IGN IFN brut (Etalab 2.0) ; FORMS-T (CC-BY 4.0) ; spec 054 lot 3
B51,27C,7,21.425,60.338,gvf,20.377,27.439,25.706,0.49414,fay_herriot,forms_mnt:h_sd+alt_mean+essence+greco;log,2005-2024,IGN IFN brut (Etalab 2.0) ; FORMS-T (CC-BY 4.0) ; spec 054 lot 3
B51,27N,1,8.0314,681.64,gvf,42.18,290.13,40.383,0.012005,fay_herriot,forms_mnt:h_sd+alt_mean+essence+greco;log,2005-2024,IGN IFN brut (Etalab 2.0) ; FORMS-T (CC-BY 4.0) ; spec 054 lot 3
B51,29AF,4,1.2328,6.3586,gvf,6.5745,5.9633,37.144,0.029776,fay_herriot,forms_mnt:h_sd+alt_mean+essence+greco;log,2005-2024,IGN IFN brut (Etalab 2.0) ; FORMS-T (CC-BY 4.0) ; spec 054 lot 3
B51,29EN,5,18.65,154.43,gvf,32.393,117.56,33.472,0.22432,fay_herriot,forms_mnt:h_sd+alt_mean+essence+greco;log,2005-2024,IGN IFN brut (Etalab 2.0) ; FORMS-T (CC-BY 4.0) ; spec 054 lot 3
B51,29MA,3,67.063,2652.4,gvf,69.762,619.19,35.669,0.17879,fay_herriot,forms_mnt:h_sd+alt_mean+essence+greco;log,2005-2024,IGN IFN brut (Etalab 2.0) ; FORMS-T (CC-BY 4.0) ; spec 054 lot 3
B51,31,123,6.2053,0.54692,direct,6.4256,0.52911,11.32,0.9004,fay_herriot,forms_mnt:h_sd+alt_mean+essence+greco;log,2005-2024,IGN IFN brut (Etalab 2.0) ; FORMS-T (CC-BY 4.0) ; spec 054 lot 3
B51,332G,5,44.478,3114.9,gvf,139.92,2790.1,37.751,0.0754,fay_herriot,forms_mnt:h_sd+alt_mean+essence+greco;log,2005-2024,IGN IFN brut (Etalab 2.0) ; FORMS-T (CC-BY 4.0) ; spec 054 lot 3
B51,33B,1,130.93,29031,gvf,136.4,2747,38.425,0.070474,fay_herriot,forms_mnt:h_sd+alt_mean+essence+greco;log,2005-2024,IGN IFN brut (Etalab 2.0) ; FORMS-T (CC-BY 4.0) ; spec 054 lot 3
B51,33G,15,104.55,504.59,direct,114.05,451.84,18.638,0.73557,fay_herriot,forms_mnt:h_sd+alt_mean+essence+greco;log,2005-2024,IGN IFN brut (Etalab 2.0) ; FORMS-T (CC-BY 4.0) ; spec 054 lot 3
B51,33N,3,61.087,2723.2,gvf,95.318,1026.9,33.619,0.14962,fay_herriot,forms_mnt:h_sd+alt_mean+essence+greco;log,2005-2024,IGN IFN brut (Etalab 2.0) ; FORMS-T (CC-BY 4.0) ; spec 054 lot 3
B51,38AU,1,0.80836,57.331,gvf,6.4095,5.8755,37.818,0.0014614,fay_herriot,forms_mnt:h_sd+alt_mean+essence+greco;log,2005-2024,IGN IFN brut (Etalab 2.0) ; FORMS-T (CC-BY 4.0) ; spec 054 lot 3
B51,41,40,10.785,2.2686,direct,10.705,1.9475,13.036,0.86813,fay_herriot,forms_mnt:h_sd+alt_mean+essence+greco;log,2005-2024,IGN IFN brut (Etalab 2.0) ; FORMS-T (CC-BY 4.0) ; spec 054 lot 3
B51,49AE,2,1.2055,9.1827,gvf,5.4232,4.9599,41.065,0.019916,fay_herriot,forms_mnt:h_sd+alt_mean+essence+greco;log,2005-2024,IGN IFN brut (Etalab 2.0) ; FORMS-T (CC-BY 4.0) ; spec 054 lot 3
B51,49AM,69,3.8006,0.22165,direct,3.9387,0.21309,11.72,0.89325,fay_herriot,forms_mnt:h_sd+alt_mean+essence+greco;log,2005-2024,IGN IFN brut (Etalab 2.0) ; FORMS-T (CC-BY 4.0) ; spec 054 lot 3
B51,49BO,3,1.0599,0.19355,gvf,1.7294,0.22748,27.578,0.42701,fay_herriot,forms_mnt:h_sd+alt_mean+essence+greco;log,2005-2024,IGN IFN brut (Etalab 2.0) ; FORMS-T (CC-BY 4.0) ; spec 054 lot 3
B51,49EV,1,2.2862,0.98916,gvf,2.7202,0.58812,28.192,0.40423,fay_herriot,forms_mnt:h_sd+alt_mean+essence+greco;log,2005-2024,IGN IFN brut (Etalab 2.0) ; FORMS-T (CC-BY 4.0) ; spec 054 lot 3
B51,49IA,5,1.9775,6.1685,gvf,5.663,3.9091,34.913,0.075274,fay_herriot,forms_mnt:h_sd+alt_mean+essence+greco;log,2005-2024,IGN IFN brut (Etalab 2.0) ; FORMS-T (CC-BY 4.0) ; spec 054 lot 3
B51,49PM,1,22.162,42.406,gvf,13.292,9.4477,23.124,0.59794,fay_herriot,forms_mnt:h_sd+alt_mean+essence+greco;log,2005-2024,IGN IFN brut (Etalab 2.0) ; FORMS-T (CC-BY 4.0) ; spec 054 lot 3
B51,49PS,8,7.4557,7.0416,gvf,6.6612,2.9122,25.619,0.50339,fay_herriot,forms_mnt:h_sd+alt_mean+essence+greco;log,2005-2024,IGN IFN brut (Etalab 2.0) ; FORMS-T (CC-BY 4.0) ; spec 054 lot 3
B51,49SN,9,3.2273,3.4068,gvf,4.3267,1.7662,30.716,0.2819,fay_herriot,forms_mnt:h_sd+alt_mean+essence+greco;log,2005-2024,IGN IFN brut (Etalab 2.0) ; FORMS-T (CC-BY 4.0) ; spec 054 lot 3
B51,51,3,65.527,5227.5,gvf,110.91,1466.6,34.53,0.095406,fay_herriot,forms_mnt:h_sd+alt_mean+essence+greco;log,2005-2024,IGN IFN brut (Etalab 2.0) ; FORMS-T (CC-BY 4.0) ; spec 054 lot 3
B51,52,66,87.395,145.59,direct,86.989,125.91,12.899,0.87074,fay_herriot,forms_mnt:h_sd+alt_mean+essence+greco;log,2005-2024,IGN IFN brut (Etalab 2.0) ; FORMS-T (CC-BY 4.0) ; spec 054 lot 3
B51,53CO,2,25.119,7035,gvf,136.34,2419.7,36.078,0.011385,fay_herriot,forms_mnt:h_sd+alt_mean+essence+greco;log,2005-2024,IGN IFN brut (Etalab 2.0) ; FORMS-T (CC-BY 4.0) ; spec 054 lot 3
B51,54,6,78.357,1583.4,gvf,109.16,1047.2,29.645,0.33239,fay_herriot,forms_mnt:h_sd+alt_mean+essence+greco;log,2005-2024,IGN IFN brut (Etalab 2.0) ; FORMS-T (CC-BY 4.0) ; spec 054 lot 3
B51,56,1,43.412,6180.2,gvf,88.6,1066.6,36.862,0.037679,fay_herriot,forms_mnt:h_sd+alt_mean+essence+greco;log,2005-2024,IGN IFN brut (Etalab 2.0) ; FORMS-T (CC-BY 4.0) ; spec 054 lot 3
B51,61,7,37.943,1753.5,gvf,112.42,1504.5,34.502,0.095371,fay_herriot,forms_mnt:h_sd+alt_mean+essence+greco;log,2005-2024,IGN IFN brut (Etalab 2.0) ; FORMS-T (CC-BY 4.0) ; spec 054 lot 3
B51,62,48,66.249,119.07,direct,74.799,125.9,15.001,0.82557,fay_herriot,forms_mnt:h_sd+alt_mean+essence+greco;log,2005-2024,IGN IFN brut (Etalab 2.0) ; FORMS-T (CC-BY 4.0) ; spec 054 lot 3
B51,63,2,26.811,5602,gvf,116.11,1793.9,36.479,0.016209,fay_herriot,forms_mnt:h_sd+alt_mean+essence+greco;log,2005-2024,IGN IFN brut (Etalab 2.0) ; FORMS-T (CC-BY 4.0) ; spec 054 lot 3
B51,64,18,101.05,296.65,direct,113.89,308.74,15.428,0.8155,fay_herriot,forms_mnt:h_sd+alt_mean+essence+greco;log,2005-2024,IGN IFN brut (Etalab 2.0) ; FORMS-T (CC-BY 4.0) ; spec 054 lot 3
B51,68CL,1,22.852,6502.1,gvf,85.224,1201.6,40.674,0.010208,fay_herriot,forms_mnt:h_sd+alt_mean+essence+greco;log,2005-2024,IGN IFN brut (Etalab 2.0) ; FORMS-T (CC-BY 4.0) ; spec 054 lot 3
B51,72V,2,28.496,12220,gvf,133.61,2530.2,37.649,0.0084601,fay_herriot,forms_mnt:h_sd+alt_mean+essence+greco;log,2005-2024,IGN IFN brut (Etalab 2.0) ; FORMS-T (CC-BY 4.0) ; spec 054 lot 3
B51,73,2,27.594,11272,gvf,200.83,5490.6,36.896,0.0085992,fay_herriot,forms_mnt:h_sd+alt_mean+essence+greco;log,2005-2024,IGN IFN brut (Etalab 2.0) ; FORMS-T (CC-BY 4.0) ; spec 054 lot 3
B52,02,422,96.138,13.957,direct,95.954,13.745,3.8638,0.98838,fay_herriot,forms_mnt:h_sd+alt_mean+essence+greco;log,2005-2024,IGN IFN brut (Etalab 2.0) ; FORMS-T (CC-BY 4.0) ; spec 054 lot 3
B52,03,760,143.95,13.599,direct,143.68,13.481,2.5554,0.99491,fay_herriot,forms_mnt:h_sd+alt_mean+essence+greco;log,2005-2024,IGN IFN brut (Etalab 2.0) ; FORMS-T (CC-BY 4.0) ; spec 054 lot 3
B52,04,4,50.582,1658,gvf,71.138,559.44,33.249,0.16537,fay_herriot,forms_mnt:h_sd+alt_mean+essence+greco;log,2005-2024,IGN IFN brut (Etalab 2.0) ; FORMS-T (CC-BY 4.0) ; spec 054 lot 3
B52,05,6,21.914,730.68,gvf,51.259,317.62,34.768,0.077822,fay_herriot,forms_mnt:h_sd+alt_mean+essence+greco;log,2005-2024,IGN IFN brut (Etalab 2.0) ; FORMS-T (CC-BY 4.0) ; spec 054 lot 3
B52,09,153,46.899,17.206,direct,48.311,17.228,8.5915,0.94258,fay_herriot,forms_mnt:h_sd+alt_mean+essence+greco;log,2005-2024,IGN IFN brut (Etalab 2.0) ; FORMS-T (CC-BY 4.0) ; spec 054 lot 3
B52,10,87,60.762,83.43,direct,62.049,74.196,13.882,0.85035,fay_herriot,forms_mnt:h_sd+alt_mean+essence+greco;log,2005-2024,IGN IFN brut (Etalab 2.0) ; FORMS-T (CC-BY 4.0) ; spec 054 lot 3
B52,11,707,46.277,3.5396,direct,46.213,3.4859,4.0401,0.98729,fay_herriot,forms_mnt:h_sd+alt_mean+essence+greco;log,2005-2024,IGN IFN brut (Etalab 2.0) ; FORMS-T (CC-BY 4.0) ; spec 054 lot 3
B52,12P,6,18.579,379.46,gvf,44.414,236.53,34.627,0.10459,fay_herriot,forms_mnt:h_sd+alt_mean+essence+greco;log,2005-2024,IGN IFN brut (Etalab 2.0) ; FORMS-T (CC-BY 4.0) ; spec 054 lot 3
B52,12V,120,29.519,7.6798,direct,29.693,7.2806,9.0873,0.93577,fay_herriot,forms_mnt:h_sd+alt_mean+essence+greco;log,2005-2024,IGN IFN brut (Etalab 2.0) ; FORMS-T (CC-BY 4.0) ; spec 054 lot 3
B52,13G,14,65.082,267.53,direct,68.369,199.29,20.649,0.67029,fay_herriot,forms_mnt:h_sd+alt_mean+essence+greco;log,2005-2024,IGN IFN brut (Etalab 2.0) ; FORMS-T (CC-BY 4.0) ; spec 054 lot 3
B52,14,115,84.684,54.223,direct,83.292,49.605,8.4559,0.94439,fay_herriot,forms_mnt:h_sd+alt_mean+essence+greco;log,2005-2024,IGN IFN brut (Etalab 2.0) ; FORMS-T (CC-BY 4.0) ; spec 054 lot 3
B52,15P,4,34.147,312.57,gvf,32.973,96.841,29.845,0.32387,fay_herriot,forms_mnt:h_sd+alt_mean+essence+greco;log,2005-2024,IGN IFN brut (Etalab 2.0) ; FORMS-T (CC-BY 4.0) ; spec 054 lot 3
B52,15S,28,29.784,51.89,direct,31.685,40.668,20.127,0.68703,fay_herriot,forms_mnt:h_sd+alt_mean+essence+greco;log,2005-2024,IGN IFN brut (Etalab 2.0) ; FORMS-T (CC-BY 4.0) ; spec 054 lot 3
B52,17C,132,51.797,40.915,direct,52.075,37.035,11.686,0.89384,fay_herriot,forms_mnt:h_sd+alt_mean+essence+greco;log,2005-2024,IGN IFN brut (Etalab 2.0) ; FORMS-T (CC-BY 4.0) ; spec 054 lot 3
B52,18C,39,14.469,7.8803,direct,14.54,6.189,17.11,0.77332,fay_herriot,forms_mnt:h_sd+alt_mean+essence+greco;log,2005-2024,IGN IFN brut (Etalab 2.0) ; FORMS-T (CC-BY 4.0) ; spec 054 lot 3
B52,18M,1,12.274,333.11,gvf,18.811,46.71,36.333,0.054885,fay_herriot,forms_mnt:h_sd+alt_mean+essence+greco;log,2005-2024,IGN IFN brut (Etalab 2.0) ; FORMS-T (CC-BY 4.0) ; spec 054 lot 3
B52,19,39,155,576.64,direct,157.75,505.06,14.246,0.84252,fay_herriot,forms_mnt:h_sd+alt_mean+essence+greco;log,2005-2024,IGN IFN brut (Etalab 2.0) ; FORMS-T (CC-BY 4.0) ; spec 054 lot 3
B52,20G,6,26.765,1016.8,gvf,43.9,234.64,34.892,0.082959,fay_herriot,forms_mnt:h_sd+alt_mean+essence+greco;log,2005-2024,IGN IFN brut (Etalab 2.0) ; FORMS-T (CC-BY 4.0) ; spec 054 lot 3
B52,20P,4,24.259,727.82,gvf,42.971,221.21,34.612,0.094061,fay_herriot,forms_mnt:h_sd+alt_mean+essence+greco;log,2005-2024,IGN IFN brut (Etalab 2.0) ; FORMS-T (CC-BY 4.0) ; spec 054 lot 3
B52,21C,96,28.866,36.34,direct,27.258,24.318,18.091,0.74646,fay_herriot,forms_mnt:h_sd+alt_mean+essence+greco;log,2005-2024,IGN IFN brut (Etalab 2.0) ; FORMS-T (CC-BY 4.0) ; spec 054 lot 3
B52,21O,2,15.487,256.72,gvf,20.644,52.147,34.981,0.10711,fay_herriot,forms_mnt:h_sd+alt_mean+essence+greco;log,2005-2024,IGN IFN brut (Etalab 2.0) ; FORMS-T (CC-BY 4.0) ; spec 054 lot 3
B52,22M,113,33.544,16.69,direct,32.375,13.964,11.542,0.89644,fay_herriot,forms_mnt:h_sd+alt_mean+essence+greco;log,2005-2024,IGN IFN brut (Etalab 2.0) ; FORMS-T (CC-BY 4.0) ; spec 054 lot 3
B52,23AB,9,11.259,28.622,gvf,10.87,9.918,28.972,0.36254,fay_herriot,forms_mnt:h_sd+alt_mean+essence+greco;log,2005-2024,IGN IFN brut (Etalab 2.0) ; FORMS-T (CC-BY 4.0) ; spec 054 lot 3
B52,23AF,1,7.2976,132.62,gvf,14.94,28.09,35.476,0.049031,fay_herriot,forms_mnt:h_sd+alt_mean+essence+greco;log,2005-2024,IGN IFN brut (Etalab 2.0) ; FORMS-T (CC-BY 4.0) ; spec 054 lot 3
B52,23C,6,11.585,17.324,gvf,11.799,9.1926,25.697,0.4987,fay_herriot,forms_mnt:h_sd+alt_mean+essence+greco;log,2005-2024,IGN IFN brut (Etalab 2.0) ; FORMS-T (CC-BY 4.0) ; spec 054 lot 3
B52,23PC,7,9.295,8.2182,gvf,9.051,4.5466,23.558,0.57445,fay_herriot,forms_mnt:h_sd+alt_mean+essence+greco;log,2005-2024,IGN IFN brut (Etalab 2.0) ; FORMS-T (CC-BY 4.0) ; spec 054 lot 3
B52,23PM,15,14.704,16.36,direct,12.212,7.182,21.946,0.6292,fay_herriot,forms_mnt:h_sd+alt_mean+essence+greco;log,2005-2024,IGN IFN brut (Etalab 2.0) ; FORMS-T (CC-BY 4.0) ; spec 054 lot 3
B52,24,121,38.35,18.008,direct,39.214,17.22,10.582,0.91295,fay_herriot,forms_mnt:h_sd+alt_mean+essence+greco;log,2005-2024,IGN IFN brut (Etalab 2.0) ; FORMS-T (CC-BY 4.0) ; spec 054 lot 3
B52,25B,4,43.063,1421.6,gvf,57.443,376.04,33.758,0.14347,fay_herriot,forms_mnt:h_sd+alt_mean+essence+greco;log,2005-2024,IGN IFN brut (Etalab 2.0) ; FORMS-T (CC-BY 4.0) ; spec 054 lot 3
B52,25C,3,14.095,359.97,gvf,18.412,42.444,35.384,0.066175,fay_herriot,forms_mnt:h_sd+alt_mean+essence+greco;log,2005-2024,IGN IFN brut (Etalab 2.0) ; FORMS-T (CC-BY 4.0) ; spec 054 lot 3
B52,25FR,1,19.25,6121.7,gvf,63.102,573.61,37.955,0.0077123,fay_herriot,forms_mnt:h_sd+alt_mean+essence+greco;log,2005-2024,IGN IFN brut (Etalab 2.0) ; FORMS-T (CC-BY 4.0) ; spec 054 lot 3
B52,25M,36,15.809,10.194,direct,16.173,8.1386,17.639,0.75893,fay_herriot,forms_mnt:h_sd+alt_mean+essence+greco;log,2005-2024,IGN IFN brut (Etalab 2.0) ; FORMS-T (CC-BY 4.0) ; spec 054 lot 3
B52,27C,5,3.3949,84.473,gvf,18.365,43.952,36.099,0.017217,fay_herriot,forms_mnt:h_sd+alt_mean+essence+greco;log,2005-2024,IGN IFN brut (Etalab 2.0) ; FORMS-T (CC-BY 4.0) ; spec 054 lot 3
B52,27N,1,63.513,681.64,gvf,50.183,214.02,29.152,0.43178,fay_herriot,forms_mnt:h_sd+alt_mean+essence+greco;log,2005-2024,IGN IFN brut (Etalab 2.0) ; FORMS-T (CC-BY 4.0) ; spec 054 lot 3
B52,29AF,1,2.8183,25.435,gvf,6.5241,5.8145,36.961,0.038553,fay_herriot,forms_mnt:h_sd+alt_mean+essence+greco;log,2005-2024,IGN IFN brut (Etalab 2.0) ; FORMS-T (CC-BY 4.0) ; spec 054 lot 3
B52,31,43,8.0959,3.1737,direct,8.2274,2.3933,18.803,0.72616,fay_herriot,forms_mnt:h_sd+alt_mean+essence+greco;log,2005-2024,IGN IFN brut (Etalab 2.0) ; FORMS-T (CC-BY 4.0) ; spec 054 lot 3
B52,332G,1,191.5,15574,gvf,158.57,2892.5,33.918,0.23215,fay_herriot,forms_mnt:h_sd+alt_mean+essence+greco;log,2005-2024,IGN IFN brut (Etalab 2.0) ; FORMS-T (CC-BY 4.0) ; spec 054 lot 3
B52,33B,1,33.511,29031,gvf,132.48,2811.4,40.021,0.0049423,fay_herriot,forms_mnt:h_sd+alt_mean+essence+greco;log,2005-2024,IGN IFN brut (Etalab 2.0) ; FORMS-T (CC-BY 4.0) ; spec 054 lot 3
B52,33G,3,86.223,7119.1,gvf,133.53,2172.1,34.902,0.11823,fay_herriot,forms_mnt:h_sd+alt_mean+essence+greco;log,2005-2024,IGN IFN brut (Etalab 2.0) ; FORMS-T (CC-BY 4.0) ; spec 054 lot 3
B52,33N,3,49.747,2723.2,gvf,93.374,1039.4,34.528,0.10449,fay_herriot,forms_mnt:h_sd+alt_mean+essence+greco;log,2005-2024,IGN IFN brut (Etalab 2.0) ; FORMS-T (CC-BY 4.0) ; spec 054 lot 3
B52,38AU,3,4.4577,19.11,gvf,6.021,4.5263,35.335,0.11779,fay_herriot,forms_mnt:h_sd+alt_mean+essence+greco;log,2005-2024,IGN IFN brut (Etalab 2.0) ; FORMS-T (CC-BY 4.0) ; spec 054 lot 3
B52,39,2,1.4639,4.4416,gvf,3.2692,1.4598,36.957,0.058335,fay_herriot,forms_mnt:h_sd+alt_mean+essence+greco;log,2005-2024,IGN IFN brut (Etalab 2.0) ; FORMS-T (CC-BY 4.0) ; spec 054 lot 3
B52,41,58,8.9439,1.4535,direct,9.0613,1.3115,12.638,0.87603,fay_herriot,forms_mnt:h_sd+alt_mean+essence+greco;log,2005-2024,IGN IFN brut (Etalab 2.0) ; FORMS-T (CC-BY 4.0) ; spec 054 lot 3
B52,49AM,55,5.2741,0.68087,direct,5.2584,0.57023,14.361,0.83989,fay_herriot,forms_mnt:h_sd+alt_mean+essence+greco;log,2005-2024,IGN IFN brut (Etalab 2.0) ; FORMS-T (CC-BY 4.0) ; spec 054 lot 3
B52,49IA,6,1.7788,5.1404,gvf,5.5012,3.6973,34.954,0.073247,fay_herriot,forms_mnt:h_sd+alt_mean+essence+greco;log,2005-2024,IGN IFN brut (Etalab 2.0) ; FORMS-T (CC-BY 4.0) ; spec 054 lot 3
B52,49PC,1,5.9698,435.74,gvf,15.349,30.89,36.21,0.010393,fay_herriot,forms_mnt:h_sd+alt_mean+essence+greco;log,2005-2024,IGN IFN brut (Etalab 2.0) ; FORMS-T (CC-BY 4.0) ; spec 054 lot 3
B52,49PM,11,6.9292,4.4653,direct,6.5493,2.3998,23.653,0.57995,fay_herriot,forms_mnt:h_sd+alt_mean+essence+greco;log,2005-2024,IGN IFN brut (Etalab 2.0) ; FORMS-T (CC-BY 4.0) ; spec 054 lot 3
B52,49PS,2,0.92566,28.166,gvf,5.7519,4.4754,36.779,0.003891,fay_herriot,forms_mnt:h_sd+alt_mean+essence+greco;log,2005-2024,IGN IFN brut (Etalab 2.0) ; FORMS-T (CC-BY 4.0) ; spec 054 lot 3
B52,49SN,5,9.652,6.1322,gvf,7.5809,2.529,20.978,0.6611,fay_herriot,forms_mnt:h_sd+alt_mean+essence+greco;log,2005-2024,IGN IFN brut (Etalab 2.0) ; FORMS-T (CC-BY 4.0) ; spec 054 lot 3
B52,51,1,166.07,15682,gvf,122.44,1608.1,32.752,0.18422,fay_herriot,forms_mnt:h_sd+alt_mean+essence+greco;log,2005-2024,IGN IFN brut (Etalab 2.0) ; FORMS-T (CC-BY 4.0) ; spec 054 lot 3
B52,52,73,68.365,49.583,direct,69.332,47.174,9.9064,0.92368,fay_herriot,forms_mnt:h_sd+alt_mean+essence+greco;log,2005-2024,IGN IFN brut (Etalab 2.0) ; FORMS-T (CC-BY 4.0) ; spec 054 lot 3
B52,53CO,9,160.23,1563.3,gvf,151.83,960.5,20.413,0.67831,fay_herriot,forms_mnt:h_sd+alt_mean+essence+greco;log,2005-2024,IGN IFN brut (Etalab 2.0) ; FORMS-T (CC-BY 4.0) ; spec 054 lot 3
B52,54,13,97.102,766.61,direct,107.26,581.28,22.477,0.61229,fay_herriot,forms_mnt:h_sd+alt_mean+essence+greco;log,2005-2024,IGN IFN brut (Etalab 2.0) ; FORMS-T (CC-BY 4.0) ; spec 054 lot 3
B52,61,12,87.777,1742.6,direct,108.8,986.82,28.874,0.36213,fay_herriot,forms_mnt:h_sd+alt_mean+essence+greco;log,2005-2024,IGN IFN brut (Etalab 2.0) ; FORMS-T (CC-BY 4.0) ; spec 054 lot 3
B52,62,23,99.432,418.53,direct,106.17,361.22,17.902,0.75206,fay_herriot,forms_mnt:h_sd+alt_mean+essence+greco;log,2005-2024,IGN IFN brut (Etalab 2.0) ; FORMS-T (CC-BY 4.0) ; spec 054 lot 3
B52,64,50,189.22,480.53,direct,189.14,435.76,11.037,0.90537,fay_herriot,forms_mnt:h_sd+alt_mean+essence+greco;log,2005-2024,IGN IFN brut (Etalab 2.0) ; FORMS-T (CC-BY 4.0) ; spec 054 lot 3
B52,72V,4,27.666,6110.1,gvf,128.76,2331,37.497,0.01583,fay_herriot,forms_mnt:h_sd+alt_mean+essence+greco;log,2005-2024,IGN IFN brut (Etalab 2.0) ; FORMS-T (CC-BY 4.0) ; spec 054 lot 3
B52,73,1,8.4415,22543,gvf,198.93,5435.8,37.061,0.00040572,fay_herriot,forms_mnt:h_sd+alt_mean+essence+greco;log,2005-2024,IGN IFN brut (Etalab 2.0) ; FORMS-T (CC-BY 4.0) ; spec 054 lot 3
B53,02,484,90.483,10.724,direct,90.426,10.604,3.6012,0.9899,fay_herriot,forms_mnt:h_sd+alt_mean+essence+greco;log,2005-2024,IGN IFN brut (Etalab 2.0) ; FORMS-T (CC-BY 4.0) ; spec 054 lot 3
B53,03,764,153.17,14.017,direct,152.9,13.903,2.4387,0.99537,fay_herriot,forms_mnt:h_sd+alt_mean+essence+greco;log,2005-2024,IGN IFN brut (Etalab 2.0) ; FORMS-T (CC-BY 4.0) ; spec 054 lot 3
B53,04,10,85.381,437.17,direct,83.426,288.04,20.344,0.68165,fay_herriot,forms_mnt:h_sd+alt_mean+essence+greco;log,2005-2024,IGN IFN brut (Etalab 2.0) ; FORMS-T (CC-BY 4.0) ; spec 054 lot 3
B53,05,6,36.168,730.68,gvf,52.684,295.24,32.614,0.18691,fay_herriot,forms_mnt:h_sd+alt_mean+essence+greco;log,2005-2024,IGN IFN brut (Etalab 2.0) ; FORMS-T (CC-BY 4.0) ; spec 054 lot 3
B53,09,335,48.583,6.2643,direct,49.1,6.2714,5.1003,0.97975,fay_herriot,forms_mnt:h_sd+alt_mean+essence+greco;log,2005-2024,IGN IFN brut (Etalab 2.0) ; FORMS-T (CC-BY 4.0) ; spec 054 lot 3
B53,10,117,55.551,37.183,direct,56.862,35.676,10.504,0.91421,fay_herriot,forms_mnt:h_sd+alt_mean+essence+greco;log,2005-2024,IGN IFN brut (Etalab 2.0) ; FORMS-T (CC-BY 4.0) ; spec 054 lot 3
B53,11,645,46.049,4.3625,direct,46.004,4.2869,4.5006,0.98423,fay_herriot,forms_mnt:h_sd+alt_mean+essence+greco;log,2005-2024,IGN IFN brut (Etalab 2.0) ; FORMS-T (CC-BY 4.0) ; spec 054 lot 3
B53,12P,5,89.402,455.35,gvf,75.369,227.55,20.015,0.69267,fay_herriot,forms_mnt:h_sd+alt_mean+essence+greco;log,2005-2024,IGN IFN brut (Etalab 2.0) ; FORMS-T (CC-BY 4.0) ; spec 054 lot 3
B53,12V,122,28.007,7.1159,direct,28.353,6.8205,9.211,0.93401,fay_herriot,forms_mnt:h_sd+alt_mean+essence+greco;log,2005-2024,IGN IFN brut (Etalab 2.0) ; FORMS-T (CC-BY 4.0) ; spec 054 lot 3
B53,13G,20,94.258,606.23,direct,88.588,352.29,21.187,0.653,fay_herriot,forms_mnt:h_sd+alt_mean+essence+greco;log,2005-2024,IGN IFN brut (Etalab 2.0) ; FORMS-T (CC-BY 4.0) ; spec 054 lot 3
B53,14,32,49.84,71.509,direct,52.407,64.872,15.369,0.81686,fay_herriot,forms_mnt:h_sd+alt_mean+essence+greco;log,2005-2024,IGN IFN brut (Etalab 2.0) ; FORMS-T (CC-BY 4.0) ; spec 054 lot 3
B53,15P,5,13.576,250.06,gvf,31.255,118.56,34.838,0.086464,fay_herriot,forms_mnt:h_sd+alt_mean+essence+greco;log,2005-2024,IGN IFN brut (Etalab 2.0) ; FORMS-T (CC-BY 4.0) ; spec 054 lot 3
B53,15S,6,37.72,528.91,gvf,37.821,139.02,31.175,0.25674,fay_herriot,forms_mnt:h_sd+alt_mean+essence+greco;log,2005-2024,IGN IFN brut (Etalab 2.0) ; FORMS-T (CC-BY 4.0) ; spec 054 lot 3
B53,17C,79,67.274,81.138,direct,65.896,68.462,12.556,0.87748,fay_herriot,forms_mnt:h_sd+alt_mean+essence+greco;log,2005-2024,IGN IFN brut (Etalab 2.0) ; FORMS-T (CC-BY 4.0) ; spec 054 lot 3
B53,18C,26,16.891,34.261,direct,16.163,16.407,25.062,0.51673,fay_herriot,forms_mnt:h_sd+alt_mean+essence+greco;log,2005-2024,IGN IFN brut (Etalab 2.0) ; FORMS-T (CC-BY 4.0) ; spec 054 lot 3
B53,19,12,182.67,1963.9,direct,182.06,1347.5,20.163,0.6857,fay_herriot,forms_mnt:h_sd+alt_mean+essence+greco;log,2005-2024,IGN IFN brut (Etalab 2.0) ; FORMS-T (CC-BY 4.0) ; spec 054 lot 3
B53,20P,5,26.497,582.25,gvf,43.976,221.18,33.819,0.13407,fay_herriot,forms_mnt:h_sd+alt_mean+essence+greco;log,2005-2024,IGN IFN brut (Etalab 2.0) ; FORMS-T (CC-BY 4.0) ; spec 054 lot 3
B53,21C,96,20.309,6.8614,direct,20.703,6.3283,12.151,0.8853,fay_herriot,forms_mnt:h_sd+alt_mean+essence+greco;log,2005-2024,IGN IFN brut (Etalab 2.0) ; FORMS-T (CC-BY 4.0) ; spec 054 lot 3
B53,22C,1,10.77,56.621,gvf,12.332,18.708,35.073,0.20827,fay_herriot,forms_mnt:h_sd+alt_mean+essence+greco;log,2005-2024,IGN IFN brut (Etalab 2.0) ; FORMS-T (CC-BY 4.0) ; spec 054 lot 3
B53,22M,90,24.853,8.0908,direct,24.852,7.3538,10.912,0.90743,fay_herriot,forms_mnt:h_sd+alt_mean+essence+greco;log,2005-2024,IGN IFN brut (Etalab 2.0) ; FORMS-T (CC-BY 4.0) ; spec 054 lot 3
B53,23AB,2,30.227,128.8,gvf,17.906,22,26.194,0.47668,fay_herriot,forms_mnt:h_sd+alt_mean+essence+greco;log,2005-2024,IGN IFN brut (Etalab 2.0) ; FORMS-T (CC-BY 4.0) ; spec 054 lot 3
B53,23C,5,16.179,20.789,gvf,14.675,10.778,22.372,0.61784,fay_herriot,forms_mnt:h_sd+alt_mean+essence+greco;log,2005-2024,IGN IFN brut (Etalab 2.0) ; FORMS-T (CC-BY 4.0) ; spec 054 lot 3
B53,23PC,15,5.2059,0.99391,direct,5.8947,0.99949,16.96,0.77784,fay_herriot,forms_mnt:h_sd+alt_mean+essence+greco;log,2005-2024,IGN IFN brut (Etalab 2.0) ; FORMS-T (CC-BY 4.0) ; spec 054 lot 3
B53,23PM,19,11.45,7.0456,direct,10.767,4.4324,19.554,0.70495,fay_herriot,forms_mnt:h_sd+alt_mean+essence+greco;log,2005-2024,IGN IFN brut (Etalab 2.0) ; FORMS-T (CC-BY 4.0) ; spec 054 lot 3
B53,23SO,1,11.651,29.409,gvf,10.98,10.012,28.818,0.37211,fay_herriot,forms_mnt:h_sd+alt_mean+essence+greco;log,2005-2024,IGN IFN brut (Etalab 2.0) ; FORMS-T (CC-BY 4.0) ; spec 054 lot 3
B53,24,151,59.099,23.194,direct,58.71,21.786,7.9502,0.95083,fay_herriot,forms_mnt:h_sd+alt_mean+essence+greco;log,2005-2024,IGN IFN brut (Etalab 2.0) ; FORMS-T (CC-BY 4.0) ; spec 054 lot 3
B53,25B,4,137.5,1421.6,gvf,102.99,511.12,21.951,0.63067,fay_herriot,forms_mnt:h_sd+alt_mean+essence+greco;log,2005-2024,IGN IFN brut (Etalab 2.0) ; FORMS-T (CC-BY 4.0) ; spec 054 lot 3
B53,25C,12,8.7514,6.4236,direct,12.028,7.4813,22.74,0.60488,fay_herriot,forms_mnt:h_sd+alt_mean+essence+greco;log,2005-2024,IGN IFN brut (Etalab 2.0) ; FORMS-T (CC-BY 4.0) ; spec 054 lot 3
B53,25M,38,13.428,6.2372,direct,14.31,5.6059,16.546,0.78777,fay_herriot,forms_mnt:h_sd+alt_mean+essence+greco;log,2005-2024,IGN IFN brut (Etalab 2.0) ; FORMS-T (CC-BY 4.0) ; spec 054 lot 3
B53,25R,2,9.3858,127.82,gvf,24.6,76.803,35.625,0.081298,fay_herriot,forms_mnt:h_sd+alt_mean+essence+greco;log,2005-2024,IGN IFN brut (Etalab 2.0) ; FORMS-T (CC-BY 4.0) ; spec 054 lot 3
B53,27C,7,21.785,60.338,gvf,20.738,27.945,25.491,0.50248,fay_herriot,forms_mnt:h_sd+alt_mean+essence+greco;log,2005-2024,IGN IFN brut (Etalab 2.0) ; FORMS-T (CC-BY 4.0) ; spec 054 lot 3
B53,27N,1,10.829,681.64,gvf,42.465,290.65,40.147,0.021612,fay_herriot,forms_mnt:h_sd+alt_mean+essence+greco;log,2005-2024,IGN IFN brut (Etalab 2.0) ; FORMS-T (CC-BY 4.0) ; spec 054 lot 3
B53,29AF,2,1.4854,12.717,gvf,6.8035,6.4445,37.313,0.021793,fay_herriot,forms_mnt:h_sd+alt_mean+essence+greco;log,2005-2024,IGN IFN brut (Etalab 2.0) ; FORMS-T (CC-BY 4.0) ; spec 054 lot 3
B53,29MA,3,13.499,2652.4,gvf,70.518,790.58,39.872,0.0087439,fay_herriot,forms_mnt:h_sd+alt_mean+essence+greco;log,2005-2024,IGN IFN brut (Etalab 2.0) ; FORMS-T (CC-BY 4.0) ; spec 054 lot 3
B53,31,30,6.4834,1.7781,direct,7.0239,1.5777,17.883,0.7522,fay_herriot,forms_mnt:h_sd+alt_mean+essence+greco;log,2005-2024,IGN IFN brut (Etalab 2.0) ; FORMS-T (CC-BY 4.0) ; spec 054 lot 3
B53,33G,2,59.984,10679,gvf,142.28,2697.3,36.502,0.04147,fay_herriot,forms_mnt:h_sd+alt_mean+essence+greco;log,2005-2024,IGN IFN brut (Etalab 2.0) ; FORMS-T (CC-BY 4.0) ; spec 054 lot 3
B53,33N,5,79.892,1633.9,gvf,95.732,805.55,29.648,0.33404,fay_herriot,forms_mnt:h_sd+alt_mean+essence+greco;log,2005-2024,IGN IFN brut (Etalab 2.0) ; FORMS-T (CC-BY 4.0) ; spec 054 lot 3
B53,38AU,1,1.484,57.331,gvf,6.4903,6.0031,37.75,0.0049079,fay_herriot,forms_mnt:h_sd+alt_mean+essence+greco;log,2005-2024,IGN IFN brut (Etalab 2.0) ; FORMS-T (CC-BY 4.0) ; spec 054 lot 3
B53,41,50,8.1936,0.90293,direct,8.3782,0.85686,11.048,0.90519,fay_herriot,forms_mnt:h_sd+alt_mean+essence+greco;log,2005-2024,IGN IFN brut (Etalab 2.0) ; FORMS-T (CC-BY 4.0) ; spec 054 lot 3
B53,49AM,47,4.7943,0.50432,direct,4.8782,0.44721,13.709,0.85406,fay_herriot,forms_mnt:h_sd+alt_mean+essence+greco;log,2005-2024,IGN IFN brut (Etalab 2.0) ; FORMS-T (CC-BY 4.0) ; spec 054 lot 3
B53,49EV,1,3.0217,0.98916,gvf,3.0629,0.56786,24.603,0.54239,fay_herriot,forms_mnt:h_sd+alt_mean+essence+greco;log,2005-2024,IGN IFN brut (Etalab 2.0) ; FORMS-T (CC-BY 4.0) ; spec 054 lot 3
B53,49IA,12,2.4564,0.35654,direct,3.3009,0.44516,20.213,0.68483,fay_herriot,forms_mnt:h_sd+alt_mean+essence+greco;log,2005-2024,IGN IFN brut (Etalab 2.0) ; FORMS-T (CC-BY 4.0) ; spec 054 lot 3
B53,49PM,2,3.1899,21.203,gvf,6.0739,4.8323,36.192,0.058045,fay_herriot,forms_mnt:h_sd+alt_mean+essence+greco;log,2005-2024,IGN IFN brut (Etalab 2.0) ; FORMS-T (CC-BY 4.0) ; spec 054 lot 3
B53,49PS,6,2.6245,9.3888,gvf,5.6241,3.9091,35.155,0.086093,fay_herriot,forms_mnt:h_sd+alt_mean+essence+greco;log,2005-2024,IGN IFN brut (Etalab 2.0) ; FORMS-T (CC-BY 4.0) ; spec 054 lot 3
B53,49RC,4,2.3708,31.42,gvf,9.1424,12.457,38.605,0.022453,fay_herriot,forms_mnt:h_sd+alt_mean+essence+greco;log,2005-2024,IGN IFN brut (Etalab 2.0) ; FORMS-T (CC-BY 4.0) ; spec 054 lot 3
B53,49SN,6,5.7602,5.1101,gvf,5.2953,1.9987,26.698,0.45466,fay_herriot,forms_mnt:h_sd+alt_mean+essence+greco;log,2005-2024,IGN IFN brut (Etalab 2.0) ; FORMS-T (CC-BY 4.0) ; spec 054 lot 3
B53,52,27,139.51,700.79,direct,125.4,444.04,16.804,0.781,fay_herriot,forms_mnt:h_sd+alt_mean+essence+greco;log,2005-2024,IGN IFN brut (Etalab 2.0) ; FORMS-T (CC-BY 4.0) ; spec 054 lot 3
B53,53CA,1,54.041,7363.2,gvf,161.6,4850.2,43.095,0.04846,fay_herriot,forms_mnt:h_sd+alt_mean+essence+greco;log,2005-2024,IGN IFN brut (Etalab 2.0) ; FORMS-T (CC-BY 4.0) ; spec 054 lot 3
B53,53CO,16,139.88,839.31,direct,140.26,636.85,17.993,0.7496,fay_herriot,forms_mnt:h_sd+alt_mean+essence+greco;log,2005-2024,IGN IFN brut (Etalab 2.0) ; FORMS-T (CC-BY 4.0) ; spec 054 lot 3
B53,54,3,142.47,3166.9,gvf,136.02,1330.5,26.817,0.45146,fay_herriot,forms_mnt:h_sd+alt_mean+essence+greco;log,2005-2024,IGN IFN brut (Etalab 2.0) ; FORMS-T (CC-BY 4.0) ; spec 054 lot 3
B53,56,1,36.803,6180.2,gvf,90.338,1122.1,37.08,0.027371,fay_herriot,forms_mnt:h_sd+alt_mean+essence+greco;log,2005-2024,IGN IFN brut (Etalab 2.0) ; FORMS-T (CC-BY 4.0) ; spec 054 lot 3
B53,61,3,119.1,4091.5,gvf,125.32,1422.4,30.095,0.30803,fay_herriot,forms_mnt:h_sd+alt_mean+essence+greco;log,2005-2024,IGN IFN brut (Etalab 2.0) ; FORMS-T (CC-BY 4.0) ; spec 054 lot 3
B53,62,15,146.17,1643.2,direct,141.92,978.37,22.04,0.6254,fay_herriot,forms_mnt:h_sd+alt_mean+essence+greco;log,2005-2024,IGN IFN brut (Etalab 2.0) ; FORMS-T (CC-BY 4.0) ; spec 054 lot 3
B53,64,62,233.14,437.47,direct,230.8,404.07,8.7094,0.94102,fay_herriot,forms_mnt:h_sd+alt_mean+essence+greco;log,2005-2024,IGN IFN brut (Etalab 2.0) ; FORMS-T (CC-BY 4.0) ; spec 054 lot 3
B53,67,1,24.885,228.87,gvf,18.49,34.505,31.77,0.25784,fay_herriot,forms_mnt:h_sd+alt_mean+essence+greco;log,2005-2024,IGN IFN brut (Etalab 2.0) ; FORMS-T (CC-BY 4.0) ; spec 054 lot 3
B53,69JC,1,12.952,17.636,gvf,7.589,3.4103,24.334,0.54982,fay_herriot,forms_mnt:h_sd+alt_mean+essence+greco;log,2005-2024,IGN IFN brut (Etalab 2.0) ; FORMS-T (CC-BY 4.0) ; spec 054 lot 3
B53,72V,3,62.694,8146.8,gvf,131.49,2315.9,36.598,0.058336,fay_herriot,forms_mnt:h_sd+alt_mean+essence+greco;log,2005-2024,IGN IFN brut (Etalab 2.0) ; FORMS-T (CC-BY 4.0) ; spec 054 lot 3
B53,73,1,300.96,22543,gvf,235.7,4925.5,29.776,0.34033,fay_herriot,forms_mnt:h_sd+alt_mean+essence+greco;log,2005-2024,IGN IFN brut (Etalab 2.0) ; FORMS-T (CC-BY 4.0) ; spec 054 lot 3
B61,02,485,85.566,14.842,direct,85.491,14.59,4.4679,0.98446,fay_herriot,forms_mnt:h_sd+alt_mean+essence+greco;log,2005-2024,IGN IFN brut (Etalab 2.0) ; FORMS-T (CC-BY 4.0) ; spec 054 lot 3
B61,03,284,110.58,42.269,direct,110.26,40.94,5.803,0.97379,fay_herriot,forms_mnt:h_sd+alt_mean+essence+greco;log,2005-2024,IGN IFN brut (Etalab 2.0) ; FORMS-T (CC-BY 4.0) ; spec 054 lot 3
B61,04,10,52.228,196.22,direct,59.612,166.12,21.621,0.64094,fay_herriot,forms_mnt:h_sd+alt_mean+essence+greco;log,2005-2024,IGN IFN brut (Etalab 2.0) ; FORMS-T (CC-BY 4.0) ; spec 054 lot 3
B61,05,30,33.539,44.033,direct,37.586,42.62,17.369,0.76637,fay_herriot,forms_mnt:h_sd+alt_mean+essence+greco;log,2005-2024,IGN IFN brut (Etalab 2.0) ; FORMS-T (CC-BY 4.0) ; spec 054 lot 3
B61,07,88,49.17,43.555,direct,48.319,37.298,12.639,0.87696,fay_herriot,forms_mnt:h_sd+alt_mean+essence+greco;log,2005-2024,IGN IFN brut (Etalab 2.0) ; FORMS-T (CC-BY 4.0) ; spec 054 lot 3
B61,09,33,41.863,39.014,direct,45.892,40.068,13.793,0.85224,fay_herriot,forms_mnt:h_sd+alt_mean+essence+greco;log,2005-2024,IGN IFN brut (Etalab 2.0) ; FORMS-T (CC-BY 4.0) ; spec 054 lot 3
B61,10,445,90.303,23.61,direct,89.778,22.831,5.3222,0.97795,fay_herriot,forms_mnt:h_sd+alt_mean+essence+greco;log,2005-2024,IGN IFN brut (Etalab 2.0) ; FORMS-T (CC-BY 4.0) ; spec 054 lot 3
B61,11,60,36.063,33.805,direct,36.877,29.502,14.729,0.83165,fay_herriot,forms_mnt:h_sd+alt_mean+essence+greco;log,2005-2024,IGN IFN brut (Etalab 2.0) ; FORMS-T (CC-BY 4.0) ; spec 054 lot 3
B61,12P,4,26.24,569.19,gvf,44.868,233.05,34.024,0.13444,fay_herriot,forms_mnt:h_sd+alt_mean+essence+greco;log,2005-2024,IGN IFN brut (Etalab 2.0) ; FORMS-T (CC-BY 4.0) ; spec 054 lot 3
B61,12V,218,24.462,3.9951,direct,24.792,3.9046,7.9704,0.95057,fay_herriot,forms_mnt:h_sd+alt_mean+essence+greco;log,2005-2024,IGN IFN brut (Etalab 2.0) ; FORMS-T (CC-BY 4.0) ; spec 054 lot 3
B61,13C,1,45.068,321.72,gvf,41.247,138.5,28.531,0.44771,fay_herriot,forms_mnt:h_sd+alt_mean+essence+greco;log,2005-2024,IGN IFN brut (Etalab 2.0) ; FORMS-T (CC-BY 4.0) ; spec 054 lot 3
B61,13G,23,76.895,343.46,direct,76.282,234.29,20.066,0.68853,fay_herriot,forms_mnt:h_sd+alt_mean+essence+greco;log,2005-2024,IGN IFN brut (Etalab 2.0) ; FORMS-T (CC-BY 4.0) ; spec 054 lot 3
B61,14,38,53.876,131.04,direct,55.96,105.25,18.332,0.73988,fay_herriot,forms_mnt:h_sd+alt_mean+essence+greco;log,2005-2024,IGN IFN brut (Etalab 2.0) ; FORMS-T (CC-BY 4.0) ; spec 054 lot 3
B61,15P,3,116.83,416.76,gvf,91.182,206.66,15.766,0.80788,fay_herriot,forms_mnt:h_sd+alt_mean+essence+greco;log,2005-2024,IGN IFN brut (Etalab 2.0) ; FORMS-T (CC-BY 4.0) ; spec 054 lot 3
B61,15S,8,21.137,396.69,gvf,33.651,129.75,33.849,0.12635,fay_herriot,forms_mnt:h_sd+alt_mean+essence+greco;log,2005-2024,IGN IFN brut (Etalab 2.0) ; FORMS-T (CC-BY 4.0) ; spec 054 lot 3
B61,17C,58,40.05,39.931,direct,42.045,36.967,14.461,0.83761,fay_herriot,forms_mnt:h_sd+alt_mean+essence+greco;log,2005-2024,IGN IFN brut (Etalab 2.0) ; FORMS-T (CC-BY 4.0) ; spec 054 lot 3
B61,17O,17,50.196,103.64,direct,50.031,79.219,17.79,0.75738,fay_herriot,forms_mnt:h_sd+alt_mean+essence+greco;log,2005-2024,IGN IFN brut (Etalab 2.0) ; FORMS-T (CC-BY 4.0) ; spec 054 lot 3
B61,18C,29,14.008,12.787,direct,14.224,8.8205,20.88,0.66335,fay_herriot,forms_mnt:h_sd+alt_mean+essence+greco;log,2005-2024,IGN IFN brut (Etalab 2.0) ; FORMS-T (CC-BY 4.0) ; spec 054 lot 3
B61,18D,1,12.119,1054.1,gvf,43.075,286.16,39.272,0.017575,fay_herriot,forms_mnt:h_sd+alt_mean+essence+greco;log,2005-2024,IGN IFN brut (Etalab 2.0) ; FORMS-T (CC-BY 4.0) ; spec 054 lot 3
B61,19,218,162.13,84.914,direct,162.36,83.116,5.615,0.97546,fay_herriot,forms_mnt:h_sd+alt_mean+essence+greco;log,2005-2024,IGN IFN brut (Etalab 2.0) ; FORMS-T (CC-BY 4.0) ; spec 054 lot 3
B61,20G,3,146.37,2033.6,gvf,89.103,440.34,23.551,0.57496,fay_herriot,forms_mnt:h_sd+alt_mean+essence+greco;log,2005-2024,IGN IFN brut (Etalab 2.0) ; FORMS-T (CC-BY 4.0) ; spec 054 lot 3
B61,20P,7,41.669,415.89,gvf,43.949,164.99,29.227,0.34899,fay_herriot,forms_mnt:h_sd+alt_mean+essence+greco;log,2005-2024,IGN IFN brut (Etalab 2.0) ; FORMS-T (CC-BY 4.0) ; spec 054 lot 3
B61,21C,38,26.101,26.292,direct,25.307,19.097,17.268,0.7689,fay_herriot,forms_mnt:h_sd+alt_mean+essence+greco;log,2005-2024,IGN IFN brut (Etalab 2.0) ; FORMS-T (CC-BY 4.0) ; spec 054 lot 3
B61,22M,51,21.762,25.651,direct,22.296,19.041,19.571,0.70332,fay_herriot,forms_mnt:h_sd+alt_mean+essence+greco;log,2005-2024,IGN IFN brut (Etalab 2.0) ; FORMS-T (CC-BY 4.0) ; spec 054 lot 3
B61,23C,3,16.099,34.648,gvf,13.808,12.817,25.926,0.48991,fay_herriot,forms_mnt:h_sd+alt_mean+essence+greco;log,2005-2024,IGN IFN brut (Etalab 2.0) ; FORMS-T (CC-BY 4.0) ; spec 054 lot 3
B61,23PC,6,6.1593,9.5879,gvf,7.7206,5.1975,29.529,0.3369,fay_herriot,forms_mnt:h_sd+alt_mean+essence+greco;log,2005-2024,IGN IFN brut (Etalab 2.0) ; FORMS-T (CC-BY 4.0) ; spec 054 lot 3
B61,23PD,1,38.578,113.32,gvf,26.557,34.919,22.251,0.62775,fay_herriot,forms_mnt:h_sd+alt_mean+essence+greco;log,2005-2024,IGN IFN brut (Etalab 2.0) ; FORMS-T (CC-BY 4.0) ; spec 054 lot 3
B61,23PM,9,6.4789,9.4292,gvf,7.8935,5.1898,28.861,0.36371,fay_herriot,forms_mnt:h_sd+alt_mean+essence+greco;log,2005-2024,IGN IFN brut (Etalab 2.0) ; FORMS-T (CC-BY 4.0) ; spec 054 lot 3
B61,23SO,3,7.276,9.803,gvf,8.8196,6.0668,27.927,0.40948,fay_herriot,forms_mnt:h_sd+alt_mean+essence+greco;log,2005-2024,IGN IFN brut (Etalab 2.0) ; FORMS-T (CC-BY 4.0) ; spec 054 lot 3
B61,24,90,60.731,72.336,direct,59.047,59.482,13.061,0.8675,fay_herriot,forms_mnt:h_sd+alt_mean+essence+greco;log,2005-2024,IGN IFN brut (Etalab 2.0) ; FORMS-T (CC-BY 4.0) ; spec 054 lot 3
B61,25B,6,81.078,947.73,gvf,69.011,330.8,26.355,0.47108,fay_herriot,forms_mnt:h_sd+alt_mean+essence+greco;log,2005-2024,IGN IFN brut (Etalab 2.0) ; FORMS-T (CC-BY 4.0) ; spec 054 lot 3
B61,25C,5,10.143,215.98,gvf,17.969,40.81,35.551,0.057637,fay_herriot,forms_mnt:h_sd+alt_mean+essence+greco;log,2005-2024,IGN IFN brut (Etalab 2.0) ; FORMS-T (CC-BY 4.0) ; spec 054 lot 3
B61,25FR,1,8.7915,6121.7,gvf,62.959,574.91,38.084,0.0016185,fay_herriot,forms_mnt:h_sd+alt_mean+essence+greco;log,2005-2024,IGN IFN brut (Etalab 2.0) ; FORMS-T (CC-BY 4.0) ; spec 054 lot 3
B61,25M,54,27.286,24.22,direct,24.865,16.117,16.145,0.79787,fay_herriot,forms_mnt:h_sd+alt_mean+essence+greco;log,2005-2024,IGN IFN brut (Etalab 2.0) ; FORMS-T (CC-BY 4.0) ; spec 054 lot 3
B61,25R,4,11.646,63.912,gvf,21.541,49.865,32.782,0.21414,fay_herriot,forms_mnt:h_sd+alt_mean+essence+greco;log,2005-2024,IGN IFN brut (Etalab 2.0) ; FORMS-T (CC-BY 4.0) ; spec 054 lot 3
B61,26E,1,257.43,19802,gvf,205.17,4407.4,32.357,0.30056,fay_herriot,forms_mnt:h_sd+alt_mean+essence+greco;log,2005-2024,IGN IFN brut (Etalab 2.0) ; FORMS-T (CC-BY 4.0) ; spec 054 lot 3
B61,27C,9,19.094,46.929,gvf,18.926,23.421,25.571,0.49939,fay_herriot,forms_mnt:h_sd+alt_mean+essence+greco;log,2005-2024,IGN IFN brut (Etalab 2.0) ; FORMS-T (CC-BY 4.0) ; spec 054 lot 3
B61,27N,3,18.615,227.21,gvf,36.476,177.42,36.517,0.16376,fay_herriot,forms_mnt:h_sd+alt_mean+essence+greco;log,2005-2024,IGN IFN brut (Etalab 2.0) ; FORMS-T (CC-BY 4.0) ; spec 054 lot 3
B61,29AF,3,2.14,8.4782,gvf,6.2146,5.1187,36.405,0.06486,fay_herriot,forms_mnt:h_sd+alt_mean+essence+greco;log,2005-2024,IGN IFN brut (Etalab 2.0) ; FORMS-T (CC-BY 4.0) ; spec 054 lot 3
B61,29MA,1,41.875,7957.3,gvf,67.129,700.31,39.422,0.027517,fay_herriot,forms_mnt:h_sd+alt_mean+essence+greco;log,2005-2024,IGN IFN brut (Etalab 2.0) ; FORMS-T (CC-BY 4.0) ; spec 054 lot 3
B61,31,49,8.287,2.1839,direct,8.3318,1.7766,15.998,0.80149,fay_herriot,forms_mnt:h_sd+alt_mean+essence+greco;log,2005-2024,IGN IFN brut (Etalab 2.0) ; FORMS-T (CC-BY 4.0) ; spec 054 lot 3
B61,332G,2,26.71,7787.2,gvf,145.6,3266.7,39.255,0.011627,fay_herriot,forms_mnt:h_sd+alt_mean+essence+greco;log,2005-2024,IGN IFN brut (Etalab 2.0) ; FORMS-T (CC-BY 4.0) ; spec 054 lot 3
B61,33B,1,68.014,29031,gvf,130.54,2679.7,39.657,0.02005,fay_herriot,forms_mnt:h_sd+alt_mean+essence+greco;log,2005-2024,IGN IFN brut (Etalab 2.0) ; FORMS-T (CC-BY 4.0) ; spec 054 lot 3
B61,33N,4,103.33,2042.4,gvf,101.12,805.24,28.062,0.40166,fay_herriot,forms_mnt:h_sd+alt_mean+essence+greco;log,2005-2024,IGN IFN brut (Etalab 2.0) ; FORMS-T (CC-BY 4.0) ; spec 054 lot 3
B61,34,6,33.758,1295.1,gvf,111.88,1710.1,36.963,0.10152,fay_herriot,forms_mnt:h_sd+alt_mean+essence+greco;log,2005-2024,IGN IFN brut (Etalab 2.0) ; FORMS-T (CC-BY 4.0) ; spec 054 lot 3
B61,41,62,12.071,2.2664,direct,11.809,1.9406,11.796,0.89195,fay_herriot,forms_mnt:h_sd+alt_mean+essence+greco;log,2005-2024,IGN IFN brut (Etalab 2.0) ; FORMS-T (CC-BY 4.0) ; spec 054 lot 3
B61,49AE,1,1.2941,18.365,gvf,5.3174,4.82,41.288,0.011573,fay_herriot,forms_mnt:h_sd+alt_mean+essence+greco;log,2005-2024,IGN IFN brut (Etalab 2.0) ; FORMS-T (CC-BY 4.0) ; spec 054 lot 3
B61,49AM,37,5.3116,0.72254,direct,5.2816,0.59755,14.636,0.83371,fay_herriot,forms_mnt:h_sd+alt_mean+essence+greco;log,2005-2024,IGN IFN brut (Etalab 2.0) ; FORMS-T (CC-BY 4.0) ; spec 054 lot 3
B61,49EV,1,4.5767,0.98916,gvf,4.0703,0.5822,18.746,0.73111,fay_herriot,forms_mnt:h_sd+alt_mean+essence+greco;log,2005-2024,IGN IFN brut (Etalab 2.0) ; FORMS-T (CC-BY 4.0) ; spec 054 lot 3
B61,49IA,26,3.8875,0.93812,direct,4.4695,0.84418,20.557,0.6741,fay_herriot,forms_mnt:h_sd+alt_mean+essence+greco;log,2005-2024,IGN IFN brut (Etalab 2.0) ; FORMS-T (CC-BY 4.0) ; spec 054 lot 3
B61,49PS,10,4.8343,3.0805,direct,5.2761,1.8647,25.881,0.49345,fay_herriot,forms_mnt:h_sd+alt_mean+essence+greco;log,2005-2024,IGN IFN brut (Etalab 2.0) ; FORMS-T (CC-BY 4.0) ; spec 054 lot 3
B61,49RC,1,15.313,125.68,gvf,9.9432,11.827,34.587,0.19327,fay_herriot,forms_mnt:h_sd+alt_mean+essence+greco;log,2005-2024,IGN IFN brut (Etalab 2.0) ; FORMS-T (CC-BY 4.0) ; spec 054 lot 3
B61,49SN,6,3.4131,5.1101,gvf,4.3669,1.9415,31.908,0.22643,fay_herriot,forms_mnt:h_sd+alt_mean+essence+greco;log,2005-2024,IGN IFN brut (Etalab 2.0) ; FORMS-T (CC-BY 4.0) ; spec 054 lot 3
B61,51,499,174.54,31.523,direct,173.94,31.064,3.2042,0.99201,fay_herriot,forms_mnt:h_sd+alt_mean+essence+greco;log,2005-2024,IGN IFN brut (Etalab 2.0) ; FORMS-T (CC-BY 4.0) ; spec 054 lot 3
B61,52,164,72.049,55.203,direct,72.732,52.028,9.9174,0.92352,fay_herriot,forms_mnt:h_sd+alt_mean+essence+greco;log,2005-2024,IGN IFN brut (Etalab 2.0) ; FORMS-T (CC-BY 4.0) ; spec 054 lot 3
B61,53CO,98,124.86,76.179,direct,125.2,73.86,6.8643,0.96334,fay_herriot,forms_mnt:h_sd+alt_mean+essence+greco;log,2005-2024,IGN IFN brut (Etalab 2.0) ; FORMS-T (CC-BY 4.0) ; spec 054 lot 3
B61,54,2,81.18,4750.3,gvf,116.69,1531.1,33.532,0.1512,fay_herriot,forms_mnt:h_sd+alt_mean+essence+greco;log,2005-2024,IGN IFN brut (Etalab 2.0) ; FORMS-T (CC-BY 4.0) ; spec 054 lot 3
B61,61,5,42.058,2454.9,gvf,111.38,1494.8,34.713,0.084686,fay_herriot,forms_mnt:h_sd+alt_mean+essence+greco;log,2005-2024,IGN IFN brut (Etalab 2.0) ; FORMS-T (CC-BY 4.0) ; spec 054 lot 3
B61,62,3,58.779,5259.8,gvf,120.87,1770.5,34.81,0.077783,fay_herriot,forms_mnt:h_sd+alt_mean+essence+greco;log,2005-2024,IGN IFN brut (Etalab 2.0) ; FORMS-T (CC-BY 4.0) ; spec 054 lot 3
B61,64,25,123.18,453.78,direct,133.26,432.88,15.613,0.81109,fay_herriot,forms_mnt:h_sd+alt_mean+essence+greco;log,2005-2024,IGN IFN brut (Etalab 2.0) ; FORMS-T (CC-BY 4.0) ; spec 054 lot 3
B61,68CE,1,204.79,2315.7,gvf,155.88,1098.6,21.262,0.6993,fay_herriot,forms_mnt:h_sd+alt_mean+essence+greco;log,2005-2024,IGN IFN brut (Etalab 2.0) ; FORMS-T (CC-BY 4.0) ; spec 054 lot 3
B61,71,1,23.959,2508.9,gvf,58.106,536.12,39.849,0.02854,fay_herriot,forms_mnt:h_sd+alt_mean+essence+greco;log,2005-2024,IGN IFN brut (Etalab 2.0) ; FORMS-T (CC-BY 4.0) ; spec 054 lot 3
B61,72V,3,21.281,8146.8,gvf,129.22,2370.9,37.683,0.0070873,fay_herriot,forms_mnt:h_sd+alt_mean+essence+greco;log,2005-2024,IGN IFN brut (Etalab 2.0) ; FORMS-T (CC-BY 4.0) ; spec 054 lot 3
B61,73,1,1.9394,22543,gvf,197.52,5361.5,37.07,2.1424e-05,fay_herriot,forms_mnt:h_sd+alt_mean+essence+greco;log,2005-2024,IGN IFN brut (Etalab 2.0) ; FORMS-T (CC-BY 4.0) ; spec 054 lot 3
B61,74J,1,186.9,22039,gvf,182.61,3882.5,34.121,0.16911,fay_herriot,forms_mnt:h_sd+alt_mean+essence+greco;log,2005-2024,IGN IFN brut (Etalab 2.0) ; FORMS-T (CC-BY 4.0) ; spec 054 lot 3
B62,02,689,89.349,8.631,direct,89.271,8.5455,3.2746,0.99165,fay_herriot,forms_mnt:h_sd+alt_mean+essence+greco;log,2005-2024,IGN IFN brut (Etalab 2.0) ; FORMS-T (CC-BY 4.0) ; spec 054 lot 3
B62,03,755,138.53,15.822,direct,138.23,15.655,2.8623,0.99362,fay_herriot,forms_mnt:h_sd+alt_mean+essence+greco;log,2005-2024,IGN IFN brut (Etalab 2.0) ; FORMS-T (CC-BY 4.0) ; spec 054 lot 3
B62,04,13,49.51,392.89,direct,62.461,284.06,26.983,0.44479,fay_herriot,forms_mnt:h_sd+alt_mean+essence+greco;log,2005-2024,IGN IFN brut (Etalab 2.0) ; FORMS-T (CC-BY 4.0) ; spec 054 lot 3
B62,05,164,62.531,32.485,direct,62.007,30.046,8.84,0.93923,fay_herriot,forms_mnt:h_sd+alt_mean+essence+greco;log,2005-2024,IGN IFN brut (Etalab 2.0) ; FORMS-T (CC-BY 4.0) ; spec 054 lot 3
B62,09,71,37.39,22.393,direct,40.551,23.467,11.946,0.88909,fay_herriot,forms_mnt:h_sd+alt_mean+essence+greco;log,2005-2024,IGN IFN brut (Etalab 2.0) ; FORMS-T (CC-BY 4.0) ; spec 054 lot 3
B62,10,308,66.86,24.616,direct,66.951,23.687,7.2694,0.95888,fay_herriot,forms_mnt:h_sd+alt_mean+essence+greco;log,2005-2024,IGN IFN brut (Etalab 2.0) ; FORMS-T (CC-BY 4.0) ; spec 054 lot 3
B62,11,396,40.365,5.7927,direct,40.383,5.6449,5.8834,0.97306,fay_herriot,forms_mnt:h_sd+alt_mean+essence+greco;log,2005-2024,IGN IFN brut (Etalab 2.0) ; FORMS-T (CC-BY 4.0) ; spec 054 lot 3
B62,12P,1,3.9189,2276.8,gvf,48.506,316.25,36.662,0.00086537,fay_herriot,forms_mnt:h_sd+alt_mean+essence+greco;log,2005-2024,IGN IFN brut (Etalab 2.0) ; FORMS-T (CC-BY 4.0) ; spec 054 lot 3
B62,12V,102,31.968,12.841,direct,31.968,11.717,10.708,0.91087,fay_herriot,forms_mnt:h_sd+alt_mean+essence+greco;log,2005-2024,IGN IFN brut (Etalab 2.0) ; FORMS-T (CC-BY 4.0) ; spec 054 lot 3
B62,13G,15,32.361,55.256,direct,41.29,64.157,19.399,0.70876,fay_herriot,forms_mnt:h_sd+alt_mean+essence+greco;log,2005-2024,IGN IFN brut (Etalab 2.0) ; FORMS-T (CC-BY 4.0) ; spec 054 lot 3
B62,14,94,87.997,98.334,direct,85.284,84.236,10.762,0.91,fay_herriot,forms_mnt:h_sd+alt_mean+essence+greco;log,2005-2024,IGN IFN brut (Etalab 2.0) ; FORMS-T (CC-BY 4.0) ; spec 054 lot 3
B62,15P,7,32.579,178.61,gvf,32.281,77.557,27.282,0.4328,fay_herriot,forms_mnt:h_sd+alt_mean+essence+greco;log,2005-2024,IGN IFN brut (Etalab 2.0) ; FORMS-T (CC-BY 4.0) ; spec 054 lot 3
B62,15S,17,53.815,440.28,direct,43.196,131.66,26.563,0.45788,fay_herriot,forms_mnt:h_sd+alt_mean+essence+greco;log,2005-2024,IGN IFN brut (Etalab 2.0) ; FORMS-T (CC-BY 4.0) ; spec 054 lot 3
B62,17C,105,48.23,31.844,direct,48.745,29.445,11.132,0.90366,fay_herriot,forms_mnt:h_sd+alt_mean+essence+greco;log,2005-2024,IGN IFN brut (Etalab 2.0) ; FORMS-T (CC-BY 4.0) ; spec 054 lot 3
B62,17O,14,67.617,302.13,direct,60.76,164.64,21.118,0.66022,fay_herriot,forms_mnt:h_sd+alt_mean+essence+greco;log,2005-2024,IGN IFN brut (Etalab 2.0) ; FORMS-T (CC-BY 4.0) ; spec 054 lot 3
B62,18C,82,14.303,6.5315,direct,14.364,5.3026,16.031,0.80086,fay_herriot,forms_mnt:h_sd+alt_mean+essence+greco;log,2005-2024,IGN IFN brut (Etalab 2.0) ; FORMS-T (CC-BY 4.0) ; spec 054 lot 3
B62,19,148,199.93,194.09,direct,198.81,185.08,6.843,0.96356,fay_herriot,forms_mnt:h_sd+alt_mean+essence+greco;log,2005-2024,IGN IFN brut (Etalab 2.0) ; FORMS-T (CC-BY 4.0) ; spec 054 lot 3
B62,20G,6,30.409,1016.8,gvf,43.524,225.05,34.467,0.10456,fay_herriot,forms_mnt:h_sd+alt_mean+essence+greco;log,2005-2024,IGN IFN brut (Etalab 2.0) ; FORMS-T (CC-BY 4.0) ; spec 054 lot 3
B62,20P,4,71.506,727.82,gvf,56.104,216.28,26.213,0.47425,fay_herriot,forms_mnt:h_sd+alt_mean+essence+greco;log,2005-2024,IGN IFN brut (Etalab 2.0) ; FORMS-T (CC-BY 4.0) ; spec 054 lot 3
B62,21C,90,26.423,11.7,direct,25.972,10.024,12.19,0.88456,fay_herriot,forms_mnt:h_sd+alt_mean+essence+greco;log,2005-2024,IGN IFN brut (Etalab 2.0) ; FORMS-T (CC-BY 4.0) ; spec 054 lot 3
B62,21O,1,17.678,513.44,gvf,20.853,55.41,35.697,0.072492,fay_herriot,forms_mnt:h_sd+alt_mean+essence+greco;log,2005-2024,IGN IFN brut (Etalab 2.0) ; FORMS-T (CC-BY 4.0) ; spec 054 lot 3
B62,22G,1,3.2373,54.358,gvf,12.159,20.5,37.239,0.024157,fay_herriot,forms_mnt:h_sd+alt_mean+essence+greco;log,2005-2024,IGN IFN brut (Etalab 2.0) ; FORMS-T (CC-BY 4.0) ; spec 054 lot 3
B62,22M,86,21.204,4.8431,direct,21.376,4.5478,9.9763,0.9226,fay_herriot,forms_mnt:h_sd+alt_mean+essence+greco;log,2005-2024,IGN IFN brut (Etalab 2.0) ; FORMS-T (CC-BY 4.0) ; spec 054 lot 3
B62,23AF,1,2.1591,132.62,gvf,15.19,30.443,36.322,0.0044931,fay_herriot,forms_mnt:h_sd+alt_mean+essence+greco;log,2005-2024,IGN IFN brut (Etalab 2.0) ; FORMS-T (CC-BY 4.0) ; spec 054 lot 3
B62,23C,23,13.79,6.7407,direct,13.352,5.008,16.76,0.78367,fay_herriot,forms_mnt:h_sd+alt_mean+essence+greco;log,2005-2024,IGN IFN brut (Etalab 2.0) ; FORMS-T (CC-BY 4.0) ; spec 054 lot 3
B62,23PC,6,8.0521,9.5879,gvf,8.3575,4.8945,26.471,0.46475,fay_herriot,forms_mnt:h_sd+alt_mean+essence+greco;log,2005-2024,IGN IFN brut (Etalab 2.0) ; FORMS-T (CC-BY 4.0) ; spec 054 lot 3
B62,23PD,1,0.76369,113.32,gvf,14.077,27.836,37.48,0.00066041,fay_herriot,forms_mnt:h_sd+alt_mean+essence+greco;log,2005-2024,IGN IFN brut (Etalab 2.0) ; FORMS-T (CC-BY 4.0) ; spec 054 lot 3
B62,23PM,23,7.7043,2.8234,direct,7.9884,2.2338,18.709,0.72969,fay_herriot,forms_mnt:h_sd+alt_mean+essence+greco;log,2005-2024,IGN IFN brut (Etalab 2.0) ; FORMS-T (CC-BY 4.0) ; spec 054 lot 3
B62,24,105,42.55,21.143,direct,43.05,19.873,10.355,0.91663,fay_herriot,forms_mnt:h_sd+alt_mean+essence+greco;log,2005-2024,IGN IFN brut (Etalab 2.0) ; FORMS-T (CC-BY 4.0) ; spec 054 lot 3
B62,25B,4,60.871,1421.6,gvf,59.912,356.32,31.507,0.25075,fay_herriot,forms_mnt:h_sd+alt_mean+essence+greco;log,2005-2024,IGN IFN brut (Etalab 2.0) ; FORMS-T (CC-BY 4.0) ; spec 054 lot 3
B62,25C,3,24.009,359.97,gvf,19.384,41.594,33.271,0.17055,fay_herriot,forms_mnt:h_sd+alt_mean+essence+greco;log,2005-2024,IGN IFN brut (Etalab 2.0) ; FORMS-T (CC-BY 4.0) ; spec 054 lot 3
B62,25FR,5,73.461,1224.3,gvf,66.569,394.09,29.821,0.36141,fay_herriot,forms_mnt:h_sd+alt_mean+essence+greco;log,2005-2024,IGN IFN brut (Etalab 2.0) ; FORMS-T (CC-BY 4.0) ; spec 054 lot 3
B62,25M,41,14.229,7.4264,direct,14.837,6.3103,16.931,0.77781,fay_herriot,forms_mnt:h_sd+alt_mean+essence+greco;log,2005-2024,IGN IFN brut (Etalab 2.0) ; FORMS-T (CC-BY 4.0) ; spec 054 lot 3
B62,25R,1,8.456,255.65,gvf,24.44,79.921,36.579,0.034669,fay_herriot,forms_mnt:h_sd+alt_mean+essence+greco;log,2005-2024,IGN IFN brut (Etalab 2.0) ; FORMS-T (CC-BY 4.0) ; spec 054 lot 3
B62,26E,3,270.58,6600.5,gvf,231.57,3118.8,24.116,0.5875,fay_herriot,forms_mnt:h_sd+alt_mean+essence+greco;log,2005-2024,IGN IFN brut (Etalab 2.0) ; FORMS-T (CC-BY 4.0) ; spec 054 lot 3
B62,27C,13,13.313,4.7541,direct,14.118,4.4494,14.941,0.8272,fay_herriot,forms_mnt:h_sd+alt_mean+essence+greco;log,2005-2024,IGN IFN brut (Etalab 2.0) ; FORMS-T (CC-BY 4.0) ; spec 054 lot 3
B62,29AF,3,2.3304,8.4782,gvf,6.1579,4.9603,36.168,0.075997,fay_herriot,forms_mnt:h_sd+alt_mean+essence+greco;log,2005-2024,IGN IFN brut (Etalab 2.0) ; FORMS-T (CC-BY 4.0) ; spec 054 lot 3
B62,29EN,2,12.475,386.08,gvf,34.733,169.78,37.514,0.049214,fay_herriot,forms_mnt:h_sd+alt_mean+essence+greco;log,2005-2024,IGN IFN brut (Etalab 2.0) ; FORMS-T (CC-BY 4.0) ; spec 054 lot 3
B62,29MA,1,117.66,7957.3,gvf,74.992,711.76,35.575,0.18259,fay_herriot,forms_mnt:h_sd+alt_mean+essence+greco;log,2005-2024,IGN IFN brut (Etalab 2.0) ; FORMS-T (CC-BY 4.0) ; spec 054 lot 3
B62,31,37,7.3763,1.5753,direct,7.5693,1.3588,15.4,0.816,fay_herriot,forms_mnt:h_sd+alt_mean+essence+greco;log,2005-2024,IGN IFN brut (Etalab 2.0) ; FORMS-T (CC-BY 4.0) ; spec 054 lot 3
B62,332G,7,112.38,2224.9,gvf,131.81,1452.9,28.918,0.42157,fay_herriot,forms_mnt:h_sd+alt_mean+essence+greco;log,2005-2024,IGN IFN brut (Etalab 2.0) ; FORMS-T (CC-BY 4.0) ; spec 054 lot 3
B62,33G,3,177.95,7119.1,gvf,152.74,2011.8,29.365,0.36352,fay_herriot,forms_mnt:h_sd+alt_mean+essence+greco;log,2005-2024,IGN IFN brut (Etalab 2.0) ; FORMS-T (CC-BY 4.0) ; spec 054 lot 3
B62,33N,9,131.31,907.75,gvf,121.08,554.13,19.442,0.70921,fay_herriot,forms_mnt:h_sd+alt_mean+essence+greco;log,2005-2024,IGN IFN brut (Etalab 2.0) ; FORMS-T (CC-BY 4.0) ; spec 054 lot 3
B62,34,2,31.763,3885.2,gvf,122.08,2219.3,38.588,0.032266,fay_herriot,forms_mnt:h_sd+alt_mean+essence+greco;log,2005-2024,IGN IFN brut (Etalab 2.0) ; FORMS-T (CC-BY 4.0) ; spec 054 lot 3
B62,41,192,8.7714,0.41659,direct,8.8117,0.40387,7.2121,0.95954,fay_herriot,forms_mnt:h_sd+alt_mean+essence+greco;log,2005-2024,IGN IFN brut (Etalab 2.0) ; FORMS-T (CC-BY 4.0) ; spec 054 lot 3
B62,49AE,1,1.4849,18.365,gvf,5.2845,4.7386,41.193,0.015182,fay_herriot,forms_mnt:h_sd+alt_mean+essence+greco;log,2005-2024,IGN IFN brut (Etalab 2.0) ; FORMS-T (CC-BY 4.0) ; spec 054 lot 3
B62,49AM,76,5.3706,0.65401,direct,5.3318,0.54946,13.902,0.84992,fay_herriot,forms_mnt:h_sd+alt_mean+essence+greco;log,2005-2024,IGN IFN brut (Etalab 2.0) ; FORMS-T (CC-BY 4.0) ; spec 054 lot 3
B62,49EV,1,1.2328,0.98916,gvf,2.5548,0.73794,33.624,0.16478,fay_herriot,forms_mnt:h_sd+alt_mean+essence+greco;log,2005-2024,IGN IFN brut (Etalab 2.0) ; FORMS-T (CC-BY 4.0) ; spec 054 lot 3
B62,49IA,17,4.8466,1.722,direct,5.2204,1.2857,21.72,0.63657,fay_herriot,forms_mnt:h_sd+alt_mean+essence+greco;log,2005-2024,IGN IFN brut (Etalab 2.0) ; FORMS-T (CC-BY 4.0) ; spec 054 lot 3
B62,49LN,1,1.5125,297.47,gvf,33.332,178.18,40.046,0.00098647,fay_herriot,forms_mnt:h_sd+alt_mean+essence+greco;log,2005-2024,IGN IFN brut (Etalab 2.0) ; FORMS-T (CC-BY 4.0) ; spec 054 lot 3
B62,49PM,1,1.3354,42.406,gvf,5.9414,4.9005,37.259,0.0053708,fay_herriot,forms_mnt:h_sd+alt_mean+essence+greco;log,2005-2024,IGN IFN brut (Etalab 2.0) ; FORMS-T (CC-BY 4.0) ; spec 054 lot 3
B62,49PS,11,3.4039,0.92764,direct,4.1567,0.87143,22.458,0.61595,fay_herriot,forms_mnt:h_sd+alt_mean+essence+greco;log,2005-2024,IGN IFN brut (Etalab 2.0) ; FORMS-T (CC-BY 4.0) ; spec 054 lot 3
B62,49RC,2,2.6431,62.84,gvf,8.7855,11.616,38.794,0.014073,fay_herriot,forms_mnt:h_sd+alt_mean+essence+greco;log,2005-2024,IGN IFN brut (Etalab 2.0) ; FORMS-T (CC-BY 4.0) ; spec 054 lot 3
B62,49SN,10,2.4851,0.13403,direct,2.7232,0.13834,13.658,0.85542,fay_herriot,forms_mnt:h_sd+alt_mean+essence+greco;log,2005-2024,IGN IFN brut (Etalab 2.0) ; FORMS-T (CC-BY 4.0) ; spec 054 lot 3
B62,51,203,157.04,80.707,direct,155.76,77.484,5.6512,0.97515,fay_herriot,forms_mnt:h_sd+alt_mean+essence+greco;log,2005-2024,IGN IFN brut (Etalab 2.0) ; FORMS-T (CC-BY 4.0) ; spec 054 lot 3
B62,52,148,81.311,47.229,direct,81.308,44.782,8.2304,0.9473,fay_herriot,forms_mnt:h_sd+alt_mean+essence+greco;log,2005-2024,IGN IFN brut (Etalab 2.0) ; FORMS-T (CC-BY 4.0) ; spec 054 lot 3
B62,53CO,46,154.51,256.61,direct,152.82,232.13,9.9697,0.92276,fay_herriot,forms_mnt:h_sd+alt_mean+essence+greco;log,2005-2024,IGN IFN brut (Etalab 2.0) ; FORMS-T (CC-BY 4.0) ; spec 054 lot 3
B62,54,6,200.81,1583.4,gvf,179.4,976.58,17.419,0.76581,fay_herriot,forms_mnt:h_sd+alt_mean+essence+greco;log,2005-2024,IGN IFN brut (Etalab 2.0) ; FORMS-T (CC-BY 4.0) ; spec 054 lot 3
B62,61,3,126.09,4091.5,gvf,123,1320.4,29.541,0.33287,fay_herriot,forms_mnt:h_sd+alt_mean+essence+greco;log,2005-2024,IGN IFN brut (Etalab 2.0) ; FORMS-T (CC-BY 4.0) ; spec 054 lot 3
B62,62,4,47.368,3944.8,gvf,119.66,1753.8,34.997,0.068062,fay_herriot,forms_mnt:h_sd+alt_mean+essence+greco;log,2005-2024,IGN IFN brut (Etalab 2.0) ; FORMS-T (CC-BY 4.0) ; spec 054 lot 3
B62,64,15,134.37,1811.5,direct,155.04,1369,23.864,0.56136,fay_herriot,forms_mnt:h_sd+alt_mean+essence+greco;log,2005-2024,IGN IFN brut (Etalab 2.0) ; FORMS-T (CC-BY 4.0) ; spec 054 lot 3
B62,65,1,55.522,14346,gvf,82.29,936.31,37.184,0.026851,fay_herriot,forms_mnt:h_sd+alt_mean+essence+greco;log,2005-2024,IGN IFN brut (Etalab 2.0) ; FORMS-T (CC-BY 4.0) ; spec 054 lot 3
B62,67,2,9.8611,114.44,gvf,15.088,28.241,35.22,0.098376,fay_herriot,forms_mnt:h_sd+alt_mean+essence+greco;log,2005-2024,IGN IFN brut (Etalab 2.0) ; FORMS-T (CC-BY 4.0) ; spec 054 lot 3
B62,68CL,1,3.07,6502.1,gvf,83.208,1159.8,40.929,0.00018609,fay_herriot,forms_mnt:h_sd+alt_mean+essence+greco;log,2005-2024,IGN IFN brut (Etalab 2.0) ; FORMS-T (CC-BY 4.0) ; spec 054 lot 3
B62,70SC,1,36.016,430.86,gvf,61.523,364.1,31.015,0.2788,fay_herriot,forms_mnt:h_sd+alt_mean+essence+greco;log,2005-2024,IGN IFN brut (Etalab 2.0) ; FORMS-T (CC-BY 4.0) ; spec 054 lot 3
B70,02,1798,85.795,3.5627,direct,85.742,3.5452,2.196,0.99624,fay_herriot,forms_mnt:h_sd+alt_mean+essence+greco;log,2005-2024,IGN IFN brut (Etalab 2.0) ; FORMS-T (CC-BY 4.0) ; spec 054 lot 3
B70,03,713,115.49,14.979,direct,115.23,14.785,3.3368,0.99133,fay_herriot,forms_mnt:h_sd+alt_mean+essence+greco;log,2005-2024,IGN IFN brut (Etalab 2.0) ; FORMS-T (CC-BY 4.0) ; spec 054 lot 3
B70,04,83,41.636,57.188,direct,46.028,56.067,16.268,0.7956,fay_herriot,forms_mnt:h_sd+alt_mean+essence+greco;log,2005-2024,IGN IFN brut (Etalab 2.0) ; FORMS-T (CC-BY 4.0) ; spec 054 lot 3
B70,05,3,117.75,1461.4,gvf,79.456,369.51,24.193,0.54919,fay_herriot,forms_mnt:h_sd+alt_mean+essence+greco;log,2005-2024,IGN IFN brut (Etalab 2.0) ; FORMS-T (CC-BY 4.0) ; spec 054 lot 3
B70,07,43,50.002,60.179,direct,47.969,47.322,14.341,0.84214,fay_herriot,forms_mnt:h_sd+alt_mean+essence+greco;log,2005-2024,IGN IFN brut (Etalab 2.0) ; FORMS-T (CC-BY 4.0) ; spec 054 lot 3
B70,09,41,33.135,14.04,direct,35.468,14.657,10.794,0.90943,fay_herriot,forms_mnt:h_sd+alt_mean+essence+greco;log,2005-2024,IGN IFN brut (Etalab 2.0) ; FORMS-T (CC-BY 4.0) ; spec 054 lot 3
B70,10,452,48.544,10.842,direct,48.969,10.658,6.6669,0.96541,fay_herriot,forms_mnt:h_sd+alt_mean+essence+greco;log,2005-2024,IGN IFN brut (Etalab 2.0) ; FORMS-T (CC-BY 4.0) ; spec 054 lot 3
B70,11,342,36.368,5.1398,direct,36.389,4.998,6.1437,0.97062,fay_herriot,forms_mnt:h_sd+alt_mean+essence+greco;log,2005-2024,IGN IFN brut (Etalab 2.0) ; FORMS-T (CC-BY 4.0) ; spec 054 lot 3
B70,12P,68,46.873,44.054,direct,46.465,37.703,13.215,0.86493,fay_herriot,forms_mnt:h_sd+alt_mean+essence+greco;log,2005-2024,IGN IFN brut (Etalab 2.0) ; FORMS-T (CC-BY 4.0) ; spec 054 lot 3
B70,12V,837,32.227,1.7298,direct,32.182,1.7033,4.0555,0.98719,fay_herriot,forms_mnt:h_sd+alt_mean+essence+greco;log,2005-2024,IGN IFN brut (Etalab 2.0) ; FORMS-T (CC-BY 4.0) ; spec 054 lot 3
B70,13G,36,80.45,207.01,direct,77.688,155.26,16.039,0.80058,fay_herriot,forms_mnt:h_sd+alt_mean+essence+greco;log,2005-2024,IGN IFN brut (Etalab 2.0) ; FORMS-T (CC-BY 4.0) ; spec 054 lot 3
B70,14,138,53.082,24.282,direct,53.271,22.954,8.9938,0.93711,fay_herriot,forms_mnt:h_sd+alt_mean+essence+greco;log,2005-2024,IGN IFN brut (Etalab 2.0) ; FORMS-T (CC-BY 4.0) ; spec 054 lot 3
B70,15P,8,38.278,156.29,gvf,33.733,67.518,24.358,0.54624,fay_herriot,forms_mnt:h_sd+alt_mean+essence+greco;log,2005-2024,IGN IFN brut (Etalab 2.0) ; FORMS-T (CC-BY 4.0) ; spec 054 lot 3
B70,15S,12,28.348,111.7,direct,30.4,62.546,26.015,0.48019,fay_herriot,forms_mnt:h_sd+alt_mean+essence+greco;log,2005-2024,IGN IFN brut (Etalab 2.0) ; FORMS-T (CC-BY 4.0) ; spec 054 lot 3
B70,17C,78,60.813,83.001,direct,58.831,66.311,13.842,0.85122,fay_herriot,forms_mnt:h_sd+alt_mean+essence+greco;log,2005-2024,IGN IFN brut (Etalab 2.0) ; FORMS-T (CC-BY 4.0) ; spec 054 lot 3
B70,17O,5,15.367,569.07,gvf,42.273,231.25,35.973,0.05059,fay_herriot,forms_mnt:h_sd+alt_mean+essence+greco;log,2005-2024,IGN IFN brut (Etalab 2.0) ; FORMS-T (CC-BY 4.0) ; spec 054 lot 3
B70,18C,38,18.463,25.821,direct,16.305,12.791,21.935,0.62896,fay_herriot,forms_mnt:h_sd+alt_mean+essence+greco;log,2005-2024,IGN IFN brut (Etalab 2.0) ; FORMS-T (CC-BY 4.0) ; spec 054 lot 3
B70,19,51,193.32,640.24,direct,188.33,537.69,12.312,0.88229,fay_herriot,forms_mnt:h_sd+alt_mean+essence+greco;log,2005-2024,IGN IFN brut (Etalab 2.0) ; FORMS-T (CC-BY 4.0) ; spec 054 lot 3
B70,20G,6,44.885,1016.8,gvf,41.777,184.17,32.484,0.20281,fay_herriot,forms_mnt:h_sd+alt_mean+essence+greco;log,2005-2024,IGN IFN brut (Etalab 2.0) ; FORMS-T (CC-BY 4.0) ; spec 054 lot 3
B70,20P,7,80.886,415.89,gvf,64.456,178.74,20.742,0.66887,fay_herriot,forms_mnt:h_sd+alt_mean+essence+greco;log,2005-2024,IGN IFN brut (Etalab 2.0) ; FORMS-T (CC-BY 4.0) ; spec 054 lot 3
B70,21C,28,21.207,15.017,direct,21.074,11.824,16.317,0.79362,fay_herriot,forms_mnt:h_sd+alt_mean+essence+greco;log,2005-2024,IGN IFN brut (Etalab 2.0) ; FORMS-T (CC-BY 4.0) ; spec 054 lot 3
B70,22C,1,9.3311,56.621,gvf,10.663,14.9,36.201,0.16489,fay_herriot,forms_mnt:h_sd+alt_mean+essence+greco;log,2005-2024,IGN IFN brut (Etalab 2.0) ; FORMS-T (CC-BY 4.0) ; spec 054 lot 3
B70,22G,10,8.6134,5.1202,direct,9.4872,4.1986,21.598,0.65042,fay_herriot,forms_mnt:h_sd+alt_mean+essence+greco;log,2005-2024,IGN IFN brut (Etalab 2.0) ; FORMS-T (CC-BY 4.0) ; spec 054 lot 3
B70,22M,34,15.69,6.5245,direct,16.529,6.0228,14.847,0.82891,fay_herriot,forms_mnt:h_sd+alt_mean+essence+greco;log,2005-2024,IGN IFN brut (Etalab 2.0) ; FORMS-T (CC-BY 4.0) ; spec 054 lot 3
B70,22S,4,6.4522,65.491,gvf,26.382,105.92,39.011,0.075463,fay_herriot,forms_mnt:h_sd+alt_mean+essence+greco;log,2005-2024,IGN IFN brut (Etalab 2.0) ; FORMS-T (CC-BY 4.0) ; spec 054 lot 3
B70,23C,5,17.047,20.789,gvf,14.448,9.7704,21.634,0.64222,fay_herriot,forms_mnt:h_sd+alt_mean+essence+greco;log,2005-2024,IGN IFN brut (Etalab 2.0) ; FORMS-T (CC-BY 4.0) ; spec 054 lot 3
B70,23PC,13,6.0345,1.5348,direct,6.43,1.3244,17.898,0.75288,fay_herriot,forms_mnt:h_sd+alt_mean+essence+greco;log,2005-2024,IGN IFN brut (Etalab 2.0) ; FORMS-T (CC-BY 4.0) ; spec 054 lot 3
B70,23PD,1,29.237,113.32,gvf,19.178,25.175,26.163,0.49202,fay_herriot,forms_mnt:h_sd+alt_mean+essence+greco;log,2005-2024,IGN IFN brut (Etalab 2.0) ; FORMS-T (CC-BY 4.0) ; spec 054 lot 3
B70,23PM,13,7.0081,1.6331,direct,7.1945,1.3763,16.306,0.79431,fay_herriot,forms_mnt:h_sd+alt_mean+essence+greco;log,2005-2024,IGN IFN brut (Etalab 2.0) ; FORMS-T (CC-BY 4.0) ; spec 054 lot 3
B70,23SO,1,2.2174,29.409,gvf,8.8153,10.235,36.292,0.021016,fay_herriot,forms_mnt:h_sd+alt_mean+essence+greco;log,2005-2024,IGN IFN brut (Etalab 2.0) ; FORMS-T (CC-BY 4.0) ; spec 054 lot 3
B70,24,313,47.639,11.609,direct,47.505,11.111,7.0167,0.96169,fay_herriot,forms_mnt:h_sd+alt_mean+essence+greco;log,2005-2024,IGN IFN brut (Etalab 2.0) ; FORMS-T (CC-BY 4.0) ; spec 054 lot 3
B70,25B,7,78.144,812.34,gvf,64.665,279.39,25.848,0.49115,fay_herriot,forms_mnt:h_sd+alt_mean+essence+greco;log,2005-2024,IGN IFN brut (Etalab 2.0) ; FORMS-T (CC-BY 4.0) ; spec 054 lot 3
B70,25C,112,14.463,4.4931,direct,14.773,4.0447,13.614,0.85669,fay_herriot,forms_mnt:h_sd+alt_mean+essence+greco;log,2005-2024,IGN IFN brut (Etalab 2.0) ; FORMS-T (CC-BY 4.0) ; spec 054 lot 3
B70,25FR,3,28.7,2040.6,gvf,55.018,416.27,37.084,0.049278,fay_herriot,forms_mnt:h_sd+alt_mean+essence+greco;log,2005-2024,IGN IFN brut (Etalab 2.0) ; FORMS-T (CC-BY 4.0) ; spec 054 lot 3
B70,25M,74,15.723,7.8068,direct,15.683,6.2627,15.957,0.8026,fay_herriot,forms_mnt:h_sd+alt_mean+essence+greco;log,2005-2024,IGN IFN brut (Etalab 2.0) ; FORMS-T (CC-BY 4.0) ; spec 054 lot 3
B70,27C,3,18.769,140.79,gvf,17.339,29.989,31.584,0.24316,fay_herriot,forms_mnt:h_sd+alt_mean+essence+greco;log,2005-2024,IGN IFN brut (Etalab 2.0) ; FORMS-T (CC-BY 4.0) ; spec 054 lot 3
B70,29AF,2,4.206,12.717,gvf,5.7088,3.8898,34.548,0.15155,fay_herriot,forms_mnt:h_sd+alt_mean+essence+greco;log,2005-2024,IGN IFN brut (Etalab 2.0) ; FORMS-T (CC-BY 4.0) ; spec 054 lot 3
B70,29CM,11,54.412,840.01,direct,67.159,563.98,35.361,0.31156,fay_herriot,forms_mnt:h_sd+alt_mean+essence+greco;log,2005-2024,IGN IFN brut (Etalab 2.0) ; FORMS-T (CC-BY 4.0) ; spec 054 lot 3
B70,29EN,5,9.8703,154.43,gvf,30.233,124.84,36.958,0.074932,fay_herriot,forms_mnt:h_sd+alt_mean+essence+greco;log,2005-2024,IGN IFN brut (Etalab 2.0) ; FORMS-T (CC-BY 4.0) ; spec 054 lot 3
B70,29MA,1,33.477,7957.3,gvf,60.639,579.13,39.686,0.017763,fay_herriot,forms_mnt:h_sd+alt_mean+essence+greco;log,2005-2024,IGN IFN brut (Etalab 2.0) ; FORMS-T (CC-BY 4.0) ; spec 054 lot 3
B70,31,47,4.0191,0.51155,direct,4.5675,0.53227,15.973,0.80216,fay_herriot,forms_mnt:h_sd+alt_mean+essence+greco;log,2005-2024,IGN IFN brut (Etalab 2.0) ; FORMS-T (CC-BY 4.0) ; spec 054 lot 3
B70,332G,2,16.07,7787.2,gvf,132.63,2738.2,39.455,0.0042399,fay_herriot,forms_mnt:h_sd+alt_mean+essence+greco;log,2005-2024,IGN IFN brut (Etalab 2.0) ; FORMS-T (CC-BY 4.0) ; spec 054 lot 3
B70,33G,10,80.622,847.1,direct,101.17,691.37,25.991,0.49628,fay_herriot,forms_mnt:h_sd+alt_mean+essence+greco;log,2005-2024,IGN IFN brut (Etalab 2.0) ; FORMS-T (CC-BY 4.0) ; spec 054 lot 3
B70,33N,5,72.313,1633.9,gvf,84.305,666.27,30.618,0.29125,fay_herriot,forms_mnt:h_sd+alt_mean+essence+greco;log,2005-2024,IGN IFN brut (Etalab 2.0) ; FORMS-T (CC-BY 4.0) ; spec 054 lot 3
B70,34,10,44.613,163.1,direct,64.606,225.63,23.25,0.61042,fay_herriot,forms_mnt:h_sd+alt_mean+essence+greco;log,2005-2024,IGN IFN brut (Etalab 2.0) ; FORMS-T (CC-BY 4.0) ; spec 054 lot 3
B70,41,102,10.089,1.5461,direct,9.9537,1.3498,11.672,0.89422,fay_herriot,forms_mnt:h_sd+alt_mean+essence+greco;log,2005-2024,IGN IFN brut (Etalab 2.0) ; FORMS-T (CC-BY 4.0) ; spec 054 lot 3
B70,49AE,1,1.083,18.365,gvf,4.8116,3.9685,41.403,0.008133,fay_herriot,forms_mnt:h_sd+alt_mean+essence+greco;log,2005-2024,IGN IFN brut (Etalab 2.0) ; FORMS-T (CC-BY 4.0) ; spec 054 lot 3
B70,49AM,77,5.2839,0.55579,direct,5.1903,0.4656,13.147,0.86577,fay_herriot,forms_mnt:h_sd+alt_mean+essence+greco;log,2005-2024,IGN IFN brut (Etalab 2.0) ; FORMS-T (CC-BY 4.0) ; spec 054 lot 3
B70,49BO,4,1.729,0.14516,gvf,1.8402,0.12131,18.927,0.72561,fay_herriot,forms_mnt:h_sd+alt_mean+essence+greco;log,2005-2024,IGN IFN brut (Etalab 2.0) ; FORMS-T (CC-BY 4.0) ; spec 054 lot 3
B70,49BS,1,4.5703,48.452,gvf,3.9816,2.0794,36.217,0.05245,fay_herriot,forms_mnt:h_sd+alt_mean+essence+greco;log,2005-2024,IGN IFN brut (Etalab 2.0) ; FORMS-T (CC-BY 4.0) ; spec 054 lot 3
B70,49EV,5,2.3192,0.19783,gvf,2.3923,0.16609,17.035,0.77734,fay_herriot,forms_mnt:h_sd+alt_mean+essence+greco;log,2005-2024,IGN IFN brut (Etalab 2.0) ; FORMS-T (CC-BY 4.0) ; spec 054 lot 3
B70,49IA,13,3.0786,0.53593,direct,3.6503,0.52817,19.909,0.69426,fay_herriot,forms_mnt:h_sd+alt_mean+essence+greco;log,2005-2024,IGN IFN brut (Etalab 2.0) ; FORMS-T (CC-BY 4.0) ; spec 054 lot 3
B70,49PM,7,5.7943,6.058,gvf,5.5688,2.4475,28.093,0.41576,fay_herriot,forms_mnt:h_sd+alt_mean+essence+greco;log,2005-2024,IGN IFN brut (Etalab 2.0) ; FORMS-T (CC-BY 4.0) ; spec 054 lot 3
B70,49PS,26,3.4691,0.42189,direct,3.78,0.39861,16.702,0.78554,fay_herriot,forms_mnt:h_sd+alt_mean+essence+greco;log,2005-2024,IGN IFN brut (Etalab 2.0) ; FORMS-T (CC-BY 4.0) ; spec 054 lot 3
B70,49RC,2,8.9107,62.84,gvf,8.1895,8.6403,35.893,0.13959,fay_herriot,forms_mnt:h_sd+alt_mean+essence+greco;log,2005-2024,IGN IFN brut (Etalab 2.0) ; FORMS-T (CC-BY 4.0) ; spec 054 lot 3
B70,49SN,10,4.2799,3.261,direct,4.2501,1.3742,27.582,0.41903,fay_herriot,forms_mnt:h_sd+alt_mean+essence+greco;log,2005-2024,IGN IFN brut (Etalab 2.0) ; FORMS-T (CC-BY 4.0) ; spec 054 lot 3
B70,51,129,121.98,140.4,direct,120.51,127.93,9.3857,0.93155,fay_herriot,forms_mnt:h_sd+alt_mean+essence+greco;log,2005-2024,IGN IFN brut (Etalab 2.0) ; FORMS-T (CC-BY 4.0) ; spec 054 lot 3
B70,52,975,103.58,11.814,direct,103.27,11.648,3.3047,0.9915,fay_herriot,forms_mnt:h_sd+alt_mean+essence+greco;log,2005-2024,IGN IFN brut (Etalab 2.0) ; FORMS-T (CC-BY 4.0) ; spec 054 lot 3
B70,53CO,246,148.07,71.013,direct,147.34,68.633,5.6228,0.97539,fay_herriot,forms_mnt:h_sd+alt_mean+essence+greco;log,2005-2024,IGN IFN brut (Etalab 2.0) ; FORMS-T (CC-BY 4.0) ; spec 054 lot 3
B70,54,2,82.763,4750.3,gvf,106.95,1279.2,33.441,0.15623,fay_herriot,forms_mnt:h_sd+alt_mean+essence+greco;log,2005-2024,IGN IFN brut (Etalab 2.0) ; FORMS-T (CC-BY 4.0) ; spec 054 lot 3
B70,56,13,62.111,510.37,direct,70.339,339.76,26.206,0.49253,fay_herriot,forms_mnt:h_sd+alt_mean+essence+greco;log,2005-2024,IGN IFN brut (Etalab 2.0) ; FORMS-T (CC-BY 4.0) ; spec 054 lot 3
B70,61,8,64.801,1534.3,gvf,95.738,889.75,31.157,0.26004,fay_herriot,forms_mnt:h_sd+alt_mean+essence+greco;log,2005-2024,IGN IFN brut (Etalab 2.0) ; FORMS-T (CC-BY 4.0) ; spec 054 lot 3
B70,62,13,40.069,188.96,direct,66.544,275.54,24.945,0.52175,fay_herriot,forms_mnt:h_sd+alt_mean+essence+greco;log,2005-2024,IGN IFN brut (Etalab 2.0) ; FORMS-T (CC-BY 4.0) ; spec 054 lot 3
B70,64,60,98.477,396.34,direct,112.08,392.01,17.665,0.75856,fay_herriot,forms_mnt:h_sd+alt_mean+essence+greco;log,2005-2024,IGN IFN brut (Etalab 2.0) ; FORMS-T (CC-BY 4.0) ; spec 054 lot 3
B70,65,1,206.55,14346,gvf,99.412,991.79,31.679,0.27634,fay_herriot,forms_mnt:h_sd+alt_mean+essence+greco;log,2005-2024,IGN IFN brut (Etalab 2.0) ; FORMS-T (CC-BY 4.0) ; spec 054 lot 3
B70,68SV,2,139.45,1670.2,gvf,104.82,577.94,22.936,0.59921,fay_herriot,forms_mnt:h_sd+alt_mean+essence+greco;log,2005-2024,IGN IFN brut (Etalab 2.0) ; FORMS-T (CC-BY 4.0) ; spec 054 lot 3
B70,68TG,1,7.9792,13701,gvf,171.49,5343,42.624,0.00059631,fay_herriot,forms_mnt:h_sd+alt_mean+essence+greco;log,2005-2024,IGN IFN brut (Etalab 2.0) ; FORMS-T (CC-BY 4.0) ; spec 054 lot 3
B70,71,2,24.151,1254.5,gvf,51.365,404.75,39.168,0.056337,fay_herriot,forms_mnt:h_sd+alt_mean+essence+greco;log,2005-2024,IGN IFN brut (Etalab 2.0) ; FORMS-T (CC-BY 4.0) ; spec 054 lot 3
B70,72V,3,23.876,8146.8,gvf,116.26,1918.5,37.674,0.0089051,fay_herriot,forms_mnt:h_sd+alt_mean+essence+greco;log,2005-2024,IGN IFN brut (Etalab 2.0) ; FORMS-T (CC-BY 4.0) ; spec 054 lot 3
B70,74J,1,28.126,22039,gvf,162.43,3746.9,37.684,0.0045877,fay_herriot,forms_mnt:h_sd+alt_mean+essence+greco;log,2005-2024,IGN IFN brut (Etalab 2.0) ; FORMS-T (CC-BY 4.0) ; spec 054 lot 3
B81,02,266,80.558,17.381,direct,80.47,16.995,5.1231,0.97957,fay_herriot,forms_mnt:h_sd+alt_mean+essence+greco;log,2005-2024,IGN IFN brut (Etalab 2.0) ; FORMS-T (CC-BY 4.0) ; spec 054 lot 3
B81,03,80,91.529,132.03,direct,91.736,118.37,11.86,0.89068,fay_herriot,forms_mnt:h_sd+alt_mean+essence+greco;log,2005-2024,IGN IFN brut (Etalab 2.0) ; FORMS-T (CC-BY 4.0) ; spec 054 lot 3
B81,04,2,14.971,3316.1,gvf,70.379,654.27,36.344,0.0086035,fay_herriot,forms_mnt:h_sd+alt_mean+essence+greco;log,2005-2024,IGN IFN brut (Etalab 2.0) ; FORMS-T (CC-BY 4.0) ; spec 054 lot 3
B81,05,206,63.793,26.035,direct,63.155,24.334,7.8109,0.95254,fay_herriot,forms_mnt:h_sd+alt_mean+essence+greco;log,2005-2024,IGN IFN brut (Etalab 2.0) ; FORMS-T (CC-BY 4.0) ; spec 054 lot 3
B81,07,2,39.336,1661,gvf,40.214,200.33,35.196,0.10684,fay_herriot,forms_mnt:h_sd+alt_mean+essence+greco;log,2005-2024,IGN IFN brut (Etalab 2.0) ; FORMS-T (CC-BY 4.0) ; spec 054 lot 3
B81,09,1,21.116,8544.5,gvf,73.067,692.74,36.022,0.006656,fay_herriot,forms_mnt:h_sd+alt_mean+essence+greco;log,2005-2024,IGN IFN brut (Etalab 2.0) ; FORMS-T (CC-BY 4.0) ; spec 054 lot 3
B81,10,87,60.379,111.34,direct,61.332,93.157,15.737,0.80786,fay_herriot,forms_mnt:h_sd+alt_mean+essence+greco;log,2005-2024,IGN IFN brut (Etalab 2.0) ; FORMS-T (CC-BY 4.0) ; spec 054 lot 3
B81,11,11,36.505,364.01,direct,38.126,128.74,29.76,0.31977,fay_herriot,forms_mnt:h_sd+alt_mean+essence+greco;log,2005-2024,IGN IFN brut (Etalab 2.0) ; FORMS-T (CC-BY 4.0) ; spec 054 lot 3
B81,12P,1,14.768,2276.8,gvf,45.453,274.59,36.457,0.01215,fay_herriot,forms_mnt:h_sd+alt_mean+essence+greco;log,2005-2024,IGN IFN brut (Etalab 2.0) ; FORMS-T (CC-BY 4.0) ; spec 054 lot 3
B81,12V,29,28.139,26.586,direct,28.575,21.825,16.349,0.7927,fay_herriot,forms_mnt:h_sd+alt_mean+essence+greco;log,2005-2024,IGN IFN brut (Etalab 2.0) ; FORMS-T (CC-BY 4.0) ; spec 054 lot 3
B81,13C,1,39.002,321.72,gvf,37.284,129.61,30.534,0.37777,fay_herriot,forms_mnt:h_sd+alt_mean+essence+greco;log,2005-2024,IGN IFN brut (Etalab 2.0) ; FORMS-T (CC-BY 4.0) ; spec 054 lot 3
B81,13G,6,78.517,1314.7,gvf,73.623,440.23,28.499,0.37582,fay_herriot,forms_mnt:h_sd+alt_mean+essence+greco;log,2005-2024,IGN IFN brut (Etalab 2.0) ; FORMS-T (CC-BY 4.0) ; spec 054 lot 3
B81,14,55,60.216,60.372,direct,60.065,53.325,12.158,0.88521,fay_herriot,forms_mnt:h_sd+alt_mean+essence+greco;log,2005-2024,IGN IFN brut (Etalab 2.0) ; FORMS-T (CC-BY 4.0) ; spec 054 lot 3
B81,15P,1,0.93059,1250.3,gvf,30.379,123.03,36.511,8.8929e-05,fay_herriot,forms_mnt:h_sd+alt_mean+essence+greco;log,2005-2024,IGN IFN brut (Etalab 2.0) ; FORMS-T (CC-BY 4.0) ; spec 054 lot 3
B81,15S,3,14.179,1057.8,gvf,33.311,142.46,35.831,0.023821,fay_herriot,forms_mnt:h_sd+alt_mean+essence+greco;log,2005-2024,IGN IFN brut (Etalab 2.0) ; FORMS-T (CC-BY 4.0) ; spec 054 lot 3
B81,17C,32,41.52,60.128,direct,43.394,51.849,16.594,0.78639,fay_herriot,forms_mnt:h_sd+alt_mean+essence+greco;log,2005-2024,IGN IFN brut (Etalab 2.0) ; FORMS-T (CC-BY 4.0) ; spec 054 lot 3
B81,17O,7,59.266,406.48,gvf,52.987,176.18,25.05,0.52597,fay_herriot,forms_mnt:h_sd+alt_mean+essence+greco;log,2005-2024,IGN IFN brut (Etalab 2.0) ; FORMS-T (CC-BY 4.0) ; spec 054 lot 3
B81,18C,45,14.52,44.957,direct,14.1,16.185,28.531,0.37584,fay_herriot,forms_mnt:h_sd+alt_mean+essence+greco;log,2005-2024,IGN IFN brut (Etalab 2.0) ; FORMS-T (CC-BY 4.0) ; spec 054 lot 3
B81,18D,1,6.713,1054.1,gvf,41.227,266.1,39.567,0.0054595,fay_herriot,forms_mnt:h_sd+alt_mean+essence+greco;log,2005-2024,IGN IFN brut (Etalab 2.0) ; FORMS-T (CC-BY 4.0) ; spec 054 lot 3
B81,19,104,170.64,192.88,direct,170.23,182.75,7.9414,0.95094,fay_herriot,forms_mnt:h_sd+alt_mean+essence+greco;log,2005-2024,IGN IFN brut (Etalab 2.0) ; FORMS-T (CC-BY 4.0) ; spec 054 lot 3
B81,20G,10,38.426,235.79,direct,40.912,121.67,26.961,0.4457,fay_herriot,forms_mnt:h_sd+alt_mean+essence+greco;log,2005-2024,IGN IFN brut (Etalab 2.0) ; FORMS-T (CC-BY 4.0) ; spec 054 lot 3
B81,20P,2,30.52,1455.6,gvf,41.657,212.3,34.977,0.075927,fay_herriot,forms_mnt:h_sd+alt_mean+essence+greco;log,2005-2024,IGN IFN brut (Etalab 2.0) ; FORMS-T (CC-BY 4.0) ; spec 054 lot 3
B81,21C,13,19.16,25.97,direct,19.987,18.359,21.438,0.64477,fay_herriot,forms_mnt:h_sd+alt_mean+essence+greco;log,2005-2024,IGN IFN brut (Etalab 2.0) ; FORMS-T (CC-BY 4.0) ; spec 054 lot 3
B81,21M,1,11.446,255.64,gvf,14.859,28.047,35.641,0.061742,fay_herriot,forms_mnt:h_sd+alt_mean+essence+greco;log,2005-2024,IGN IFN brut (Etalab 2.0) ; FORMS-T (CC-BY 4.0) ; spec 054 lot 3
B81,22G,2,17.094,27.179,gvf,14.687,12.178,23.761,0.57992,fay_herriot,forms_mnt:h_sd+alt_mean+essence+greco;log,2005-2024,IGN IFN brut (Etalab 2.0) ; FORMS-T (CC-BY 4.0) ; spec 054 lot 3
B81,22M,24,19.284,31.118,direct,20.428,21.297,22.591,0.60544,fay_herriot,forms_mnt:h_sd+alt_mean+essence+greco;log,2005-2024,IGN IFN brut (Etalab 2.0) ; FORMS-T (CC-BY 4.0) ; spec 054 lot 3
B81,22S,1,30.669,261.96,gvf,30.924,101.56,32.588,0.31555,fay_herriot,forms_mnt:h_sd+alt_mean+essence+greco;log,2005-2024,IGN IFN brut (Etalab 2.0) ; FORMS-T (CC-BY 4.0) ; spec 054 lot 3
B81,23AF,2,6.5265,66.312,gvf,13.669,22.835,34.959,0.076194,fay_herriot,forms_mnt:h_sd+alt_mean+essence+greco;log,2005-2024,IGN IFN brut (Etalab 2.0) ; FORMS-T (CC-BY 4.0) ; spec 054 lot 3
B81,23C,13,12.307,8.336,direct,11.983,5.6186,19.781,0.69997,fay_herriot,forms_mnt:h_sd+alt_mean+essence+greco;log,2005-2024,IGN IFN brut (Etalab 2.0) ; FORMS-T (CC-BY 4.0) ; spec 054 lot 3
B81,23PC,3,3.331,19.176,gvf,7.6902,7.3066,35.149,0.06916,fay_herriot,forms_mnt:h_sd+alt_mean+essence+greco;log,2005-2024,IGN IFN brut (Etalab 2.0) ; FORMS-T (CC-BY 4.0) ; spec 054 lot 3
B81,23PD,1,5.0012,113.32,gvf,13.013,23.106,36.938,0.02756,fay_herriot,forms_mnt:h_sd+alt_mean+essence+greco;log,2005-2024,IGN IFN brut (Etalab 2.0) ; FORMS-T (CC-BY 4.0) ; spec 054 lot 3
B81,23PM,5,4.2624,16.973,gvf,7.6991,6.871,34.046,0.12084,fay_herriot,forms_mnt:h_sd+alt_mean+essence+greco;log,2005-2024,IGN IFN brut (Etalab 2.0) ; FORMS-T (CC-BY 4.0) ; spec 054 lot 3
B81,24,39,31.825,28.706,direct,34.072,27.057,15.266,0.81918,fay_herriot,forms_mnt:h_sd+alt_mean+essence+greco;log,2005-2024,IGN IFN brut (Etalab 2.0) ; FORMS-T (CC-BY 4.0) ; spec 054 lot 3
B81,25B,5,99.442,1137.3,gvf,76.13,358.86,24.883,0.52752,fay_herriot,forms_mnt:h_sd+alt_mean+essence+greco;log,2005-2024,IGN IFN brut (Etalab 2.0) ; FORMS-T (CC-BY 4.0) ; spec 054 lot 3
B81,25C,1,11.674,1079.9,gvf,17.471,40.375,36.369,0.015947,fay_herriot,forms_mnt:h_sd+alt_mean+essence+greco;log,2005-2024,IGN IFN brut (Etalab 2.0) ; FORMS-T (CC-BY 4.0) ; spec 054 lot 3
B81,25FR,5,55.542,1224.3,gvf,58.646,367.11,32.671,0.24445,fay_herriot,forms_mnt:h_sd+alt_mean+essence+greco;log,2005-2024,IGN IFN brut (Etalab 2.0) ; FORMS-T (CC-BY 4.0) ; spec 054 lot 3
B81,25M,9,14.712,50.034,gvf,15.704,20.634,28.926,0.35712,fay_herriot,forms_mnt:h_sd+alt_mean+essence+greco;log,2005-2024,IGN IFN brut (Etalab 2.0) ; FORMS-T (CC-BY 4.0) ; spec 054 lot 3
B81,25R,1,11.674,255.65,gvf,22.979,68.385,35.987,0.064067,fay_herriot,forms_mnt:h_sd+alt_mean+essence+greco;log,2005-2024,IGN IFN brut (Etalab 2.0) ; FORMS-T (CC-BY 4.0) ; spec 054 lot 3
B81,27C,7,8.4547,60.338,gvf,16.077,29.657,33.873,0.13203,fay_herriot,forms_mnt:h_sd+alt_mean+essence+greco;log,2005-2024,IGN IFN brut (Etalab 2.0) ; FORMS-T (CC-BY 4.0) ; spec 054 lot 3
B81,29EN,2,6.1561,386.08,gvf,33.981,169.71,38.337,0.012447,fay_herriot,forms_mnt:h_sd+alt_mean+essence+greco;log,2005-2024,IGN IFN brut (Etalab 2.0) ; FORMS-T (CC-BY 4.0) ; spec 054 lot 3
B81,29MA,1,22.626,7957.3,gvf,63.743,646.86,39.9,0.0081932,fay_herriot,forms_mnt:h_sd+alt_mean+essence+greco;log,2005-2024,IGN IFN brut (Etalab 2.0) ; FORMS-T (CC-BY 4.0) ; spec 054 lot 3
B81,31,17,10.025,15.712,direct,8.8857,5.6282,26.699,0.45097,fay_herriot,forms_mnt:h_sd+alt_mean+essence+greco;log,2005-2024,IGN IFN brut (Etalab 2.0) ; FORMS-T (CC-BY 4.0) ; spec 054 lot 3
B81,332G,1,19.652,15574,gvf,139.49,3030.3,39.463,0.003174,fay_herriot,forms_mnt:h_sd+alt_mean+essence+greco;log,2005-2024,IGN IFN brut (Etalab 2.0) ; FORMS-T (CC-BY 4.0) ; spec 054 lot 3
B81,33G,1,17.116,21357,gvf,132.23,2434.1,37.312,0.0017583,fay_herriot,forms_mnt:h_sd+alt_mean+essence+greco;log,2005-2024,IGN IFN brut (Etalab 2.0) ; FORMS-T (CC-BY 4.0) ; spec 054 lot 3
B81,33N,3,178.87,2723.2,gvf,138.51,998.66,22.815,0.60136,fay_herriot,forms_mnt:h_sd+alt_mean+essence+greco;log,2005-2024,IGN IFN brut (Etalab 2.0) ; FORMS-T (CC-BY 4.0) ; spec 054 lot 3
B81,34,36,90.991,388.82,direct,98.22,350.09,19.05,0.7322,fay_herriot,forms_mnt:h_sd+alt_mean+essence+greco;log,2005-2024,IGN IFN brut (Etalab 2.0) ; FORMS-T (CC-BY 4.0) ; spec 054 lot 3
B81,38AU,3,11.516,19.11,gvf,8.0668,4.6913,26.85,0.4712,fay_herriot,forms_mnt:h_sd+alt_mean+essence+greco;log,2005-2024,IGN IFN brut (Etalab 2.0) ; FORMS-T (CC-BY 4.0) ; spec 054 lot 3
B81,41,45,9.5855,2.8697,direct,9.5315,2.2949,15.894,0.80435,fay_herriot,forms_mnt:h_sd+alt_mean+essence+greco;log,2005-2024,IGN IFN brut (Etalab 2.0) ; FORMS-T (CC-BY 4.0) ; spec 054 lot 3
B81,49AM,49,4.0791,0.4039,direct,4.1931,0.36008,14.311,0.84101,fay_herriot,forms_mnt:h_sd+alt_mean+essence+greco;log,2005-2024,IGN IFN brut (Etalab 2.0) ; FORMS-T (CC-BY 4.0) ; spec 054 lot 3
B81,49IA,7,5.838,4.4061,gvf,5.7362,2.1519,25.573,0.4983,fay_herriot,forms_mnt:h_sd+alt_mean+essence+greco;log,2005-2024,IGN IFN brut (Etalab 2.0) ; FORMS-T (CC-BY 4.0) ; spec 054 lot 3
B81,49PS,3,3.7199,18.778,gvf,5.2547,3.4121,35.153,0.086445,fay_herriot,forms_mnt:h_sd+alt_mean+essence+greco;log,2005-2024,IGN IFN brut (Etalab 2.0) ; FORMS-T (CC-BY 4.0) ; spec 054 lot 3
B81,49RC,1,2.506,125.68,gvf,8.4074,10.738,38.977,0.0063753,fay_herriot,forms_mnt:h_sd+alt_mean+essence+greco;log,2005-2024,IGN IFN brut (Etalab 2.0) ; FORMS-T (CC-BY 4.0) ; spec 054 lot 3
B81,49SN,5,1.9578,6.1322,gvf,4.174,2.133,34.991,0.074295,fay_herriot,forms_mnt:h_sd+alt_mean+essence+greco;log,2005-2024,IGN IFN brut (Etalab 2.0) ; FORMS-T (CC-BY 4.0) ; spec 054 lot 3
B81,51,113,126.63,117.61,direct,125.49,109.44,8.3364,0.94597,fay_herriot,forms_mnt:h_sd+alt_mean+essence+greco;log,2005-2024,IGN IFN brut (Etalab 2.0) ; FORMS-T (CC-BY 4.0) ; spec 054 lot 3
B81,52,49,78.971,173.23,direct,78.621,141.65,15.138,0.82215,fay_herriot,forms_mnt:h_sd+alt_mean+essence+greco;log,2005-2024,IGN IFN brut (Etalab 2.0) ; FORMS-T (CC-BY 4.0) ; spec 054 lot 3
B81,53CO,12,92.614,229.83,direct,97.806,213.09,14.925,0.82735,fay_herriot,forms_mnt:h_sd+alt_mean+essence+greco;log,2005-2024,IGN IFN brut (Etalab 2.0) ; FORMS-T (CC-BY 4.0) ; spec 054 lot 3
B81,54,2,62.792,4750.3,gvf,110.73,1470.9,34.635,0.096313,fay_herriot,forms_mnt:h_sd+alt_mean+essence+greco;log,2005-2024,IGN IFN brut (Etalab 2.0) ; FORMS-T (CC-BY 4.0) ; spec 054 lot 3
B81,61,1,38.505,12274,gvf,113.27,1666.8,36.044,0.015273,fay_herriot,forms_mnt:h_sd+alt_mean+essence+greco;log,2005-2024,IGN IFN brut (Etalab 2.0) ; FORMS-T (CC-BY 4.0) ; spec 054 lot 3
B81,64,2,142.73,15543,gvf,171.21,3290.5,33.505,0.14405,fay_herriot,forms_mnt:h_sd+alt_mean+essence+greco;log,2005-2024,IGN IFN brut (Etalab 2.0) ; FORMS-T (CC-BY 4.0) ; spec 054 lot 3
B81,67,3,7.4799,76.291,gvf,14.114,25.085,35.486,0.086063,fay_herriot,forms_mnt:h_sd+alt_mean+essence+greco;log,2005-2024,IGN IFN brut (Etalab 2.0) ; FORMS-T (CC-BY 4.0) ; spec 054 lot 3
B81,68TG,1,100.6,13701,gvf,171.33,4748.2,40.22,0.086624,fay_herriot,forms_mnt:h_sd+alt_mean+essence+greco;log,2005-2024,IGN IFN brut (Etalab 2.0) ; FORMS-T (CC-BY 4.0) ; spec 054 lot 3
B81,70SE,1,17.969,80.914,gvf,44.881,177.15,29.656,0.33879,fay_herriot,forms_mnt:h_sd+alt_mean+essence+greco;log,2005-2024,IGN IFN brut (Etalab 2.0) ; FORMS-T (CC-BY 4.0) ; spec 054 lot 3
B82,02,614,90.137,10.851,direct,89.963,10.7,3.636,0.98971,fay_herriot,forms_mnt:h_sd+alt_mean+essence+greco;log,2005-2024,IGN IFN brut (Etalab 2.0) ; FORMS-T (CC-BY 4.0) ; spec 054 lot 3
B82,03,300,107.22,35.961,direct,106.82,34.857,5.527,0.97622,fay_herriot,forms_mnt:h_sd+alt_mean+essence+greco;log,2005-2024,IGN IFN brut (Etalab 2.0) ; FORMS-T (CC-BY 4.0) ; spec 054 lot 3
B82,04,18,71.963,427.64,direct,71.11,258.09,22.592,0.6086,fay_herriot,forms_mnt:h_sd+alt_mean+essence+greco;log,2005-2024,IGN IFN brut (Etalab 2.0) ; FORMS-T (CC-BY 4.0) ; spec 054 lot 3
B82,05,399,68.07,10.994,direct,67.703,10.683,4.8277,0.98186,fay_herriot,forms_mnt:h_sd+alt_mean+essence+greco;log,2005-2024,IGN IFN brut (Etalab 2.0) ; FORMS-T (CC-BY 4.0) ; spec 054 lot 3
B82,07,1,9.1339,3322,gvf,39.273,215.09,37.344,0.0032143,fay_herriot,forms_mnt:h_sd+alt_mean+essence+greco;log,2005-2024,IGN IFN brut (Etalab 2.0) ; FORMS-T (CC-BY 4.0) ; spec 054 lot 3
B82,09,16,53.85,298.83,direct,61.323,216.8,24.011,0.55477,fay_herriot,forms_mnt:h_sd+alt_mean+essence+greco;log,2005-2024,IGN IFN brut (Etalab 2.0) ; FORMS-T (CC-BY 4.0) ; spec 054 lot 3
B82,10,109,41.561,34.252,direct,44.042,33.407,13.124,0.86623,fay_herriot,forms_mnt:h_sd+alt_mean+essence+greco;log,2005-2024,IGN IFN brut (Etalab 2.0) ; FORMS-T (CC-BY 4.0) ; spec 054 lot 3
B82,11,233,51.873,17.962,direct,51.086,16.579,7.9703,0.95058,fay_herriot,forms_mnt:h_sd+alt_mean+essence+greco;log,2005-2024,IGN IFN brut (Etalab 2.0) ; FORMS-T (CC-BY 4.0) ; spec 054 lot 3
B82,12P,1,4.4304,2276.8,gvf,44.984,272.19,36.676,0.0011058,fay_herriot,forms_mnt:h_sd+alt_mean+essence+greco;log,2005-2024,IGN IFN brut (Etalab 2.0) ; FORMS-T (CC-BY 4.0) ; spec 054 lot 3
B82,12V,34,27.959,35.826,direct,28.397,27.382,18.427,0.73696,fay_herriot,forms_mnt:h_sd+alt_mean+essence+greco;log,2005-2024,IGN IFN brut (Etalab 2.0) ; FORMS-T (CC-BY 4.0) ; spec 054 lot 3
B82,13G,6,104.97,1314.7,gvf,85.946,461.72,25.001,0.51833,fay_herriot,forms_mnt:h_sd+alt_mean+essence+greco;log,2005-2024,IGN IFN brut (Etalab 2.0) ; FORMS-T (CC-BY 4.0) ; spec 054 lot 3
B82,14,37,53.658,130.91,direct,54.675,101.03,18.383,0.7385,fay_herriot,forms_mnt:h_sd+alt_mean+essence+greco;log,2005-2024,IGN IFN brut (Etalab 2.0) ; FORMS-T (CC-BY 4.0) ; spec 054 lot 3
B82,15P,5,35.818,250.06,gvf,32.019,81.249,28.152,0.39715,fay_herriot,forms_mnt:h_sd+alt_mean+essence+greco;log,2005-2024,IGN IFN brut (Etalab 2.0) ; FORMS-T (CC-BY 4.0) ; spec 054 lot 3
B82,15S,8,34.632,396.69,gvf,33.656,106.72,30.694,0.27965,fay_herriot,forms_mnt:h_sd+alt_mean+essence+greco;log,2005-2024,IGN IFN brut (Etalab 2.0) ; FORMS-T (CC-BY 4.0) ; spec 054 lot 3
B82,17C,53,36.013,62.024,direct,39.358,54.248,18.714,0.72862,fay_herriot,forms_mnt:h_sd+alt_mean+essence+greco;log,2005-2024,IGN IFN brut (Etalab 2.0) ; FORMS-T (CC-BY 4.0) ; spec 054 lot 3
B82,17O,9,27.843,316.15,gvf,40.65,169.33,32.011,0.23946,fay_herriot,forms_mnt:h_sd+alt_mean+essence+greco;log,2005-2024,IGN IFN brut (Etalab 2.0) ; FORMS-T (CC-BY 4.0) ; spec 054 lot 3
B82,18C,89,12.087,3.0487,direct,12.282,2.7181,13.423,0.86019,fay_herriot,forms_mnt:h_sd+alt_mean+essence+greco;log,2005-2024,IGN IFN brut (Etalab 2.0) ; FORMS-T (CC-BY 4.0) ; spec 054 lot 3
B82,18D,1,95.887,1054.1,gvf,64.041,275.2,25.904,0.5283,fay_herriot,forms_mnt:h_sd+alt_mean+essence+greco;log,2005-2024,IGN IFN brut (Etalab 2.0) ; FORMS-T (CC-BY 4.0) ; spec 054 lot 3
B82,19,21,152.83,1149.3,direct,154.49,854.79,18.925,0.72294,fay_herriot,forms_mnt:h_sd+alt_mean+essence+greco;log,2005-2024,IGN IFN brut (Etalab 2.0) ; FORMS-T (CC-BY 4.0) ; spec 054 lot 3
B82,20G,5,10.18,1220.2,gvf,41.466,226.56,36.299,0.010788,fay_herriot,forms_mnt:h_sd+alt_mean+essence+greco;log,2005-2024,IGN IFN brut (Etalab 2.0) ; FORMS-T (CC-BY 4.0) ; spec 054 lot 3
B82,20P,5,37.834,582.25,gvf,40.828,166.93,31.646,0.23993,fay_herriot,forms_mnt:h_sd+alt_mean+essence+greco;log,2005-2024,IGN IFN brut (Etalab 2.0) ; FORMS-T (CC-BY 4.0) ; spec 054 lot 3
B82,21C,130,29.711,12.961,direct,28.688,10.869,11.492,0.89739,fay_herriot,forms_mnt:h_sd+alt_mean+essence+greco;log,2005-2024,IGN IFN brut (Etalab 2.0) ; FORMS-T (CC-BY 4.0) ; spec 054 lot 3
B82,21M,6,19.867,42.607,gvf,17.364,18.159,24.542,0.54328,fay_herriot,forms_mnt:h_sd+alt_mean+essence+greco;log,2005-2024,IGN IFN brut (Etalab 2.0) ; FORMS-T (CC-BY 4.0) ; spec 054 lot 3
B82,22M,101,18.284,2.6094,direct,18.471,2.5133,8.583,0.94269,fay_herriot,forms_mnt:h_sd+alt_mean+essence+greco;log,2005-2024,IGN IFN brut (Etalab 2.0) ; FORMS-T (CC-BY 4.0) ; spec 054 lot 3
B82,22S,1,20.568,261.96,gvf,28.41,107.5,36.495,0.17174,fay_herriot,forms_mnt:h_sd+alt_mean+essence+greco;log,2005-2024,IGN IFN brut (Etalab 2.0) ; FORMS-T (CC-BY 4.0) ; spec 054 lot 3
B82,23C,21,10.041,4.943,direct,10.303,3.8204,18.972,0.72369,fay_herriot,forms_mnt:h_sd+alt_mean+essence+greco;log,2005-2024,IGN IFN brut (Etalab 2.0) ; FORMS-T (CC-BY 4.0) ; spec 054 lot 3
B82,23PC,23,6.5879,1.3629,direct,6.8455,1.1913,15.944,0.80349,fay_herriot,forms_mnt:h_sd+alt_mean+essence+greco;log,2005-2024,IGN IFN brut (Etalab 2.0) ; FORMS-T (CC-BY 4.0) ; spec 054 lot 3
B82,23PD,2,10.295,56.66,gvf,12.491,17.405,33.4,0.19367,fay_herriot,forms_mnt:h_sd+alt_mean+essence+greco;log,2005-2024,IGN IFN brut (Etalab 2.0) ; FORMS-T (CC-BY 4.0) ; spec 054 lot 3
B82,23PM,19,9.1879,6.3022,direct,8.8006,3.6992,21.855,0.63235,fay_herriot,forms_mnt:h_sd+alt_mean+essence+greco;log,2005-2024,IGN IFN brut (Etalab 2.0) ; FORMS-T (CC-BY 4.0) ; spec 054 lot 3
B82,24,50,31.845,13.961,direct,32.959,13.535,11.162,0.90317,fay_herriot,forms_mnt:h_sd+alt_mean+essence+greco;log,2005-2024,IGN IFN brut (Etalab 2.0) ; FORMS-T (CC-BY 4.0) ; spec 054 lot 3
B82,25B,3,13.551,1895.5,gvf,54.341,390.35,36.358,0.012288,fay_herriot,forms_mnt:h_sd+alt_mean+essence+greco;log,2005-2024,IGN IFN brut (Etalab 2.0) ; FORMS-T (CC-BY 4.0) ; spec 054 lot 3
B82,25C,15,7.1953,4.1717,direct,10.071,5.1169,22.461,0.61443,fay_herriot,forms_mnt:h_sd+alt_mean+essence+greco;log,2005-2024,IGN IFN brut (Etalab 2.0) ; FORMS-T (CC-BY 4.0) ; spec 054 lot 3
B82,25FR,2,222.84,3060.9,gvf,144.34,905.36,20.846,0.67565,fay_herriot,forms_mnt:h_sd+alt_mean+essence+greco;log,2005-2024,IGN IFN brut (Etalab 2.0) ; FORMS-T (CC-BY 4.0) ; spec 054 lot 3
B82,25M,18,7.1177,1.7231,direct,8.4263,1.9182,16.436,0.79059,fay_herriot,forms_mnt:h_sd+alt_mean+essence+greco;log,2005-2024,IGN IFN brut (Etalab 2.0) ; FORMS-T (CC-BY 4.0) ; spec 054 lot 3
B82,25R,8,20.168,31.956,gvf,21.392,23.021,22.429,0.62041,fay_herriot,forms_mnt:h_sd+alt_mean+essence+greco;log,2005-2024,IGN IFN brut (Etalab 2.0) ; FORMS-T (CC-BY 4.0) ; spec 054 lot 3
B82,27C,11,25.03,65.811,direct,21.225,26.44,24.227,0.55003,fay_herriot,forms_mnt:h_sd+alt_mean+essence+greco;log,2005-2024,IGN IFN brut (Etalab 2.0) ; FORMS-T (CC-BY 4.0) ; spec 054 lot 3
B82,27N,1,13.259,681.64,gvf,37.19,220.15,39.897,0.032056,fay_herriot,forms_mnt:h_sd+alt_mean+essence+greco;log,2005-2024,IGN IFN brut (Etalab 2.0) ; FORMS-T (CC-BY 4.0) ; spec 054 lot 3
B82,29AF,1,2.576,25.435,gvf,6.015,4.9814,37.106,0.032415,fay_herriot,forms_mnt:h_sd+alt_mean+essence+greco;log,2005-2024,IGN IFN brut (Etalab 2.0) ; FORMS-T (CC-BY 4.0) ; spec 054 lot 3
B82,29AI,1,2.2838,3913.1,gvf,73.056,1504.2,53.089,0.00017112,fay_herriot,forms_mnt:h_sd+alt_mean+essence+greco;log,2005-2024,IGN IFN brut (Etalab 2.0) ; FORMS-T (CC-BY 4.0) ; spec 054 lot 3
B82,29CM,1,136.39,6952.6,gvf,88.105,1074.1,37.197,0.25569,fay_herriot,forms_mnt:h_sd+alt_mean+essence+greco;log,2005-2024,IGN IFN brut (Etalab 2.0) ; FORMS-T (CC-BY 4.0) ; spec 054 lot 3
B82,29MA,2,26.463,3978.7,gvf,61.722,596.53,39.571,0.0221,fay_herriot,forms_mnt:h_sd+alt_mean+essence+greco;log,2005-2024,IGN IFN brut (Etalab 2.0) ; FORMS-T (CC-BY 4.0) ; spec 054 lot 3
B82,31,35,8.7823,4.9533,direct,8.4688,3.0919,20.763,0.6666,fay_herriot,forms_mnt:h_sd+alt_mean+essence+greco;log,2005-2024,IGN IFN brut (Etalab 2.0) ; FORMS-T (CC-BY 4.0) ; spec 054 lot 3
B82,332G,1,4.0735,15574,gvf,137.3,2947.2,39.541,0.00013679,fay_herriot,forms_mnt:h_sd+alt_mean+essence+greco;log,2005-2024,IGN IFN brut (Etalab 2.0) ; FORMS-T (CC-BY 4.0) ; spec 054 lot 3
B82,33G,1,17.192,21357,gvf,129.4,2331.8,37.317,0.0017737,fay_herriot,forms_mnt:h_sd+alt_mean+essence+greco;log,2005-2024,IGN IFN brut (Etalab 2.0) ; FORMS-T (CC-BY 4.0) ; spec 054 lot 3
B82,34,1,4.7653,7770.4,gvf,118.32,2165.7,39.331,0.0003751,fay_herriot,forms_mnt:h_sd+alt_mean+essence+greco;log,2005-2024,IGN IFN brut (Etalab 2.0) ; FORMS-T (CC-BY 4.0) ; spec 054 lot 3
B82,38AU,1,6.8667,57.331,gvf,5.8468,4.3874,35.825,0.095518,fay_herriot,forms_mnt:h_sd+alt_mean+essence+greco;log,2005-2024,IGN IFN brut (Etalab 2.0) ; FORMS-T (CC-BY 4.0) ; spec 054 lot 3
B82,41,130,7.9267,0.69656,direct,8.0151,0.65708,10.114,0.92052,fay_herriot,forms_mnt:h_sd+alt_mean+essence+greco;log,2005-2024,IGN IFN brut (Etalab 2.0) ; FORMS-T (CC-BY 4.0) ; spec 054 lot 3
B82,49AM,92,4.7414,0.3824,direct,4.7421,0.33858,12.27,0.88302,fay_herriot,forms_mnt:h_sd+alt_mean+essence+greco;log,2005-2024,IGN IFN brut (Etalab 2.0) ; FORMS-T (CC-BY 4.0) ; spec 054 lot 3
B82,49BO,1,1.1421,0.58065,gvf,1.918,0.38348,32.287,0.22387,fay_herriot,forms_mnt:h_sd+alt_mean+essence+greco;log,2005-2024,IGN IFN brut (Etalab 2.0) ; FORMS-T (CC-BY 4.0) ; spec 054 lot 3
B82,49BS,3,2.5317,16.151,gvf,3.9642,2.0698,36.292,0.048486,fay_herriot,forms_mnt:h_sd+alt_mean+essence+greco;log,2005-2024,IGN IFN brut (Etalab 2.0) ; FORMS-T (CC-BY 4.0) ; spec 054 lot 3
B82,49EV,3,2.3927,0.32972,gvf,2.4943,0.25249,20.145,0.69035,fay_herriot,forms_mnt:h_sd+alt_mean+essence+greco;log,2005-2024,IGN IFN brut (Etalab 2.0) ; FORMS-T (CC-BY 4.0) ; spec 054 lot 3
B82,49IA,15,4.0128,0.79872,direct,4.3849,0.69393,18.998,0.72134,fay_herriot,forms_mnt:h_sd+alt_mean+essence+greco;log,2005-2024,IGN IFN brut (Etalab 2.0) ; FORMS-T (CC-BY 4.0) ; spec 054 lot 3
B82,49PM,1,2.6608,42.406,gvf,5.4715,4.0871,36.949,0.020987,fay_herriot,forms_mnt:h_sd+alt_mean+essence+greco;log,2005-2024,IGN IFN brut (Etalab 2.0) ; FORMS-T (CC-BY 4.0) ; spec 054 lot 3
B82,49PS,14,3.6405,0.96327,direct,4.1736,0.82598,21.776,0.63855,fay_herriot,forms_mnt:h_sd+alt_mean+essence+greco;log,2005-2024,IGN IFN brut (Etalab 2.0) ; FORMS-T (CC-BY 4.0) ; spec 054 lot 3
B82,49RC,3,11.143,41.893,gvf,8.9955,8.5775,32.558,0.27567,fay_herriot,forms_mnt:h_sd+alt_mean+essence+greco;log,2005-2024,IGN IFN brut (Etalab 2.0) ; FORMS-T (CC-BY 4.0) ; spec 054 lot 3
B82,49SN,5,6.6073,6.1322,gvf,5.305,1.9211,26.127,0.47757,fay_herriot,forms_mnt:h_sd+alt_mean+essence+greco;log,2005-2024,IGN IFN brut (Etalab 2.0) ; FORMS-T (CC-BY 4.0) ; spec 054 lot 3
B82,51,145,142.54,86.499,direct,141.14,82.171,6.4225,0.96791,fay_herriot,forms_mnt:h_sd+alt_mean+essence+greco;log,2005-2024,IGN IFN brut (Etalab 2.0) ; FORMS-T (CC-BY 4.0) ; spec 054 lot 3
B82,52,84,63.338,64.347,direct,64.574,59.587,11.954,0.88896,fay_herriot,forms_mnt:h_sd+alt_mean+essence+greco;log,2005-2024,IGN IFN brut (Etalab 2.0) ; FORMS-T (CC-BY 4.0) ; spec 054 lot 3
B82,53CO,51,129.98,180.31,direct,129.54,165.69,9.9371,0.92326,fay_herriot,forms_mnt:h_sd+alt_mean+essence+greco;log,2005-2024,IGN IFN brut (Etalab 2.0) ; FORMS-T (CC-BY 4.0) ; spec 054 lot 3
B82,54,3,116.33,3166.9,gvf,115.55,1134.2,29.147,0.3543,fay_herriot,forms_mnt:h_sd+alt_mean+essence+greco;log,2005-2024,IGN IFN brut (Etalab 2.0) ; FORMS-T (CC-BY 4.0) ; spec 054 lot 3
B82,61,2,51.053,6137.2,gvf,108.19,1463.6,35.36,0.051712,fay_herriot,forms_mnt:h_sd+alt_mean+essence+greco;log,2005-2024,IGN IFN brut (Etalab 2.0) ; FORMS-T (CC-BY 4.0) ; spec 054 lot 3
B82,62,1,14.63,15779,gvf,118.36,1842.4,36.265,0.0017386,fay_herriot,forms_mnt:h_sd+alt_mean+essence+greco;log,2005-2024,IGN IFN brut (Etalab 2.0) ; FORMS-T (CC-BY 4.0) ; spec 054 lot 3
B82,64,2,11.282,15543,gvf,172.26,3901.2,36.259,0.0010504,fay_herriot,forms_mnt:h_sd+alt_mean+essence+greco;log,2005-2024,IGN IFN brut (Etalab 2.0) ; FORMS-T (CC-BY 4.0) ; spec 054 lot 3
B82,65,2,16.681,7172.8,gvf,76.594,831.36,37.644,0.0049567,fay_herriot,forms_mnt:h_sd+alt_mean+essence+greco;log,2005-2024,IGN IFN brut (Etalab 2.0) ; FORMS-T (CC-BY 4.0) ; spec 054 lot 3
B82,67,2,8.7264,114.44,gvf,14.076,25.174,35.644,0.078717,fay_herriot,forms_mnt:h_sd+alt_mean+essence+greco;log,2005-2024,IGN IFN brut (Etalab 2.0) ; FORMS-T (CC-BY 4.0) ; spec 054 lot 3
B82,68TG,1,159.37,13701,gvf,172.95,4144.4,37.224,0.19227,fay_herriot,forms_mnt:h_sd+alt_mean+essence+greco;log,2005-2024,IGN IFN brut (Etalab 2.0) ; FORMS-T (CC-BY 4.0) ; spec 054 lot 3
B82,69JC,5,2.3784,3.5273,gvf,3.256,1.1789,33.346,0.17076,fay_herriot,forms_mnt:h_sd+alt_mean+essence+greco;log,2005-2024,IGN IFN brut (Etalab 2.0) ; FORMS-T (CC-BY 4.0) ; spec 054 lot 3
B91,02,686,101.08,9.1356,direct,100.94,9.0489,2.9802,0.99308,fay_herriot,forms_mnt:h_sd+alt_mean+essence+greco;log,2005-2024,IGN IFN brut (Etalab 2.0) ; FORMS-T (CC-BY 4.0) ; spec 054 lot 3
B91,03,716,175.02,24.673,direct,174.43,24.356,2.8293,0.99377,fay_herriot,forms_mnt:h_sd+alt_mean+essence+greco;log,2005-2024,IGN IFN brut (Etalab 2.0) ; FORMS-T (CC-BY 4.0) ; spec 054 lot 3
B91,04,11,33.414,214.96,direct,55.36,241.5,28.071,0.40008,fay_herriot,forms_mnt:h_sd+alt_mean+essence+greco;log,2005-2024,IGN IFN brut (Etalab 2.0) ; FORMS-T (CC-BY 4.0) ; spec 054 lot 3
B91,05,81,75.512,33.564,direct,74.534,31.301,7.5063,0.95617,fay_herriot,forms_mnt:h_sd+alt_mean+essence+greco;log,2005-2024,IGN IFN brut (Etalab 2.0) ; FORMS-T (CC-BY 4.0) ; spec 054 lot 3
B91,07,1,19.038,3322,gvf,43.319,258.48,37.114,0.013816,fay_herriot,forms_mnt:h_sd+alt_mean+essence+greco;log,2005-2024,IGN IFN brut (Etalab 2.0) ; FORMS-T (CC-BY 4.0) ; spec 054 lot 3
B91,09,117,40.453,12.885,direct,42.08,13.151,8.618,0.94222,fay_herriot,forms_mnt:h_sd+alt_mean+essence+greco;log,2005-2024,IGN IFN brut (Etalab 2.0) ; FORMS-T (CC-BY 4.0) ; spec 054 lot 3
B91,10,51,65.124,112.8,direct,66.128,96.664,14.868,0.82841,fay_herriot,forms_mnt:h_sd+alt_mean+essence+greco;log,2005-2024,IGN IFN brut (Etalab 2.0) ; FORMS-T (CC-BY 4.0) ; spec 054 lot 3
B91,11,602,46.578,4.4584,direct,46.507,4.3763,4.4981,0.98425,fay_herriot,forms_mnt:h_sd+alt_mean+essence+greco;log,2005-2024,IGN IFN brut (Etalab 2.0) ; FORMS-T (CC-BY 4.0) ; spec 054 lot 3
B91,12P,1,41.241,2276.8,gvf,49.242,296.48,34.968,0.087526,fay_herriot,forms_mnt:h_sd+alt_mean+essence+greco;log,2005-2024,IGN IFN brut (Etalab 2.0) ; FORMS-T (CC-BY 4.0) ; spec 054 lot 3
B91,12V,37,32.145,34.174,direct,32.306,27.558,16.25,0.79518,fay_herriot,forms_mnt:h_sd+alt_mean+essence+greco;log,2005-2024,IGN IFN brut (Etalab 2.0) ; FORMS-T (CC-BY 4.0) ; spec 054 lot 3
B91,13G,17,75.87,474.21,direct,76.299,294.59,22.495,0.60917,fay_herriot,forms_mnt:h_sd+alt_mean+essence+greco;log,2005-2024,IGN IFN brut (Etalab 2.0) ; FORMS-T (CC-BY 4.0) ; spec 054 lot 3
B91,14,23,53.845,115.58,direct,56.1,96.282,17.491,0.76309,fay_herriot,forms_mnt:h_sd+alt_mean+essence+greco;log,2005-2024,IGN IFN brut (Etalab 2.0) ; FORMS-T (CC-BY 4.0) ; spec 054 lot 3
B91,15P,4,23.113,312.57,gvf,30.972,104.16,32.952,0.17996,fay_herriot,forms_mnt:h_sd+alt_mean+essence+greco;log,2005-2024,IGN IFN brut (Etalab 2.0) ; FORMS-T (CC-BY 4.0) ; spec 054 lot 3
B91,15S,13,15.958,16.134,direct,21.063,18.98,20.684,0.6696,fay_herriot,forms_mnt:h_sd+alt_mean+essence+greco;log,2005-2024,IGN IFN brut (Etalab 2.0) ; FORMS-T (CC-BY 4.0) ; spec 054 lot 3
B91,17C,99,56.754,60.692,direct,56.59,52.74,12.833,0.87203,fay_herriot,forms_mnt:h_sd+alt_mean+essence+greco;log,2005-2024,IGN IFN brut (Etalab 2.0) ; FORMS-T (CC-BY 4.0) ; spec 054 lot 3
B91,17O,1,118.26,2845.3,gvf,70.496,406.74,28.608,0.38693,fay_herriot,forms_mnt:h_sd+alt_mean+essence+greco;log,2005-2024,IGN IFN brut (Etalab 2.0) ; FORMS-T (CC-BY 4.0) ; spec 054 lot 3
B91,18C,89,14.272,2.8521,direct,14.347,2.6054,11.251,0.90167,fay_herriot,forms_mnt:h_sd+alt_mean+essence+greco;log,2005-2024,IGN IFN brut (Etalab 2.0) ; FORMS-T (CC-BY 4.0) ; spec 054 lot 3
B91,18D,1,64.949,1054.1,gvf,51.16,255.32,31.233,0.33943,fay_herriot,forms_mnt:h_sd+alt_mean+essence+greco;log,2005-2024,IGN IFN brut (Etalab 2.0) ; FORMS-T (CC-BY 4.0) ; spec 054 lot 3
B91,19,69,143.16,280.58,direct,146.08,264.58,11.135,0.90366,fay_herriot,forms_mnt:h_sd+alt_mean+essence+greco;log,2005-2024,IGN IFN brut (Etalab 2.0) ; FORMS-T (CC-BY 4.0) ; spec 054 lot 3
B91,20G,1,287.15,6100.8,gvf,147.9,1041.1,21.816,0.63443,fay_herriot,forms_mnt:h_sd+alt_mean+essence+greco;log,2005-2024,IGN IFN brut (Etalab 2.0) ; FORMS-T (CC-BY 4.0) ; spec 054 lot 3
B91,20P,5,14.282,582.25,gvf,44.147,246.99,35.599,0.043044,fay_herriot,forms_mnt:h_sd+alt_mean+essence+greco;log,2005-2024,IGN IFN brut (Etalab 2.0) ; FORMS-T (CC-BY 4.0) ; spec 054 lot 3
B91,21C,189,28.731,8.4743,direct,28.303,7.6267,9.7575,0.92597,fay_herriot,forms_mnt:h_sd+alt_mean+essence+greco;log,2005-2024,IGN IFN brut (Etalab 2.0) ; FORMS-T (CC-BY 4.0) ; spec 054 lot 3
B91,22M,97,21.213,4.5143,direct,21.42,4.2751,9.6528,0.92753,fay_herriot,forms_mnt:h_sd+alt_mean+essence+greco;log,2005-2024,IGN IFN brut (Etalab 2.0) ; FORMS-T (CC-BY 4.0) ; spec 054 lot 3
B91,23C,13,14.817,4.4494,direct,14.436,3.6738,13.277,0.86368,fay_herriot,forms_mnt:h_sd+alt_mean+essence+greco;log,2005-2024,IGN IFN brut (Etalab 2.0) ; FORMS-T (CC-BY 4.0) ; spec 054 lot 3
B91,23PC,13,6.323,4.0806,direct,7.3543,3.1257,24.04,0.55714,fay_herriot,forms_mnt:h_sd+alt_mean+essence+greco;log,2005-2024,IGN IFN brut (Etalab 2.0) ; FORMS-T (CC-BY 4.0) ; spec 054 lot 3
B91,23PD,1,2.2238,113.32,gvf,14.38,28.895,37.38,0.0055723,fay_herriot,forms_mnt:h_sd+alt_mean+essence+greco;log,2005-2024,IGN IFN brut (Etalab 2.0) ; FORMS-T (CC-BY 4.0) ; spec 054 lot 3
B91,23PM,14,7.6324,4.7188,direct,8.1613,3.3482,22.42,0.61317,fay_herriot,forms_mnt:h_sd+alt_mean+essence+greco;log,2005-2024,IGN IFN brut (Etalab 2.0) ; FORMS-T (CC-BY 4.0) ; spec 054 lot 3
B91,24,102,47.862,34.831,direct,48.13,31.561,11.672,0.89412,fay_herriot,forms_mnt:h_sd+alt_mean+essence+greco;log,2005-2024,IGN IFN brut (Etalab 2.0) ; FORMS-T (CC-BY 4.0) ; spec 054 lot 3
B91,25B,9,60.62,631.82,gvf,61.066,280.85,27.443,0.42753,fay_herriot,forms_mnt:h_sd+alt_mean+essence+greco;log,2005-2024,IGN IFN brut (Etalab 2.0) ; FORMS-T (CC-BY 4.0) ; spec 054 lot 3
B91,25C,9,9.854,119.99,gvf,17.957,39.116,34.829,0.094127,fay_herriot,forms_mnt:h_sd+alt_mean+essence+greco;log,2005-2024,IGN IFN brut (Etalab 2.0) ; FORMS-T (CC-BY 4.0) ; spec 054 lot 3
B91,25M,21,9.1403,5.1823,direct,11.335,5.411,20.522,0.67427,fay_herriot,forms_mnt:h_sd+alt_mean+essence+greco;log,2005-2024,IGN IFN brut (Etalab 2.0) ; FORMS-T (CC-BY 4.0) ; spec 054 lot 3
B91,26E,1,36.504,19802,gvf,188.46,5580.6,39.64,0.0085668,fay_herriot,forms_mnt:h_sd+alt_mean+essence+greco;log,2005-2024,IGN IFN brut (Etalab 2.0) ; FORMS-T (CC-BY 4.0) ; spec 054 lot 3
B91,27C,5,15.865,84.473,gvf,18.259,31.719,30.845,0.27673,fay_herriot,forms_mnt:h_sd+alt_mean+essence+greco;log,2005-2024,IGN IFN brut (Etalab 2.0) ; FORMS-T (CC-BY 4.0) ; spec 054 lot 3
B91,27N,1,5.8362,681.64,gvf,42.198,292.43,40.525,0.0063753,fay_herriot,forms_mnt:h_sd+alt_mean+essence+greco;log,2005-2024,IGN IFN brut (Etalab 2.0) ; FORMS-T (CC-BY 4.0) ; spec 054 lot 3
B91,29AF,3,5.1972,8.4782,gvf,6.3371,3.9487,31.357,0.29032,fay_herriot,forms_mnt:h_sd+alt_mean+essence+greco;log,2005-2024,IGN IFN brut (Etalab 2.0) ; FORMS-T (CC-BY 4.0) ; spec 054 lot 3
B91,29EN,1,32.763,772.16,gvf,36.936,168.93,35.189,0.15147,fay_herriot,forms_mnt:h_sd+alt_mean+essence+greco;log,2005-2024,IGN IFN brut (Etalab 2.0) ; FORMS-T (CC-BY 4.0) ; spec 054 lot 3
B91,29MA,1,25.888,7957.3,gvf,69.133,758.03,39.825,0.010698,fay_herriot,forms_mnt:h_sd+alt_mean+essence+greco;log,2005-2024,IGN IFN brut (Etalab 2.0) ; FORMS-T (CC-BY 4.0) ; spec 054 lot 3
B91,31,28,5.2188,1.5139,direct,6.0998,1.4521,19.756,0.69789,fay_herriot,forms_mnt:h_sd+alt_mean+essence+greco;log,2005-2024,IGN IFN brut (Etalab 2.0) ; FORMS-T (CC-BY 4.0) ; spec 054 lot 3
B91,332G,2,45.296,7787.2,gvf,146.61,3229.3,38.761,0.032724,fay_herriot,forms_mnt:h_sd+alt_mean+essence+greco;log,2005-2024,IGN IFN brut (Etalab 2.0) ; FORMS-T (CC-BY 4.0) ; spec 054 lot 3
B91,33G,5,131.7,4271.5,gvf,139.8,1743.5,29.867,0.34271,fay_herriot,forms_mnt:h_sd+alt_mean+essence+greco;log,2005-2024,IGN IFN brut (Etalab 2.0) ; FORMS-T (CC-BY 4.0) ; spec 054 lot 3
B91,33N,3,87.791,2723.2,gvf,98.254,936.88,31.152,0.26654,fay_herriot,forms_mnt:h_sd+alt_mean+essence+greco;log,2005-2024,IGN IFN brut (Etalab 2.0) ; FORMS-T (CC-BY 4.0) ; spec 054 lot 3
B91,34,27,71.763,110.85,direct,78.287,116.34,13.778,0.85643,fay_herriot,forms_mnt:h_sd+alt_mean+essence+greco;log,2005-2024,IGN IFN brut (Etalab 2.0) ; FORMS-T (CC-BY 4.0) ; spec 054 lot 3
B91,41,101,7.4919,0.41262,direct,7.6149,0.40382,8.345,0.94585,fay_herriot,forms_mnt:h_sd+alt_mean+essence+greco;log,2005-2024,IGN IFN brut (Etalab 2.0) ; FORMS-T (CC-BY 4.0) ; spec 054 lot 3
B91,49AM,65,5.4897,1.0743,direct,5.4418,0.82974,16.739,0.7827,fay_herriot,forms_mnt:h_sd+alt_mean+essence+greco;log,2005-2024,IGN IFN brut (Etalab 2.0) ; FORMS-T (CC-BY 4.0) ; spec 054 lot 3
B91,49BO,1,1.5238,0.58065,gvf,2.0987,0.38817,29.687,0.33926,fay_herriot,forms_mnt:h_sd+alt_mean+essence+greco;log,2005-2024,IGN IFN brut (Etalab 2.0) ; FORMS-T (CC-BY 4.0) ; spec 054 lot 3
B91,49EV,8,1.3445,0.12365,gvf,1.7851,0.14547,21.366,0.65246,fay_herriot,forms_mnt:h_sd+alt_mean+essence+greco;log,2005-2024,IGN IFN brut (Etalab 2.0) ; FORMS-T (CC-BY 4.0) ; spec 054 lot 3
B91,49IA,8,3.3935,3.8553,gvf,5.2009,2.5634,30.784,0.27722,fay_herriot,forms_mnt:h_sd+alt_mean+essence+greco;log,2005-2024,IGN IFN brut (Etalab 2.0) ; FORMS-T (CC-BY 4.0) ; spec 054 lot 3
B91,49PM,1,2.1236,42.406,gvf,6.0831,5.0929,37.098,0.013472,fay_herriot,forms_mnt:h_sd+alt_mean+essence+greco;log,2005-2024,IGN IFN brut (Etalab 2.0) ; FORMS-T (CC-BY 4.0) ; spec 054 lot 3
B91,49PS,10,3.9445,0.75407,direct,4.4047,0.69376,18.91,0.72598,fay_herriot,forms_mnt:h_sd+alt_mean+essence+greco;log,2005-2024,IGN IFN brut (Etalab 2.0) ; FORMS-T (CC-BY 4.0) ; spec 054 lot 3
B91,49RC,3,4.6481,41.893,gvf,8.8257,11.066,37.692,0.062107,fay_herriot,forms_mnt:h_sd+alt_mean+essence+greco;log,2005-2024,IGN IFN brut (Etalab 2.0) ; FORMS-T (CC-BY 4.0) ; spec 054 lot 3
B91,49SN,6,5.0619,5.1101,gvf,4.9136,1.9233,28.224,0.39166,fay_herriot,forms_mnt:h_sd+alt_mean+essence+greco;log,2005-2024,IGN IFN brut (Etalab 2.0) ; FORMS-T (CC-BY 4.0) ; spec 054 lot 3
B91,51,5,47.465,3136.5,gvf,107.92,1406,34.744,0.084442,fay_herriot,forms_mnt:h_sd+alt_mean+essence+greco;log,2005-2024,IGN IFN brut (Etalab 2.0) ; FORMS-T (CC-BY 4.0) ; spec 054 lot 3
B91,52,54,99.976,107.64,direct,98.611,96.763,9.9754,0.92262,fay_herriot,forms_mnt:h_sd+alt_mean+essence+greco;log,2005-2024,IGN IFN brut (Etalab 2.0) ; FORMS-T (CC-BY 4.0) ; spec 054 lot 3
B91,53CO,33,187.91,567.07,direct,181.58,472.08,11.966,0.88884,fay_herriot,forms_mnt:h_sd+alt_mean+essence+greco;log,2005-2024,IGN IFN brut (Etalab 2.0) ; FORMS-T (CC-BY 4.0) ; spec 054 lot 3
B91,54,3,42.969,3166.9,gvf,118.5,1735.5,35.155,0.069648,fay_herriot,forms_mnt:h_sd+alt_mean+essence+greco;log,2005-2024,IGN IFN brut (Etalab 2.0) ; FORMS-T (CC-BY 4.0) ; spec 054 lot 3
B91,56,2,24.809,3090.1,gvf,87.599,1057.8,37.128,0.024938,fay_herriot,forms_mnt:h_sd+alt_mean+essence+greco;log,2005-2024,IGN IFN brut (Etalab 2.0) ; FORMS-T (CC-BY 4.0) ; spec 054 lot 3
B91,61,8,29.64,1534.3,gvf,113.42,1577.8,35.022,0.068488,fay_herriot,forms_mnt:h_sd+alt_mean+essence+greco;log,2005-2024,IGN IFN brut (Etalab 2.0) ; FORMS-T (CC-BY 4.0) ; spec 054 lot 3
B91,62,4,32.747,3944.8,gvf,125.87,2013.2,35.646,0.033728,fay_herriot,forms_mnt:h_sd+alt_mean+essence+greco;log,2005-2024,IGN IFN brut (Etalab 2.0) ; FORMS-T (CC-BY 4.0) ; spec 054 lot 3
B91,64,13,137.34,2000.6,direct,159.76,1499.5,24.238,0.54765,fay_herriot,forms_mnt:h_sd+alt_mean+essence+greco;log,2005-2024,IGN IFN brut (Etalab 2.0) ; FORMS-T (CC-BY 4.0) ; spec 054 lot 3
B91,67,1,8.2538,228.87,gvf,15.882,33.573,36.483,0.036813,fay_herriot,forms_mnt:h_sd+alt_mean+essence+greco;log,2005-2024,IGN IFN brut (Etalab 2.0) ; FORMS-T (CC-BY 4.0) ; spec 054 lot 3
B91,68PM,1,32.108,52497,gvf,77.792,816.12,36.723,0.0025153,fay_herriot,forms_mnt:h_sd+alt_mean+essence+greco;log,2005-2024,IGN IFN brut (Etalab 2.0) ; FORMS-T (CC-BY 4.0) ; spec 054 lot 3
B91,69JC,1,1.4131,17.636,gvf,3.8026,1.9252,36.489,0.014331,fay_herriot,forms_mnt:h_sd+alt_mean+essence+greco;log,2005-2024,IGN IFN brut (Etalab 2.0) ; FORMS-T (CC-BY 4.0) ; spec 054 lot 3
B91,71,2,37.16,1254.5,gvf,57.575,464.83,37.446,0.12384,fay_herriot,forms_mnt:h_sd+alt_mean+essence+greco;log,2005-2024,IGN IFN brut (Etalab 2.0) ; FORMS-T (CC-BY 4.0) ; spec 054 lot 3
B91,72V,2,13.939,12220,gvf,133.81,2556.2,37.784,0.0020374,fay_herriot,forms_mnt:h_sd+alt_mean+essence+greco;log,2005-2024,IGN IFN brut (Etalab 2.0) ; FORMS-T (CC-BY 4.0) ; spec 054 lot 3
B91,73,2,207.46,11272,gvf,204.38,3770,30.042,0.329,fay_herriot,forms_mnt:h_sd+alt_mean+essence+greco;log,2005-2024,IGN IFN brut (Etalab 2.0) ; FORMS-T (CC-BY 4.0) ; spec 054 lot 3
B91,76,1,124.73,3498.5,gvf,92.485,723.08,29.075,0.36345,fay_herriot,forms_mnt:h_sd+alt_mean+essence+greco;log,2005-2024,IGN IFN brut (Etalab 2.0) ; FORMS-T (CC-BY 4.0) ; spec 054 lot 3
B92,02,571,95.554,9.6386,direct,95.465,9.5437,3.236,0.99185,fay_herriot,forms_mnt:h_sd+alt_mean+essence+greco;log,2005-2024,IGN IFN brut (Etalab 2.0) ; FORMS-T (CC-BY 4.0) ; spec 054 lot 3
B92,03,563,135.02,17.839,direct,134.76,17.638,3.1164,0.99244,fay_herriot,forms_mnt:h_sd+alt_mean+essence+greco;log,2005-2024,IGN IFN brut (Etalab 2.0) ; FORMS-T (CC-BY 4.0) ; spec 054 lot 3
B92,04,24,96.903,611.2,direct,90.703,360.05,20.92,0.66361,fay_herriot,forms_mnt:h_sd+alt_mean+essence+greco;log,2005-2024,IGN IFN brut (Etalab 2.0) ; FORMS-T (CC-BY 4.0) ; spec 054 lot 3
B92,05,1,22.403,4384.1,gvf,56.82,417.79,35.973,0.014487,fay_herriot,forms_mnt:h_sd+alt_mean+essence+greco;log,2005-2024,IGN IFN brut (Etalab 2.0) ; FORMS-T (CC-BY 4.0) ; spec 054 lot 3
B92,09,142,34.493,9.8304,direct,36.353,10.271,8.8158,0.93954,fay_herriot,forms_mnt:h_sd+alt_mean+essence+greco;log,2005-2024,IGN IFN brut (Etalab 2.0) ; FORMS-T (CC-BY 4.0) ; spec 054 lot 3
B92,10,69,36.387,31.361,direct,40.565,33.006,14.163,0.84426,fay_herriot,forms_mnt:h_sd+alt_mean+essence+greco;log,2005-2024,IGN IFN brut (Etalab 2.0) ; FORMS-T (CC-BY 4.0) ; spec 054 lot 3
B92,11,549,44.347,4.1266,direct,44.332,4.0589,4.5445,0.98392,fay_herriot,forms_mnt:h_sd+alt_mean+essence+greco;log,2005-2024,IGN IFN brut (Etalab 2.0) ; FORMS-T (CC-BY 4.0) ; spec 054 lot 3
B92,12P,1,158.24,2276.8,gvf,99.309,535.68,23.306,0.58544,fay_herriot,forms_mnt:h_sd+alt_mean+essence+greco;log,2005-2024,IGN IFN brut (Etalab 2.0) ; FORMS-T (CC-BY 4.0) ; spec 054 lot 3
B92,12V,113,31.47,11.986,direct,31.666,11.11,10.526,0.91386,fay_herriot,forms_mnt:h_sd+alt_mean+essence+greco;log,2005-2024,IGN IFN brut (Etalab 2.0) ; FORMS-T (CC-BY 4.0) ; spec 054 lot 3
B92,13G,24,60.363,141.94,direct,64.273,124.1,17.332,0.76724,fay_herriot,forms_mnt:h_sd+alt_mean+essence+greco;log,2005-2024,IGN IFN brut (Etalab 2.0) ; FORMS-T (CC-BY 4.0) ; spec 054 lot 3
B92,14,61,60.26,68.832,direct,60.94,61.532,12.872,0.87137,fay_herriot,forms_mnt:h_sd+alt_mean+essence+greco;log,2005-2024,IGN IFN brut (Etalab 2.0) ; FORMS-T (CC-BY 4.0) ; spec 054 lot 3
B92,15P,5,43.725,250.06,gvf,38.465,97.754,25.704,0.4954,fay_herriot,forms_mnt:h_sd+alt_mean+essence+greco;log,2005-2024,IGN IFN brut (Etalab 2.0) ; FORMS-T (CC-BY 4.0) ; spec 054 lot 3
B92,15S,8,49.554,396.69,gvf,42.716,132.38,26.935,0.44285,fay_herriot,forms_mnt:h_sd+alt_mean+essence+greco;log,2005-2024,IGN IFN brut (Etalab 2.0) ; FORMS-T (CC-BY 4.0) ; spec 054 lot 3
B92,17C,60,65.838,154.39,direct,63.804,113.95,16.731,0.78285,fay_herriot,forms_mnt:h_sd+alt_mean+essence+greco;log,2005-2024,IGN IFN brut (Etalab 2.0) ; FORMS-T (CC-BY 4.0) ; spec 054 lot 3
B92,17O,1,152.64,2845.3,gvf,90.494,528.95,25.415,0.51253,fay_herriot,forms_mnt:h_sd+alt_mean+essence+greco;log,2005-2024,IGN IFN brut (Etalab 2.0) ; FORMS-T (CC-BY 4.0) ; spec 054 lot 3
B92,18C,9,13.611,50.167,gvf,14.84,19.508,29.762,0.32165,fay_herriot,forms_mnt:h_sd+alt_mean+essence+greco;log,2005-2024,IGN IFN brut (Etalab 2.0) ; FORMS-T (CC-BY 4.0) ; spec 054 lot 3
B92,19,16,163.87,828.33,direct,167.1,697.69,15.807,0.8063,fay_herriot,forms_mnt:h_sd+alt_mean+essence+greco;log,2005-2024,IGN IFN brut (Etalab 2.0) ; FORMS-T (CC-BY 4.0) ; spec 054 lot 3
B92,20G,3,37.756,2033.6,gvf,47.078,270.01,34.904,0.082577,fay_herriot,forms_mnt:h_sd+alt_mean+essence+greco;log,2005-2024,IGN IFN brut (Etalab 2.0) ; FORMS-T (CC-BY 4.0) ; spec 054 lot 3
B92,20P,5,51.551,582.25,gvf,49.086,199.22,28.755,0.36951,fay_herriot,forms_mnt:h_sd+alt_mean+essence+greco;log,2005-2024,IGN IFN brut (Etalab 2.0) ; FORMS-T (CC-BY 4.0) ; spec 054 lot 3
B92,21C,20,26.202,57.093,direct,25.348,32.699,22.559,0.60692,fay_herriot,forms_mnt:h_sd+alt_mean+essence+greco;log,2005-2024,IGN IFN brut (Etalab 2.0) ; FORMS-T (CC-BY 4.0) ; spec 054 lot 3
B92,22G,2,10.102,27.179,gvf,12.158,13.756,30.507,0.32531,fay_herriot,forms_mnt:h_sd+alt_mean+essence+greco;log,2005-2024,IGN IFN brut (Etalab 2.0) ; FORMS-T (CC-BY 4.0) ; spec 054 lot 3
B92,22M,81,26.87,8.6545,direct,26.696,7.8265,10.479,0.91461,fay_herriot,forms_mnt:h_sd+alt_mean+essence+greco;log,2005-2024,IGN IFN brut (Etalab 2.0) ; FORMS-T (CC-BY 4.0) ; spec 054 lot 3
B92,22S,2,15.115,130.98,gvf,29.767,116.08,36.195,0.18298,fay_herriot,forms_mnt:h_sd+alt_mean+essence+greco;log,2005-2024,IGN IFN brut (Etalab 2.0) ; FORMS-T (CC-BY 4.0) ; spec 054 lot 3
B92,23AB,1,1.061,257.6,gvf,11.131,16.524,36.52,0.00056081,fay_herriot,forms_mnt:h_sd+alt_mean+essence+greco;log,2005-2024,IGN IFN brut (Etalab 2.0) ; FORMS-T (CC-BY 4.0) ; spec 054 lot 3
B92,23C,1,20.333,103.94,gvf,14.788,19.224,29.649,0.33807,fay_herriot,forms_mnt:h_sd+alt_mean+essence+greco;log,2005-2024,IGN IFN brut (Etalab 2.0) ; FORMS-T (CC-BY 4.0) ; spec 054 lot 3
B92,23PC,1,7.3138,57.528,gvf,8.9196,9.4211,34.412,0.10666,fay_herriot,forms_mnt:h_sd+alt_mean+essence+greco;log,2005-2024,IGN IFN brut (Etalab 2.0) ; FORMS-T (CC-BY 4.0) ; spec 054 lot 3
B92,23PD,1,14.308,113.32,gvf,14.805,24.62,33.514,0.18828,fay_herriot,forms_mnt:h_sd+alt_mean+essence+greco;log,2005-2024,IGN IFN brut (Etalab 2.0) ; FORMS-T (CC-BY 4.0) ; spec 054 lot 3
B92,23PM,4,17.946,21.216,gvf,14.371,9.0882,20.977,0.66093,fay_herriot,forms_mnt:h_sd+alt_mean+essence+greco;log,2005-2024,IGN IFN brut (Etalab 2.0) ; FORMS-T (CC-BY 4.0) ; spec 054 lot 3
B92,23SO,1,24.917,29.409,gvf,19.806,13.752,18.724,0.73052,fay_herriot,forms_mnt:h_sd+alt_mean+essence+greco;log,2005-2024,IGN IFN brut (Etalab 2.0) ; FORMS-T (CC-BY 4.0) ; spec 054 lot 3
B92,24,112,58.507,32.123,direct,58.024,29.486,9.3583,0.93189,fay_herriot,forms_mnt:h_sd+alt_mean+essence+greco;log,2005-2024,IGN IFN brut (Etalab 2.0) ; FORMS-T (CC-BY 4.0) ; spec 054 lot 3
B92,25B,2,14.1,2843.2,gvf,62.221,513.37,36.415,0.0088986,fay_herriot,forms_mnt:h_sd+alt_mean+essence+greco;log,2005-2024,IGN IFN brut (Etalab 2.0) ; FORMS-T (CC-BY 4.0) ; spec 054 lot 3
B92,25C,1,7.6912,1079.9,gvf,19.499,50.773,36.543,0.0069843,fay_herriot,forms_mnt:h_sd+alt_mean+essence+greco;log,2005-2024,IGN IFN brut (Etalab 2.0) ; FORMS-T (CC-BY 4.0) ; spec 054 lot 3
B92,25E3,1,9.9533,31.833,gvf,14.106,18.687,30.645,0.28551,fay_herriot,forms_mnt:h_sd+alt_mean+essence+greco;log,2005-2024,IGN IFN brut (Etalab 2.0) ; FORMS-T (CC-BY 4.0) ; spec 054 lot 3
B92,25M,18,18.157,13.744,direct,18.161,10.435,17.787,0.7549,fay_herriot,forms_mnt:h_sd+alt_mean+essence+greco;log,2005-2024,IGN IFN brut (Etalab 2.0) ; FORMS-T (CC-BY 4.0) ; spec 054 lot 3
B92,27C,2,44.654,211.18,gvf,30.909,56.318,24.28,0.54799,fay_herriot,forms_mnt:h_sd+alt_mean+essence+greco;log,2005-2024,IGN IFN brut (Etalab 2.0) ; FORMS-T (CC-BY 4.0) ; spec 054 lot 3
B92,29MA,2,37.19,3978.7,gvf,69.767,742.33,39.053,0.04273,fay_herriot,forms_mnt:h_sd+alt_mean+essence+greco;log,2005-2024,IGN IFN brut (Etalab 2.0) ; FORMS-T (CC-BY 4.0) ; spec 054 lot 3
B92,31,30,7.0304,4.3047,direct,7.7619,3.1522,22.874,0.59585,fay_herriot,forms_mnt:h_sd+alt_mean+essence+greco;log,2005-2024,IGN IFN brut (Etalab 2.0) ; FORMS-T (CC-BY 4.0) ; spec 054 lot 3
B92,33G,1,20.815,21357,gvf,147.36,3020.3,37.295,0.0025981,fay_herriot,forms_mnt:h_sd+alt_mean+essence+greco;log,2005-2024,IGN IFN brut (Etalab 2.0) ; FORMS-T (CC-BY 4.0) ; spec 054 lot 3
B92,33N,5,89.088,1633.9,gvf,98.643,789.52,28.485,0.38412,fay_herriot,forms_mnt:h_sd+alt_mean+essence+greco;log,2005-2024,IGN IFN brut (Etalab 2.0) ; FORMS-T (CC-BY 4.0) ; spec 054 lot 3
B92,41,20,6.8968,1.297,direct,7.4105,1.2412,15.034,0.82484,fay_herriot,forms_mnt:h_sd+alt_mean+essence+greco;log,2005-2024,IGN IFN brut (Etalab 2.0) ; FORMS-T (CC-BY 4.0) ; spec 054 lot 3
B92,49AE,1,5.4857,18.365,gvf,5.6638,4.3799,36.951,0.17382,fay_herriot,forms_mnt:h_sd+alt_mean+essence+greco;log,2005-2024,IGN IFN brut (Etalab 2.0) ; FORMS-T (CC-BY 4.0) ; spec 054 lot 3
B92,49AM,40,5.0438,0.60027,direct,5.0996,0.51999,14.14,0.84476,fay_herriot,forms_mnt:h_sd+alt_mean+essence+greco;log,2005-2024,IGN IFN brut (Etalab 2.0) ; FORMS-T (CC-BY 4.0) ; spec 054 lot 3
B92,49BO,1,2.2366,0.58065,gvf,2.3759,0.35386,25.037,0.52521,fay_herriot,forms_mnt:h_sd+alt_mean+essence+greco;log,2005-2024,IGN IFN brut (Etalab 2.0) ; FORMS-T (CC-BY 4.0) ; spec 054 lot 3
B92,49EV,3,1.9279,0.32972,gvf,2.3473,0.2969,23.213,0.59142,fay_herriot,forms_mnt:h_sd+alt_mean+essence+greco;log,2005-2024,IGN IFN brut (Etalab 2.0) ; FORMS-T (CC-BY 4.0) ; spec 054 lot 3
B92,49IA,10,2.7577,0.14524,direct,3.0685,0.15716,12.92,0.87053,fay_herriot,forms_mnt:h_sd+alt_mean+essence+greco;log,2005-2024,IGN IFN brut (Etalab 2.0) ; FORMS-T (CC-BY 4.0) ; spec 054 lot 3
B92,49PS,15,8.0589,14.091,direct,6.7372,3.7972,28.924,0.37178,fay_herriot,forms_mnt:h_sd+alt_mean+essence+greco;log,2005-2024,IGN IFN brut (Etalab 2.0) ; FORMS-T (CC-BY 4.0) ; spec 054 lot 3
B92,49RC,2,2.0979,62.84,gvf,9.3305,13.185,38.917,0.0089132,fay_herriot,forms_mnt:h_sd+alt_mean+essence+greco;log,2005-2024,IGN IFN brut (Etalab 2.0) ; FORMS-T (CC-BY 4.0) ; spec 054 lot 3
B92,49SN,9,7.5514,3.4068,gvf,6.6038,1.797,20.299,0.68247,fay_herriot,forms_mnt:h_sd+alt_mean+essence+greco;log,2005-2024,IGN IFN brut (Etalab 2.0) ; FORMS-T (CC-BY 4.0) ; spec 054 lot 3
B92,52,39,79.73,144.11,direct,80.635,125.65,13.901,0.84994,fay_herriot,forms_mnt:h_sd+alt_mean+essence+greco;log,2005-2024,IGN IFN brut (Etalab 2.0) ; FORMS-T (CC-BY 4.0) ; spec 054 lot 3
B92,53CA,1,74.964,7363.2,gvf,159.16,4438,41.855,0.089252,fay_herriot,forms_mnt:h_sd+alt_mean+essence+greco;log,2005-2024,IGN IFN brut (Etalab 2.0) ; FORMS-T (CC-BY 4.0) ; spec 054 lot 3
B92,53CO,16,113.37,854.36,direct,122.36,661.82,21.025,0.65891,fay_herriot,forms_mnt:h_sd+alt_mean+essence+greco;log,2005-2024,IGN IFN brut (Etalab 2.0) ; FORMS-T (CC-BY 4.0) ; spec 054 lot 3
B92,54,1,218.72,9500.6,gvf,160.43,2053.7,28.248,0.39267,fay_herriot,forms_mnt:h_sd+alt_mean+essence+greco;log,2005-2024,IGN IFN brut (Etalab 2.0) ; FORMS-T (CC-BY 4.0) ; spec 054 lot 3
B92,56,5,31.623,1236,gvf,83.948,897.11,35.679,0.094105,fay_herriot,forms_mnt:h_sd+alt_mean+essence+greco;log,2005-2024,IGN IFN brut (Etalab 2.0) ; FORMS-T (CC-BY 4.0) ; spec 054 lot 3
B92,61,24,120.61,1431,direct,123.99,867,23.747,0.56622,fay_herriot,forms_mnt:h_sd+alt_mean+essence+greco;log,2005-2024,IGN IFN brut (Etalab 2.0) ; FORMS-T (CC-BY 4.0) ; spec 054 lot 3
B92,62,13,62.699,156.45,direct,75.237,173.07,17.485,0.7634,fay_herriot,forms_mnt:h_sd+alt_mean+essence+greco;log,2005-2024,IGN IFN brut (Etalab 2.0) ; FORMS-T (CC-BY 4.0) ; spec 054 lot 3
B92,64,115,231.11,350.36,direct,229.32,328.62,7.905,0.9514,fay_herriot,forms_mnt:h_sd+alt_mean+essence+greco;log,2005-2024,IGN IFN brut (Etalab 2.0) ; FORMS-T (CC-BY 4.0) ; spec 054 lot 3
B92,65,2,155.12,7172.8,gvf,104.39,1053.8,31.095,0.30107,fay_herriot,forms_mnt:h_sd+alt_mean+essence+greco;log,2005-2024,IGN IFN brut (Etalab 2.0) ; FORMS-T (CC-BY 4.0) ; spec 054 lot 3
B92,67,1,6.9413,228.87,gvf,16.341,35.965,36.7,0.02632,fay_herriot,forms_mnt:h_sd+alt_mean+essence+greco;log,2005-2024,IGN IFN brut (Etalab 2.0) ; FORMS-T (CC-BY 4.0) ; spec 054 lot 3
B92,68CA,1,13.36,2002.1,gvf,78.46,822.71,36.557,0.011317,fay_herriot,forms_mnt:h_sd+alt_mean+essence+greco;log,2005-2024,IGN IFN brut (Etalab 2.0) ; FORMS-T (CC-BY 4.0) ; spec 054 lot 3
B92,71,1,32.549,2508.9,gvf,60.806,570.58,39.284,0.051433,fay_herriot,forms_mnt:h_sd+alt_mean+essence+greco;log,2005-2024,IGN IFN brut (Etalab 2.0) ; FORMS-T (CC-BY 4.0) ; spec 054 lot 3
B92,72V,3,18.966,8146.8,gvf,136.52,2650.4,37.711,0.0056375,fay_herriot,forms_mnt:h_sd+alt_mean+essence+greco;log,2005-2024,IGN IFN brut (Etalab 2.0) ; FORMS-T (CC-BY 4.0) ; spec 054 lot 3
B92,74J,2,74.673,11019,gvf,180.98,4355.3,36.465,0.061011,fay_herriot,forms_mnt:h_sd+alt_mean+essence+greco;log,2005-2024,IGN IFN brut (Etalab 2.0) ; FORMS-T (CC-BY 4.0) ; spec 054 lot 3
C11,02,174,81.167,21.486,direct,81.1,20.931,5.6412,0.97523,fay_herriot,forms_mnt:h_sd+alt_mean+essence+greco;log,2005-2024,IGN IFN brut (Etalab 2.0) ; FORMS-T (CC-BY 4.0) ; spec 054 lot 3
C11,03,296,101.4,18.231,direct,101.33,17.961,4.1826,0.98638,fay_herriot,forms_mnt:h_sd+alt_mean+essence+greco;log,2005-2024,IGN IFN brut (Etalab 2.0) ; FORMS-T (CC-BY 4.0) ; spec 054 lot 3
C11,04,5,42.695,1639.6,gvf,68.527,546.25,34.106,0.12492,fay_herriot,forms_mnt:h_sd+alt_mean+essence+greco;log,2005-2024,IGN IFN brut (Etalab 2.0) ; FORMS-T (CC-BY 4.0) ; spec 054 lot 3
C11,09,148,51.321,16.089,direct,52.236,15.926,7.6399,0.95459,fay_herriot,forms_mnt:h_sd+alt_mean+essence+greco;log,2005-2024,IGN IFN brut (Etalab 2.0) ; FORMS-T (CC-BY 4.0) ; spec 054 lot 3
C11,10,2,30.46,7981.3,gvf,66.549,571.49,35.922,0.014708,fay_herriot,forms_mnt:h_sd+alt_mean+essence+greco;log,2005-2024,IGN IFN brut (Etalab 2.0) ; FORMS-T (CC-BY 4.0) ; spec 054 lot 3
C11,11,141,41.673,11.247,direct,41.591,10.677,7.8565,0.95198,fay_herriot,forms_mnt:h_sd+alt_mean+essence+greco;log,2005-2024,IGN IFN brut (Etalab 2.0) ; FORMS-T (CC-BY 4.0) ; spec 054 lot 3
C11,12P,82,53.054,23.084,direct,52.694,21.472,8.7938,0.93996,fay_herriot,forms_mnt:h_sd+alt_mean+essence+greco;log,2005-2024,IGN IFN brut (Etalab 2.0) ; FORMS-T (CC-BY 4.0) ; spec 054 lot 3
C11,12V,248,47.885,8.1557,direct,47.334,7.7588,5.8847,0.97305,fay_herriot,forms_mnt:h_sd+alt_mean+essence+greco;log,2005-2024,IGN IFN brut (Etalab 2.0) ; FORMS-T (CC-BY 4.0) ; spec 054 lot 3
C11,13G,38,43.307,35.978,direct,46.331,35.94,12.939,0.87002,fay_herriot,forms_mnt:h_sd+alt_mean+essence+greco;log,2005-2024,IGN IFN brut (Etalab 2.0) ; FORMS-T (CC-BY 4.0) ; spec 054 lot 3
C11,14,1,28.237,7018.2,gvf,59.89,465.02,36.006,0.014378,fay_herriot,forms_mnt:h_sd+alt_mean+essence+greco;log,2005-2024,IGN IFN brut (Etalab 2.0) ; FORMS-T (CC-BY 4.0) ; spec 054 lot 3
C11,15P,2,22.011,822.12,gvf,30.475,114.96,35.183,0.070344,fay_herriot,forms_mnt:h_sd+alt_mean+essence+greco;log,2005-2024,IGN IFN brut (Etalab 2.0) ; FORMS-T (CC-BY 4.0) ; spec 054 lot 3
C11,15S,75,47.575,30.902,direct,46.187,26.398,11.124,0.90389,fay_herriot,forms_mnt:h_sd+alt_mean+essence+greco;log,2005-2024,IGN IFN brut (Etalab 2.0) ; FORMS-T (CC-BY 4.0) ; spec 054 lot 3
C11,17C,20,46.544,72.508,direct,47.712,60.691,16.328,0.79324,fay_herriot,forms_mnt:h_sd+alt_mean+essence+greco;log,2005-2024,IGN IFN brut (Etalab 2.0) ; FORMS-T (CC-BY 4.0) ; spec 054 lot 3
C11,18M,1,17.238,327.38,gvf,18.431,42.358,35.312,0.10439,fay_herriot,forms_mnt:h_sd+alt_mean+essence+greco;log,2005-2024,IGN IFN brut (Etalab 2.0) ; FORMS-T (CC-BY 4.0) ; spec 054 lot 3
C11,19,3,213.69,6979.5,gvf,186.85,2469.8,26.598,0.45655,fay_herriot,forms_mnt:h_sd+alt_mean+essence+greco;log,2005-2024,IGN IFN brut (Etalab 2.0) ; FORMS-T (CC-BY 4.0) ; spec 054 lot 3
C11,20G,4,44.809,568.28,gvf,44.406,178.89,30.12,0.31209,fay_herriot,forms_mnt:h_sd+alt_mean+essence+greco;log,2005-2024,IGN IFN brut (Etalab 2.0) ; FORMS-T (CC-BY 4.0) ; spec 054 lot 3
C11,20P,1,64.668,1816.1,gvf,47.978,234.37,31.909,0.2282,fay_herriot,forms_mnt:h_sd+alt_mean+essence+greco;log,2005-2024,IGN IFN brut (Etalab 2.0) ; FORMS-T (CC-BY 4.0) ; spec 054 lot 3
C11,21C,2,13.901,291.85,gvf,21.382,55.206,34.749,0.078361,fay_herriot,forms_mnt:h_sd+alt_mean+essence+greco;log,2005-2024,IGN IFN brut (Etalab 2.0) ; FORMS-T (CC-BY 4.0) ; spec 054 lot 3
C11,22M,12,32.429,96.681,direct,28.066,42.564,23.245,0.58276,fay_herriot,forms_mnt:h_sd+alt_mean+essence+greco;log,2005-2024,IGN IFN brut (Etalab 2.0) ; FORMS-T (CC-BY 4.0) ; spec 054 lot 3
C11,23PM,1,1.1739,107.26,gvf,8.5552,9.6836,36.374,0.001647,fay_herriot,forms_mnt:h_sd+alt_mean+essence+greco;log,2005-2024,IGN IFN brut (Etalab 2.0) ; FORMS-T (CC-BY 4.0) ; spec 054 lot 3
C11,23SO,50,6.0437,0.53976,direct,6.3521,0.53755,11.542,0.89679,fay_herriot,forms_mnt:h_sd+alt_mean+essence+greco;log,2005-2024,IGN IFN brut (Etalab 2.0) ; FORMS-T (CC-BY 4.0) ; spec 054 lot 3
C11,24,34,33.768,39.026,direct,36.316,35.81,16.478,0.78955,fay_herriot,forms_mnt:h_sd+alt_mean+essence+greco;log,2005-2024,IGN IFN brut (Etalab 2.0) ; FORMS-T (CC-BY 4.0) ; spec 054 lot 3
C11,25C,1,0.87981,621.98,gvf,18.066,43.999,36.716,0.00015977,fay_herriot,forms_mnt:h_sd+alt_mean+essence+greco;log,2005-2024,IGN IFN brut (Etalab 2.0) ; FORMS-T (CC-BY 4.0) ; spec 054 lot 3
C11,25M,19,12.473,8.3196,direct,13.599,7.031,19.499,0.70597,fay_herriot,forms_mnt:h_sd+alt_mean+essence+greco;log,2005-2024,IGN IFN brut (Etalab 2.0) ; FORMS-T (CC-BY 4.0) ; spec 054 lot 3
C11,31,19,5.0975,1.1607,direct,5.7758,1.1121,18.258,0.7419,fay_herriot,forms_mnt:h_sd+alt_mean+essence+greco;log,2005-2024,IGN IFN brut (Etalab 2.0) ; FORMS-T (CC-BY 4.0) ; spec 054 lot 3
C11,41,2,8.7841,66.136,gvf,9.4653,10.256,33.834,0.13029,fay_herriot,forms_mnt:h_sd+alt_mean+essence+greco;log,2005-2024,IGN IFN brut (Etalab 2.0) ; FORMS-T (CC-BY 4.0) ; spec 054 lot 3
C11,49AE,1,6.461,99.876,gvf,5.3068,4.5648,40.261,0.050935,fay_herriot,forms_mnt:h_sd+alt_mean+essence+greco;log,2005-2024,IGN IFN brut (Etalab 2.0) ; FORMS-T (CC-BY 4.0) ; spec 054 lot 3
C11,49AM,3,3.5301,17.854,gvf,4.8468,2.8201,34.648,0.082248,fay_herriot,forms_mnt:h_sd+alt_mean+essence+greco;log,2005-2024,IGN IFN brut (Etalab 2.0) ; FORMS-T (CC-BY 4.0) ; spec 054 lot 3
C11,49IA,6,7.5009,7.8602,gvf,6.5565,2.9251,26.085,0.47892,fay_herriot,forms_mnt:h_sd+alt_mean+essence+greco;log,2005-2024,IGN IFN brut (Etalab 2.0) ; FORMS-T (CC-BY 4.0) ; spec 054 lot 3
C11,49SN,1,5.4984,43.788,gvf,4.629,2.6077,34.886,0.081434,fay_herriot,forms_mnt:h_sd+alt_mean+essence+greco;log,2005-2024,IGN IFN brut (Etalab 2.0) ; FORMS-T (CC-BY 4.0) ; spec 054 lot 3
C11,52,13,65.27,391.5,direct,70.742,270.4,23.245,0.58285,fay_herriot,forms_mnt:h_sd+alt_mean+essence+greco;log,2005-2024,IGN IFN brut (Etalab 2.0) ; FORMS-T (CC-BY 4.0) ; spec 054 lot 3
C11,54,1,27.434,15195,gvf,119.78,1901.9,36.408,0.0063197,fay_herriot,forms_mnt:h_sd+alt_mean+essence+greco;log,2005-2024,IGN IFN brut (Etalab 2.0) ; FORMS-T (CC-BY 4.0) ; spec 054 lot 3
C11,61,2,69.012,9520.8,gvf,114.59,1628,35.211,0.060355,fay_herriot,forms_mnt:h_sd+alt_mean+essence+greco;log,2005-2024,IGN IFN brut (Etalab 2.0) ; FORMS-T (CC-BY 4.0) ; spec 054 lot 3
C11,62,170,269.67,177.15,direct,265.83,169.02,4.8908,0.98138,fay_herriot,forms_mnt:h_sd+alt_mean+essence+greco;log,2005-2024,IGN IFN brut (Etalab 2.0) ; FORMS-T (CC-BY 4.0) ; spec 054 lot 3
C11,63,2,175.81,5470.5,gvf,135.17,1404.4,27.724,0.42045,fay_herriot,forms_mnt:h_sd+alt_mean+essence+greco;log,2005-2024,IGN IFN brut (Etalab 2.0) ; FORMS-T (CC-BY 4.0) ; spec 054 lot 3
C11,64,25,248.26,2421.8,direct,230.68,1611.5,17.403,0.76569,fay_herriot,forms_mnt:h_sd+alt_mean+essence+greco;log,2005-2024,IGN IFN brut (Etalab 2.0) ; FORMS-T (CC-BY 4.0) ; spec 054 lot 3
C11,68TG,1,98.987,13701,gvf,175.71,5017.6,40.314,0.084103,fay_herriot,forms_mnt:h_sd+alt_mean+essence+greco;log,2005-2024,IGN IFN brut (Etalab 2.0) ; FORMS-T (CC-BY 4.0) ; spec 054 lot 3
C12,02,86,102.63,102.56,direct,101.01,92.476,9.5205,0.92952,fay_herriot,forms_mnt:h_sd+alt_mean+essence+greco;log,2005-2024,IGN IFN brut (Etalab 2.0) ; FORMS-T (CC-BY 4.0) ; spec 054 lot 3
C12,03,210,144.99,45.985,direct,144.09,44.673,4.6386,0.98325,fay_herriot,forms_mnt:h_sd+alt_mean+essence+greco;log,2005-2024,IGN IFN brut (Etalab 2.0) ; FORMS-T (CC-BY 4.0) ; spec 054 lot 3
C12,04,2,144.48,4099,gvf,98.325,769.01,28.204,0.39536,fay_herriot,forms_mnt:h_sd+alt_mean+essence+greco;log,2005-2024,IGN IFN brut (Etalab 2.0) ; FORMS-T (CC-BY 4.0) ; spec 054 lot 3
C12,09,171,74.597,29.99,direct,74.769,28.939,7.1948,0.95972,fay_herriot,forms_mnt:h_sd+alt_mean+essence+greco;log,2005-2024,IGN IFN brut (Etalab 2.0) ; FORMS-T (CC-BY 4.0) ; spec 054 lot 3
C12,10,10,74.007,1462.3,direct,71.421,448.49,29.652,0.32476,fay_herriot,forms_mnt:h_sd+alt_mean+essence+greco;log,2005-2024,IGN IFN brut (Etalab 2.0) ; FORMS-T (CC-BY 4.0) ; spec 054 lot 3
C12,11,220,47.06,10.338,direct,46.861,9.8991,6.7141,0.96492,fay_herriot,forms_mnt:h_sd+alt_mean+essence+greco;log,2005-2024,IGN IFN brut (Etalab 2.0) ; FORMS-T (CC-BY 4.0) ; spec 054 lot 3
C12,12P,2,75.136,913.19,gvf,59.468,260.4,27.135,0.44252,fay_herriot,forms_mnt:h_sd+alt_mean+essence+greco;log,2005-2024,IGN IFN brut (Etalab 2.0) ; FORMS-T (CC-BY 4.0) ; spec 054 lot 3
C12,12V,122,35.978,8.2011,direct,35.805,7.7488,7.7745,0.95298,fay_herriot,forms_mnt:h_sd+alt_mean+essence+greco;log,2005-2024,IGN IFN brut (Etalab 2.0) ; FORMS-T (CC-BY 4.0) ; spec 054 lot 3
C12,13G,37,64.574,126.37,direct,66.599,109.25,15.694,0.80905,fay_herriot,forms_mnt:h_sd+alt_mean+essence+greco;log,2005-2024,IGN IFN brut (Etalab 2.0) ; FORMS-T (CC-BY 4.0) ; spec 054 lot 3
C12,14,6,67.948,1169.7,gvf,64.718,362.9,29.436,0.33635,fay_herriot,forms_mnt:h_sd+alt_mean+essence+greco;log,2005-2024,IGN IFN brut (Etalab 2.0) ; FORMS-T (CC-BY 4.0) ; spec 054 lot 3
C12,15P,2,200.12,822.12,gvf,155.81,432.14,13.342,0.86216,fay_herriot,forms_mnt:h_sd+alt_mean+essence+greco;log,2005-2024,IGN IFN brut (Etalab 2.0) ; FORMS-T (CC-BY 4.0) ; spec 054 lot 3
C12,15S,44,29.739,18.026,direct,30.58,16.512,13.288,0.86301,fay_herriot,forms_mnt:h_sd+alt_mean+essence+greco;log,2005-2024,IGN IFN brut (Etalab 2.0) ; FORMS-T (CC-BY 4.0) ; spec 054 lot 3
C12,17C,71,76.664,104.25,direct,73.589,84.603,12.499,0.87863,fay_herriot,forms_mnt:h_sd+alt_mean+essence+greco;log,2005-2024,IGN IFN brut (Etalab 2.0) ; FORMS-T (CC-BY 4.0) ; spec 054 lot 3
C12,18C,8,29.692,41.854,gvf,24.626,21.177,18.687,0.73007,fay_herriot,forms_mnt:h_sd+alt_mean+essence+greco;log,2005-2024,IGN IFN brut (Etalab 2.0) ; FORMS-T (CC-BY 4.0) ; spec 054 lot 3
C12,18D,1,21.846,552.42,gvf,41.556,240.46,37.315,0.099849,fay_herriot,forms_mnt:h_sd+alt_mean+essence+greco;log,2005-2024,IGN IFN brut (Etalab 2.0) ; FORMS-T (CC-BY 4.0) ; spec 054 lot 3
C12,18M,1,26.606,327.38,gvf,20.752,46.474,32.85,0.21731,fay_herriot,forms_mnt:h_sd+alt_mean+essence+greco;log,2005-2024,IGN IFN brut (Etalab 2.0) ; FORMS-T (CC-BY 4.0) ; spec 054 lot 3
C12,19,18,195.47,1752.4,direct,189.59,1223,18.446,0.73682,fay_herriot,forms_mnt:h_sd+alt_mean+essence+greco;log,2005-2024,IGN IFN brut (Etalab 2.0) ; FORMS-T (CC-BY 4.0) ; spec 054 lot 3
C12,20G,3,15.765,757.7,gvf,44.157,249.15,35.746,0.040417,fay_herriot,forms_mnt:h_sd+alt_mean+essence+greco;log,2005-2024,IGN IFN brut (Etalab 2.0) ; FORMS-T (CC-BY 4.0) ; spec 054 lot 3
C12,20P,12,36.197,60.793,direct,38.53,51.089,18.551,0.73456,fay_herriot,forms_mnt:h_sd+alt_mean+essence+greco;log,2005-2024,IGN IFN brut (Etalab 2.0) ; FORMS-T (CC-BY 4.0) ; spec 054 lot 3
C12,21C,19,30.019,30.942,direct,28.411,21.978,16.501,0.78901,fay_herriot,forms_mnt:h_sd+alt_mean+essence+greco;log,2005-2024,IGN IFN brut (Etalab 2.0) ; FORMS-T (CC-BY 4.0) ; spec 054 lot 3
C12,22M,45,30.548,13.045,direct,29.823,11.235,11.239,0.90182,fay_herriot,forms_mnt:h_sd+alt_mean+essence+greco;log,2005-2024,IGN IFN brut (Etalab 2.0) ; FORMS-T (CC-BY 4.0) ; spec 054 lot 3
C12,23AB,4,4.2122,33.6,gvf,10.087,12.707,35.339,0.063498,fay_herriot,forms_mnt:h_sd+alt_mean+essence+greco;log,2005-2024,IGN IFN brut (Etalab 2.0) ; FORMS-T (CC-BY 4.0) ; spec 054 lot 3
C12,23PM,2,8.5318,53.631,gvf,8.8869,8.8743,33.521,0.14841,fay_herriot,forms_mnt:h_sd+alt_mean+essence+greco;log,2005-2024,IGN IFN brut (Etalab 2.0) ; FORMS-T (CC-BY 4.0) ; spec 054 lot 3
C12,23SO,1,4.5181,60.896,gvf,9.8701,12.563,35.91,0.041267,fay_herriot,forms_mnt:h_sd+alt_mean+essence+greco;log,2005-2024,IGN IFN brut (Etalab 2.0) ; FORMS-T (CC-BY 4.0) ; spec 054 lot 3
C12,24,38,47.006,74.576,direct,47.564,60.751,16.387,0.79186,fay_herriot,forms_mnt:h_sd+alt_mean+essence+greco;log,2005-2024,IGN IFN brut (Etalab 2.0) ; FORMS-T (CC-BY 4.0) ; spec 054 lot 3
C12,25B,2,100.14,1363.9,gvf,77.31,403.93,25.997,0.48563,fay_herriot,forms_mnt:h_sd+alt_mean+essence+greco;log,2005-2024,IGN IFN brut (Etalab 2.0) ; FORMS-T (CC-BY 4.0) ; spec 054 lot 3
C12,25FR,1,61.651,1590,gvf,63.418,435.86,32.92,0.23486,fay_herriot,forms_mnt:h_sd+alt_mean+essence+greco;log,2005-2024,IGN IFN brut (Etalab 2.0) ; FORMS-T (CC-BY 4.0) ; spec 054 lot 3
C12,25M,25,18.125,23.76,direct,17.88,14.916,21.6,0.63969,fay_herriot,forms_mnt:h_sd+alt_mean+essence+greco;log,2005-2024,IGN IFN brut (Etalab 2.0) ; FORMS-T (CC-BY 4.0) ; spec 054 lot 3
C12,27C,1,16.527,499.23,gvf,18.828,43.934,35.205,0.065638,fay_herriot,forms_mnt:h_sd+alt_mean+essence+greco;log,2005-2024,IGN IFN brut (Etalab 2.0) ; FORMS-T (CC-BY 4.0) ; spec 054 lot 3
C12,31,29,4.1165,0.42727,direct,4.6478,0.45699,14.545,0.83586,fay_herriot,forms_mnt:h_sd+alt_mean+essence+greco;log,2005-2024,IGN IFN brut (Etalab 2.0) ; FORMS-T (CC-BY 4.0) ; spec 054 lot 3
C12,49AE,1,11.672,99.876,gvf,6.1293,5.3202,37.632,0.14903,fay_herriot,forms_mnt:h_sd+alt_mean+essence+greco;log,2005-2024,IGN IFN brut (Etalab 2.0) ; FORMS-T (CC-BY 4.0) ; spec 054 lot 3
C12,49AM,7,10.863,7.6519,gvf,8.4838,3.1235,20.832,0.66446,fay_herriot,forms_mnt:h_sd+alt_mean+essence+greco;log,2005-2024,IGN IFN brut (Etalab 2.0) ; FORMS-T (CC-BY 4.0) ; spec 054 lot 3
C12,49IA,9,3.6141,5.2402,gvf,5.3338,2.8342,31.563,0.24246,fay_herriot,forms_mnt:h_sd+alt_mean+essence+greco;log,2005-2024,IGN IFN brut (Etalab 2.0) ; FORMS-T (CC-BY 4.0) ; spec 054 lot 3
C12,49PS,3,2.2744,10.277,gvf,5.4964,3.8506,35.702,0.060705,fay_herriot,forms_mnt:h_sd+alt_mean+essence+greco;log,2005-2024,IGN IFN brut (Etalab 2.0) ; FORMS-T (CC-BY 4.0) ; spec 054 lot 3
C12,52,19,55.85,181.82,direct,63.096,160.66,20.089,0.68778,fay_herriot,forms_mnt:h_sd+alt_mean+essence+greco;log,2005-2024,IGN IFN brut (Etalab 2.0) ; FORMS-T (CC-BY 4.0) ; spec 054 lot 3
C12,54,3,94.116,5065,gvf,119.5,1545.9,32.902,0.18338,fay_herriot,forms_mnt:h_sd+alt_mean+essence+greco;log,2005-2024,IGN IFN brut (Etalab 2.0) ; FORMS-T (CC-BY 4.0) ; spec 054 lot 3
C12,61,8,43.338,2380.2,gvf,112.11,1504.5,34.598,0.092,fay_herriot,forms_mnt:h_sd+alt_mean+essence+greco;log,2005-2024,IGN IFN brut (Etalab 2.0) ; FORMS-T (CC-BY 4.0) ; spec 054 lot 3
C12,62,58,202.26,719.56,direct,191.79,571.01,12.459,0.87952,fay_herriot,forms_mnt:h_sd+alt_mean+essence+greco;log,2005-2024,IGN IFN brut (Etalab 2.0) ; FORMS-T (CC-BY 4.0) ; spec 054 lot 3
C12,63,2,12.883,5470.5,gvf,115.49,1800.8,36.745,0.0038807,fay_herriot,forms_mnt:h_sd+alt_mean+essence+greco;log,2005-2024,IGN IFN brut (Etalab 2.0) ; FORMS-T (CC-BY 4.0) ; spec 054 lot 3
C12,64,37,195,1031.9,direct,193.98,847.1,15.004,0.82553,fay_herriot,forms_mnt:h_sd+alt_mean+essence+greco;log,2005-2024,IGN IFN brut (Etalab 2.0) ; FORMS-T (CC-BY 4.0) ; spec 054 lot 3
C12,73,1,6.156,34201,gvf,199.98,5510.9,37.122,0.00014225,fay_herriot,forms_mnt:h_sd+alt_mean+essence+greco;log,2005-2024,IGN IFN brut (Etalab 2.0) ; FORMS-T (CC-BY 4.0) ; spec 054 lot 3
C12,74J,1,322.97,23130,gvf,226.23,4458.8,29.516,0.36672,fay_herriot,forms_mnt:h_sd+alt_mean+essence+greco;log,2005-2024,IGN IFN brut (Etalab 2.0) ; FORMS-T (CC-BY 4.0) ; spec 054 lot 3
C20,02,2636,69.009,1.4087,direct,69.03,1.4064,1.718,0.9977,fay_herriot,forms_mnt:h_sd+alt_mean+essence+greco;log,2005-2024,IGN IFN brut (Etalab 2.0) ; FORMS-T (CC-BY 4.0) ; spec 054 lot 3
C20,03,3977,79.619,1.2723,direct,79.642,1.2711,1.4156,0.99844,fay_herriot,forms_mnt:h_sd+alt_mean+essence+greco;log,2005-2024,IGN IFN brut (Etalab 2.0) ; FORMS-T (CC-BY 4.0) ; spec 054 lot 3
C20,04,8,27.529,1024.8,gvf,67.408,552.42,34.868,0.086726,fay_herriot,forms_mnt:h_sd+alt_mean+essence+greco;log,2005-2024,IGN IFN brut (Etalab 2.0) ; FORMS-T (CC-BY 4.0) ; spec 054 lot 3
C20,05,228,45.22,10.334,direct,45.496,10.075,6.9767,0.96213,fay_herriot,forms_mnt:h_sd+alt_mean+essence+greco;log,2005-2024,IGN IFN brut (Etalab 2.0) ; FORMS-T (CC-BY 4.0) ; spec 054 lot 3
C20,09,4056,75.228,1.3603,direct,75.229,1.3579,1.549,0.99813,fay_herriot,forms_mnt:h_sd+alt_mean+essence+greco;log,2005-2024,IGN IFN brut (Etalab 2.0) ; FORMS-T (CC-BY 4.0) ; spec 054 lot 3
C20,10,49,83.095,171.37,direct,80.324,134.68,14.448,0.83802,fay_herriot,forms_mnt:h_sd+alt_mean+essence+greco;log,2005-2024,IGN IFN brut (Etalab 2.0) ; FORMS-T (CC-BY 4.0) ; spec 054 lot 3
C20,11,5034,45.303,0.38834,direct,45.294,0.38764,1.3746,0.99853,fay_herriot,forms_mnt:h_sd+alt_mean+essence+greco;log,2005-2024,IGN IFN brut (Etalab 2.0) ; FORMS-T (CC-BY 4.0) ; spec 054 lot 3
C20,12P,3,32.98,608.79,gvf,44.31,213.58,32.982,0.1866,fay_herriot,forms_mnt:h_sd+alt_mean+essence+greco;log,2005-2024,IGN IFN brut (Etalab 2.0) ; FORMS-T (CC-BY 4.0) ; spec 054 lot 3
C20,12V,414,31.83,3.2203,direct,31.815,3.1411,5.5708,0.97584,fay_herriot,forms_mnt:h_sd+alt_mean+essence+greco;log,2005-2024,IGN IFN brut (Etalab 2.0) ; FORMS-T (CC-BY 4.0) ; spec 054 lot 3
C20,13B,3,27.491,741.6,gvf,35.506,166.23,36.312,0.11571,fay_herriot,forms_mnt:h_sd+alt_mean+essence+greco;log,2005-2024,IGN IFN brut (Etalab 2.0) ; FORMS-T (CC-BY 4.0) ; spec 054 lot 3
C20,13G,106,66.062,68.184,direct,66.768,62.259,11.818,0.89152,fay_herriot,forms_mnt:h_sd+alt_mean+essence+greco;log,2005-2024,IGN IFN brut (Etalab 2.0) ; FORMS-T (CC-BY 4.0) ; spec 054 lot 3
C20,14,384,71.148,17.663,direct,70.847,17.062,5.8304,0.97354,fay_herriot,forms_mnt:h_sd+alt_mean+essence+greco;log,2005-2024,IGN IFN brut (Etalab 2.0) ; FORMS-T (CC-BY 4.0) ; spec 054 lot 3
C20,15P,186,34.615,7.5776,direct,34.45,7.1672,7.7712,0.95306,fay_herriot,forms_mnt:h_sd+alt_mean+essence+greco;log,2005-2024,IGN IFN brut (Etalab 2.0) ; FORMS-T (CC-BY 4.0) ; spec 054 lot 3
C20,15S,1141,33.826,1.0361,direct,33.834,1.0295,2.9989,0.993,fay_herriot,forms_mnt:h_sd+alt_mean+essence+greco;log,2005-2024,IGN IFN brut (Etalab 2.0) ; FORMS-T (CC-BY 4.0) ; spec 054 lot 3
C20,17C,1551,52.996,2.8161,direct,52.992,2.7944,3.1545,0.99225,fay_herriot,forms_mnt:h_sd+alt_mean+essence+greco;log,2005-2024,IGN IFN brut (Etalab 2.0) ; FORMS-T (CC-BY 4.0) ; spec 054 lot 3
C20,17O,3,26.109,684.61,gvf,44.92,243.34,34.727,0.11336,fay_herriot,forms_mnt:h_sd+alt_mean+essence+greco;log,2005-2024,IGN IFN brut (Etalab 2.0) ; FORMS-T (CC-BY 4.0) ; spec 054 lot 3
C20,18C,185,12.955,0.93771,direct,13.006,0.90688,7.3218,0.9583,fay_herriot,forms_mnt:h_sd+alt_mean+essence+greco;log,2005-2024,IGN IFN brut (Etalab 2.0) ; FORMS-T (CC-BY 4.0) ; spec 054 lot 3
C20,18D,2,2.6912,276.21,gvf,42.447,282.83,39.62,0.0033556,fay_herriot,forms_mnt:h_sd+alt_mean+essence+greco;log,2005-2024,IGN IFN brut (Etalab 2.0) ; FORMS-T (CC-BY 4.0) ; spec 054 lot 3
C20,18M,35,16.925,10.894,direct,17.292,8.9652,17.315,0.7715,fay_herriot,forms_mnt:h_sd+alt_mean+essence+greco;log,2005-2024,IGN IFN brut (Etalab 2.0) ; FORMS-T (CC-BY 4.0) ; spec 054 lot 3
C20,19,76,133.12,300.8,direct,136.7,281.02,12.263,0.88325,fay_herriot,forms_mnt:h_sd+alt_mean+essence+greco;log,2005-2024,IGN IFN brut (Etalab 2.0) ; FORMS-T (CC-BY 4.0) ; spec 054 lot 3
C20,20G,384,39.574,4.9123,direct,39.68,4.8256,5.5361,0.97615,fay_herriot,forms_mnt:h_sd+alt_mean+essence+greco;log,2005-2024,IGN IFN brut (Etalab 2.0) ; FORMS-T (CC-BY 4.0) ; spec 054 lot 3
C20,20P,256,38.685,6.247,direct,38.841,6.1065,6.3622,0.96851,fay_herriot,forms_mnt:h_sd+alt_mean+essence+greco;log,2005-2024,IGN IFN brut (Etalab 2.0) ; FORMS-T (CC-BY 4.0) ; spec 054 lot 3
C20,21C,2776,20.497,0.18923,direct,20.503,0.18869,2.1187,0.9965,fay_herriot,forms_mnt:h_sd+alt_mean+essence+greco;log,2005-2024,IGN IFN brut (Etalab 2.0) ; FORMS-T (CC-BY 4.0) ; spec 054 lot 3
C20,21M,3,11.872,85.213,gvf,14.834,24.467,33.344,0.17518,fay_herriot,forms_mnt:h_sd+alt_mean+essence+greco;log,2005-2024,IGN IFN brut (Etalab 2.0) ; FORMS-T (CC-BY 4.0) ; spec 054 lot 3
C20,21O,28,22.518,14.974,direct,22.148,11.949,15.608,0.81302,fay_herriot,forms_mnt:h_sd+alt_mean+essence+greco;log,2005-2024,IGN IFN brut (Etalab 2.0) ; FORMS-T (CC-BY 4.0) ; spec 054 lot 3
C20,22C,5,15.429,11.324,gvf,14.355,7.6686,19.291,0.72969,fay_herriot,forms_mnt:h_sd+alt_mean+essence+greco;log,2005-2024,IGN IFN brut (Etalab 2.0) ; FORMS-T (CC-BY 4.0) ; spec 054 lot 3
C20,22G,5,8.7974,149.61,gvf,12.004,19.153,36.457,0.062286,fay_herriot,forms_mnt:h_sd+alt_mean+essence+greco;log,2005-2024,IGN IFN brut (Etalab 2.0) ; FORMS-T (CC-BY 4.0) ; spec 054 lot 3
C20,22M,954,29.166,1.165,direct,29.092,1.1472,3.6817,0.98945,fay_herriot,forms_mnt:h_sd+alt_mean+essence+greco;log,2005-2024,IGN IFN brut (Etalab 2.0) ; FORMS-T (CC-BY 4.0) ; spec 054 lot 3
C20,22S,2,5.1317,513.71,gvf,31.559,165.82,40.804,0.0065394,fay_herriot,forms_mnt:h_sd+alt_mean+essence+greco;log,2005-2024,IGN IFN brut (Etalab 2.0) ; FORMS-T (CC-BY 4.0) ; spec 054 lot 3
C20,23AB,923,11.12,0.13958,direct,11.112,0.13823,3.3457,0.99129,fay_herriot,forms_mnt:h_sd+alt_mean+essence+greco;log,2005-2024,IGN IFN brut (Etalab 2.0) ; FORMS-T (CC-BY 4.0) ; spec 054 lot 3
C20,23AF,9,8.3193,14.736,gvf,11.991,11.767,28.608,0.3762,fay_herriot,forms_mnt:h_sd+alt_mean+essence+greco;log,2005-2024,IGN IFN brut (Etalab 2.0) ; FORMS-T (CC-BY 4.0) ; spec 054 lot 3
C20,23AM,1,2.0098,78.337,gvf,11.233,28.21,47.283,0.0065774,fay_herriot,forms_mnt:h_sd+alt_mean+essence+greco;log,2005-2024,IGN IFN brut (Etalab 2.0) ; FORMS-T (CC-BY 4.0) ; spec 054 lot 3
C20,23C,64,15.819,1.2924,direct,15.63,1.2154,7.0536,0.96134,fay_herriot,forms_mnt:h_sd+alt_mean+essence+greco;log,2005-2024,IGN IFN brut (Etalab 2.0) ; FORMS-T (CC-BY 4.0) ; spec 054 lot 3
C20,23PC,124,9.0649,0.43899,direct,9.0382,0.41965,7.1674,0.96006,fay_herriot,forms_mnt:h_sd+alt_mean+essence+greco;log,2005-2024,IGN IFN brut (Etalab 2.0) ; FORMS-T (CC-BY 4.0) ; spec 054 lot 3
C20,23PD,25,8.6278,4.5233,direct,10.023,4.2731,20.624,0.67877,fay_herriot,forms_mnt:h_sd+alt_mean+essence+greco;log,2005-2024,IGN IFN brut (Etalab 2.0) ; FORMS-T (CC-BY 4.0) ; spec 054 lot 3
C20,23PF,1,2.0649,64.526,gvf,14.701,28.446,36.28,0.0084137,fay_herriot,forms_mnt:h_sd+alt_mean+essence+greco;log,2005-2024,IGN IFN brut (Etalab 2.0) ; FORMS-T (CC-BY 4.0) ; spec 054 lot 3
C20,23PM,127,9.6095,0.90286,direct,9.5338,0.82779,9.5433,0.92924,fay_herriot,forms_mnt:h_sd+alt_mean+essence+greco;log,2005-2024,IGN IFN brut (Etalab 2.0) ; FORMS-T (CC-BY 4.0) ; spec 054 lot 3
C20,23SO,8,7.9614,7.612,gvf,8.802,4.925,25.213,0.51672,fay_herriot,forms_mnt:h_sd+alt_mean+essence+greco;log,2005-2024,IGN IFN brut (Etalab 2.0) ; FORMS-T (CC-BY 4.0) ; spec 054 lot 3
C20,24,338,37.04,4.7668,direct,37.289,4.7067,5.818,0.97365,fay_herriot,forms_mnt:h_sd+alt_mean+essence+greco;log,2005-2024,IGN IFN brut (Etalab 2.0) ; FORMS-T (CC-BY 4.0) ; spec 054 lot 3
C20,25B,22,47.627,148.09,direct,50.936,114.03,20.964,0.66293,fay_herriot,forms_mnt:h_sd+alt_mean+essence+greco;log,2005-2024,IGN IFN brut (Etalab 2.0) ; FORMS-T (CC-BY 4.0) ; spec 054 lot 3
C20,25C,6,18.391,103.66,gvf,18.181,30.981,30.615,0.29525,fay_herriot,forms_mnt:h_sd+alt_mean+essence+greco;log,2005-2024,IGN IFN brut (Etalab 2.0) ; FORMS-T (CC-BY 4.0) ; spec 054 lot 3
C20,25FR,2,5.3542,794.98,gvf,60.724,534.34,38.067,0.004609,fay_herriot,forms_mnt:h_sd+alt_mean+essence+greco;log,2005-2024,IGN IFN brut (Etalab 2.0) ; FORMS-T (CC-BY 4.0) ; spec 054 lot 3
C20,25M,422,15.711,1.0559,direct,15.744,1.0269,6.4364,0.96776,fay_herriot,forms_mnt:h_sd+alt_mean+essence+greco;log,2005-2024,IGN IFN brut (Etalab 2.0) ; FORMS-T (CC-BY 4.0) ; spec 054 lot 3
C20,26E,1,428.6,13310,gvf,314.03,4963,22.434,0.63927,fay_herriot,forms_mnt:h_sd+alt_mean+essence+greco;log,2005-2024,IGN IFN brut (Etalab 2.0) ; FORMS-T (CC-BY 4.0) ; spec 054 lot 3
C20,27C,56,19.921,10.126,direct,19.632,8.2546,14.635,0.83422,fay_herriot,forms_mnt:h_sd+alt_mean+essence+greco;log,2005-2024,IGN IFN brut (Etalab 2.0) ; FORMS-T (CC-BY 4.0) ; spec 054 lot 3
C20,27N,1,44.215,802.58,gvf,41.324,204.12,34.574,0.23825,fay_herriot,forms_mnt:h_sd+alt_mean+essence+greco;log,2005-2024,IGN IFN brut (Etalab 2.0) ; FORMS-T (CC-BY 4.0) ; spec 054 lot 3
C20,29AF,9,8.1823,7.0504,gvf,7.3794,3.3129,24.665,0.54941,fay_herriot,forms_mnt:h_sd+alt_mean+essence+greco;log,2005-2024,IGN IFN brut (Etalab 2.0) ; FORMS-T (CC-BY 4.0) ; spec 054 lot 3
C20,29AI,1,9.3898,3913.1,gvf,76.39,1638.4,52.988,0.0028848,fay_herriot,forms_mnt:h_sd+alt_mean+essence+greco;log,2005-2024,IGN IFN brut (Etalab 2.0) ; FORMS-T (CC-BY 4.0) ; spec 054 lot 3
C20,29MA,14,57.89,591.74,direct,62.536,333.68,29.21,0.42103,fay_herriot,forms_mnt:h_sd+alt_mean+essence+greco;log,2005-2024,IGN IFN brut (Etalab 2.0) ; FORMS-T (CC-BY 4.0) ; spec 054 lot 3
C20,31,718,6.6523,0.17601,direct,6.6962,0.1731,6.2133,0.96996,fay_herriot,forms_mnt:h_sd+alt_mean+essence+greco;log,2005-2024,IGN IFN brut (Etalab 2.0) ; FORMS-T (CC-BY 4.0) ; spec 054 lot 3
C20,332G,3,14.75,3696.2,gvf,141.97,3132.2,39.421,0.007501,fay_herriot,forms_mnt:h_sd+alt_mean+essence+greco;log,2005-2024,IGN IFN brut (Etalab 2.0) ; FORMS-T (CC-BY 4.0) ; spec 054 lot 3
C20,33G,2,29.842,4912,gvf,131.9,2372.8,36.932,0.02275,fay_herriot,forms_mnt:h_sd+alt_mean+essence+greco;log,2005-2024,IGN IFN brut (Etalab 2.0) ; FORMS-T (CC-BY 4.0) ; spec 054 lot 3
C20,33N,1,138.43,7751.9,gvf,105.6,1122.7,31.73,0.24093,fay_herriot,forms_mnt:h_sd+alt_mean+essence+greco;log,2005-2024,IGN IFN brut (Etalab 2.0) ; FORMS-T (CC-BY 4.0) ; spec 054 lot 3
C20,34,1,5.2596,15880,gvf,124.46,2404.4,39.398,0.00022363,fay_herriot,forms_mnt:h_sd+alt_mean+essence+greco;log,2005-2024,IGN IFN brut (Etalab 2.0) ; FORMS-T (CC-BY 4.0) ; spec 054 lot 3
C20,38AU,50,5.4053,0.70469,direct,5.5016,0.62617,14.383,0.84187,fay_herriot,forms_mnt:h_sd+alt_mean+essence+greco;log,2005-2024,IGN IFN brut (Etalab 2.0) ; FORMS-T (CC-BY 4.0) ; spec 054 lot 3
C20,39,92,2.3002,0.048016,direct,2.3562,0.047498,9.2495,0.93399,fay_herriot,forms_mnt:h_sd+alt_mean+essence+greco;log,2005-2024,IGN IFN brut (Etalab 2.0) ; FORMS-T (CC-BY 4.0) ; spec 054 lot 3
C20,41,849,11.413,0.12896,direct,11.397,0.12767,3.1349,0.99235,fay_herriot,forms_mnt:h_sd+alt_mean+essence+greco;log,2005-2024,IGN IFN brut (Etalab 2.0) ; FORMS-T (CC-BY 4.0) ; spec 054 lot 3
C20,49AE,33,4.7744,4.7342,direct,5.0668,2.4758,31.054,0.38205,fay_herriot,forms_mnt:h_sd+alt_mean+essence+greco;log,2005-2024,IGN IFN brut (Etalab 2.0) ; FORMS-T (CC-BY 4.0) ; spec 054 lot 3
C20,49AM,634,5.0055,0.05846,direct,5.0052,0.057434,4.7881,0.98215,fay_herriot,forms_mnt:h_sd+alt_mean+essence+greco;log,2005-2024,IGN IFN brut (Etalab 2.0) ; FORMS-T (CC-BY 4.0) ; spec 054 lot 3
C20,49BO,2,2.7275,0.53561,gvf,2.5821,0.31438,21.715,0.64072,fay_herriot,forms_mnt:h_sd+alt_mean+essence+greco;log,2005-2024,IGN IFN brut (Etalab 2.0) ; FORMS-T (CC-BY 4.0) ; spec 054 lot 3
C20,49BS,19,4.4619,2.0369,direct,4.3731,1.1297,24.305,0.55655,fay_herriot,forms_mnt:h_sd+alt_mean+essence+greco;log,2005-2024,IGN IFN brut (Etalab 2.0) ; FORMS-T (CC-BY 4.0) ; spec 054 lot 3
C20,49CA,1,12.381,,gvf,12.381,,,1,direct,forms_mnt:h_sd+alt_mean+essence+greco;log,2005-2024,IGN IFN brut (Etalab 2.0) ; FORMS-T (CC-BY 4.0) ; spec 054 lot 3
C20,49EV,13,1.8223,0.060291,direct,1.9284,0.059654,12.665,0.87613,fay_herriot,forms_mnt:h_sd+alt_mean+essence+greco;log,2005-2024,IGN IFN brut (Etalab 2.0) ; FORMS-T (CC-BY 4.0) ; spec 054 lot 3
C20,49IA,7,2.9226,6.7373,gvf,5.2691,3.1499,33.683,0.14,fay_herriot,forms_mnt:h_sd+alt_mean+essence+greco;log,2005-2024,IGN IFN brut (Etalab 2.0) ; FORMS-T (CC-BY 4.0) ; spec 054 lot 3
C20,49PC,1,2.7051,435.74,gvf,14.893,29.384,36.398,0.0021516,fay_herriot,forms_mnt:h_sd+alt_mean+essence+greco;log,2005-2024,IGN IFN brut (Etalab 2.0) ; FORMS-T (CC-BY 4.0) ; spec 054 lot 3
C20,49PM,94,5.7812,0.524,direct,5.7878,0.47274,11.88,0.89118,fay_herriot,forms_mnt:h_sd+alt_mean+essence+greco;log,2005-2024,IGN IFN brut (Etalab 2.0) ; FORMS-T (CC-BY 4.0) ; spec 054 lot 3
C20,49PS,35,3.5863,0.57527,direct,4.0213,0.54506,18.359,0.74165,fay_herriot,forms_mnt:h_sd+alt_mean+essence+greco;log,2005-2024,IGN IFN brut (Etalab 2.0) ; FORMS-T (CC-BY 4.0) ; spec 054 lot 3
C20,49RC,17,2.642,0.3338,direct,3.6528,0.48949,19.153,0.72863,fay_herriot,forms_mnt:h_sd+alt_mean+essence+greco;log,2005-2024,IGN IFN brut (Etalab 2.0) ; FORMS-T (CC-BY 4.0) ; spec 054 lot 3
C20,49RP,2,1.2529,4.1086,gvf,13.312,22.395,35.55,0.046762,fay_herriot,forms_mnt:h_sd+alt_mean+essence+greco;log,2005-2024,IGN IFN brut (Etalab 2.0) ; FORMS-T (CC-BY 4.0) ; spec 054 lot 3
C20,49SN,29,3.2148,0.22789,direct,3.3841,0.21667,13.755,0.85344,fay_herriot,forms_mnt:h_sd+alt_mean+essence+greco;log,2005-2024,IGN IFN brut (Etalab 2.0) ; FORMS-T (CC-BY 4.0) ; spec 054 lot 3
C20,52,672,84.375,11.127,direct,84.311,10.98,3.9302,0.98797,fay_herriot,forms_mnt:h_sd+alt_mean+essence+greco;log,2005-2024,IGN IFN brut (Etalab 2.0) ; FORMS-T (CC-BY 4.0) ; spec 054 lot 3
C20,53CA,1,19.507,7363.2,gvf,155.8,4787,44.408,0.0065922,fay_herriot,forms_mnt:h_sd+alt_mean+essence+greco;log,2005-2024,IGN IFN brut (Etalab 2.0) ; FORMS-T (CC-BY 4.0) ; spec 054 lot 3
C20,53CO,13,50.96,192.7,direct,71.95,246.14,21.805,0.63376,fay_herriot,forms_mnt:h_sd+alt_mean+essence+greco;log,2005-2024,IGN IFN brut (Etalab 2.0) ; FORMS-T (CC-BY 4.0) ; spec 054 lot 3
C20,54,500,106.82,30.601,direct,107.1,30.154,5.1273,0.97954,fay_herriot,forms_mnt:h_sd+alt_mean+essence+greco;log,2005-2024,IGN IFN brut (Etalab 2.0) ; FORMS-T (CC-BY 4.0) ; spec 054 lot 3
C20,56,1,53.533,8264.9,gvf,83.951,953.71,36.786,0.042625,fay_herriot,forms_mnt:h_sd+alt_mean+essence+greco;log,2005-2024,IGN IFN brut (Etalab 2.0) ; FORMS-T (CC-BY 4.0) ; spec 054 lot 3
C20,61,227,126.39,95.637,direct,126.02,90.98,7.5686,0.95545,fay_herriot,forms_mnt:h_sd+alt_mean+essence+greco;log,2005-2024,IGN IFN brut (Etalab 2.0) ; FORMS-T (CC-BY 4.0) ; spec 054 lot 3
C20,62,463,126.73,43.321,direct,126.69,42.43,5.1414,0.97943,fay_herriot,forms_mnt:h_sd+alt_mean+essence+greco;log,2005-2024,IGN IFN brut (Etalab 2.0) ; FORMS-T (CC-BY 4.0) ; spec 054 lot 3
C20,63,65,73.324,117.27,direct,77.957,114.26,13.712,0.8548,fay_herriot,forms_mnt:h_sd+alt_mean+essence+greco;log,2005-2024,IGN IFN brut (Etalab 2.0) ; FORMS-T (CC-BY 4.0) ; spec 054 lot 3
C20,64,193,203.19,118.83,direct,202.69,115.73,5.3074,0.97808,fay_herriot,forms_mnt:h_sd+alt_mean+essence+greco;log,2005-2024,IGN IFN brut (Etalab 2.0) ; FORMS-T (CC-BY 4.0) ; spec 054 lot 3
C20,65,8,45.745,205.99,gvf,58.662,201.11,24.174,0.56606,fay_herriot,forms_mnt:h_sd+alt_mean+essence+greco;log,2005-2024,IGN IFN brut (Etalab 2.0) ; FORMS-T (CC-BY 4.0) ; spec 054 lot 3
C20,67,3,4.6945,33.932,gvf,14.068,25.227,35.703,0.076977,fay_herriot,forms_mnt:h_sd+alt_mean+essence+greco;log,2005-2024,IGN IFN brut (Etalab 2.0) ; FORMS-T (CC-BY 4.0) ; spec 054 lot 3
C20,68TG,1,106.06,13701,gvf,175.79,4943.9,39.999,0.095367,fay_herriot,forms_mnt:h_sd+alt_mean+essence+greco;log,2005-2024,IGN IFN brut (Etalab 2.0) ; FORMS-T (CC-BY 4.0) ; spec 054 lot 3
C20,69JC,46,4.5372,0.80914,direct,4.3122,0.56696,17.461,0.76564,fay_herriot,forms_mnt:h_sd+alt_mean+essence+greco;log,2005-2024,IGN IFN brut (Etalab 2.0) ; FORMS-T (CC-BY 4.0) ; spec 054 lot 3
C20,71,11,63.704,652.23,direct,60.459,302.02,28.744,0.44411,fay_herriot,forms_mnt:h_sd+alt_mean+essence+greco;log,2005-2024,IGN IFN brut (Etalab 2.0) ; FORMS-T (CC-BY 4.0) ; spec 054 lot 3
C20,72V,8,147.32,2323.7,gvf,137.84,1168.9,24.804,0.5453,fay_herriot,forms_mnt:h_sd+alt_mean+essence+greco;log,2005-2024,IGN IFN brut (Etalab 2.0) ; FORMS-T (CC-BY 4.0) ; spec 054 lot 3
C20,73,1,55.147,34201,gvf,189.39,4885.4,36.907,0.011289,fay_herriot,forms_mnt:h_sd+alt_mean+essence+greco;log,2005-2024,IGN IFN brut (Etalab 2.0) ; FORMS-T (CC-BY 4.0) ; spec 054 lot 3
C20,74H,1,22.642,31998,gvf,73.631,732.98,36.769,0.0020531,fay_herriot,forms_mnt:h_sd+alt_mean+essence+greco;log,2005-2024,IGN IFN brut (Etalab 2.0) ; FORMS-T (CC-BY 4.0) ; spec 054 lot 3
C20,76,1,1.0978,3498.5,gvf,73.796,737.83,36.808,4.4233e-05,fay_herriot,forms_mnt:h_sd+alt_mean+essence+greco;log,2005-2024,IGN IFN brut (Etalab 2.0) ; FORMS-T (CC-BY 4.0) ; spec 054 lot 3
C30,02,1192,104.98,5.2574,direct,104.91,5.2306,2.1801,0.9963,fay_herriot,forms_mnt:h_sd+alt_mean+essence+greco;log,2005-2024,IGN IFN brut (Etalab 2.0) ; FORMS-T (CC-BY 4.0) ; spec 054 lot 3
C30,03,1144,127.26,8.2701,direct,127.16,8.2255,2.2554,0.99604,fay_herriot,forms_mnt:h_sd+alt_mean+essence+greco;log,2005-2024,IGN IFN brut (Etalab 2.0) ; FORMS-T (CC-BY 4.0) ; spec 054 lot 3
C30,04,12,105.3,375.57,direct,99.488,267.57,16.442,0.79128,fay_herriot,forms_mnt:h_sd+alt_mean+essence+greco;log,2005-2024,IGN IFN brut (Etalab 2.0) ; FORMS-T (CC-BY 4.0) ; spec 054 lot 3
C30,09,1114,81.73,6.3012,direct,81.738,6.2575,3.0604,0.99271,fay_herriot,forms_mnt:h_sd+alt_mean+essence+greco;log,2005-2024,IGN IFN brut (Etalab 2.0) ; FORMS-T (CC-BY 4.0) ; spec 054 lot 3
C30,10,2,41.941,7981.3,gvf,72.534,669.91,35.684,0.02752,fay_herriot,forms_mnt:h_sd+alt_mean+essence+greco;log,2005-2024,IGN IFN brut (Etalab 2.0) ; FORMS-T (CC-BY 4.0) ; spec 054 lot 3
C30,11,1845,47.845,1.0831,direct,47.829,1.0785,2.1713,0.99633,fay_herriot,forms_mnt:h_sd+alt_mean+essence+greco;log,2005-2024,IGN IFN brut (Etalab 2.0) ; FORMS-T (CC-BY 4.0) ; spec 054 lot 3
C30,12P,3,12.602,608.79,gvf,49.504,319.3,36.096,0.032411,fay_herriot,forms_mnt:h_sd+alt_mean+essence+greco;log,2005-2024,IGN IFN brut (Etalab 2.0) ; FORMS-T (CC-BY 4.0) ; spec 054 lot 3
C30,12V,236,32.507,3.7939,direct,32.549,3.7024,5.9117,0.9728,fay_herriot,forms_mnt:h_sd+alt_mean+essence+greco;log,2005-2024,IGN IFN brut (Etalab 2.0) ; FORMS-T (CC-BY 4.0) ; spec 054 lot 3
C30,13B,4,40.49,556.2,gvf,40.228,170.7,32.478,0.27456,fay_herriot,forms_mnt:h_sd+alt_mean+essence+greco;log,2005-2024,IGN IFN brut (Etalab 2.0) ; FORMS-T (CC-BY 4.0) ; spec 054 lot 3
C30,13C,1,22.045,3895.7,gvf,40.403,261.33,40.011,0.015766,fay_herriot,forms_mnt:h_sd+alt_mean+essence+greco;log,2005-2024,IGN IFN brut (Etalab 2.0) ; FORMS-T (CC-BY 4.0) ; spec 054 lot 3
C30,13G,171,86.13,80.079,direct,85.608,73.115,9.9882,0.92245,fay_herriot,forms_mnt:h_sd+alt_mean+essence+greco;log,2005-2024,IGN IFN brut (Etalab 2.0) ; FORMS-T (CC-BY 4.0) ; spec 054 lot 3
C30,14,137,79.235,42.912,direct,78.521,40.066,8.0612,0.94946,fay_herriot,forms_mnt:h_sd+alt_mean+essence+greco;log,2005-2024,IGN IFN brut (Etalab 2.0) ; FORMS-T (CC-BY 4.0) ; spec 054 lot 3
C30,15P,20,27.728,36.496,direct,29.337,30.158,18.719,0.73009,fay_herriot,forms_mnt:h_sd+alt_mean+essence+greco;log,2005-2024,IGN IFN brut (Etalab 2.0) ; FORMS-T (CC-BY 4.0) ; spec 054 lot 3
C30,15S,165,32.577,10.43,direct,32.951,9.9322,9.5643,0.9289,fay_herriot,forms_mnt:h_sd+alt_mean+essence+greco;log,2005-2024,IGN IFN brut (Etalab 2.0) ; FORMS-T (CC-BY 4.0) ; spec 054 lot 3
C30,17C,728,73.62,10.605,direct,73.345,10.371,4.3908,0.98499,fay_herriot,forms_mnt:h_sd+alt_mean+essence+greco;log,2005-2024,IGN IFN brut (Etalab 2.0) ; FORMS-T (CC-BY 4.0) ; spec 054 lot 3
C30,18C,55,21.269,13.358,direct,20.066,9.7178,15.535,0.81303,fay_herriot,forms_mnt:h_sd+alt_mean+essence+greco;log,2005-2024,IGN IFN brut (Etalab 2.0) ; FORMS-T (CC-BY 4.0) ; spec 054 lot 3
C30,18D,5,15.417,110.48,gvf,36.818,160.71,34.431,0.21645,fay_herriot,forms_mnt:h_sd+alt_mean+essence+greco;log,2005-2024,IGN IFN brut (Etalab 2.0) ; FORMS-T (CC-BY 4.0) ; spec 054 lot 3
C30,18M,4,12.357,81.845,gvf,18.46,37.979,33.384,0.19325,fay_herriot,forms_mnt:h_sd+alt_mean+essence+greco;log,2005-2024,IGN IFN brut (Etalab 2.0) ; FORMS-T (CC-BY 4.0) ; spec 054 lot 3
C30,19,53,149.01,393.67,direct,152.73,364.57,12.502,0.87867,fay_herriot,forms_mnt:h_sd+alt_mean+essence+greco;log,2005-2024,IGN IFN brut (Etalab 2.0) ; FORMS-T (CC-BY 4.0) ; spec 054 lot 3
C30,20G,51,37.622,22.779,direct,38.691,21.505,11.986,0.88862,fay_herriot,forms_mnt:h_sd+alt_mean+essence+greco;log,2005-2024,IGN IFN brut (Etalab 2.0) ; FORMS-T (CC-BY 4.0) ; spec 054 lot 3
C30,20P,156,47.16,11.864,direct,47.196,11.424,7.1616,0.96011,fay_herriot,forms_mnt:h_sd+alt_mean+essence+greco;log,2005-2024,IGN IFN brut (Etalab 2.0) ; FORMS-T (CC-BY 4.0) ; spec 054 lot 3
C30,21C,409,25.949,1.6685,direct,25.916,1.6335,4.9317,0.98107,fay_herriot,forms_mnt:h_sd+alt_mean+essence+greco;log,2005-2024,IGN IFN brut (Etalab 2.0) ; FORMS-T (CC-BY 4.0) ; spec 054 lot 3
C30,22C,2,8.0332,28.31,gvf,11.597,16.107,34.607,0.22642,fay_herriot,forms_mnt:h_sd+alt_mean+essence+greco;log,2005-2024,IGN IFN brut (Etalab 2.0) ; FORMS-T (CC-BY 4.0) ; spec 054 lot 3
C30,22G,13,22.792,77.477,direct,17.129,21.457,27.044,0.46264,fay_herriot,forms_mnt:h_sd+alt_mean+essence+greco;log,2005-2024,IGN IFN brut (Etalab 2.0) ; FORMS-T (CC-BY 4.0) ; spec 054 lot 3
C30,22M,236,26.557,3.3267,direct,26.504,3.1984,6.7477,0.96457,fay_herriot,forms_mnt:h_sd+alt_mean+essence+greco;log,2005-2024,IGN IFN brut (Etalab 2.0) ; FORMS-T (CC-BY 4.0) ; spec 054 lot 3
C30,23AB,9,24.686,14.933,gvf,21.759,9.8092,14.394,0.83974,fay_herriot,forms_mnt:h_sd+alt_mean+essence+greco;log,2005-2024,IGN IFN brut (Etalab 2.0) ; FORMS-T (CC-BY 4.0) ; spec 054 lot 3
C30,23PC,40,13.012,2.6073,direct,12.538,2.1709,11.751,0.89292,fay_herriot,forms_mnt:h_sd+alt_mean+essence+greco;log,2005-2024,IGN IFN brut (Etalab 2.0) ; FORMS-T (CC-BY 4.0) ; spec 054 lot 3
C30,23PD,21,12.199,2.1053,direct,12.455,1.996,11.343,0.90075,fay_herriot,forms_mnt:h_sd+alt_mean+essence+greco;log,2005-2024,IGN IFN brut (Etalab 2.0) ; FORMS-T (CC-BY 4.0) ; spec 054 lot 3
C30,23PM,23,12.855,2.87,direct,12.383,2.3554,12.394,0.88085,fay_herriot,forms_mnt:h_sd+alt_mean+essence+greco;log,2005-2024,IGN IFN brut (Etalab 2.0) ; FORMS-T (CC-BY 4.0) ; spec 054 lot 3
C30,23SO,5,1.8686,12.179,gvf,10.067,13.148,36.019,0.035505,fay_herriot,forms_mnt:h_sd+alt_mean+essence+greco;log,2005-2024,IGN IFN brut (Etalab 2.0) ; FORMS-T (CC-BY 4.0) ; spec 054 lot 3
C30,24,207,45.866,14.521,direct,46.17,13.979,8.0981,0.94899,fay_herriot,forms_mnt:h_sd+alt_mean+essence+greco;log,2005-2024,IGN IFN brut (Etalab 2.0) ; FORMS-T (CC-BY 4.0) ; spec 054 lot 3
C30,25B,22,44.413,157.13,direct,50.938,129.78,22.365,0.61714,fay_herriot,forms_mnt:h_sd+alt_mean+essence+greco;log,2005-2024,IGN IFN brut (Etalab 2.0) ; FORMS-T (CC-BY 4.0) ; spec 054 lot 3
C30,25C,6,6.0621,103.66,gvf,18.784,45.408,35.874,0.043538,fay_herriot,forms_mnt:h_sd+alt_mean+essence+greco;log,2005-2024,IGN IFN brut (Etalab 2.0) ; FORMS-T (CC-BY 4.0) ; spec 054 lot 3
C30,25FR,17,30.593,133.89,direct,46.286,155.31,26.925,0.47302,fay_herriot,forms_mnt:h_sd+alt_mean+essence+greco;log,2005-2024,IGN IFN brut (Etalab 2.0) ; FORMS-T (CC-BY 4.0) ; spec 054 lot 3
C30,25M,172,16.336,2.4846,direct,16.463,2.3565,9.3247,0.93239,fay_herriot,forms_mnt:h_sd+alt_mean+essence+greco;log,2005-2024,IGN IFN brut (Etalab 2.0) ; FORMS-T (CC-BY 4.0) ; spec 054 lot 3
C30,25R,1,30.296,1070.5,gvf,27.372,93.31,35.291,0.099177,fay_herriot,forms_mnt:h_sd+alt_mean+essence+greco;log,2005-2024,IGN IFN brut (Etalab 2.0) ; FORMS-T (CC-BY 4.0) ; spec 054 lot 3
C30,25V,1,42.627,339.61,gvf,36.36,138.92,32.416,0.40724,fay_herriot,forms_mnt:h_sd+alt_mean+essence+greco;log,2005-2024,IGN IFN brut (Etalab 2.0) ; FORMS-T (CC-BY 4.0) ; spec 054 lot 3
C30,27C,19,15.916,10.215,direct,16.796,8.7337,17.595,0.761,fay_herriot,forms_mnt:h_sd+alt_mean+essence+greco;log,2005-2024,IGN IFN brut (Etalab 2.0) ; FORMS-T (CC-BY 4.0) ; spec 054 lot 3
C30,27N,1,1.5829,802.58,gvf,44.163,323.07,40.7,0.00040072,fay_herriot,forms_mnt:h_sd+alt_mean+essence+greco;log,2005-2024,IGN IFN brut (Etalab 2.0) ; FORMS-T (CC-BY 4.0) ; spec 054 lot 3
C30,29AF,8,4.1987,7.9317,gvf,6.3262,4.3503,32.97,0.22203,fay_herriot,forms_mnt:h_sd+alt_mean+essence+greco;log,2005-2024,IGN IFN brut (Etalab 2.0) ; FORMS-T (CC-BY 4.0) ; spec 054 lot 3
C30,29MA,9,35.053,448.49,gvf,59.884,404.71,33.594,0.26024,fay_herriot,forms_mnt:h_sd+alt_mean+essence+greco;log,2005-2024,IGN IFN brut (Etalab 2.0) ; FORMS-T (CC-BY 4.0) ; spec 054 lot 3
C30,31,168,5.6793,0.4396,direct,5.9389,0.43554,11.112,0.90404,fay_herriot,forms_mnt:h_sd+alt_mean+essence+greco;log,2005-2024,IGN IFN brut (Etalab 2.0) ; FORMS-T (CC-BY 4.0) ; spec 054 lot 3
C30,332G,2,32.93,5544.4,gvf,151.9,3512.6,39.016,0.024499,fay_herriot,forms_mnt:h_sd+alt_mean+essence+greco;log,2005-2024,IGN IFN brut (Etalab 2.0) ; FORMS-T (CC-BY 4.0) ; spec 054 lot 3
C30,33B,1,45.426,6295.9,gvf,134.32,2765.6,39.153,0.040386,fay_herriot,forms_mnt:h_sd+alt_mean+essence+greco;log,2005-2024,IGN IFN brut (Etalab 2.0) ; FORMS-T (CC-BY 4.0) ; spec 054 lot 3
C30,33G,4,73.478,2456,gvf,127.68,1746.4,32.729,0.22013,fay_herriot,forms_mnt:h_sd+alt_mean+essence+greco;log,2005-2024,IGN IFN brut (Etalab 2.0) ; FORMS-T (CC-BY 4.0) ; spec 054 lot 3
C30,33N,2,42.272,3876,gvf,100.61,1277.3,35.522,0.055888,fay_herriot,forms_mnt:h_sd+alt_mean+essence+greco;log,2005-2024,IGN IFN brut (Etalab 2.0) ; FORMS-T (CC-BY 4.0) ; spec 054 lot 3
C30,38AU,2,3.9072,13.998,gvf,6.1931,4.7672,35.256,0.12283,fay_herriot,forms_mnt:h_sd+alt_mean+essence+greco;log,2005-2024,IGN IFN brut (Etalab 2.0) ; FORMS-T (CC-BY 4.0) ; spec 054 lot 3
C30,39,2,3.6083,3.55,gvf,3.6172,1.2506,30.917,0.32015,fay_herriot,forms_mnt:h_sd+alt_mean+essence+greco;log,2005-2024,IGN IFN brut (Etalab 2.0) ; FORMS-T (CC-BY 4.0) ; spec 054 lot 3
C30,41,136,16.129,1.59,direct,15.816,1.4614,7.6435,0.95456,fay_herriot,forms_mnt:h_sd+alt_mean+essence+greco;log,2005-2024,IGN IFN brut (Etalab 2.0) ; FORMS-T (CC-BY 4.0) ; spec 054 lot 3
C30,49AE,18,4.7316,2.2163,direct,5.1488,1.7068,25.374,0.56466,fay_herriot,forms_mnt:h_sd+alt_mean+essence+greco;log,2005-2024,IGN IFN brut (Etalab 2.0) ; FORMS-T (CC-BY 4.0) ; spec 054 lot 3
C30,49AM,140,8.5152,0.73439,direct,8.2425,0.63883,9.6969,0.92689,fay_herriot,forms_mnt:h_sd+alt_mean+essence+greco;log,2005-2024,IGN IFN brut (Etalab 2.0) ; FORMS-T (CC-BY 4.0) ; spec 054 lot 3
C30,49BO,4,1.6078,0.2678,gvf,1.9788,0.23066,24.271,0.55346,fay_herriot,forms_mnt:h_sd+alt_mean+essence+greco;log,2005-2024,IGN IFN brut (Etalab 2.0) ; FORMS-T (CC-BY 4.0) ; spec 054 lot 3
C30,49EV,4,2.7421,1.3983,gvf,2.9737,0.69857,28.107,0.40844,fay_herriot,forms_mnt:h_sd+alt_mean+essence+greco;log,2005-2024,IGN IFN brut (Etalab 2.0) ; FORMS-T (CC-BY 4.0) ; spec 054 lot 3
C30,49PC,1,1.4312,435.74,gvf,16.314,35.32,36.429,0.00060326,fay_herriot,forms_mnt:h_sd+alt_mean+essence+greco;log,2005-2024,IGN IFN brut (Etalab 2.0) ; FORMS-T (CC-BY 4.0) ; spec 054 lot 3
C30,49PM,2,4.2644,23.469,gvf,6.1564,4.7918,35.557,0.090494,fay_herriot,forms_mnt:h_sd+alt_mean+essence+greco;log,2005-2024,IGN IFN brut (Etalab 2.0) ; FORMS-T (CC-BY 4.0) ; spec 054 lot 3
C30,49PS,24,5.3284,2.5654,direct,5.6366,1.728,23.321,0.58696,fay_herriot,forms_mnt:h_sd+alt_mean+essence+greco;log,2005-2024,IGN IFN brut (Etalab 2.0) ; FORMS-T (CC-BY 4.0) ; spec 054 lot 3
C30,49SN,16,2.6259,0.29851,direct,3.087,0.31134,18.075,0.74786,fay_herriot,forms_mnt:h_sd+alt_mean+essence+greco;log,2005-2024,IGN IFN brut (Etalab 2.0) ; FORMS-T (CC-BY 4.0) ; spec 054 lot 3
C30,52,115,123.24,166.48,direct,119.87,145.36,10.058,0.92135,fay_herriot,forms_mnt:h_sd+alt_mean+essence+greco;log,2005-2024,IGN IFN brut (Etalab 2.0) ; FORMS-T (CC-BY 4.0) ; spec 054 lot 3
C30,53CA,1,27.438,7363.2,gvf,168.58,5557.4,44.22,0.012959,fay_herriot,forms_mnt:h_sd+alt_mean+essence+greco;log,2005-2024,IGN IFN brut (Etalab 2.0) ; FORMS-T (CC-BY 4.0) ; spec 054 lot 3
C30,54,14,80.441,364.06,direct,93.606,347.07,19.902,0.69533,fay_herriot,forms_mnt:h_sd+alt_mean+essence+greco;log,2005-2024,IGN IFN brut (Etalab 2.0) ; FORMS-T (CC-BY 4.0) ; spec 054 lot 3
C30,56,2,150.67,4132.5,gvf,113.98,1038.8,28.278,0.41361,fay_herriot,forms_mnt:h_sd+alt_mean+essence+greco;log,2005-2024,IGN IFN brut (Etalab 2.0) ; FORMS-T (CC-BY 4.0) ; spec 054 lot 3
C30,61,59,104.72,275.34,direct,108.42,248.15,14.529,0.83643,fay_herriot,forms_mnt:h_sd+alt_mean+essence+greco;log,2005-2024,IGN IFN brut (Etalab 2.0) ; FORMS-T (CC-BY 4.0) ; spec 054 lot 3
C30,62,180,120.91,101.59,direct,121.67,97.729,8.1254,0.94866,fay_herriot,forms_mnt:h_sd+alt_mean+essence+greco;log,2005-2024,IGN IFN brut (Etalab 2.0) ; FORMS-T (CC-BY 4.0) ; spec 054 lot 3
C30,63,13,124.89,852.67,direct,124.09,600.48,19.748,0.70139,fay_herriot,forms_mnt:h_sd+alt_mean+essence+greco;log,2005-2024,IGN IFN brut (Etalab 2.0) ; FORMS-T (CC-BY 4.0) ; spec 054 lot 3
C30,64,43,138.03,266.1,direct,143.04,258.45,11.239,0.90189,fay_herriot,forms_mnt:h_sd+alt_mean+essence+greco;log,2005-2024,IGN IFN brut (Etalab 2.0) ; FORMS-T (CC-BY 4.0) ; spec 054 lot 3
C30,68CC,1,12.102,5793.5,gvf,80.18,868.32,36.751,0.0032356,fay_herriot,forms_mnt:h_sd+alt_mean+essence+greco;log,2005-2024,IGN IFN brut (Etalab 2.0) ; FORMS-T (CC-BY 4.0) ; spec 054 lot 3
C30,69JC,2,11.185,16.988,gvf,6.5864,2.9453,26.057,0.48603,fay_herriot,forms_mnt:h_sd+alt_mean+essence+greco;log,2005-2024,IGN IFN brut (Etalab 2.0) ; FORMS-T (CC-BY 4.0) ; spec 054 lot 3
C30,71,2,11.819,2991.4,gvf,62.747,643.78,40.436,0.00596,fay_herriot,forms_mnt:h_sd+alt_mean+essence+greco;log,2005-2024,IGN IFN brut (Etalab 2.0) ; FORMS-T (CC-BY 4.0) ; spec 054 lot 3
C30,72V,1,91.976,18590,gvf,135.96,2489.7,36.7,0.055205,fay_herriot,forms_mnt:h_sd+alt_mean+essence+greco;log,2005-2024,IGN IFN brut (Etalab 2.0) ; FORMS-T (CC-BY 4.0) ; spec 054 lot 3
C30,73,1,16.084,34201,gvf,209.41,6036.4,37.101,0.00097031,fay_herriot,forms_mnt:h_sd+alt_mean+essence+greco;log,2005-2024,IGN IFN brut (Etalab 2.0) ; FORMS-T (CC-BY 4.0) ; spec 054 lot 3
C41,02,240,76.451,24.059,direct,76.647,23.447,6.3176,0.96894,fay_herriot,forms_mnt:h_sd+alt_mean+essence+greco;log,2005-2024,IGN IFN brut (Etalab 2.0) ; FORMS-T (CC-BY 4.0) ; spec 054 lot 3
C41,03,124,82.122,80.417,direct,83.618,76.423,10.455,0.91503,fay_herriot,forms_mnt:h_sd+alt_mean+essence+greco;log,2005-2024,IGN IFN brut (Etalab 2.0) ; FORMS-T (CC-BY 4.0) ; spec 054 lot 3
C41,04,19,112,676.21,direct,100.46,387.83,19.603,0.70433,fay_herriot,forms_mnt:h_sd+alt_mean+essence+greco;log,2005-2024,IGN IFN brut (Etalab 2.0) ; FORMS-T (CC-BY 4.0) ; spec 054 lot 3
C41,05,6,37.475,484.36,gvf,50.281,240.99,30.874,0.2713,fay_herriot,forms_mnt:h_sd+alt_mean+essence+greco;log,2005-2024,IGN IFN brut (Etalab 2.0) ; FORMS-T (CC-BY 4.0) ; spec 054 lot 3
C41,09,105,61.465,59.981,direct,63.28,56.712,11.901,0.88996,fay_herriot,forms_mnt:h_sd+alt_mean+essence+greco;log,2005-2024,IGN IFN brut (Etalab 2.0) ; FORMS-T (CC-BY 4.0) ; spec 054 lot 3
C41,10,5,16.013,3192.5,gvf,70.122,637.45,36.005,0.010208,fay_herriot,forms_mnt:h_sd+alt_mean+essence+greco;log,2005-2024,IGN IFN brut (Etalab 2.0) ; FORMS-T (CC-BY 4.0) ; spec 054 lot 3
C41,11,247,44.023,6.0166,direct,43.982,5.8668,5.5072,0.97639,fay_herriot,forms_mnt:h_sd+alt_mean+essence+greco;log,2005-2024,IGN IFN brut (Etalab 2.0) ; FORMS-T (CC-BY 4.0) ; spec 054 lot 3
C41,12P,4,41.276,456.59,gvf,47.046,198.78,29.969,0.32392,fay_herriot,forms_mnt:h_sd+alt_mean+essence+greco;log,2005-2024,IGN IFN brut (Etalab 2.0) ; FORMS-T (CC-BY 4.0) ; spec 054 lot 3
C41,12V,58,27.127,14.355,direct,27.831,13.155,13.032,0.86812,fay_herriot,forms_mnt:h_sd+alt_mean+essence+greco;log,2005-2024,IGN IFN brut (Etalab 2.0) ; FORMS-T (CC-BY 4.0) ; spec 054 lot 3
C41,13B,3,31.487,741.6,gvf,37.618,179.22,35.588,0.14651,fay_herriot,forms_mnt:h_sd+alt_mean+essence+greco;log,2005-2024,IGN IFN brut (Etalab 2.0) ; FORMS-T (CC-BY 4.0) ; spec 054 lot 3
C41,13G,86,101.76,172.36,direct,98.551,143.51,12.156,0.88524,fay_herriot,forms_mnt:h_sd+alt_mean+essence+greco;log,2005-2024,IGN IFN brut (Etalab 2.0) ; FORMS-T (CC-BY 4.0) ; spec 054 lot 3
C41,14,66,81.09,141.8,direct,78.382,113.87,13.614,0.85621,fay_herriot,forms_mnt:h_sd+alt_mean+essence+greco;log,2005-2024,IGN IFN brut (Etalab 2.0) ; FORMS-T (CC-BY 4.0) ; spec 054 lot 3
C41,15P,14,34.261,56.894,direct,33.919,40.938,18.863,0.72597,fay_herriot,forms_mnt:h_sd+alt_mean+essence+greco;log,2005-2024,IGN IFN brut (Etalab 2.0) ; FORMS-T (CC-BY 4.0) ; spec 054 lot 3
C41,15S,70,53.039,59.499,direct,50.399,46.309,13.502,0.85858,fay_herriot,forms_mnt:h_sd+alt_mean+essence+greco;log,2005-2024,IGN IFN brut (Etalab 2.0) ; FORMS-T (CC-BY 4.0) ; spec 054 lot 3
C41,17C,191,71.945,23.133,direct,71.32,21.983,6.5741,0.96636,fay_herriot,forms_mnt:h_sd+alt_mean+essence+greco;log,2005-2024,IGN IFN brut (Etalab 2.0) ; FORMS-T (CC-BY 4.0) ; spec 054 lot 3
C41,18C,44,14.144,4.2148,direct,14.269,3.6998,13.48,0.85904,fay_herriot,forms_mnt:h_sd+alt_mean+essence+greco;log,2005-2024,IGN IFN brut (Etalab 2.0) ; FORMS-T (CC-BY 4.0) ; spec 054 lot 3
C41,18D,5,20.589,110.48,gvf,34.898,120.76,31.49,0.33006,fay_herriot,forms_mnt:h_sd+alt_mean+essence+greco;log,2005-2024,IGN IFN brut (Etalab 2.0) ; FORMS-T (CC-BY 4.0) ; spec 054 lot 3
C41,18M,2,8.9334,163.69,gvf,18.751,46.245,36.266,0.058913,fay_herriot,forms_mnt:h_sd+alt_mean+essence+greco;log,2005-2024,IGN IFN brut (Etalab 2.0) ; FORMS-T (CC-BY 4.0) ; spec 054 lot 3
C41,19,31,149.21,705.49,direct,154.25,607.89,15.984,0.80206,fay_herriot,forms_mnt:h_sd+alt_mean+essence+greco;log,2005-2024,IGN IFN brut (Etalab 2.0) ; FORMS-T (CC-BY 4.0) ; spec 054 lot 3
C41,20G,9,40.36,252.57,gvf,43.746,137.33,26.788,0.45299,fay_herriot,forms_mnt:h_sd+alt_mean+essence+greco;log,2005-2024,IGN IFN brut (Etalab 2.0) ; FORMS-T (CC-BY 4.0) ; spec 054 lot 3
C41,20P,46,39.267,34.54,direct,40.259,31.083,13.848,0.85145,fay_herriot,forms_mnt:h_sd+alt_mean+essence+greco;log,2005-2024,IGN IFN brut (Etalab 2.0) ; FORMS-T (CC-BY 4.0) ; spec 054 lot 3
C41,21C,80,27.863,14.513,direct,27.26,12.163,12.794,0.87291,fay_herriot,forms_mnt:h_sd+alt_mean+essence+greco;log,2005-2024,IGN IFN brut (Etalab 2.0) ; FORMS-T (CC-BY 4.0) ; spec 054 lot 3
C41,22G,21,12.279,11.925,direct,12.529,8.0111,22.591,0.61881,fay_herriot,forms_mnt:h_sd+alt_mean+essence+greco;log,2005-2024,IGN IFN brut (Etalab 2.0) ; FORMS-T (CC-BY 4.0) ; spec 054 lot 3
C41,22M,41,28.048,27.7,direct,27.185,20.513,16.661,0.7848,fay_herriot,forms_mnt:h_sd+alt_mean+essence+greco;log,2005-2024,IGN IFN brut (Etalab 2.0) ; FORMS-T (CC-BY 4.0) ; spec 054 lot 3
C41,22S,4,20.759,256.85,gvf,30.956,126.81,36.377,0.17724,fay_herriot,forms_mnt:h_sd+alt_mean+essence+greco;log,2005-2024,IGN IFN brut (Etalab 2.0) ; FORMS-T (CC-BY 4.0) ; spec 054 lot 3
C41,23C,1,2.0015,83.214,gvf,12.104,19.691,36.661,0.0061436,fay_herriot,forms_mnt:h_sd+alt_mean+essence+greco;log,2005-2024,IGN IFN brut (Etalab 2.0) ; FORMS-T (CC-BY 4.0) ; spec 054 lot 3
C41,23PC,3,7.4056,22.711,gvf,8.517,7.3183,31.763,0.23669,fay_herriot,forms_mnt:h_sd+alt_mean+essence+greco;log,2005-2024,IGN IFN brut (Etalab 2.0) ; FORMS-T (CC-BY 4.0) ; spec 054 lot 3
C41,23PD,1,23.803,124.49,gvf,17.433,26.132,29.323,0.36884,fay_herriot,forms_mnt:h_sd+alt_mean+essence+greco;log,2005-2024,IGN IFN brut (Etalab 2.0) ; FORMS-T (CC-BY 4.0) ; spec 054 lot 3
C41,23PM,1,9.7252,107.26,gvf,9.1404,9.9173,34.453,0.10171,fay_herriot,forms_mnt:h_sd+alt_mean+essence+greco;log,2005-2024,IGN IFN brut (Etalab 2.0) ; FORMS-T (CC-BY 4.0) ; spec 054 lot 3
C41,23SO,3,3.4,20.299,gvf,9.5953,11.527,35.384,0.068142,fay_herriot,forms_mnt:h_sd+alt_mean+essence+greco;log,2005-2024,IGN IFN brut (Etalab 2.0) ; FORMS-T (CC-BY 4.0) ; spec 054 lot 3
C41,24,11,30.728,46.857,direct,35.282,44.837,18.979,0.72125,fay_herriot,forms_mnt:h_sd+alt_mean+essence+greco;log,2005-2024,IGN IFN brut (Etalab 2.0) ; FORMS-T (CC-BY 4.0) ; spec 054 lot 3
C41,25B,19,73.445,246.7,direct,70.071,167.58,18.474,0.73737,fay_herriot,forms_mnt:h_sd+alt_mean+essence+greco;log,2005-2024,IGN IFN brut (Etalab 2.0) ; FORMS-T (CC-BY 4.0) ; spec 054 lot 3
C41,25C,1,5.6478,621.98,gvf,18.962,48.139,36.591,0.0065421,fay_herriot,forms_mnt:h_sd+alt_mean+essence+greco;log,2005-2024,IGN IFN brut (Etalab 2.0) ; FORMS-T (CC-BY 4.0) ; spec 054 lot 3
C41,25D,1,6.7799,13.75,gvf,12.25,13.81,30.337,0.30033,fay_herriot,forms_mnt:h_sd+alt_mean+essence+greco;log,2005-2024,IGN IFN brut (Etalab 2.0) ; FORMS-T (CC-BY 4.0) ; spec 054 lot 3
C41,25FR,3,18.502,529.99,gvf,58.93,462.87,36.509,0.076586,fay_herriot,forms_mnt:h_sd+alt_mean+essence+greco;log,2005-2024,IGN IFN brut (Etalab 2.0) ; FORMS-T (CC-BY 4.0) ; spec 054 lot 3
C41,25M,15,7.7139,9.0421,direct,12.099,10.316,26.546,0.458,fay_herriot,forms_mnt:h_sd+alt_mean+essence+greco;log,2005-2024,IGN IFN brut (Etalab 2.0) ; FORMS-T (CC-BY 4.0) ; spec 054 lot 3
C41,27C,10,21.462,31.244,direct,20.677,19.217,21.201,0.65434,fay_herriot,forms_mnt:h_sd+alt_mean+essence+greco;log,2005-2024,IGN IFN brut (Etalab 2.0) ; FORMS-T (CC-BY 4.0) ; spec 054 lot 3
C41,27N,6,37.305,133.76,gvf,39.541,96.687,24.868,0.5719,fay_herriot,forms_mnt:h_sd+alt_mean+essence+greco;log,2005-2024,IGN IFN brut (Etalab 2.0) ; FORMS-T (CC-BY 4.0) ; spec 054 lot 3
C41,29AF,3,1.8614,21.151,gvf,6.6905,6.2522,37.373,0.020601,fay_herriot,forms_mnt:h_sd+alt_mean+essence+greco;log,2005-2024,IGN IFN brut (Etalab 2.0) ; FORMS-T (CC-BY 4.0) ; spec 054 lot 3
C41,29AI,1,8.7245,3913.1,gvf,80.737,1831.7,53.009,0.0024914,fay_herriot,forms_mnt:h_sd+alt_mean+essence+greco;log,2005-2024,IGN IFN brut (Etalab 2.0) ; FORMS-T (CC-BY 4.0) ; spec 054 lot 3
C41,31,63,8.5868,1.3544,direct,8.6066,1.1938,12.695,0.87484,fay_herriot,forms_mnt:h_sd+alt_mean+essence+greco;log,2005-2024,IGN IFN brut (Etalab 2.0) ; FORMS-T (CC-BY 4.0) ; spec 054 lot 3
C41,332G,1,12.142,11089,gvf,151.9,3609.5,39.551,0.0017042,fay_herriot,forms_mnt:h_sd+alt_mean+essence+greco;log,2005-2024,IGN IFN brut (Etalab 2.0) ; FORMS-T (CC-BY 4.0) ; spec 054 lot 3
C41,33B,7,91.764,899.41,gvf,109.67,782.64,25.509,0.5459,fay_herriot,forms_mnt:h_sd+alt_mean+essence+greco;log,2005-2024,IGN IFN brut (Etalab 2.0) ; FORMS-T (CC-BY 4.0) ; spec 054 lot 3
C41,33G,9,104.84,1091.5,gvf,120.49,844.94,24.125,0.56387,fay_herriot,forms_mnt:h_sd+alt_mean+essence+greco;log,2005-2024,IGN IFN brut (Etalab 2.0) ; FORMS-T (CC-BY 4.0) ; spec 054 lot 3
C41,33N,12,103.23,562.37,direct,102.97,401.77,19.465,0.70871,fay_herriot,forms_mnt:h_sd+alt_mean+essence+greco;log,2005-2024,IGN IFN brut (Etalab 2.0) ; FORMS-T (CC-BY 4.0) ; spec 054 lot 3
C41,41,11,11.574,11.958,direct,10.955,6.3967,23.087,0.58991,fay_herriot,forms_mnt:h_sd+alt_mean+essence+greco;log,2005-2024,IGN IFN brut (Etalab 2.0) ; FORMS-T (CC-BY 4.0) ; spec 054 lot 3
C41,49AE,3,1.8448,33.292,gvf,5.474,5.1008,41.259,0.012957,fay_herriot,forms_mnt:h_sd+alt_mean+essence+greco;log,2005-2024,IGN IFN brut (Etalab 2.0) ; FORMS-T (CC-BY 4.0) ; spec 054 lot 3
C41,49AM,36,3.3029,0.31254,direct,3.5971,0.3043,15.335,0.81758,fay_herriot,forms_mnt:h_sd+alt_mean+essence+greco;log,2005-2024,IGN IFN brut (Etalab 2.0) ; FORMS-T (CC-BY 4.0) ; spec 054 lot 3
C41,49BO,3,2.2199,0.35707,gvf,2.3083,0.2523,21.76,0.63926,fay_herriot,forms_mnt:h_sd+alt_mean+essence+greco;log,2005-2024,IGN IFN brut (Etalab 2.0) ; FORMS-T (CC-BY 4.0) ; spec 054 lot 3
C41,49EV,2,1.8359,2.7967,gvf,2.8409,0.94956,34.301,0.13402,fay_herriot,forms_mnt:h_sd+alt_mean+essence+greco;log,2005-2024,IGN IFN brut (Etalab 2.0) ; FORMS-T (CC-BY 4.0) ; spec 054 lot 3
C41,49PS,5,5.1994,6.1663,gvf,5.638,2.7138,29.219,0.36018,fay_herriot,forms_mnt:h_sd+alt_mean+essence+greco;log,2005-2024,IGN IFN brut (Etalab 2.0) ; FORMS-T (CC-BY 4.0) ; spec 054 lot 3
C41,49RC,2,12.575,39.503,gvf,10.236,10.024,30.929,0.33951,fay_herriot,forms_mnt:h_sd+alt_mean+essence+greco;log,2005-2024,IGN IFN brut (Etalab 2.0) ; FORMS-T (CC-BY 4.0) ; spec 054 lot 3
C41,49SN,11,9.3124,26.631,direct,5.8536,3.1793,30.461,0.29485,fay_herriot,forms_mnt:h_sd+alt_mean+essence+greco;log,2005-2024,IGN IFN brut (Etalab 2.0) ; FORMS-T (CC-BY 4.0) ; spec 054 lot 3
C41,52,108,110.85,88.084,direct,109.21,81.08,8.2449,0.94712,fay_herriot,forms_mnt:h_sd+alt_mean+essence+greco;log,2005-2024,IGN IFN brut (Etalab 2.0) ; FORMS-T (CC-BY 4.0) ; spec 054 lot 3
C41,54,2,31.703,7597.5,gvf,124.91,2046.5,36.216,0.016703,fay_herriot,forms_mnt:h_sd+alt_mean+essence+greco;log,2005-2024,IGN IFN brut (Etalab 2.0) ; FORMS-T (CC-BY 4.0) ; spec 054 lot 3
C41,56,3,30.201,2755,gvf,86.518,1014.8,36.819,0.040778,fay_herriot,forms_mnt:h_sd+alt_mean+essence+greco;log,2005-2024,IGN IFN brut (Etalab 2.0) ; FORMS-T (CC-BY 4.0) ; spec 054 lot 3
C41,62,31,77.485,235.75,direct,87.771,233.2,17.399,0.76582,fay_herriot,forms_mnt:h_sd+alt_mean+essence+greco;log,2005-2024,IGN IFN brut (Etalab 2.0) ; FORMS-T (CC-BY 4.0) ; spec 054 lot 3
C41,63,4,20.456,2735.2,gvf,114.2,1732.5,36.448,0.019265,fay_herriot,forms_mnt:h_sd+alt_mean+essence+greco;log,2005-2024,IGN IFN brut (Etalab 2.0) ; FORMS-T (CC-BY 4.0) ; spec 054 lot 3
C41,64,5,23.506,5606.1,gvf,186.9,4544.7,36.07,0.012498,fay_herriot,forms_mnt:h_sd+alt_mean+essence+greco;log,2005-2024,IGN IFN brut (Etalab 2.0) ; FORMS-T (CC-BY 4.0) ; spec 054 lot 3
C41,67,1,1.4181,101.8,gvf,16.185,36.271,37.21,0.0025303,fay_herriot,forms_mnt:h_sd+alt_mean+essence+greco;log,2005-2024,IGN IFN brut (Etalab 2.0) ; FORMS-T (CC-BY 4.0) ; spec 054 lot 3
C41,68CL,1,3.9876,17011,gvf,85.757,1235,40.978,0.00012001,fay_herriot,forms_mnt:h_sd+alt_mean+essence+greco;log,2005-2024,IGN IFN brut (Etalab 2.0) ; FORMS-T (CC-BY 4.0) ; spec 054 lot 3
C41,68TG,1,5.0357,13701,gvf,195.69,6962.5,42.641,0.00023759,fay_herriot,forms_mnt:h_sd+alt_mean+essence+greco;log,2005-2024,IGN IFN brut (Etalab 2.0) ; FORMS-T (CC-BY 4.0) ; spec 054 lot 3
C41,73,1,5.782,34201,gvf,202.81,5668,37.122,0.0001255,fay_herriot,forms_mnt:h_sd+alt_mean+essence+greco;log,2005-2024,IGN IFN brut (Etalab 2.0) ; FORMS-T (CC-BY 4.0) ; spec 054 lot 3
C42,02,135,93.478,45.686,direct,93.496,43.954,7.091,0.96087,fay_herriot,forms_mnt:h_sd+alt_mean+essence+greco;log,2005-2024,IGN IFN brut (Etalab 2.0) ; FORMS-T (CC-BY 4.0) ; spec 054 lot 3
C42,03,101,107.71,85.31,direct,108.09,81.356,8.3446,0.94583,fay_herriot,forms_mnt:h_sd+alt_mean+essence+greco;log,2005-2024,IGN IFN brut (Etalab 2.0) ; FORMS-T (CC-BY 4.0) ; spec 054 lot 3
C42,04,8,49.564,1024.8,gvf,76.708,596.04,31.827,0.23537,fay_herriot,forms_mnt:h_sd+alt_mean+essence+greco;log,2005-2024,IGN IFN brut (Etalab 2.0) ; FORMS-T (CC-BY 4.0) ; spec 054 lot 3
C42,09,214,138.51,69.945,direct,136.9,66.48,5.9561,0.97239,fay_herriot,forms_mnt:h_sd+alt_mean+essence+greco;log,2005-2024,IGN IFN brut (Etalab 2.0) ; FORMS-T (CC-BY 4.0) ; spec 054 lot 3
C42,11,187,45.529,11.111,direct,45.62,10.72,7.1768,0.95993,fay_herriot,forms_mnt:h_sd+alt_mean+essence+greco;log,2005-2024,IGN IFN brut (Etalab 2.0) ; FORMS-T (CC-BY 4.0) ; spec 054 lot 3
C42,12V,24,38.222,33.069,direct,38.08,28.001,13.896,0.85014,fay_herriot,forms_mnt:h_sd+alt_mean+essence+greco;log,2005-2024,IGN IFN brut (Etalab 2.0) ; FORMS-T (CC-BY 4.0) ; spec 054 lot 3
C42,13G,53,104.24,263.74,direct,101.31,210.36,14.317,0.84102,fay_herriot,forms_mnt:h_sd+alt_mean+essence+greco;log,2005-2024,IGN IFN brut (Etalab 2.0) ; FORMS-T (CC-BY 4.0) ; spec 054 lot 3
C42,14,16,101.45,1467.2,direct,84.994,494.92,26.175,0.47388,fay_herriot,forms_mnt:h_sd+alt_mean+essence+greco;log,2005-2024,IGN IFN brut (Etalab 2.0) ; FORMS-T (CC-BY 4.0) ; spec 054 lot 3
C42,15P,6,33.504,274.04,gvf,35.997,111.99,29.398,0.34467,fay_herriot,forms_mnt:h_sd+alt_mean+essence+greco;log,2005-2024,IGN IFN brut (Etalab 2.0) ; FORMS-T (CC-BY 4.0) ; spec 054 lot 3
C42,15S,53,53.945,68.968,direct,51.851,54.032,14.176,0.84419,fay_herriot,forms_mnt:h_sd+alt_mean+essence+greco;log,2005-2024,IGN IFN brut (Etalab 2.0) ; FORMS-T (CC-BY 4.0) ; spec 054 lot 3
C42,17C,110,113.63,133.88,direct,108.71,113.55,9.8026,0.92529,fay_herriot,forms_mnt:h_sd+alt_mean+essence+greco;log,2005-2024,IGN IFN brut (Etalab 2.0) ; FORMS-T (CC-BY 4.0) ; spec 054 lot 3
C42,18C,2,39.309,167.42,gvf,26.815,42.812,24.401,0.54236,fay_herriot,forms_mnt:h_sd+alt_mean+essence+greco;log,2005-2024,IGN IFN brut (Etalab 2.0) ; FORMS-T (CC-BY 4.0) ; spec 054 lot 3
C42,18D,1,97.736,552.42,gvf,79.969,273.18,20.668,0.68947,fay_herriot,forms_mnt:h_sd+alt_mean+essence+greco;log,2005-2024,IGN IFN brut (Etalab 2.0) ; FORMS-T (CC-BY 4.0) ; spec 054 lot 3
C42,19,6,182.36,3489.8,gvf,189.99,2109.6,24.175,0.55027,fay_herriot,forms_mnt:h_sd+alt_mean+essence+greco;log,2005-2024,IGN IFN brut (Etalab 2.0) ; FORMS-T (CC-BY 4.0) ; spec 054 lot 3
C42,20G,4,29.556,568.28,gvf,48.082,256.22,33.291,0.16485,fay_herriot,forms_mnt:h_sd+alt_mean+essence+greco;log,2005-2024,IGN IFN brut (Etalab 2.0) ; FORMS-T (CC-BY 4.0) ; spec 054 lot 3
C42,20P,6,26.256,302.68,gvf,44.928,206.16,31.958,0.22627,fay_herriot,forms_mnt:h_sd+alt_mean+essence+greco;log,2005-2024,IGN IFN brut (Etalab 2.0) ; FORMS-T (CC-BY 4.0) ; spec 054 lot 3
C42,21C,24,24.021,7.2061,direct,24.235,6.6996,10.68,0.91136,fay_herriot,forms_mnt:h_sd+alt_mean+essence+greco;log,2005-2024,IGN IFN brut (Etalab 2.0) ; FORMS-T (CC-BY 4.0) ; spec 054 lot 3
C42,22G,12,9.1298,9.8899,direct,11.458,8.5351,25.497,0.51974,fay_herriot,forms_mnt:h_sd+alt_mean+essence+greco;log,2005-2024,IGN IFN brut (Etalab 2.0) ; FORMS-T (CC-BY 4.0) ; spec 054 lot 3
C42,22M,54,25.285,6.4859,direct,25.438,6.0938,9.7043,0.92678,fay_herriot,forms_mnt:h_sd+alt_mean+essence+greco;log,2005-2024,IGN IFN brut (Etalab 2.0) ; FORMS-T (CC-BY 4.0) ; spec 054 lot 3
C42,23PM,1,18.558,107.26,gvf,12.209,13.879,30.515,0.29193,fay_herriot,forms_mnt:h_sd+alt_mean+essence+greco;log,2005-2024,IGN IFN brut (Etalab 2.0) ; FORMS-T (CC-BY 4.0) ; spec 054 lot 3
C42,23SO,1,2.3898,60.896,gvf,11.497,17.603,36.494,0.011899,fay_herriot,forms_mnt:h_sd+alt_mean+essence+greco;log,2005-2024,IGN IFN brut (Etalab 2.0) ; FORMS-T (CC-BY 4.0) ; spec 054 lot 3
C42,24,15,57.908,340.97,direct,57.55,189.89,23.944,0.55807,fay_herriot,forms_mnt:h_sd+alt_mean+essence+greco;log,2005-2024,IGN IFN brut (Etalab 2.0) ; FORMS-T (CC-BY 4.0) ; spec 054 lot 3
C42,25B,1,27.139,2727.7,gvf,67.343,587.62,35.996,0.033508,fay_herriot,forms_mnt:h_sd+alt_mean+essence+greco;log,2005-2024,IGN IFN brut (Etalab 2.0) ; FORMS-T (CC-BY 4.0) ; spec 054 lot 3
C42,25C,1,16.973,621.98,gvf,21.34,57.875,35.649,0.056137,fay_herriot,forms_mnt:h_sd+alt_mean+essence+greco;log,2005-2024,IGN IFN brut (Etalab 2.0) ; FORMS-T (CC-BY 4.0) ; spec 054 lot 3
C42,25FR,1,32.574,1590,gvf,68.861,630.97,36.478,0.078926,fay_herriot,forms_mnt:h_sd+alt_mean+essence+greco;log,2005-2024,IGN IFN brut (Etalab 2.0) ; FORMS-T (CC-BY 4.0) ; spec 054 lot 3
C42,25M,13,14.835,25.838,direct,17.123,18.191,24.909,0.52237,fay_herriot,forms_mnt:h_sd+alt_mean+essence+greco;log,2005-2024,IGN IFN brut (Etalab 2.0) ; FORMS-T (CC-BY 4.0) ; spec 054 lot 3
C42,27C,3,43.641,166.41,gvf,32.953,57.329,22.977,0.59506,fay_herriot,forms_mnt:h_sd+alt_mean+essence+greco;log,2005-2024,IGN IFN brut (Etalab 2.0) ; FORMS-T (CC-BY 4.0) ; spec 054 lot 3
C42,29MA,2,21.545,2018.2,gvf,76.19,903.04,39.442,0.028685,fay_herriot,forms_mnt:h_sd+alt_mean+essence+greco;log,2005-2024,IGN IFN brut (Etalab 2.0) ; FORMS-T (CC-BY 4.0) ; spec 054 lot 3
C42,31,23,5.162,2.0111,direct,6.569,2.0691,21.897,0.62981,fay_herriot,forms_mnt:h_sd+alt_mean+essence+greco;log,2005-2024,IGN IFN brut (Etalab 2.0) ; FORMS-T (CC-BY 4.0) ; spec 054 lot 3
C42,41,3,16.091,44.091,gvf,13.257,13.093,27.294,0.42987,fay_herriot,forms_mnt:h_sd+alt_mean+essence+greco;log,2005-2024,IGN IFN brut (Etalab 2.0) ; FORMS-T (CC-BY 4.0) ; spec 054 lot 3
C42,49AM,6,14.157,8.9272,gvf,11.333,4.2728,18.24,0.74244,fay_herriot,forms_mnt:h_sd+alt_mean+essence+greco;log,2005-2024,IGN IFN brut (Etalab 2.0) ; FORMS-T (CC-BY 4.0) ; spec 054 lot 3
C42,49BO,1,2.9088,1.0712,gvf,2.8541,0.53544,25.638,0.50352,fay_herriot,forms_mnt:h_sd+alt_mean+essence+greco;log,2005-2024,IGN IFN brut (Etalab 2.0) ; FORMS-T (CC-BY 4.0) ; spec 054 lot 3
C42,49EV,1,8.5758,5.5934,gvf,6.1053,1.8264,22.136,0.62802,fay_herriot,forms_mnt:h_sd+alt_mean+essence+greco;log,2005-2024,IGN IFN brut (Etalab 2.0) ; FORMS-T (CC-BY 4.0) ; spec 054 lot 3
C42,49PS,2,1.1865,15.416,gvf,6.5463,5.771,36.697,0.011591,fay_herriot,forms_mnt:h_sd+alt_mean+essence+greco;log,2005-2024,IGN IFN brut (Etalab 2.0) ; FORMS-T (CC-BY 4.0) ; spec 054 lot 3
C42,49SN,3,3.6264,14.596,gvf,5.2299,3.2491,34.466,0.10369,fay_herriot,forms_mnt:h_sd+alt_mean+essence+greco;log,2005-2024,IGN IFN brut (Etalab 2.0) ; FORMS-T (CC-BY 4.0) ; spec 054 lot 3
C42,52,4,181.07,2321,gvf,143.84,951.75,21.447,0.64462,fay_herriot,forms_mnt:h_sd+alt_mean+essence+greco;log,2005-2024,IGN IFN brut (Etalab 2.0) ; FORMS-T (CC-BY 4.0) ; spec 054 lot 3
C42,53CO,1,520.39,14916,gvf,362.65,5117.5,19.726,0.69981,fay_herriot,forms_mnt:h_sd+alt_mean+essence+greco;log,2005-2024,IGN IFN brut (Etalab 2.0) ; FORMS-T (CC-BY 4.0) ; spec 054 lot 3
C42,61,24,113.34,623.8,direct,120.5,516.09,18.853,0.72559,fay_herriot,forms_mnt:h_sd+alt_mean+essence+greco;log,2005-2024,IGN IFN brut (Etalab 2.0) ; FORMS-T (CC-BY 4.0) ; spec 054 lot 3
C42,62,21,148.69,1013.6,direct,148.86,754.39,18.452,0.73688,fay_herriot,forms_mnt:h_sd+alt_mean+essence+greco;log,2005-2024,IGN IFN brut (Etalab 2.0) ; FORMS-T (CC-BY 4.0) ; spec 054 lot 3
C42,63,3,67.289,3647,gvf,121.65,1719.7,34.09,0.13749,fay_herriot,forms_mnt:h_sd+alt_mean+essence+greco;log,2005-2024,IGN IFN brut (Etalab 2.0) ; FORMS-T (CC-BY 4.0) ; spec 054 lot 3
C42,64,5,163.72,5606.1,gvf,195.03,3079.5,28.453,0.38039,fay_herriot,forms_mnt:h_sd+alt_mean+essence+greco;log,2005-2024,IGN IFN brut (Etalab 2.0) ; FORMS-T (CC-BY 4.0) ; spec 054 lot 3
C42,68TG,1,14.757,13701,gvf,220.45,8825.4,42.614,0.0020367,fay_herriot,forms_mnt:h_sd+alt_mean+essence+greco;log,2005-2024,IGN IFN brut (Etalab 2.0) ; FORMS-T (CC-BY 4.0) ; spec 054 lot 3
C42,73,1,65.719,34201,gvf,225.1,6868.6,36.817,0.015956,fay_herriot,forms_mnt:h_sd+alt_mean+essence+greco;log,2005-2024,IGN IFN brut (Etalab 2.0) ; FORMS-T (CC-BY 4.0) ; spec 054 lot 3
C51,02,1085,91.085,5.2016,direct,91.051,5.173,2.498,0.99514,fay_herriot,forms_mnt:h_sd+alt_mean+essence+greco;log,2005-2024,IGN IFN brut (Etalab 2.0) ; FORMS-T (CC-BY 4.0) ; spec 054 lot 3
C51,03,890,117.75,8.5097,direct,117.68,8.4595,2.4716,0.99524,fay_herriot,forms_mnt:h_sd+alt_mean+essence+greco;log,2005-2024,IGN IFN brut (Etalab 2.0) ; FORMS-T (CC-BY 4.0) ; spec 054 lot 3
C51,04,79,93.98,112.29,direct,92.502,99.359,10.776,0.90991,fay_herriot,forms_mnt:h_sd+alt_mean+essence+greco;log,2005-2024,IGN IFN brut (Etalab 2.0) ; FORMS-T (CC-BY 4.0) ; spec 054 lot 3
C51,09,415,73.479,11.982,direct,73.607,11.824,4.6715,0.98301,fay_herriot,forms_mnt:h_sd+alt_mean+essence+greco;log,2005-2024,IGN IFN brut (Etalab 2.0) ; FORMS-T (CC-BY 4.0) ; spec 054 lot 3
C51,10,71,65.913,120.61,direct,67.02,102.93,15.138,0.82224,fay_herriot,forms_mnt:h_sd+alt_mean+essence+greco;log,2005-2024,IGN IFN brut (Etalab 2.0) ; FORMS-T (CC-BY 4.0) ; spec 054 lot 3
C51,11,1274,46.203,1.6828,direct,46.183,1.6713,2.7993,0.9939,fay_herriot,forms_mnt:h_sd+alt_mean+essence+greco;log,2005-2024,IGN IFN brut (Etalab 2.0) ; FORMS-T (CC-BY 4.0) ; spec 054 lot 3
C51,12P,4,56.444,456.59,gvf,53.462,198.81,26.374,0.47256,fay_herriot,forms_mnt:h_sd+alt_mean+essence+greco;log,2005-2024,IGN IFN brut (Etalab 2.0) ; FORMS-T (CC-BY 4.0) ; spec 054 lot 3
C51,12V,345,28.43,2.4704,direct,28.539,2.4327,5.4652,0.97675,fay_herriot,forms_mnt:h_sd+alt_mean+essence+greco;log,2005-2024,IGN IFN brut (Etalab 2.0) ; FORMS-T (CC-BY 4.0) ; spec 054 lot 3
C51,13G,283,63.188,26.562,direct,63.857,25.823,7.9578,0.95074,fay_herriot,forms_mnt:h_sd+alt_mean+essence+greco;log,2005-2024,IGN IFN brut (Etalab 2.0) ; FORMS-T (CC-BY 4.0) ; spec 054 lot 3
C51,14,245,82.233,30.24,direct,81.589,28.793,6.5767,0.96634,fay_herriot,forms_mnt:h_sd+alt_mean+essence+greco;log,2005-2024,IGN IFN brut (Etalab 2.0) ; FORMS-T (CC-BY 4.0) ; spec 054 lot 3
C51,15P,17,56.246,248.82,direct,46.238,105.89,22.255,0.62015,fay_herriot,forms_mnt:h_sd+alt_mean+essence+greco;log,2005-2024,IGN IFN brut (Etalab 2.0) ; FORMS-T (CC-BY 4.0) ; spec 054 lot 3
C51,15S,45,33.073,49.813,direct,34.199,39.602,18.401,0.73819,fay_herriot,forms_mnt:h_sd+alt_mean+essence+greco;log,2005-2024,IGN IFN brut (Etalab 2.0) ; FORMS-T (CC-BY 4.0) ; spec 054 lot 3
C51,17C,361,67.144,16.873,direct,66.813,16.243,6.0321,0.97168,fay_herriot,forms_mnt:h_sd+alt_mean+essence+greco;log,2005-2024,IGN IFN brut (Etalab 2.0) ; FORMS-T (CC-BY 4.0) ; spec 054 lot 3
C51,17O,3,71.4,684.61,gvf,60.542,248.94,26.061,0.48879,fay_herriot,forms_mnt:h_sd+alt_mean+essence+greco;log,2005-2024,IGN IFN brut (Etalab 2.0) ; FORMS-T (CC-BY 4.0) ; spec 054 lot 3
C51,18C,50,17.253,8.6269,direct,16.877,6.7698,15.417,0.81585,fay_herriot,forms_mnt:h_sd+alt_mean+essence+greco;log,2005-2024,IGN IFN brut (Etalab 2.0) ; FORMS-T (CC-BY 4.0) ; spec 054 lot 3
C51,18D,2,35.372,276.21,gvf,41.77,162.06,30.477,0.36774,fay_herriot,forms_mnt:h_sd+alt_mean+essence+greco;log,2005-2024,IGN IFN brut (Etalab 2.0) ; FORMS-T (CC-BY 4.0) ; spec 054 lot 3
C51,19,233,132.58,80.198,direct,133.96,79.143,6.641,0.96568,fay_herriot,forms_mnt:h_sd+alt_mean+essence+greco;log,2005-2024,IGN IFN brut (Etalab 2.0) ; FORMS-T (CC-BY 4.0) ; spec 054 lot 3
C51,20G,13,52.346,619.95,direct,49.229,203.51,28.978,0.36205,fay_herriot,forms_mnt:h_sd+alt_mean+essence+greco;log,2005-2024,IGN IFN brut (Etalab 2.0) ; FORMS-T (CC-BY 4.0) ; spec 054 lot 3
C51,20P,98,46.072,24.996,direct,46.167,23.062,10.402,0.91599,fay_herriot,forms_mnt:h_sd+alt_mean+essence+greco;log,2005-2024,IGN IFN brut (Etalab 2.0) ; FORMS-T (CC-BY 4.0) ; spec 054 lot 3
C51,21C,109,27.44,9.4194,direct,27.1,8.3895,10.688,0.91122,fay_herriot,forms_mnt:h_sd+alt_mean+essence+greco;log,2005-2024,IGN IFN brut (Etalab 2.0) ; FORMS-T (CC-BY 4.0) ; spec 054 lot 3
C51,22G,13,29.337,213.07,direct,17.305,27.177,30.125,0.34151,fay_herriot,forms_mnt:h_sd+alt_mean+essence+greco;log,2005-2024,IGN IFN brut (Etalab 2.0) ; FORMS-T (CC-BY 4.0) ; spec 054 lot 3
C51,22M,169,24.239,2.0696,direct,24.25,2.0174,5.8571,0.9733,fay_herriot,forms_mnt:h_sd+alt_mean+essence+greco;log,2005-2024,IGN IFN brut (Etalab 2.0) ; FORMS-T (CC-BY 4.0) ; spec 054 lot 3
C51,22S,1,1.2157,1027.4,gvf,34.28,197.11,40.956,0.00018467,fay_herriot,forms_mnt:h_sd+alt_mean+essence+greco;log,2005-2024,IGN IFN brut (Etalab 2.0) ; FORMS-T (CC-BY 4.0) ; spec 054 lot 3
C51,23C,1,18.805,83.214,gvf,14.396,17.822,29.325,0.35302,fay_herriot,forms_mnt:h_sd+alt_mean+essence+greco;log,2005-2024,IGN IFN brut (Etalab 2.0) ; FORMS-T (CC-BY 4.0) ; spec 054 lot 3
C51,23PC,6,9.9319,11.355,gvf,9.5011,5.5804,24.863,0.52728,fay_herriot,forms_mnt:h_sd+alt_mean+essence+greco;log,2005-2024,IGN IFN brut (Etalab 2.0) ; FORMS-T (CC-BY 4.0) ; spec 054 lot 3
C51,23PM,13,11.846,4.6816,direct,11.252,3.3758,16.33,0.79377,fay_herriot,forms_mnt:h_sd+alt_mean+essence+greco;log,2005-2024,IGN IFN brut (Etalab 2.0) ; FORMS-T (CC-BY 4.0) ; spec 054 lot 3
C51,23SO,1,0.95685,60.896,gvf,10.476,14.757,36.671,0.0019268,fay_herriot,forms_mnt:h_sd+alt_mean+essence+greco;log,2005-2024,IGN IFN brut (Etalab 2.0) ; FORMS-T (CC-BY 4.0) ; spec 054 lot 3
C51,24,344,56.163,10.03,direct,56.04,9.7506,5.572,0.97583,fay_herriot,forms_mnt:h_sd+alt_mean+essence+greco;log,2005-2024,IGN IFN brut (Etalab 2.0) ; FORMS-T (CC-BY 4.0) ; spec 054 lot 3
C51,25B,35,39.686,27.968,direct,41.931,27.583,12.525,0.8785,fay_herriot,forms_mnt:h_sd+alt_mean+essence+greco;log,2005-2024,IGN IFN brut (Etalab 2.0) ; FORMS-T (CC-BY 4.0) ; spec 054 lot 3
C51,25C,12,21.732,127.55,direct,20.145,36.529,30.002,0.32225,fay_herriot,forms_mnt:h_sd+alt_mean+essence+greco;log,2005-2024,IGN IFN brut (Etalab 2.0) ; FORMS-T (CC-BY 4.0) ; spec 054 lot 3
C51,25E3,1,12.413,31.833,gvf,14.547,17.118,28.442,0.3833,fay_herriot,forms_mnt:h_sd+alt_mean+essence+greco;log,2005-2024,IGN IFN brut (Etalab 2.0) ; FORMS-T (CC-BY 4.0) ; spec 054 lot 3
C51,25E5,1,2.0763,262.08,gvf,15.985,33.854,36.4,0.0021077,fay_herriot,forms_mnt:h_sd+alt_mean+essence+greco;log,2005-2024,IGN IFN brut (Etalab 2.0) ; FORMS-T (CC-BY 4.0) ; spec 054 lot 3
C51,25FR,1,3.0057,1590,gvf,65.805,630.14,38.147,0.00072904,fay_herriot,forms_mnt:h_sd+alt_mean+essence+greco;log,2005-2024,IGN IFN brut (Etalab 2.0) ; FORMS-T (CC-BY 4.0) ; spec 054 lot 3
C51,25M,95,11.691,2.0812,direct,12.238,2.0439,11.682,0.89399,fay_herriot,forms_mnt:h_sd+alt_mean+essence+greco;log,2005-2024,IGN IFN brut (Etalab 2.0) ; FORMS-T (CC-BY 4.0) ; spec 054 lot 3
C51,25V,2,33.147,169.8,gvf,32.531,100.26,30.779,0.4538,fay_herriot,forms_mnt:h_sd+alt_mean+essence+greco;log,2005-2024,IGN IFN brut (Etalab 2.0) ; FORMS-T (CC-BY 4.0) ; spec 054 lot 3
C51,27C,12,17.474,10.171,direct,17.89,8.5301,16.325,0.79401,fay_herriot,forms_mnt:h_sd+alt_mean+essence+greco;log,2005-2024,IGN IFN brut (Etalab 2.0) ; FORMS-T (CC-BY 4.0) ; spec 054 lot 3
C51,27N,1,10.906,802.58,gvf,42.345,290.38,40.243,0.018673,fay_herriot,forms_mnt:h_sd+alt_mean+essence+greco;log,2005-2024,IGN IFN brut (Etalab 2.0) ; FORMS-T (CC-BY 4.0) ; spec 054 lot 3
C51,29AF,8,3.5277,7.9317,gvf,6.2309,4.5402,34.197,0.16768,fay_herriot,forms_mnt:h_sd+alt_mean+essence+greco;log,2005-2024,IGN IFN brut (Etalab 2.0) ; FORMS-T (CC-BY 4.0) ; spec 054 lot 3
C51,29CM,3,91.805,1772.8,gvf,87.912,847.08,33.107,0.37905,fay_herriot,forms_mnt:h_sd+alt_mean+essence+greco;log,2005-2024,IGN IFN brut (Etalab 2.0) ; FORMS-T (CC-BY 4.0) ; spec 054 lot 3
C51,29EN,7,35.679,95.232,gvf,36.646,67.304,22.387,0.63187,fay_herriot,forms_mnt:h_sd+alt_mean+essence+greco;log,2005-2024,IGN IFN brut (Etalab 2.0) ; FORMS-T (CC-BY 4.0) ; spec 054 lot 3
C51,29MA,3,20.428,1345.5,gvf,67.729,704.73,39.196,0.038299,fay_herriot,forms_mnt:h_sd+alt_mean+essence+greco;log,2005-2024,IGN IFN brut (Etalab 2.0) ; FORMS-T (CC-BY 4.0) ; spec 054 lot 3
C51,31,171,4.838,0.22176,direct,5.0446,0.2249,9.4008,0.93128,fay_herriot,forms_mnt:h_sd+alt_mean+essence+greco;log,2005-2024,IGN IFN brut (Etalab 2.0) ; FORMS-T (CC-BY 4.0) ; spec 054 lot 3
C51,33B,3,94.112,2098.6,gvf,120.71,1414,31.152,0.35146,fay_herriot,forms_mnt:h_sd+alt_mean+essence+greco;log,2005-2024,IGN IFN brut (Etalab 2.0) ; FORMS-T (CC-BY 4.0) ; spec 054 lot 3
C51,33G,1,207.1,9823.9,gvf,166,2397.5,29.497,0.35922,fay_herriot,forms_mnt:h_sd+alt_mean+essence+greco;log,2005-2024,IGN IFN brut (Etalab 2.0) ; FORMS-T (CC-BY 4.0) ; spec 054 lot 3
C51,33N,13,103.23,502.08,direct,103.46,373.33,18.676,0.73157,fay_herriot,forms_mnt:h_sd+alt_mean+essence+greco;log,2005-2024,IGN IFN brut (Etalab 2.0) ; FORMS-T (CC-BY 4.0) ; spec 054 lot 3
C51,39,1,18.136,7.1001,gvf,14.346,3.8806,13.731,0.85608,fay_herriot,forms_mnt:h_sd+alt_mean+essence+greco;log,2005-2024,IGN IFN brut (Etalab 2.0) ; FORMS-T (CC-BY 4.0) ; spec 054 lot 3
C51,41,20,22.007,15.793,direct,18.867,9.3135,16.175,0.79747,fay_herriot,forms_mnt:h_sd+alt_mean+essence+greco;log,2005-2024,IGN IFN brut (Etalab 2.0) ; FORMS-T (CC-BY 4.0) ; spec 054 lot 3
C51,42,1,39.356,4466.8,gvf,16.679,35.32,35.631,0.042627,fay_herriot,forms_mnt:h_sd+alt_mean+essence+greco;log,2005-2024,IGN IFN brut (Etalab 2.0) ; FORMS-T (CC-BY 4.0) ; spec 054 lot 3
C51,49AM,47,4.5957,0.83317,direct,4.7651,0.68872,17.416,0.76498,fay_herriot,forms_mnt:h_sd+alt_mean+essence+greco;log,2005-2024,IGN IFN brut (Etalab 2.0) ; FORMS-T (CC-BY 4.0) ; spec 054 lot 3
C51,49BO,1,1.0607,1.0712,gvf,2.2697,0.61391,34.521,0.11883,fay_herriot,forms_mnt:h_sd+alt_mean+essence+greco;log,2005-2024,IGN IFN brut (Etalab 2.0) ; FORMS-T (CC-BY 4.0) ; spec 054 lot 3
C51,49EV,4,5.0417,1.3983,gvf,4.3532,0.74478,19.825,0.70006,fay_herriot,forms_mnt:h_sd+alt_mean+essence+greco;log,2005-2024,IGN IFN brut (Etalab 2.0) ; FORMS-T (CC-BY 4.0) ; spec 054 lot 3
C51,49IA,2,1.6342,23.581,gvf,6.1104,4.8716,36.122,0.014333,fay_herriot,forms_mnt:h_sd+alt_mean+essence+greco;log,2005-2024,IGN IFN brut (Etalab 2.0) ; FORMS-T (CC-BY 4.0) ; spec 054 lot 3
C51,49PS,19,5.2762,1.6983,direct,5.499,1.2756,20.538,0.67791,fay_herriot,forms_mnt:h_sd+alt_mean+essence+greco;log,2005-2024,IGN IFN brut (Etalab 2.0) ; FORMS-T (CC-BY 4.0) ; spec 054 lot 3
C51,49RC,2,2.6269,39.503,gvf,9.105,12.376,38.638,0.021937,fay_herriot,forms_mnt:h_sd+alt_mean+essence+greco;log,2005-2024,IGN IFN brut (Etalab 2.0) ; FORMS-T (CC-BY 4.0) ; spec 054 lot 3
C51,49SN,9,4.6703,4.8653,gvf,4.8155,1.9319,28.864,0.36534,fay_herriot,forms_mnt:h_sd+alt_mean+essence+greco;log,2005-2024,IGN IFN brut (Etalab 2.0) ; FORMS-T (CC-BY 4.0) ; spec 054 lot 3
C51,52,71,100.58,133.53,direct,99.025,117.61,10.952,0.90678,fay_herriot,forms_mnt:h_sd+alt_mean+essence+greco;log,2005-2024,IGN IFN brut (Etalab 2.0) ; FORMS-T (CC-BY 4.0) ; spec 054 lot 3
C51,53CO,1,28.104,14916,gvf,138.84,2529,36.22,0.0067534,fay_herriot,forms_mnt:h_sd+alt_mean+essence+greco;log,2005-2024,IGN IFN brut (Etalab 2.0) ; FORMS-T (CC-BY 4.0) ; spec 054 lot 3
C51,54,4,188.19,3798.7,gvf,159.02,1505.2,24.398,0.54484,fay_herriot,forms_mnt:h_sd+alt_mean+essence+greco;log,2005-2024,IGN IFN brut (Etalab 2.0) ; FORMS-T (CC-BY 4.0) ; spec 054 lot 3
C51,56,32,85.418,238.91,direct,86.713,200.43,16.327,0.79681,fay_herriot,forms_mnt:h_sd+alt_mean+essence+greco;log,2005-2024,IGN IFN brut (Etalab 2.0) ; FORMS-T (CC-BY 4.0) ; spec 054 lot 3
C51,61,40,130.88,643.3,direct,130.06,494.91,17.105,0.77372,fay_herriot,forms_mnt:h_sd+alt_mean+essence+greco;log,2005-2024,IGN IFN brut (Etalab 2.0) ; FORMS-T (CC-BY 4.0) ; spec 054 lot 3
C51,62,55,146.82,454.62,direct,144.96,382.19,13.486,0.85893,fay_herriot,forms_mnt:h_sd+alt_mean+essence+greco;log,2005-2024,IGN IFN brut (Etalab 2.0) ; FORMS-T (CC-BY 4.0) ; spec 054 lot 3
C51,63,5,69.244,2188.2,gvf,106.41,1184.6,32.344,0.21957,fay_herriot,forms_mnt:h_sd+alt_mean+essence+greco;log,2005-2024,IGN IFN brut (Etalab 2.0) ; FORMS-T (CC-BY 4.0) ; spec 054 lot 3
C51,64,51,187.46,625.02,direct,188.37,556.22,12.52,0.87834,fay_herriot,forms_mnt:h_sd+alt_mean+essence+greco;log,2005-2024,IGN IFN brut (Etalab 2.0) ; FORMS-T (CC-BY 4.0) ; spec 054 lot 3
C51,67,3,23.283,33.932,gvf,20.822,18.738,20.79,0.67228,fay_herriot,forms_mnt:h_sd+alt_mean+essence+greco;log,2005-2024,IGN IFN brut (Etalab 2.0) ; FORMS-T (CC-BY 4.0) ; spec 054 lot 3
C51,69JC,2,2.9076,16.988,gvf,3.8523,1.8837,35.627,0.060062,fay_herriot,forms_mnt:h_sd+alt_mean+essence+greco;log,2005-2024,IGN IFN brut (Etalab 2.0) ; FORMS-T (CC-BY 4.0) ; spec 054 lot 3
C51,72N,1,234.01,13345,gvf,115.17,1156.5,29.528,0.34509,fay_herriot,forms_mnt:h_sd+alt_mean+essence+greco;log,2005-2024,IGN IFN brut (Etalab 2.0) ; FORMS-T (CC-BY 4.0) ; spec 054 lot 3
C51,72V,5,9.7818,3718,gvf,135.5,2622.8,37.797,0.0032937,fay_herriot,forms_mnt:h_sd+alt_mean+essence+greco;log,2005-2024,IGN IFN brut (Etalab 2.0) ; FORMS-T (CC-BY 4.0) ; spec 054 lot 3
C51,73,2,39.453,17101,gvf,202.37,5574.3,36.893,0.011552,fay_herriot,forms_mnt:h_sd+alt_mean+essence+greco;log,2005-2024,IGN IFN brut (Etalab 2.0) ; FORMS-T (CC-BY 4.0) ; spec 054 lot 3
C52,02,246,65.514,18.64,direct,65.943,18.28,6.4837,0.96728,fay_herriot,forms_mnt:h_sd+alt_mean+essence+greco;log,2005-2024,IGN IFN brut (Etalab 2.0) ; FORMS-T (CC-BY 4.0) ; spec 054 lot 3
C52,03,512,75.06,12.101,direct,75.388,12.01,4.5969,0.98355,fay_herriot,forms_mnt:h_sd+alt_mean+essence+greco;log,2005-2024,IGN IFN brut (Etalab 2.0) ; FORMS-T (CC-BY 4.0) ; spec 054 lot 3
C52,04,3,86.769,2732.7,gvf,77.682,589.62,31.258,0.26132,fay_herriot,forms_mnt:h_sd+alt_mean+essence+greco;log,2005-2024,IGN IFN brut (Etalab 2.0) ; FORMS-T (CC-BY 4.0) ; spec 054 lot 3
C52,05,164,56.772,21.944,direct,56.632,20.764,8.0463,0.94965,fay_herriot,forms_mnt:h_sd+alt_mean+essence+greco;log,2005-2024,IGN IFN brut (Etalab 2.0) ; FORMS-T (CC-BY 4.0) ; spec 054 lot 3
C52,06,2,5.9002,822.85,gvf,34.557,160.48,36.658,0.0054029,fay_herriot,forms_mnt:h_sd+alt_mean+essence+greco;log,2005-2024,IGN IFN brut (Etalab 2.0) ; FORMS-T (CC-BY 4.0) ; spec 054 lot 3
C52,09,337,85.049,32.955,direct,84.766,31.637,6.6355,0.96573,fay_herriot,forms_mnt:h_sd+alt_mean+essence+greco;log,2005-2024,IGN IFN brut (Etalab 2.0) ; FORMS-T (CC-BY 4.0) ; spec 054 lot 3
C52,10,487,127.51,35.717,direct,126.19,34.404,4.6481,0.98318,fay_herriot,forms_mnt:h_sd+alt_mean+essence+greco;log,2005-2024,IGN IFN brut (Etalab 2.0) ; FORMS-T (CC-BY 4.0) ; spec 054 lot 3
C52,11,394,31.932,3.7704,direct,32.151,3.7178,5.9972,0.97201,fay_herriot,forms_mnt:h_sd+alt_mean+essence+greco;log,2005-2024,IGN IFN brut (Etalab 2.0) ; FORMS-T (CC-BY 4.0) ; spec 054 lot 3
C52,12V,103,26.025,13.822,direct,26.743,12.633,13.29,0.86286,fay_herriot,forms_mnt:h_sd+alt_mean+essence+greco;log,2005-2024,IGN IFN brut (Etalab 2.0) ; FORMS-T (CC-BY 4.0) ; spec 054 lot 3
C52,13B,9,59.03,247.2,gvf,50.166,122.52,22.064,0.64412,fay_herriot,forms_mnt:h_sd+alt_mean+essence+greco;log,2005-2024,IGN IFN brut (Etalab 2.0) ; FORMS-T (CC-BY 4.0) ; spec 054 lot 3
C52,13G,125,80.698,101.63,direct,79.963,89.213,11.812,0.89163,fay_herriot,forms_mnt:h_sd+alt_mean+essence+greco;log,2005-2024,IGN IFN brut (Etalab 2.0) ; FORMS-T (CC-BY 4.0) ; spec 054 lot 3
C52,14,271,68.685,22.666,direct,68.419,21.701,6.8087,0.96393,fay_herriot,forms_mnt:h_sd+alt_mean+essence+greco;log,2005-2024,IGN IFN brut (Etalab 2.0) ; FORMS-T (CC-BY 4.0) ; spec 054 lot 3
C52,15P,41,27.185,27.233,direct,28.157,22.911,16.999,0.77701,fay_herriot,forms_mnt:h_sd+alt_mean+essence+greco;log,2005-2024,IGN IFN brut (Etalab 2.0) ; FORMS-T (CC-BY 4.0) ; spec 054 lot 3
C52,15S,95,33.512,15.185,direct,33.707,13.936,11.075,0.90473,fay_herriot,forms_mnt:h_sd+alt_mean+essence+greco;log,2005-2024,IGN IFN brut (Etalab 2.0) ; FORMS-T (CC-BY 4.0) ; spec 054 lot 3
C52,16,1,1.2541,169.12,gvf,15.17,30.517,36.417,0.0011927,fay_herriot,forms_mnt:h_sd+alt_mean+essence+greco;log,2005-2024,IGN IFN brut (Etalab 2.0) ; FORMS-T (CC-BY 4.0) ; spec 054 lot 3
C52,17C,679,66.57,9.6605,direct,66.327,9.4332,4.6306,0.98331,fay_herriot,forms_mnt:h_sd+alt_mean+essence+greco;log,2005-2024,IGN IFN brut (Etalab 2.0) ; FORMS-T (CC-BY 4.0) ; spec 054 lot 3
C52,17O,1,13.452,2053.8,gvf,48.302,315.81,36.791,0.011186,fay_herriot,forms_mnt:h_sd+alt_mean+essence+greco;log,2005-2024,IGN IFN brut (Etalab 2.0) ; FORMS-T (CC-BY 4.0) ; spec 054 lot 3
C52,18C,32,21.727,12.981,direct,20.233,9.3181,15.087,0.82362,fay_herriot,forms_mnt:h_sd+alt_mean+essence+greco;log,2005-2024,IGN IFN brut (Etalab 2.0) ; FORMS-T (CC-BY 4.0) ; spec 054 lot 3
C52,18D,1,16.62,552.42,gvf,41.142,247.92,38.271,0.060328,fay_herriot,forms_mnt:h_sd+alt_mean+essence+greco;log,2005-2024,IGN IFN brut (Etalab 2.0) ; FORMS-T (CC-BY 4.0) ; spec 054 lot 3
C52,18M,7,19.992,46.769,gvf,19.476,24.276,25.298,0.5232,fay_herriot,forms_mnt:h_sd+alt_mean+essence+greco;log,2005-2024,IGN IFN brut (Etalab 2.0) ; FORMS-T (CC-BY 4.0) ; spec 054 lot 3
C52,19,115,146.86,183.12,direct,148.2,175.2,8.9314,0.93798,fay_herriot,forms_mnt:h_sd+alt_mean+essence+greco;log,2005-2024,IGN IFN brut (Etalab 2.0) ; FORMS-T (CC-BY 4.0) ; spec 054 lot 3
C52,20G,118,52.502,30.112,direct,51.876,27.18,10.05,0.92159,fay_herriot,forms_mnt:h_sd+alt_mean+essence+greco;log,2005-2024,IGN IFN brut (Etalab 2.0) ; FORMS-T (CC-BY 4.0) ; spec 054 lot 3
C52,20P,70,39.629,29.715,direct,40.253,26.848,12.872,0.87157,fay_herriot,forms_mnt:h_sd+alt_mean+essence+greco;log,2005-2024,IGN IFN brut (Etalab 2.0) ; FORMS-T (CC-BY 4.0) ; spec 054 lot 3
C52,21C,208,20.041,3.3233,direct,20.187,3.1725,8.8232,0.93946,fay_herriot,forms_mnt:h_sd+alt_mean+essence+greco;log,2005-2024,IGN IFN brut (Etalab 2.0) ; FORMS-T (CC-BY 4.0) ; spec 054 lot 3
C52,21M,2,5.171,127.82,gvf,15.374,31.289,36.384,0.026159,fay_herriot,forms_mnt:h_sd+alt_mean+essence+greco;log,2005-2024,IGN IFN brut (Etalab 2.0) ; FORMS-T (CC-BY 4.0) ; spec 054 lot 3
C52,21O,148,30.03,6.0301,direct,29.501,5.553,7.9877,0.9505,fay_herriot,forms_mnt:h_sd+alt_mean+essence+greco;log,2005-2024,IGN IFN brut (Etalab 2.0) ; FORMS-T (CC-BY 4.0) ; spec 054 lot 3
C52,22G,16,8.7682,10.601,direct,10.524,7.7894,26.52,0.48219,fay_herriot,forms_mnt:h_sd+alt_mean+essence+greco;log,2005-2024,IGN IFN brut (Etalab 2.0) ; FORMS-T (CC-BY 4.0) ; spec 054 lot 3
C52,22M,225,27.553,3.312,direct,27.405,3.171,6.4979,0.96714,fay_herriot,forms_mnt:h_sd+alt_mean+essence+greco;log,2005-2024,IGN IFN brut (Etalab 2.0) ; FORMS-T (CC-BY 4.0) ; spec 054 lot 3
C52,22S,2,2.214,513.71,gvf,32.402,176.01,40.945,0.0012237,fay_herriot,forms_mnt:h_sd+alt_mean+essence+greco;log,2005-2024,IGN IFN brut (Etalab 2.0) ; FORMS-T (CC-BY 4.0) ; spec 054 lot 3
C52,23AB,88,9.1844,1.0542,direct,9.2908,0.98681,10.692,0.9113,fay_herriot,forms_mnt:h_sd+alt_mean+essence+greco;log,2005-2024,IGN IFN brut (Etalab 2.0) ; FORMS-T (CC-BY 4.0) ; spec 054 lot 3
C52,23AM,3,2.8484,26.112,gvf,10.959,25.634,46.199,0.038366,fay_herriot,forms_mnt:h_sd+alt_mean+essence+greco;log,2005-2024,IGN IFN brut (Etalab 2.0) ; FORMS-T (CC-BY 4.0) ; spec 054 lot 3
C52,23PC,9,11.398,7.5702,gvf,10.427,4.4118,20.144,0.68783,fay_herriot,forms_mnt:h_sd+alt_mean+essence+greco;log,2005-2024,IGN IFN brut (Etalab 2.0) ; FORMS-T (CC-BY 4.0) ; spec 054 lot 3
C52,23PD,8,20.02,15.562,gvf,18.425,10.351,17.461,0.76782,fay_herriot,forms_mnt:h_sd+alt_mean+essence+greco;log,2005-2024,IGN IFN brut (Etalab 2.0) ; FORMS-T (CC-BY 4.0) ; spec 054 lot 3
C52,23PM,21,11.028,7.405,direct,10.235,4.3739,20.434,0.67832,fay_herriot,forms_mnt:h_sd+alt_mean+essence+greco;log,2005-2024,IGN IFN brut (Etalab 2.0) ; FORMS-T (CC-BY 4.0) ; spec 054 lot 3
C52,23SO,4,19.526,15.224,gvf,16.65,8.5455,17.557,0.76279,fay_herriot,forms_mnt:h_sd+alt_mean+essence+greco;log,2005-2024,IGN IFN brut (Etalab 2.0) ; FORMS-T (CC-BY 4.0) ; spec 054 lot 3
C52,24,136,49.885,25.017,direct,49.792,23.153,9.6638,0.92739,fay_herriot,forms_mnt:h_sd+alt_mean+essence+greco;log,2005-2024,IGN IFN brut (Etalab 2.0) ; FORMS-T (CC-BY 4.0) ; spec 054 lot 3
C52,25B,32,43.711,69.669,direct,46.738,62.671,16.938,0.77883,fay_herriot,forms_mnt:h_sd+alt_mean+essence+greco;log,2005-2024,IGN IFN brut (Etalab 2.0) ; FORMS-T (CC-BY 4.0) ; spec 054 lot 3
C52,25C,9,10.927,69.108,gvf,16.751,30.712,33.083,0.18157,fay_herriot,forms_mnt:h_sd+alt_mean+essence+greco;log,2005-2024,IGN IFN brut (Etalab 2.0) ; FORMS-T (CC-BY 4.0) ; spec 054 lot 3
C52,25FR,1,26.838,1590,gvf,59.668,487.01,36.985,0.054972,fay_herriot,forms_mnt:h_sd+alt_mean+essence+greco;log,2005-2024,IGN IFN brut (Etalab 2.0) ; FORMS-T (CC-BY 4.0) ; spec 054 lot 3
C52,25M,72,15.964,8.1035,direct,16.175,6.6994,16.002,0.80152,fay_herriot,forms_mnt:h_sd+alt_mean+essence+greco;log,2005-2024,IGN IFN brut (Etalab 2.0) ; FORMS-T (CC-BY 4.0) ; spec 054 lot 3
C52,25V,1,10.779,339.61,gvf,29.061,167.75,44.567,0.042081,fay_herriot,forms_mnt:h_sd+alt_mean+essence+greco;log,2005-2024,IGN IFN brut (Etalab 2.0) ; FORMS-T (CC-BY 4.0) ; spec 054 lot 3
C52,26E,2,40.399,6655,gvf,175.85,4740.4,39.153,0.030529,fay_herriot,forms_mnt:h_sd+alt_mean+essence+greco;log,2005-2024,IGN IFN brut (Etalab 2.0) ; FORMS-T (CC-BY 4.0) ; spec 054 lot 3
C52,26OR,1,19.315,,gvf,19.315,,,1,direct,forms_mnt:h_sd+alt_mean+essence+greco;log,2005-2024,IGN IFN brut (Etalab 2.0) ; FORMS-T (CC-BY 4.0) ; spec 054 lot 3
C52,27C,40,25.061,16.503,direct,23.816,12.45,14.816,0.83012,fay_herriot,forms_mnt:h_sd+alt_mean+essence+greco;log,2005-2024,IGN IFN brut (Etalab 2.0) ; FORMS-T (CC-BY 4.0) ; spec 054 lot 3
C52,29AF,5,2.4394,12.691,gvf,6.2572,5.2485,36.613,0.056789,fay_herriot,forms_mnt:h_sd+alt_mean+essence+greco;log,2005-2024,IGN IFN brut (Etalab 2.0) ; FORMS-T (CC-BY 4.0) ; spec 054 lot 3
C52,29AI,3,33.227,1304.4,gvf,71.929,1245.9,49.073,0.098027,fay_herriot,forms_mnt:h_sd+alt_mean+essence+greco;log,2005-2024,IGN IFN brut (Etalab 2.0) ; FORMS-T (CC-BY 4.0) ; spec 054 lot 3
C52,29EN,2,29.125,333.31,gvf,34.427,128.81,32.967,0.24629,fay_herriot,forms_mnt:h_sd+alt_mean+essence+greco;log,2005-2024,IGN IFN brut (Etalab 2.0) ; FORMS-T (CC-BY 4.0) ; spec 054 lot 3
C52,29MA,3,26.078,1345.5,gvf,63.546,603.19,38.649,0.060945,fay_herriot,forms_mnt:h_sd+alt_mean+essence+greco;log,2005-2024,IGN IFN brut (Etalab 2.0) ; FORMS-T (CC-BY 4.0) ; spec 054 lot 3
C52,31,172,7.953,0.55747,direct,7.9826,0.52635,9.0885,0.93577,fay_herriot,forms_mnt:h_sd+alt_mean+essence+greco;log,2005-2024,IGN IFN brut (Etalab 2.0) ; FORMS-T (CC-BY 4.0) ; spec 054 lot 3
C52,332G,2,17.468,5544.4,gvf,144.82,3261.4,39.435,0.0070174,fay_herriot,forms_mnt:h_sd+alt_mean+essence+greco;log,2005-2024,IGN IFN brut (Etalab 2.0) ; FORMS-T (CC-BY 4.0) ; spec 054 lot 3
C52,33B,10,97.775,526.6,direct,106.73,472.83,20.373,0.6998,fay_herriot,forms_mnt:h_sd+alt_mean+essence+greco;log,2005-2024,IGN IFN brut (Etalab 2.0) ; FORMS-T (CC-BY 4.0) ; spec 054 lot 3
C52,33G,5,167.45,1964.8,gvf,156.79,1150,21.629,0.64695,fay_herriot,forms_mnt:h_sd+alt_mean+essence+greco;log,2005-2024,IGN IFN brut (Etalab 2.0) ; FORMS-T (CC-BY 4.0) ; spec 054 lot 3
C52,33N,77,94.517,110.15,direct,94.87,101.65,10.627,0.91239,fay_herriot,forms_mnt:h_sd+alt_mean+essence+greco;log,2005-2024,IGN IFN brut (Etalab 2.0) ; FORMS-T (CC-BY 4.0) ; spec 054 lot 3
C52,38AL,1,1.8595,120.09,gvf,15.097,30.15,36.37,0.0036835,fay_herriot,forms_mnt:h_sd+alt_mean+essence+greco;log,2005-2024,IGN IFN brut (Etalab 2.0) ; FORMS-T (CC-BY 4.0) ; spec 054 lot 3
C52,38AU,16,4.1373,0.52044,direct,4.4638,0.50102,15.857,0.80855,fay_herriot,forms_mnt:h_sd+alt_mean+essence+greco;log,2005-2024,IGN IFN brut (Etalab 2.0) ; FORMS-T (CC-BY 4.0) ; spec 054 lot 3
C52,41,20,15.028,8.5385,direct,13.621,5.456,17.149,0.77254,fay_herriot,forms_mnt:h_sd+alt_mean+essence+greco;log,2005-2024,IGN IFN brut (Etalab 2.0) ; FORMS-T (CC-BY 4.0) ; spec 054 lot 3
C52,49AE,3,3.385,33.292,gvf,5.2476,4.514,40.488,0.042323,fay_herriot,forms_mnt:h_sd+alt_mean+essence+greco;log,2005-2024,IGN IFN brut (Etalab 2.0) ; FORMS-T (CC-BY 4.0) ; spec 054 lot 3
C52,49AM,103,6.0176,0.69498,direct,5.8866,0.58025,12.94,0.86997,fay_herriot,forms_mnt:h_sd+alt_mean+essence+greco;log,2005-2024,IGN IFN brut (Etalab 2.0) ; FORMS-T (CC-BY 4.0) ; spec 054 lot 3
C52,49BS,22,3.5345,0.85671,direct,3.7964,0.66336,21.453,0.65186,fay_herriot,forms_mnt:h_sd+alt_mean+essence+greco;log,2005-2024,IGN IFN brut (Etalab 2.0) ; FORMS-T (CC-BY 4.0) ; spec 054 lot 3
C52,49CS,1,2.6734,707.49,gvf,15.18,30.558,36.415,0.0012954,fay_herriot,forms_mnt:h_sd+alt_mean+essence+greco;log,2005-2024,IGN IFN brut (Etalab 2.0) ; FORMS-T (CC-BY 4.0) ; spec 054 lot 3
C52,49EV,5,2.0883,1.1187,gvf,2.6162,0.61211,29.905,0.33357,fay_herriot,forms_mnt:h_sd+alt_mean+essence+greco;log,2005-2024,IGN IFN brut (Etalab 2.0) ; FORMS-T (CC-BY 4.0) ; spec 054 lot 3
C52,49FL,1,2.1338,57.596,gvf,5.6741,4.6098,37.84,0.010048,fay_herriot,forms_mnt:h_sd+alt_mean+essence+greco;log,2005-2024,IGN IFN brut (Etalab 2.0) ; FORMS-T (CC-BY 4.0) ; spec 054 lot 3
C52,49IA,49,4.5876,1.1684,direct,4.9504,0.95935,19.786,0.69815,fay_herriot,forms_mnt:h_sd+alt_mean+essence+greco;log,2005-2024,IGN IFN brut (Etalab 2.0) ; FORMS-T (CC-BY 4.0) ; spec 054 lot 3
C52,49MB,1,22.783,101.71,gvf,17.852,25.243,28.145,0.39587,fay_herriot,forms_mnt:h_sd+alt_mean+essence+greco;log,2005-2024,IGN IFN brut (Etalab 2.0) ; FORMS-T (CC-BY 4.0) ; spec 054 lot 3
C52,49PM,4,3.0222,11.734,gvf,5.5918,3.9508,35.546,0.090864,fay_herriot,forms_mnt:h_sd+alt_mean+essence+greco;log,2005-2024,IGN IFN brut (Etalab 2.0) ; FORMS-T (CC-BY 4.0) ; spec 054 lot 3
C52,49PS,13,3.3778,1.4454,direct,4.3747,1.2579,25.637,0.50337,fay_herriot,forms_mnt:h_sd+alt_mean+essence+greco;log,2005-2024,IGN IFN brut (Etalab 2.0) ; FORMS-T (CC-BY 4.0) ; spec 054 lot 3
C52,49RC,7,10.908,11.287,gvf,9.9919,5.8966,24.303,0.57512,fay_herriot,forms_mnt:h_sd+alt_mean+essence+greco;log,2005-2024,IGN IFN brut (Etalab 2.0) ; FORMS-T (CC-BY 4.0) ; spec 054 lot 3
C52,49RP,1,6.1424,8.2172,gvf,10.868,9.7511,28.732,0.3709,fay_herriot,forms_mnt:h_sd+alt_mean+essence+greco;log,2005-2024,IGN IFN brut (Etalab 2.0) ; FORMS-T (CC-BY 4.0) ; spec 054 lot 3
C52,49RT,1,1.223,0.0396,gvf,1.8818,0.078205,14.861,0.82906,fay_herriot,forms_mnt:h_sd+alt_mean+essence+greco;log,2005-2024,IGN IFN brut (Etalab 2.0) ; FORMS-T (CC-BY 4.0) ; spec 054 lot 3
C52,49SN,26,4.5018,0.41927,direct,4.5214,0.36609,13.382,0.86124,fay_herriot,forms_mnt:h_sd+alt_mean+essence+greco;log,2005-2024,IGN IFN brut (Etalab 2.0) ; FORMS-T (CC-BY 4.0) ; spec 054 lot 3
C52,51,5,122.45,2705.8,gvf,116.34,1035.1,27.654,0.41572,fay_herriot,forms_mnt:h_sd+alt_mean+essence+greco;log,2005-2024,IGN IFN brut (Etalab 2.0) ; FORMS-T (CC-BY 4.0) ; spec 054 lot 3
C52,52,54,61.237,159.07,direct,65.573,137.84,17.904,0.75167,fay_herriot,forms_mnt:h_sd+alt_mean+essence+greco;log,2005-2024,IGN IFN brut (Etalab 2.0) ; FORMS-T (CC-BY 4.0) ; spec 054 lot 3
C52,53CA,1,39.542,7363.2,gvf,154.91,4605,43.808,0.026543,fay_herriot,forms_mnt:h_sd+alt_mean+essence+greco;log,2005-2024,IGN IFN brut (Etalab 2.0) ; FORMS-T (CC-BY 4.0) ; spec 054 lot 3
C52,53CO,7,136.55,2130.8,gvf,134.88,1115.6,24.763,0.5291,fay_herriot,forms_mnt:h_sd+alt_mean+essence+greco;log,2005-2024,IGN IFN brut (Etalab 2.0) ; FORMS-T (CC-BY 4.0) ; spec 054 lot 3
C52,54,15,143.95,1668,direct,135.56,923.6,22.418,0.61465,fay_herriot,forms_mnt:h_sd+alt_mean+essence+greco;log,2005-2024,IGN IFN brut (Etalab 2.0) ; FORMS-T (CC-BY 4.0) ; spec 054 lot 3
C52,56,3,126.8,2755,gvf,102.35,815.71,27.904,0.42835,fay_herriot,forms_mnt:h_sd+alt_mean+essence+greco;log,2005-2024,IGN IFN brut (Etalab 2.0) ; FORMS-T (CC-BY 4.0) ; spec 054 lot 3
C52,61,99,89.296,137.03,direct,92.523,130.23,12.334,0.88196,fay_herriot,forms_mnt:h_sd+alt_mean+essence+greco;log,2005-2024,IGN IFN brut (Etalab 2.0) ; FORMS-T (CC-BY 4.0) ; spec 054 lot 3
C52,62,239,120.13,82.064,direct,120.41,79.059,7.3841,0.95759,fay_herriot,forms_mnt:h_sd+alt_mean+essence+greco;log,2005-2024,IGN IFN brut (Etalab 2.0) ; FORMS-T (CC-BY 4.0) ; spec 054 lot 3
C52,63,9,121.64,1215.7,gvf,118.53,719.5,22.631,0.60982,fay_herriot,forms_mnt:h_sd+alt_mean+essence+greco;log,2005-2024,IGN IFN brut (Etalab 2.0) ; FORMS-T (CC-BY 4.0) ; spec 054 lot 3
C52,64,23,220.99,1824.4,direct,212.28,1312.4,17.066,0.77462,fay_herriot,forms_mnt:h_sd+alt_mean+essence+greco;log,2005-2024,IGN IFN brut (Etalab 2.0) ; FORMS-T (CC-BY 4.0) ; spec 054 lot 3
C52,65,3,36.456,549.3,gvf,68.037,492.24,32.609,0.23703,fay_herriot,forms_mnt:h_sd+alt_mean+essence+greco;log,2005-2024,IGN IFN brut (Etalab 2.0) ; FORMS-T (CC-BY 4.0) ; spec 054 lot 3
C52,67,10,5.464,1.0944,direct,6.9065,1.3854,17.042,0.77792,fay_herriot,forms_mnt:h_sd+alt_mean+essence+greco;log,2005-2024,IGN IFN brut (Etalab 2.0) ; FORMS-T (CC-BY 4.0) ; spec 054 lot 3
C52,68SV,1,160.4,3340.4,gvf,109.55,796.62,25.765,0.49724,fay_herriot,forms_mnt:h_sd+alt_mean+essence+greco;log,2005-2024,IGN IFN brut (Etalab 2.0) ; FORMS-T (CC-BY 4.0) ; spec 054 lot 3
C52,69JC,5,4.2084,6.7952,gvf,3.8347,1.4731,31.651,0.25075,fay_herriot,forms_mnt:h_sd+alt_mean+essence+greco;log,2005-2024,IGN IFN brut (Etalab 2.0) ; FORMS-T (CC-BY 4.0) ; spec 054 lot 3
C52,70SE,1,30.169,80.914,gvf,43.819,103.2,23.183,0.59089,fay_herriot,forms_mnt:h_sd+alt_mean+essence+greco;log,2005-2024,IGN IFN brut (Etalab 2.0) ; FORMS-T (CC-BY 4.0) ; spec 054 lot 3
C52,71,1,17.064,5982.8,gvf,58.568,560.65,40.428,0.0062108,fay_herriot,forms_mnt:h_sd+alt_mean+essence+greco;log,2005-2024,IGN IFN brut (Etalab 2.0) ; FORMS-T (CC-BY 4.0) ; spec 054 lot 3
C52,72V,1,99.579,18590,gvf,127.37,2163.4,36.517,0.064101,fay_herriot,forms_mnt:h_sd+alt_mean+essence+greco;log,2005-2024,IGN IFN brut (Etalab 2.0) ; FORMS-T (CC-BY 4.0) ; spec 054 lot 3
C52,73,1,27.791,34201,gvf,194.4,5194.4,37.074,0.0028912,fay_herriot,forms_mnt:h_sd+alt_mean+essence+greco;log,2005-2024,IGN IFN brut (Etalab 2.0) ; FORMS-T (CC-BY 4.0) ; spec 054 lot 3
C52,77,1,17.179,11017,gvf,74.748,754.29,36.743,0.0034278,fay_herriot,forms_mnt:h_sd+alt_mean+essence+greco;log,2005-2024,IGN IFN brut (Etalab 2.0) ; FORMS-T (CC-BY 4.0) ; spec 054 lot 3
D11,02,118,58.215,34.496,direct,59.939,33.969,9.7237,0.92655,fay_herriot,forms_mnt:h_sd+alt_mean+essence+greco;log,2005-2024,IGN IFN brut (Etalab 2.0) ; FORMS-T (CC-BY 4.0) ; spec 054 lot 3
D11,03,663,96.638,13.55,direct,96.738,13.431,3.7884,0.98883,fay_herriot,forms_mnt:h_sd+alt_mean+essence+greco;log,2005-2024,IGN IFN brut (Etalab 2.0) ; FORMS-T (CC-BY 4.0) ; spec 054 lot 3
D11,04,12,71.297,297.72,direct,74.173,225.04,20.225,0.68676,fay_herriot,forms_mnt:h_sd+alt_mean+essence+greco;log,2005-2024,IGN IFN brut (Etalab 2.0) ; FORMS-T (CC-BY 4.0) ; spec 054 lot 3
D11,09,1742,93.62,6.1924,direct,93.562,6.152,2.651,0.99453,fay_herriot,forms_mnt:h_sd+alt_mean+essence+greco;log,2005-2024,IGN IFN brut (Etalab 2.0) ; FORMS-T (CC-BY 4.0) ; spec 054 lot 3
D11,10,137,74.068,84.166,direct,74.092,75.513,11.728,0.89327,fay_herriot,forms_mnt:h_sd+alt_mean+essence+greco;log,2005-2024,IGN IFN brut (Etalab 2.0) ; FORMS-T (CC-BY 4.0) ; spec 054 lot 3
D11,11,206,30.371,5.2572,direct,30.857,5.2044,7.3932,0.9575,fay_herriot,forms_mnt:h_sd+alt_mean+essence+greco;log,2005-2024,IGN IFN brut (Etalab 2.0) ; FORMS-T (CC-BY 4.0) ; spec 054 lot 3
D11,12P,7,43.143,359.02,gvf,48.407,187.61,28.296,0.39965,fay_herriot,forms_mnt:h_sd+alt_mean+essence+greco;log,2005-2024,IGN IFN brut (Etalab 2.0) ; FORMS-T (CC-BY 4.0) ; spec 054 lot 3
D11,12V,362,29.041,3.3167,direct,29.187,3.254,6.1804,0.97028,fay_herriot,forms_mnt:h_sd+alt_mean+essence+greco;log,2005-2024,IGN IFN brut (Etalab 2.0) ; FORMS-T (CC-BY 4.0) ; spec 054 lot 3
D11,13G,109,90.773,147.96,direct,89.42,126.54,12.58,0.87731,fay_herriot,forms_mnt:h_sd+alt_mean+essence+greco;log,2005-2024,IGN IFN brut (Etalab 2.0) ; FORMS-T (CC-BY 4.0) ; spec 054 lot 3
D11,14,33,79.779,307.52,direct,76.001,204.97,18.838,0.72659,fay_herriot,forms_mnt:h_sd+alt_mean+essence+greco;log,2005-2024,IGN IFN brut (Etalab 2.0) ; FORMS-T (CC-BY 4.0) ; spec 054 lot 3
D11,15P,38,34.646,16.12,direct,34.629,14.655,11.055,0.90531,fay_herriot,forms_mnt:h_sd+alt_mean+essence+greco;log,2005-2024,IGN IFN brut (Etalab 2.0) ; FORMS-T (CC-BY 4.0) ; spec 054 lot 3
D11,15S,488,44.728,5.397,direct,44.592,5.2584,5.1424,0.97942,fay_herriot,forms_mnt:h_sd+alt_mean+essence+greco;log,2005-2024,IGN IFN brut (Etalab 2.0) ; FORMS-T (CC-BY 4.0) ; spec 054 lot 3
D11,17C,224,60.918,23.882,direct,60.77,22.668,7.8347,0.95227,fay_herriot,forms_mnt:h_sd+alt_mean+essence+greco;log,2005-2024,IGN IFN brut (Etalab 2.0) ; FORMS-T (CC-BY 4.0) ; spec 054 lot 3
D11,18C,5,10.854,75.55,gvf,14.77,24.137,33.262,0.16682,fay_herriot,forms_mnt:h_sd+alt_mean+essence+greco;log,2005-2024,IGN IFN brut (Etalab 2.0) ; FORMS-T (CC-BY 4.0) ; spec 054 lot 3
D11,18M,9,17.819,44.473,gvf,19.168,25.977,26.59,0.47828,fay_herriot,forms_mnt:h_sd+alt_mean+essence+greco;log,2005-2024,IGN IFN brut (Etalab 2.0) ; FORMS-T (CC-BY 4.0) ; spec 054 lot 3
D11,19,5,135.39,2848.1,gvf,160.23,1843.6,26.797,0.45249,fay_herriot,forms_mnt:h_sd+alt_mean+essence+greco;log,2005-2024,IGN IFN brut (Etalab 2.0) ; FORMS-T (CC-BY 4.0) ; spec 054 lot 3
D11,20G,16,47.442,131.06,direct,47.86,93.298,20.182,0.68801,fay_herriot,forms_mnt:h_sd+alt_mean+essence+greco;log,2005-2024,IGN IFN brut (Etalab 2.0) ; FORMS-T (CC-BY 4.0) ; spec 054 lot 3
D11,20P,9,45.101,105.51,gvf,46.044,79.45,19.358,0.71226,fay_herriot,forms_mnt:h_sd+alt_mean+essence+greco;log,2005-2024,IGN IFN brut (Etalab 2.0) ; FORMS-T (CC-BY 4.0) ; spec 054 lot 3
D11,21C,4,13.064,114.62,gvf,22.126,54.371,33.325,0.16051,fay_herriot,forms_mnt:h_sd+alt_mean+essence+greco;log,2005-2024,IGN IFN brut (Etalab 2.0) ; FORMS-T (CC-BY 4.0) ; spec 054 lot 3
D11,22C,1,2.1765,56.621,gvf,12.776,26.494,40.288,0.010629,fay_herriot,forms_mnt:h_sd+alt_mean+essence+greco;log,2005-2024,IGN IFN brut (Etalab 2.0) ; FORMS-T (CC-BY 4.0) ; spec 054 lot 3
D11,22G,4,7.8333,31.362,gvf,12.107,16.532,33.583,0.20078,fay_herriot,forms_mnt:h_sd+alt_mean+essence+greco;log,2005-2024,IGN IFN brut (Etalab 2.0) ; FORMS-T (CC-BY 4.0) ; spec 054 lot 3
D11,22M,61,24.372,6.9956,direct,24.449,6.4673,10.402,0.91598,fay_herriot,forms_mnt:h_sd+alt_mean+essence+greco;log,2005-2024,IGN IFN brut (Etalab 2.0) ; FORMS-T (CC-BY 4.0) ; spec 054 lot 3
D11,23AB,50,11.759,4.894,direct,11.664,3.8199,16.757,0.78392,fay_herriot,forms_mnt:h_sd+alt_mean+essence+greco;log,2005-2024,IGN IFN brut (Etalab 2.0) ; FORMS-T (CC-BY 4.0) ; spec 054 lot 3
D11,23PD,1,7.7661,102.22,gvf,14.465,27.534,36.275,0.070428,fay_herriot,forms_mnt:h_sd+alt_mean+essence+greco;log,2005-2024,IGN IFN brut (Etalab 2.0) ; FORMS-T (CC-BY 4.0) ; spec 054 lot 3
D11,23PM,7,4.6058,29.339,gvf,8.9077,9.7135,34.988,0.084953,fay_herriot,forms_mnt:h_sd+alt_mean+essence+greco;log,2005-2024,IGN IFN brut (Etalab 2.0) ; FORMS-T (CC-BY 4.0) ; spec 054 lot 3
D11,23SO,79,11.444,4.0862,direct,11.316,3.2538,15.941,0.80452,fay_herriot,forms_mnt:h_sd+alt_mean+essence+greco;log,2005-2024,IGN IFN brut (Etalab 2.0) ; FORMS-T (CC-BY 4.0) ; spec 054 lot 3
D11,24,48,47.201,68.064,direct,48.201,57.735,15.764,0.8078,fay_herriot,forms_mnt:h_sd+alt_mean+essence+greco;log,2005-2024,IGN IFN brut (Etalab 2.0) ; FORMS-T (CC-BY 4.0) ; spec 054 lot 3
D11,25B,6,30.858,274.52,gvf,51.154,241.86,30.402,0.30815,fay_herriot,forms_mnt:h_sd+alt_mean+essence+greco;log,2005-2024,IGN IFN brut (Etalab 2.0) ; FORMS-T (CC-BY 4.0) ; spec 054 lot 3
D11,25C,7,9.5392,18.837,gvf,15.038,18.622,28.697,0.38282,fay_herriot,forms_mnt:h_sd+alt_mean+essence+greco;log,2005-2024,IGN IFN brut (Etalab 2.0) ; FORMS-T (CC-BY 4.0) ; spec 054 lot 3
D11,25FR,1,205.7,3735.6,gvf,130.79,948.59,23.549,0.59258,fay_herriot,forms_mnt:h_sd+alt_mean+essence+greco;log,2005-2024,IGN IFN brut (Etalab 2.0) ; FORMS-T (CC-BY 4.0) ; spec 054 lot 3
D11,25M,87,14.679,3.2011,direct,15.033,3.0207,11.561,0.8963,fay_herriot,forms_mnt:h_sd+alt_mean+essence+greco;log,2005-2024,IGN IFN brut (Etalab 2.0) ; FORMS-T (CC-BY 4.0) ; spec 054 lot 3
D11,26E,1,209.69,13310,gvf,202.45,4347.2,32.568,0.29785,fay_herriot,forms_mnt:h_sd+alt_mean+essence+greco;log,2005-2024,IGN IFN brut (Etalab 2.0) ; FORMS-T (CC-BY 4.0) ; spec 054 lot 3
D11,27C,1,23.905,341.53,gvf,20.73,47.28,33.17,0.17684,fay_herriot,forms_mnt:h_sd+alt_mean+essence+greco;log,2005-2024,IGN IFN brut (Etalab 2.0) ; FORMS-T (CC-BY 4.0) ; spec 054 lot 3
D11,29AF,2,3.8585,21.25,gvf,6.8136,6.1061,36.266,0.082535,fay_herriot,forms_mnt:h_sd+alt_mean+essence+greco;log,2005-2024,IGN IFN brut (Etalab 2.0) ; FORMS-T (CC-BY 4.0) ; spec 054 lot 3
D11,31,103,5.9498,0.45955,direct,6.1881,0.45297,10.876,0.90818,fay_herriot,forms_mnt:h_sd+alt_mean+essence+greco;log,2005-2024,IGN IFN brut (Etalab 2.0) ; FORMS-T (CC-BY 4.0) ; spec 054 lot 3
D11,332G,1,75.557,11089,gvf,151.99,3393.6,38.327,0.062007,fay_herriot,forms_mnt:h_sd+alt_mean+essence+greco;log,2005-2024,IGN IFN brut (Etalab 2.0) ; FORMS-T (CC-BY 4.0) ; spec 054 lot 3
D11,33N,1,95.507,8307.6,gvf,105.34,1311.5,34.379,0.12356,fay_herriot,forms_mnt:h_sd+alt_mean+essence+greco;log,2005-2024,IGN IFN brut (Etalab 2.0) ; FORMS-T (CC-BY 4.0) ; spec 054 lot 3
D11,41,1,4.7345,112.44,gvf,10.352,13.968,36.105,0.024959,fay_herriot,forms_mnt:h_sd+alt_mean+essence+greco;log,2005-2024,IGN IFN brut (Etalab 2.0) ; FORMS-T (CC-BY 4.0) ; spec 054 lot 3
D11,49AM,13,3.4452,0.31129,direct,3.7298,0.3048,14.802,0.83039,fay_herriot,forms_mnt:h_sd+alt_mean+essence+greco;log,2005-2024,IGN IFN brut (Etalab 2.0) ; FORMS-T (CC-BY 4.0) ; spec 054 lot 3
D11,49BO,1,1.0824,6.0685,gvf,2.5274,0.85863,36.664,0.024189,fay_herriot,forms_mnt:h_sd+alt_mean+essence+greco;log,2005-2024,IGN IFN brut (Etalab 2.0) ; FORMS-T (CC-BY 4.0) ; spec 054 lot 3
D11,49IA,24,5.7202,8.595,direct,6.1634,3.3766,29.814,0.32833,fay_herriot,forms_mnt:h_sd+alt_mean+essence+greco;log,2005-2024,IGN IFN brut (Etalab 2.0) ; FORMS-T (CC-BY 4.0) ; spec 054 lot 3
D11,49PS,3,1.2758,19.303,gvf,6.0541,5.0014,36.94,0.010711,fay_herriot,forms_mnt:h_sd+alt_mean+essence+greco;log,2005-2024,IGN IFN brut (Etalab 2.0) ; FORMS-T (CC-BY 4.0) ; spec 054 lot 3
D11,49SN,6,1.3535,0.56601,gvf,3.4213,1.0979,30.626,0.29357,fay_herriot,forms_mnt:h_sd+alt_mean+essence+greco;log,2005-2024,IGN IFN brut (Etalab 2.0) ; FORMS-T (CC-BY 4.0) ; spec 054 lot 3
D11,52,651,130.73,21.425,direct,130.22,21.06,3.5242,0.99033,fay_herriot,forms_mnt:h_sd+alt_mean+essence+greco;log,2005-2024,IGN IFN brut (Etalab 2.0) ; FORMS-T (CC-BY 4.0) ; spec 054 lot 3
D11,53CA,1,36.726,7363.2,gvf,167.99,5487.6,44.097,0.022981,fay_herriot,forms_mnt:h_sd+alt_mean+essence+greco;log,2005-2024,IGN IFN brut (Etalab 2.0) ; FORMS-T (CC-BY 4.0) ; spec 054 lot 3
D11,53CO,1,62.414,25653,gvf,141.76,2636.7,36.222,0.019125,fay_herriot,forms_mnt:h_sd+alt_mean+essence+greco;log,2005-2024,IGN IFN brut (Etalab 2.0) ; FORMS-T (CC-BY 4.0) ; spec 054 lot 3
D11,54,1,11.467,14583,gvf,133.03,2390.8,36.756,0.0011565,fay_herriot,forms_mnt:h_sd+alt_mean+essence+greco;log,2005-2024,IGN IFN brut (Etalab 2.0) ; FORMS-T (CC-BY 4.0) ; spec 054 lot 3
D11,56,16,58.942,246.18,direct,69.69,230.98,21.808,0.64439,fay_herriot,forms_mnt:h_sd+alt_mean+essence+greco;log,2005-2024,IGN IFN brut (Etalab 2.0) ; FORMS-T (CC-BY 4.0) ; spec 054 lot 3
D11,59,1,43.111,2415.4,gvf,76.839,733.29,35.242,0.089917,fay_herriot,forms_mnt:h_sd+alt_mean+essence+greco;log,2005-2024,IGN IFN brut (Etalab 2.0) ; FORMS-T (CC-BY 4.0) ; spec 054 lot 3
D11,61,1843,186.37,15.287,direct,186.14,15.2,2.0944,0.99658,fay_herriot,forms_mnt:h_sd+alt_mean+essence+greco;log,2005-2024,IGN IFN brut (Etalab 2.0) ; FORMS-T (CC-BY 4.0) ; spec 054 lot 3
D11,62,1380,164.36,26.913,direct,164.14,26.641,3.1446,0.9923,fay_herriot,forms_mnt:h_sd+alt_mean+essence+greco;log,2005-2024,IGN IFN brut (Etalab 2.0) ; FORMS-T (CC-BY 4.0) ; spec 054 lot 3
D11,63,64,90.179,121.58,direct,93.166,117.07,11.614,0.89571,fay_herriot,forms_mnt:h_sd+alt_mean+essence+greco;log,2005-2024,IGN IFN brut (Etalab 2.0) ; FORMS-T (CC-BY 4.0) ; spec 054 lot 3
D11,64,256,192.1,129.62,direct,192.31,126.59,5.8506,0.97337,fay_herriot,forms_mnt:h_sd+alt_mean+essence+greco;log,2005-2024,IGN IFN brut (Etalab 2.0) ; FORMS-T (CC-BY 4.0) ; spec 054 lot 3
D11,67,1,23.148,147.84,gvf,18.745,32.801,30.553,0.31758,fay_herriot,forms_mnt:h_sd+alt_mean+essence+greco;log,2005-2024,IGN IFN brut (Etalab 2.0) ; FORMS-T (CC-BY 4.0) ; spec 054 lot 3
D11,68TG,1,2.0797,13701,gvf,204.32,7615.9,42.713,4.0533e-05,fay_herriot,forms_mnt:h_sd+alt_mean+essence+greco;log,2005-2024,IGN IFN brut (Etalab 2.0) ; FORMS-T (CC-BY 4.0) ; spec 054 lot 3
D11,68TH,1,56.251,7573.5,gvf,79.84,827.64,36.033,0.050914,fay_herriot,forms_mnt:h_sd+alt_mean+essence+greco;log,2005-2024,IGN IFN brut (Etalab 2.0) ; FORMS-T (CC-BY 4.0) ; spec 054 lot 3
D11,73,2,38.809,17101,gvf,207.72,5943.2,37.113,0.011183,fay_herriot,forms_mnt:h_sd+alt_mean+essence+greco;log,2005-2024,IGN IFN brut (Etalab 2.0) ; FORMS-T (CC-BY 4.0) ; spec 054 lot 3
D12,02,197,87.227,33.937,direct,87.356,32.933,6.5694,0.96643,fay_herriot,forms_mnt:h_sd+alt_mean+essence+greco;log,2005-2024,IGN IFN brut (Etalab 2.0) ; FORMS-T (CC-BY 4.0) ; spec 054 lot 3
D12,03,668,123.89,17.598,direct,123.78,17.415,3.3715,0.99115,fay_herriot,forms_mnt:h_sd+alt_mean+essence+greco;log,2005-2024,IGN IFN brut (Etalab 2.0) ; FORMS-T (CC-BY 4.0) ; spec 054 lot 3
D12,04,22,84.189,248,direct,84.39,198.09,16.678,0.78586,fay_herriot,forms_mnt:h_sd+alt_mean+essence+greco;log,2005-2024,IGN IFN brut (Etalab 2.0) ; FORMS-T (CC-BY 4.0) ; spec 054 lot 3
D12,09,924,121.44,13.925,direct,121.15,13.762,3.0621,0.9927,fay_herriot,forms_mnt:h_sd+alt_mean+essence+greco;log,2005-2024,IGN IFN brut (Etalab 2.0) ; FORMS-T (CC-BY 4.0) ; spec 054 lot 3
D12,10,34,79.769,430.09,direct,79.218,281.21,21.168,0.65514,fay_herriot,forms_mnt:h_sd+alt_mean+essence+greco;log,2005-2024,IGN IFN brut (Etalab 2.0) ; FORMS-T (CC-BY 4.0) ; spec 054 lot 3
D12,11,386,40.819,5.1137,direct,40.942,5.0289,5.4773,0.97666,fay_herriot,forms_mnt:h_sd+alt_mean+essence+greco;log,2005-2024,IGN IFN brut (Etalab 2.0) ; FORMS-T (CC-BY 4.0) ; spec 054 lot 3
D12,12P,4,52.449,628.28,gvf,54.07,250.17,29.252,0.35988,fay_herriot,forms_mnt:h_sd+alt_mean+essence+greco;log,2005-2024,IGN IFN brut (Etalab 2.0) ; FORMS-T (CC-BY 4.0) ; spec 054 lot 3
D12,12V,172,33.347,7.8951,direct,33.49,7.5595,8.2099,0.94761,fay_herriot,forms_mnt:h_sd+alt_mean+essence+greco;log,2005-2024,IGN IFN brut (Etalab 2.0) ; FORMS-T (CC-BY 4.0) ; spec 054 lot 3
D12,13B,1,47.599,1378.3,gvf,43.423,232.32,35.102,0.17428,fay_herriot,forms_mnt:h_sd+alt_mean+essence+greco;log,2005-2024,IGN IFN brut (Etalab 2.0) ; FORMS-T (CC-BY 4.0) ; spec 054 lot 3
D12,13G,97,111.7,142.78,direct,109.18,125.63,10.266,0.91817,fay_herriot,forms_mnt:h_sd+alt_mean+essence+greco;log,2005-2024,IGN IFN brut (Etalab 2.0) ; FORMS-T (CC-BY 4.0) ; spec 054 lot 3
D12,14,52,89.596,162.1,direct,86.693,131.85,13.245,0.86411,fay_herriot,forms_mnt:h_sd+alt_mean+essence+greco;log,2005-2024,IGN IFN brut (Etalab 2.0) ; FORMS-T (CC-BY 4.0) ; spec 054 lot 3
D12,15P,6,15.472,103.46,gvf,29.839,91.769,32.104,0.22904,fay_herriot,forms_mnt:h_sd+alt_mean+essence+greco;log,2005-2024,IGN IFN brut (Etalab 2.0) ; FORMS-T (CC-BY 4.0) ; spec 054 lot 3
D12,15S,83,34.368,18.24,direct,34.988,16.949,11.767,0.89265,fay_herriot,forms_mnt:h_sd+alt_mean+essence+greco;log,2005-2024,IGN IFN brut (Etalab 2.0) ; FORMS-T (CC-BY 4.0) ; spec 054 lot 3
D12,17C,141,87.802,119.33,direct,84.417,98.797,11.774,0.89242,fay_herriot,forms_mnt:h_sd+alt_mean+essence+greco;log,2005-2024,IGN IFN brut (Etalab 2.0) ; FORMS-T (CC-BY 4.0) ; spec 054 lot 3
D12,18C,4,10.042,94.438,gvf,15.569,28.354,34.201,0.12058,fay_herriot,forms_mnt:h_sd+alt_mean+essence+greco;log,2005-2024,IGN IFN brut (Etalab 2.0) ; FORMS-T (CC-BY 4.0) ; spec 054 lot 3
D12,18M,1,66.382,400.26,gvf,41.665,96.427,23.568,0.58569,fay_herriot,forms_mnt:h_sd+alt_mean+essence+greco;log,2005-2024,IGN IFN brut (Etalab 2.0) ; FORMS-T (CC-BY 4.0) ; spec 054 lot 3
D12,19,11,132.52,1597.2,direct,155.15,1302.4,23.261,0.58538,fay_herriot,forms_mnt:h_sd+alt_mean+essence+greco;log,2005-2024,IGN IFN brut (Etalab 2.0) ; FORMS-T (CC-BY 4.0) ; spec 054 lot 3
D12,20G,3,19.459,622.21,gvf,47.865,286.11,35.339,0.072476,fay_herriot,forms_mnt:h_sd+alt_mean+essence+greco;log,2005-2024,IGN IFN brut (Etalab 2.0) ; FORMS-T (CC-BY 4.0) ; spec 054 lot 3
D12,20P,13,31.303,57.686,direct,36.496,54.599,20.247,0.68565,fay_herriot,forms_mnt:h_sd+alt_mean+essence+greco;log,2005-2024,IGN IFN brut (Etalab 2.0) ; FORMS-T (CC-BY 4.0) ; spec 054 lot 3
D12,21C,7,28.426,65.496,gvf,27.361,37.732,22.45,0.61302,fay_herriot,forms_mnt:h_sd+alt_mean+essence+greco;log,2005-2024,IGN IFN brut (Etalab 2.0) ; FORMS-T (CC-BY 4.0) ; spec 054 lot 3
D12,22C,1,0.68998,56.621,gvf,13.66,30.642,40.523,0.0010785,fay_herriot,forms_mnt:h_sd+alt_mean+essence+greco;log,2005-2024,IGN IFN brut (Etalab 2.0) ; FORMS-T (CC-BY 4.0) ; spec 054 lot 3
D12,22G,6,12.349,20.908,gvf,13.28,12.446,26.566,0.48362,fay_herriot,forms_mnt:h_sd+alt_mean+essence+greco;log,2005-2024,IGN IFN brut (Etalab 2.0) ; FORMS-T (CC-BY 4.0) ; spec 054 lot 3
D12,22M,91,33.57,34.465,direct,32.108,25.632,15.768,0.80764,fay_herriot,forms_mnt:h_sd+alt_mean+essence+greco;log,2005-2024,IGN IFN brut (Etalab 2.0) ; FORMS-T (CC-BY 4.0) ; spec 054 lot 3
D12,23AB,2,3.0097,119.01,gvf,11.76,18.535,36.608,0.0096783,fay_herriot,forms_mnt:h_sd+alt_mean+essence+greco;log,2005-2024,IGN IFN brut (Etalab 2.0) ; FORMS-T (CC-BY 4.0) ; spec 054 lot 3
D12,23C,1,16.049,92.879,gvf,14.081,19.711,31.531,0.26258,fay_herriot,forms_mnt:h_sd+alt_mean+essence+greco;log,2005-2024,IGN IFN brut (Etalab 2.0) ; FORMS-T (CC-BY 4.0) ; spec 054 lot 3
D12,23PC,3,23.595,20.694,gvf,19.356,10.929,17.079,0.7755,fay_herriot,forms_mnt:h_sd+alt_mean+essence+greco;log,2005-2024,IGN IFN brut (Etalab 2.0) ; FORMS-T (CC-BY 4.0) ; spec 054 lot 3
D12,23PD,1,18.232,102.22,gvf,16.597,26.898,31.249,0.29457,fay_herriot,forms_mnt:h_sd+alt_mean+essence+greco;log,2005-2024,IGN IFN brut (Etalab 2.0) ; FORMS-T (CC-BY 4.0) ; spec 054 lot 3
D12,23PM,6,22.779,34.229,gvf,17.207,13.109,21.042,0.66061,fay_herriot,forms_mnt:h_sd+alt_mean+essence+greco;log,2005-2024,IGN IFN brut (Etalab 2.0) ; FORMS-T (CC-BY 4.0) ; spec 054 lot 3
D12,23SO,8,6.8945,37.224,gvf,10.594,13.047,34.095,0.14087,fay_herriot,forms_mnt:h_sd+alt_mean+essence+greco;log,2005-2024,IGN IFN brut (Etalab 2.0) ; FORMS-T (CC-BY 4.0) ; spec 054 lot 3
D12,24,49,61.858,97.286,direct,60.741,78.769,14.612,0.83472,fay_herriot,forms_mnt:h_sd+alt_mean+essence+greco;log,2005-2024,IGN IFN brut (Etalab 2.0) ; FORMS-T (CC-BY 4.0) ; spec 054 lot 3
D12,25B,6,63.037,274.52,gvf,64.54,190.96,21.412,0.65018,fay_herriot,forms_mnt:h_sd+alt_mean+essence+greco;log,2005-2024,IGN IFN brut (Etalab 2.0) ; FORMS-T (CC-BY 4.0) ; spec 054 lot 3
D12,25C,5,12.624,26.372,gvf,16.808,21.154,27.364,0.43692,fay_herriot,forms_mnt:h_sd+alt_mean+essence+greco;log,2005-2024,IGN IFN brut (Etalab 2.0) ; FORMS-T (CC-BY 4.0) ; spec 054 lot 3
D12,25FR,1,0,3735.6,gvf,0,3735.6,,1,direct,forms_mnt:h_sd+alt_mean+essence+greco;log,2005-2024,IGN IFN brut (Etalab 2.0) ; FORMS-T (CC-BY 4.0) ; spec 054 lot 3
D12,25M,43,10.847,9.1088,direct,13.507,8.9341,22.129,0.62384,fay_herriot,forms_mnt:h_sd+alt_mean+essence+greco;log,2005-2024,IGN IFN brut (Etalab 2.0) ; FORMS-T (CC-BY 4.0) ; spec 054 lot 3
D12,26E,1,35.217,13310,gvf,205.53,6687.1,39.788,0.011823,fay_herriot,forms_mnt:h_sd+alt_mean+essence+greco;log,2005-2024,IGN IFN brut (Etalab 2.0) ; FORMS-T (CC-BY 4.0) ; spec 054 lot 3
D12,27C,5,11.71,68.306,gvf,18.743,37.285,32.578,0.20494,fay_herriot,forms_mnt:h_sd+alt_mean+essence+greco;log,2005-2024,IGN IFN brut (Etalab 2.0) ; FORMS-T (CC-BY 4.0) ; spec 054 lot 3
D12,27N,2,10.629,401.29,gvf,44.563,318.67,40.059,0.034889,fay_herriot,forms_mnt:h_sd+alt_mean+essence+greco;log,2005-2024,IGN IFN brut (Etalab 2.0) ; FORMS-T (CC-BY 4.0) ; spec 054 lot 3
D12,29AF,3,2.5189,14.167,gvf,7.11,6.874,36.875,0.054379,fay_herriot,forms_mnt:h_sd+alt_mean+essence+greco;log,2005-2024,IGN IFN brut (Etalab 2.0) ; FORMS-T (CC-BY 4.0) ; spec 054 lot 3
D12,29MA,1,56.955,5245.1,gvf,75.066,836.92,38.539,0.07357,fay_herriot,forms_mnt:h_sd+alt_mean+essence+greco;log,2005-2024,IGN IFN brut (Etalab 2.0) ; FORMS-T (CC-BY 4.0) ; spec 054 lot 3
D12,29TT,1,335.86,,gvf,335.86,,,1,direct,forms_mnt:h_sd+alt_mean+essence+greco;log,2005-2024,IGN IFN brut (Etalab 2.0) ; FORMS-T (CC-BY 4.0) ; spec 054 lot 3
D12,31,40,8.7551,3.7353,direct,8.981,2.8774,18.888,0.72489,fay_herriot,forms_mnt:h_sd+alt_mean+essence+greco;log,2005-2024,IGN IFN brut (Etalab 2.0) ; FORMS-T (CC-BY 4.0) ; spec 054 lot 3
D12,41,3,35.832,37.479,gvf,28.847,19.953,15.485,0.81477,fay_herriot,forms_mnt:h_sd+alt_mean+essence+greco;log,2005-2024,IGN IFN brut (Etalab 2.0) ; FORMS-T (CC-BY 4.0) ; spec 054 lot 3
D12,49AM,17,4.3128,2.1419,direct,4.9573,1.5164,24.841,0.5272,fay_herriot,forms_mnt:h_sd+alt_mean+essence+greco;log,2005-2024,IGN IFN brut (Etalab 2.0) ; FORMS-T (CC-BY 4.0) ; spec 054 lot 3
D12,49EV,2,7.2412,2.091,gvf,6.027,1.1267,17.612,0.76303,fay_herriot,forms_mnt:h_sd+alt_mean+essence+greco;log,2005-2024,IGN IFN brut (Etalab 2.0) ; FORMS-T (CC-BY 4.0) ; spec 054 lot 3
D12,49IA,4,4.2837,44.147,gvf,6.5755,5.4951,35.65,0.050666,fay_herriot,forms_mnt:h_sd+alt_mean+essence+greco;log,2005-2024,IGN IFN brut (Etalab 2.0) ; FORMS-T (CC-BY 4.0) ; spec 054 lot 3
D12,49PM,1,9.6204,33.985,gvf,7.4209,5.6448,32.016,0.25909,fay_herriot,forms_mnt:h_sd+alt_mean+essence+greco;log,2005-2024,IGN IFN brut (Etalab 2.0) ; FORMS-T (CC-BY 4.0) ; spec 054 lot 3
D12,49PS,5,2.9313,11.582,gvf,6.0479,4.5822,35.394,0.086974,fay_herriot,forms_mnt:h_sd+alt_mean+essence+greco;log,2005-2024,IGN IFN brut (Etalab 2.0) ; FORMS-T (CC-BY 4.0) ; spec 054 lot 3
D12,49SN,8,2.7926,0.42451,gvf,3.3783,0.44268,19.695,0.70228,fay_herriot,forms_mnt:h_sd+alt_mean+essence+greco;log,2005-2024,IGN IFN brut (Etalab 2.0) ; FORMS-T (CC-BY 4.0) ; spec 054 lot 3
D12,52,141,119,95.777,direct,117.47,88.82,8.0227,0.94996,fay_herriot,forms_mnt:h_sd+alt_mean+essence+greco;log,2005-2024,IGN IFN brut (Etalab 2.0) ; FORMS-T (CC-BY 4.0) ; spec 054 lot 3
D12,54,1,32.18,14583,gvf,138.54,2572.6,36.61,0.0090361,fay_herriot,forms_mnt:h_sd+alt_mean+essence+greco;log,2005-2024,IGN IFN brut (Etalab 2.0) ; FORMS-T (CC-BY 4.0) ; spec 054 lot 3
D12,56,15,47.204,162.67,direct,61.82,185.38,22.024,0.63753,fay_herriot,forms_mnt:h_sd+alt_mean+essence+greco;log,2005-2024,IGN IFN brut (Etalab 2.0) ; FORMS-T (CC-BY 4.0) ; spec 054 lot 3
D12,61,316,133.1,86.016,direct,133.26,83.21,6.8455,0.96356,fay_herriot,forms_mnt:h_sd+alt_mean+essence+greco;log,2005-2024,IGN IFN brut (Etalab 2.0) ; FORMS-T (CC-BY 4.0) ; spec 054 lot 3
D12,62,249,157.01,115.96,direct,156.56,111.4,6.7413,0.96466,fay_herriot,forms_mnt:h_sd+alt_mean+essence+greco;log,2005-2024,IGN IFN brut (Etalab 2.0) ; FORMS-T (CC-BY 4.0) ; spec 054 lot 3
D12,63,29,91.252,339.56,direct,99.324,310.42,17.739,0.75897,fay_herriot,forms_mnt:h_sd+alt_mean+essence+greco;log,2005-2024,IGN IFN brut (Etalab 2.0) ; FORMS-T (CC-BY 4.0) ; spec 054 lot 3
D12,64,73,174.34,255.3,direct,176.38,245.89,8.8905,0.9386,fay_herriot,forms_mnt:h_sd+alt_mean+essence+greco;log,2005-2024,IGN IFN brut (Etalab 2.0) ; FORMS-T (CC-BY 4.0) ; spec 054 lot 3
D12,68TG,1,517.28,13701,gvf,402.78,6653,20.251,0.71491,fay_herriot,forms_mnt:h_sd+alt_mean+essence+greco;log,2005-2024,IGN IFN brut (Etalab 2.0) ; FORMS-T (CC-BY 4.0) ; spec 054 lot 3
D12,72V,2,14.255,8335.3,gvf,146.55,3107.2,38.036,0.0031206,fay_herriot,forms_mnt:h_sd+alt_mean+essence+greco;log,2005-2024,IGN IFN brut (Etalab 2.0) ; FORMS-T (CC-BY 4.0) ; spec 054 lot 3
D12,73,1,500.98,34201,gvf,330.1,7524.5,26.278,0.48514,fay_herriot,forms_mnt:h_sd+alt_mean+essence+greco;log,2005-2024,IGN IFN brut (Etalab 2.0) ; FORMS-T (CC-BY 4.0) ; spec 054 lot 3
E10,02,436,53.817,5.4753,direct,54.029,5.4411,4.3174,0.98549,fay_herriot,forms_mnt:h_sd+alt_mean+essence+greco;log,2005-2024,IGN IFN brut (Etalab 2.0) ; FORMS-T (CC-BY 4.0) ; spec 054 lot 3
E10,03,806,61.819,4.084,direct,61.989,4.0737,3.256,0.99175,fay_herriot,forms_mnt:h_sd+alt_mean+essence+greco;log,2005-2024,IGN IFN brut (Etalab 2.0) ; FORMS-T (CC-BY 4.0) ; spec 054 lot 3
E10,04,3,119.72,2348.8,gvf,85.664,544.05,27.228,0.43933,fay_herriot,forms_mnt:h_sd+alt_mean+essence+greco;log,2005-2024,IGN IFN brut (Etalab 2.0) ; FORMS-T (CC-BY 4.0) ; spec 054 lot 3
E10,05,165,45.558,14.08,direct,45.662,13.46,8.0347,0.94982,fay_herriot,forms_mnt:h_sd+alt_mean+essence+greco;log,2005-2024,IGN IFN brut (Etalab 2.0) ; FORMS-T (CC-BY 4.0) ; spec 054 lot 3
E10,09,709,97.659,13.197,direct,97.284,12.96,3.7006,0.98934,fay_herriot,forms_mnt:h_sd+alt_mean+essence+greco;log,2005-2024,IGN IFN brut (Etalab 2.0) ; FORMS-T (CC-BY 4.0) ; spec 054 lot 3
E10,10,51,67.77,90.685,direct,66.756,76.609,13.111,0.86672,fay_herriot,forms_mnt:h_sd+alt_mean+essence+greco;log,2005-2024,IGN IFN brut (Etalab 2.0) ; FORMS-T (CC-BY 4.0) ; spec 054 lot 3
E10,11,962,39.739,1.746,direct,39.705,1.7287,3.3114,0.99146,fay_herriot,forms_mnt:h_sd+alt_mean+essence+greco;log,2005-2024,IGN IFN brut (Etalab 2.0) ; FORMS-T (CC-BY 4.0) ; spec 054 lot 3
E10,12V,56,24.063,13.154,direct,24.617,11.758,13.929,0.84967,fay_herriot,forms_mnt:h_sd+alt_mean+essence+greco;log,2005-2024,IGN IFN brut (Etalab 2.0) ; FORMS-T (CC-BY 4.0) ; spec 054 lot 3
E10,13G,21,75.199,209.01,direct,72.896,153.74,17.01,0.77649,fay_herriot,forms_mnt:h_sd+alt_mean+essence+greco;log,2005-2024,IGN IFN brut (Etalab 2.0) ; FORMS-T (CC-BY 4.0) ; spec 054 lot 3
E10,14,95,86.157,112.44,direct,82.081,91.657,11.664,0.89448,fay_herriot,forms_mnt:h_sd+alt_mean+essence+greco;log,2005-2024,IGN IFN brut (Etalab 2.0) ; FORMS-T (CC-BY 4.0) ; spec 054 lot 3
E10,15P,48,30.777,35.381,direct,30.146,26.608,17.111,0.77465,fay_herriot,forms_mnt:h_sd+alt_mean+essence+greco;log,2005-2024,IGN IFN brut (Etalab 2.0) ; FORMS-T (CC-BY 4.0) ; spec 054 lot 3
E10,15S,296,33.082,3.7821,direct,33.037,3.6769,5.8042,0.97379,fay_herriot,forms_mnt:h_sd+alt_mean+essence+greco;log,2005-2024,IGN IFN brut (Etalab 2.0) ; FORMS-T (CC-BY 4.0) ; spec 054 lot 3
E10,17C,905,50.189,3.4174,direct,50.156,3.3784,3.6646,0.98954,fay_herriot,forms_mnt:h_sd+alt_mean+essence+greco;log,2005-2024,IGN IFN brut (Etalab 2.0) ; FORMS-T (CC-BY 4.0) ; spec 054 lot 3
E10,18C,27,16.613,14.842,direct,15.382,9.0744,19.584,0.70482,fay_herriot,forms_mnt:h_sd+alt_mean+essence+greco;log,2005-2024,IGN IFN brut (Etalab 2.0) ; FORMS-T (CC-BY 4.0) ; spec 054 lot 3
E10,18M,47,13.25,5.7753,direct,13.889,5.1598,16.354,0.79605,fay_herriot,forms_mnt:h_sd+alt_mean+essence+greco;log,2005-2024,IGN IFN brut (Etalab 2.0) ; FORMS-T (CC-BY 4.0) ; spec 054 lot 3
E10,19,6,63.491,3523.7,gvf,134.38,2087.8,34.001,0.12808,fay_herriot,forms_mnt:h_sd+alt_mean+essence+greco;log,2005-2024,IGN IFN brut (Etalab 2.0) ; FORMS-T (CC-BY 4.0) ; spec 054 lot 3
E10,20G,311,46.988,7.9935,direct,46.773,7.7143,5.9381,0.97258,fay_herriot,forms_mnt:h_sd+alt_mean+essence+greco;log,2005-2024,IGN IFN brut (Etalab 2.0) ; FORMS-T (CC-BY 4.0) ; spec 054 lot 3
E10,20P,91,48.504,21.233,direct,47.853,19.372,9.1976,0.93433,fay_herriot,forms_mnt:h_sd+alt_mean+essence+greco;log,2005-2024,IGN IFN brut (Etalab 2.0) ; FORMS-T (CC-BY 4.0) ; spec 054 lot 3
E10,20X,1,66.623,2829.1,gvf,17.559,34.231,33.321,0.16767,fay_herriot,forms_mnt:h_sd+alt_mean+essence+greco;log,2005-2024,IGN IFN brut (Etalab 2.0) ; FORMS-T (CC-BY 4.0) ; spec 054 lot 3
E10,21C,442,17.363,0.77072,direct,17.41,0.76029,5.0083,0.98048,fay_herriot,forms_mnt:h_sd+alt_mean+essence+greco;log,2005-2024,IGN IFN brut (Etalab 2.0) ; FORMS-T (CC-BY 4.0) ; spec 054 lot 3
E10,21M,9,14.256,28.404,gvf,14.104,13.814,26.353,0.47882,fay_herriot,forms_mnt:h_sd+alt_mean+essence+greco;log,2005-2024,IGN IFN brut (Etalab 2.0) ; FORMS-T (CC-BY 4.0) ; spec 054 lot 3
E10,21O,196,26.718,3.3042,direct,26.379,3.1182,6.6942,0.96521,fay_herriot,forms_mnt:h_sd+alt_mean+essence+greco;log,2005-2024,IGN IFN brut (Etalab 2.0) ; FORMS-T (CC-BY 4.0) ; spec 054 lot 3
E10,22G,2,3.5018,216.51,gvf,10.913,17.062,37.851,0.0072199,fay_herriot,forms_mnt:h_sd+alt_mean+essence+greco;log,2005-2024,IGN IFN brut (Etalab 2.0) ; FORMS-T (CC-BY 4.0) ; spec 054 lot 3
E10,22M,195,24.432,3.7822,direct,24.238,3.5528,7.7766,0.95298,fay_herriot,forms_mnt:h_sd+alt_mean+essence+greco;log,2005-2024,IGN IFN brut (Etalab 2.0) ; FORMS-T (CC-BY 4.0) ; spec 054 lot 3
E10,23AB,246,11.866,0.59362,direct,11.771,0.56659,6.3946,0.96821,fay_herriot,forms_mnt:h_sd+alt_mean+essence+greco;log,2005-2024,IGN IFN brut (Etalab 2.0) ; FORMS-T (CC-BY 4.0) ; spec 054 lot 3
E10,23C,1,6.8725,92.879,gvf,10.142,13.166,35.775,0.061294,fay_herriot,forms_mnt:h_sd+alt_mean+essence+greco;log,2005-2024,IGN IFN brut (Etalab 2.0) ; FORMS-T (CC-BY 4.0) ; spec 054 lot 3
E10,23PC,19,7.2298,1.7358,direct,7.2965,1.4193,16.328,0.79452,fay_herriot,forms_mnt:h_sd+alt_mean+essence+greco;log,2005-2024,IGN IFN brut (Etalab 2.0) ; FORMS-T (CC-BY 4.0) ; spec 054 lot 3
E10,23PD,1,1.2251,102.22,gvf,12.299,21.508,37.707,0.0018819,fay_herriot,forms_mnt:h_sd+alt_mean+essence+greco;log,2005-2024,IGN IFN brut (Etalab 2.0) ; FORMS-T (CC-BY 4.0) ; spec 054 lot 3
E10,23PM,27,7.9215,1.7584,direct,7.8841,1.4415,15.228,0.82086,fay_herriot,forms_mnt:h_sd+alt_mean+essence+greco;log,2005-2024,IGN IFN brut (Etalab 2.0) ; FORMS-T (CC-BY 4.0) ; spec 054 lot 3
E10,23SO,7,7.7924,20.086,gvf,8.5051,6.9866,31.078,0.27963,fay_herriot,forms_mnt:h_sd+alt_mean+essence+greco;log,2005-2024,IGN IFN brut (Etalab 2.0) ; FORMS-T (CC-BY 4.0) ; spec 054 lot 3
E10,24,89,59.424,45.474,direct,57.683,39.067,10.836,0.90885,fay_herriot,forms_mnt:h_sd+alt_mean+essence+greco;log,2005-2024,IGN IFN brut (Etalab 2.0) ; FORMS-T (CC-BY 4.0) ; spec 054 lot 3
E10,25B,4,54.625,1034.7,gvf,52.841,272.66,31.25,0.27022,fay_herriot,forms_mnt:h_sd+alt_mean+essence+greco;log,2005-2024,IGN IFN brut (Etalab 2.0) ; FORMS-T (CC-BY 4.0) ; spec 054 lot 3
E10,25C,2,8.1846,337.17,gvf,15.972,33.876,36.441,0.024876,fay_herriot,forms_mnt:h_sd+alt_mean+essence+greco;log,2005-2024,IGN IFN brut (Etalab 2.0) ; FORMS-T (CC-BY 4.0) ; spec 054 lot 3
E10,25FR,2,43.32,1867.8,gvf,53.643,369.86,35.852,0.11427,fay_herriot,forms_mnt:h_sd+alt_mean+essence+greco;log,2005-2024,IGN IFN brut (Etalab 2.0) ; FORMS-T (CC-BY 4.0) ; spec 054 lot 3
E10,25M,70,17.615,7.6544,direct,17.172,6.1377,14.427,0.83884,fay_herriot,forms_mnt:h_sd+alt_mean+essence+greco;log,2005-2024,IGN IFN brut (Etalab 2.0) ; FORMS-T (CC-BY 4.0) ; spec 054 lot 3
E10,25V,1,1.5666,339.61,gvf,26.708,151.65,46.108,0.0009271,fay_herriot,forms_mnt:h_sd+alt_mean+essence+greco;log,2005-2024,IGN IFN brut (Etalab 2.0) ; FORMS-T (CC-BY 4.0) ; spec 054 lot 3
E10,27C,12,14.502,13.083,direct,15.09,9.6947,20.634,0.67364,fay_herriot,forms_mnt:h_sd+alt_mean+essence+greco;log,2005-2024,IGN IFN brut (Etalab 2.0) ; FORMS-T (CC-BY 4.0) ; spec 054 lot 3
E10,29AF,2,1.2509,21.25,gvf,5.7584,4.7424,37.818,0.0093664,fay_herriot,forms_mnt:h_sd+alt_mean+essence+greco;log,2005-2024,IGN IFN brut (Etalab 2.0) ; FORMS-T (CC-BY 4.0) ; spec 054 lot 3
E10,29EN,1,1.1194,666.63,gvf,32.051,154.99,38.844,0.00024132,fay_herriot,forms_mnt:h_sd+alt_mean+essence+greco;log,2005-2024,IGN IFN brut (Etalab 2.0) ; FORMS-T (CC-BY 4.0) ; spec 054 lot 3
E10,31,264,5.8113,0.26721,direct,5.895,0.25952,8.6418,0.94196,fay_herriot,forms_mnt:h_sd+alt_mean+essence+greco;log,2005-2024,IGN IFN brut (Etalab 2.0) ; FORMS-T (CC-BY 4.0) ; spec 054 lot 3
E10,33N,5,30.65,1661.5,gvf,81.077,827.8,35.487,0.067684,fay_herriot,forms_mnt:h_sd+alt_mean+essence+greco;log,2005-2024,IGN IFN brut (Etalab 2.0) ; FORMS-T (CC-BY 4.0) ; spec 054 lot 3
E10,34,1,18.788,15880,gvf,111.27,1934.6,39.53,0.0028459,fay_herriot,forms_mnt:h_sd+alt_mean+essence+greco;log,2005-2024,IGN IFN brut (Etalab 2.0) ; FORMS-T (CC-BY 4.0) ; spec 054 lot 3
E10,38AU,24,3.2631,0.44261,direct,3.6954,0.44213,17.994,0.75544,fay_herriot,forms_mnt:h_sd+alt_mean+essence+greco;log,2005-2024,IGN IFN brut (Etalab 2.0) ; FORMS-T (CC-BY 4.0) ; spec 054 lot 3
E10,39,1,1.0674,6.4091,gvf,2.9078,1.2202,37.988,0.022317,fay_herriot,forms_mnt:h_sd+alt_mean+essence+greco;log,2005-2024,IGN IFN brut (Etalab 2.0) ; FORMS-T (CC-BY 4.0) ; spec 054 lot 3
E10,41,22,10.532,2.4618,direct,10.223,1.9899,13.799,0.85262,fay_herriot,forms_mnt:h_sd+alt_mean+essence+greco;log,2005-2024,IGN IFN brut (Etalab 2.0) ; FORMS-T (CC-BY 4.0) ; spec 054 lot 3
E10,49AE,1,5.4825,67.137,gvf,4.7584,3.6914,40.377,0.054362,fay_herriot,forms_mnt:h_sd+alt_mean+essence+greco;log,2005-2024,IGN IFN brut (Etalab 2.0) ; FORMS-T (CC-BY 4.0) ; spec 054 lot 3
E10,49AM,139,5.2784,0.31178,direct,5.2096,0.28012,10.159,0.91984,fay_herriot,forms_mnt:h_sd+alt_mean+essence+greco;log,2005-2024,IGN IFN brut (Etalab 2.0) ; FORMS-T (CC-BY 4.0) ; spec 054 lot 3
E10,49BS,78,3.9138,0.55008,direct,3.895,0.43461,16.925,0.78145,fay_herriot,forms_mnt:h_sd+alt_mean+essence+greco;log,2005-2024,IGN IFN brut (Etalab 2.0) ; FORMS-T (CC-BY 4.0) ; spec 054 lot 3
E10,49EV,8,1.8529,0.52275,gvf,2.2191,0.35798,26.962,0.4575,fay_herriot,forms_mnt:h_sd+alt_mean+essence+greco;log,2005-2024,IGN IFN brut (Etalab 2.0) ; FORMS-T (CC-BY 4.0) ; spec 054 lot 3
E10,49IA,16,3.2935,0.87175,direct,3.9288,0.7759,22.42,0.61505,fay_herriot,forms_mnt:h_sd+alt_mean+essence+greco;log,2005-2024,IGN IFN brut (Etalab 2.0) ; FORMS-T (CC-BY 4.0) ; spec 054 lot 3
E10,49PM,20,4.1802,1.1436,direct,4.5133,0.91354,21.177,0.66238,fay_herriot,forms_mnt:h_sd+alt_mean+essence+greco;log,2005-2024,IGN IFN brut (Etalab 2.0) ; FORMS-T (CC-BY 4.0) ; spec 054 lot 3
E10,49PS,5,1.5912,11.582,gvf,4.8611,3.1628,36.585,0.027303,fay_herriot,forms_mnt:h_sd+alt_mean+essence+greco;log,2005-2024,IGN IFN brut (Etalab 2.0) ; FORMS-T (CC-BY 4.0) ; spec 054 lot 3
E10,49RC,11,4.2483,3.1569,direct,6.0433,3.0251,28.78,0.42332,fay_herriot,forms_mnt:h_sd+alt_mean+essence+greco;log,2005-2024,IGN IFN brut (Etalab 2.0) ; FORMS-T (CC-BY 4.0) ; spec 054 lot 3
E10,49RP,1,1.2988,8.2172,gvf,12.641,20.894,36.161,0.025682,fay_herriot,forms_mnt:h_sd+alt_mean+essence+greco;log,2005-2024,IGN IFN brut (Etalab 2.0) ; FORMS-T (CC-BY 4.0) ; spec 054 lot 3
E10,49SN,9,3.5097,1.287,gvf,3.7623,0.83293,24.258,0.55136,fay_herriot,forms_mnt:h_sd+alt_mean+essence+greco;log,2005-2024,IGN IFN brut (Etalab 2.0) ; FORMS-T (CC-BY 4.0) ; spec 054 lot 3
E10,52,96,87.428,130.4,direct,85.341,110.11,12.296,0.88272,fay_herriot,forms_mnt:h_sd+alt_mean+essence+greco;log,2005-2024,IGN IFN brut (Etalab 2.0) ; FORMS-T (CC-BY 4.0) ; spec 054 lot 3
E10,53CO,5,58.462,5130.6,gvf,111.08,1515,35.04,0.078797,fay_herriot,forms_mnt:h_sd+alt_mean+essence+greco;log,2005-2024,IGN IFN brut (Etalab 2.0) ; FORMS-T (CC-BY 4.0) ; spec 054 lot 3
E10,54,62,130.46,255.66,direct,127.99,221.52,11.629,0.89527,fay_herriot,forms_mnt:h_sd+alt_mean+essence+greco;log,2005-2024,IGN IFN brut (Etalab 2.0) ; FORMS-T (CC-BY 4.0) ; spec 054 lot 3
E10,56,1,62.235,8566.8,gvf,76.018,779.06,36.717,0.054868,fay_herriot,forms_mnt:h_sd+alt_mean+essence+greco;log,2005-2024,IGN IFN brut (Etalab 2.0) ; FORMS-T (CC-BY 4.0) ; spec 054 lot 3
E10,61,431,153.9,67.05,direct,152.68,64.627,5.2654,0.97843,fay_herriot,forms_mnt:h_sd+alt_mean+essence+greco;log,2005-2024,IGN IFN brut (Etalab 2.0) ; FORMS-T (CC-BY 4.0) ; spec 054 lot 3
E10,62,332,160.98,87.405,direct,159.49,83.694,5.7359,0.9744,fay_herriot,forms_mnt:h_sd+alt_mean+essence+greco;log,2005-2024,IGN IFN brut (Etalab 2.0) ; FORMS-T (CC-BY 4.0) ; spec 054 lot 3
E10,63,9,165.21,2123.9,gvf,136.9,931.8,22.297,0.62265,fay_herriot,forms_mnt:h_sd+alt_mean+essence+greco;log,2005-2024,IGN IFN brut (Etalab 2.0) ; FORMS-T (CC-BY 4.0) ; spec 054 lot 3
E10,64,32,183.62,1185.6,direct,179,892.14,16.687,0.78501,fay_herriot,forms_mnt:h_sd+alt_mean+essence+greco;log,2005-2024,IGN IFN brut (Etalab 2.0) ; FORMS-T (CC-BY 4.0) ; spec 054 lot 3
E10,67,8,11.754,20.095,gvf,12.821,11.761,26.749,0.46886,fay_herriot,forms_mnt:h_sd+alt_mean+essence+greco;log,2005-2024,IGN IFN brut (Etalab 2.0) ; FORMS-T (CC-BY 4.0) ; spec 054 lot 3
E10,69JC,9,2.8983,0.32059,gvf,2.9815,0.26554,17.283,0.77088,fay_herriot,forms_mnt:h_sd+alt_mean+essence+greco;log,2005-2024,IGN IFN brut (Etalab 2.0) ; FORMS-T (CC-BY 4.0) ; spec 054 lot 3
E10,72V,1,213.77,16671,gvf,134.51,1882.6,32.256,0.26035,fay_herriot,forms_mnt:h_sd+alt_mean+essence+greco;log,2005-2024,IGN IFN brut (Etalab 2.0) ; FORMS-T (CC-BY 4.0) ; spec 054 lot 3
E10,74J,1,25.906,23130,gvf,157.61,3571.4,37.916,0.003712,fay_herriot,forms_mnt:h_sd+alt_mean+essence+greco;log,2005-2024,IGN IFN brut (Etalab 2.0) ; FORMS-T (CC-BY 4.0) ; spec 054 lot 3
E20,02,63,39.23,22.643,direct,41.881,23.234,11.509,0.8972,fay_herriot,forms_mnt:h_sd+alt_mean+essence+greco;log,2005-2024,IGN IFN brut (Etalab 2.0) ; FORMS-T (CC-BY 4.0) ; spec 054 lot 3
E20,03,85,43.198,20.892,direct,45.845,21.701,10.161,0.9198,fay_herriot,forms_mnt:h_sd+alt_mean+essence+greco;log,2005-2024,IGN IFN brut (Etalab 2.0) ; FORMS-T (CC-BY 4.0) ; spec 054 lot 3
E20,05,17,32.962,60.036,direct,37.382,54.608,19.768,0.69913,fay_herriot,forms_mnt:h_sd+alt_mean+essence+greco;log,2005-2024,IGN IFN brut (Etalab 2.0) ; FORMS-T (CC-BY 4.0) ; spec 054 lot 3
E20,09,1213,93.883,8.2434,direct,93.698,8.1535,3.0475,0.99277,fay_herriot,forms_mnt:h_sd+alt_mean+essence+greco;log,2005-2024,IGN IFN brut (Etalab 2.0) ; FORMS-T (CC-BY 4.0) ; spec 054 lot 3
E20,11,142,28.194,6.9865,direct,28.726,6.804,9.0804,0.93593,fay_herriot,forms_mnt:h_sd+alt_mean+essence+greco;log,2005-2024,IGN IFN brut (Etalab 2.0) ; FORMS-T (CC-BY 4.0) ; spec 054 lot 3
E20,12P,5,74.528,426.21,gvf,61.566,186.42,22.177,0.62594,fay_herriot,forms_mnt:h_sd+alt_mean+essence+greco;log,2005-2024,IGN IFN brut (Etalab 2.0) ; FORMS-T (CC-BY 4.0) ; spec 054 lot 3
E20,12V,17,58.568,479.91,direct,40.893,113.94,26.103,0.47857,fay_herriot,forms_mnt:h_sd+alt_mean+essence+greco;log,2005-2024,IGN IFN brut (Etalab 2.0) ; FORMS-T (CC-BY 4.0) ; spec 054 lot 3
E20,13G,2,121.38,2358.4,gvf,88.522,569.5,26.958,0.44508,fay_herriot,forms_mnt:h_sd+alt_mean+essence+greco;log,2005-2024,IGN IFN brut (Etalab 2.0) ; FORMS-T (CC-BY 4.0) ; spec 054 lot 3
E20,15P,30,19.737,5.9765,direct,20.601,5.8494,11.74,0.89327,fay_herriot,forms_mnt:h_sd+alt_mean+essence+greco;log,2005-2024,IGN IFN brut (Etalab 2.0) ; FORMS-T (CC-BY 4.0) ; spec 054 lot 3
E20,15S,369,27.246,2.4276,direct,27.376,2.3924,5.65,0.97516,fay_herriot,forms_mnt:h_sd+alt_mean+essence+greco;log,2005-2024,IGN IFN brut (Etalab 2.0) ; FORMS-T (CC-BY 4.0) ; spec 054 lot 3
E20,17C,350,37.322,6.604,direct,37.7,6.5061,6.7658,0.96439,fay_herriot,forms_mnt:h_sd+alt_mean+essence+greco;log,2005-2024,IGN IFN brut (Etalab 2.0) ; FORMS-T (CC-BY 4.0) ; spec 054 lot 3
E20,18C,2,10.746,187.22,gvf,13.223,21.566,35.119,0.07338,fay_herriot,forms_mnt:h_sd+alt_mean+essence+greco;log,2005-2024,IGN IFN brut (Etalab 2.0) ; FORMS-T (CC-BY 4.0) ; spec 054 lot 3
E20,18M,44,16.337,13.221,direct,16.662,10.213,19.179,0.72162,fay_herriot,forms_mnt:h_sd+alt_mean+essence+greco;log,2005-2024,IGN IFN brut (Etalab 2.0) ; FORMS-T (CC-BY 4.0) ; spec 054 lot 3
E20,19,1,166.52,21142,gvf,158.84,2862.8,33.685,0.14413,fay_herriot,forms_mnt:h_sd+alt_mean+essence+greco;log,2005-2024,IGN IFN brut (Etalab 2.0) ; FORMS-T (CC-BY 4.0) ; spec 054 lot 3
E20,20G,140,44.294,19.754,direct,44.104,18.229,9.6807,0.92729,fay_herriot,forms_mnt:h_sd+alt_mean+essence+greco;log,2005-2024,IGN IFN brut (Etalab 2.0) ; FORMS-T (CC-BY 4.0) ; spec 054 lot 3
E20,20P,13,40.839,226.6,direct,41.161,114.62,26.01,0.48588,fay_herriot,forms_mnt:h_sd+alt_mean+essence+greco;log,2005-2024,IGN IFN brut (Etalab 2.0) ; FORMS-T (CC-BY 4.0) ; spec 054 lot 3
E20,21C,88,11.58,1.2731,direct,12.062,1.2894,9.4144,0.93115,fay_herriot,forms_mnt:h_sd+alt_mean+essence+greco;log,2005-2024,IGN IFN brut (Etalab 2.0) ; FORMS-T (CC-BY 4.0) ; spec 054 lot 3
E20,21O,52,31.03,17.932,direct,29.244,14.063,12.824,0.87333,fay_herriot,forms_mnt:h_sd+alt_mean+essence+greco;log,2005-2024,IGN IFN brut (Etalab 2.0) ; FORMS-T (CC-BY 4.0) ; spec 054 lot 3
E20,22M,13,14.809,11.665,direct,16.553,10.405,19.487,0.7071,fay_herriot,forms_mnt:h_sd+alt_mean+essence+greco;log,2005-2024,IGN IFN brut (Etalab 2.0) ; FORMS-T (CC-BY 4.0) ; spec 054 lot 3
E20,23AB,184,13.093,0.99419,direct,12.924,0.92894,7.4577,0.95679,fay_herriot,forms_mnt:h_sd+alt_mean+essence+greco;log,2005-2024,IGN IFN brut (Etalab 2.0) ; FORMS-T (CC-BY 4.0) ; spec 054 lot 3
E20,23AM,1,2.3216,78.337,gvf,10.573,25.065,47.354,0.0087568,fay_herriot,forms_mnt:h_sd+alt_mean+essence+greco;log,2005-2024,IGN IFN brut (Etalab 2.0) ; FORMS-T (CC-BY 4.0) ; spec 054 lot 3
E20,23PC,6,11.98,7.5641,gvf,10.628,4.2842,19.474,0.70898,fay_herriot,forms_mnt:h_sd+alt_mean+essence+greco;log,2005-2024,IGN IFN brut (Etalab 2.0) ; FORMS-T (CC-BY 4.0) ; spec 054 lot 3
E20,23PM,9,6.7497,5.5142,gvf,7.3757,3.4639,25.234,0.51477,fay_herriot,forms_mnt:h_sd+alt_mean+essence+greco;log,2005-2024,IGN IFN brut (Etalab 2.0) ; FORMS-T (CC-BY 4.0) ; spec 054 lot 3
E20,23SO,110,9.9417,1.3443,direct,9.8724,1.2058,11.123,0.90422,fay_herriot,forms_mnt:h_sd+alt_mean+essence+greco;log,2005-2024,IGN IFN brut (Etalab 2.0) ; FORMS-T (CC-BY 4.0) ; spec 054 lot 3
E20,24,59,50.311,75.989,direct,49.267,59.454,15.651,0.8105,fay_herriot,forms_mnt:h_sd+alt_mean+essence+greco;log,2005-2024,IGN IFN brut (Etalab 2.0) ; FORMS-T (CC-BY 4.0) ; spec 054 lot 3
E20,25C,2,4.6179,337.17,gvf,16.885,38.582,36.786,0.0080556,fay_herriot,forms_mnt:h_sd+alt_mean+essence+greco;log,2005-2024,IGN IFN brut (Etalab 2.0) ; FORMS-T (CC-BY 4.0) ; spec 054 lot 3
E20,25M,87,18.758,9.8939,direct,18.189,7.6809,15.237,0.82035,fay_herriot,forms_mnt:h_sd+alt_mean+essence+greco;log,2005-2024,IGN IFN brut (Etalab 2.0) ; FORMS-T (CC-BY 4.0) ; spec 054 lot 3
E20,29AF,2,3.1381,21.25,gvf,5.9093,4.7354,36.825,0.056162,fay_herriot,forms_mnt:h_sd+alt_mean+essence+greco;log,2005-2024,IGN IFN brut (Etalab 2.0) ; FORMS-T (CC-BY 4.0) ; spec 054 lot 3
E20,31,97,4.4244,0.26712,direct,4.6726,0.27022,11.125,0.90394,fay_herriot,forms_mnt:h_sd+alt_mean+essence+greco;log,2005-2024,IGN IFN brut (Etalab 2.0) ; FORMS-T (CC-BY 4.0) ; spec 054 lot 3
E20,332G,1,77.908,11089,gvf,131.3,2518.8,38.224,0.065669,fay_herriot,forms_mnt:h_sd+alt_mean+essence+greco;log,2005-2024,IGN IFN brut (Etalab 2.0) ; FORMS-T (CC-BY 4.0) ; spec 054 lot 3
E20,38AL,1,6.4016,120.09,gvf,13.638,23.903,35.849,0.041979,fay_herriot,forms_mnt:h_sd+alt_mean+essence+greco;log,2005-2024,IGN IFN brut (Etalab 2.0) ; FORMS-T (CC-BY 4.0) ; spec 054 lot 3
E20,38AU,18,5.5707,0.73965,direct,5.5907,0.64092,14.32,0.84344,fay_herriot,forms_mnt:h_sd+alt_mean+essence+greco;log,2005-2024,IGN IFN brut (Etalab 2.0) ; FORMS-T (CC-BY 4.0) ; spec 054 lot 3
E20,49AE,1,1.149,67.137,gvf,4.9391,4.2536,41.757,0.0025185,fay_herriot,forms_mnt:h_sd+alt_mean+essence+greco;log,2005-2024,IGN IFN brut (Etalab 2.0) ; FORMS-T (CC-BY 4.0) ; spec 054 lot 3
E20,49AM,47,4.2503,0.30561,direct,4.3012,0.27764,12.25,0.88359,fay_herriot,forms_mnt:h_sd+alt_mean+essence+greco;log,2005-2024,IGN IFN brut (Etalab 2.0) ; FORMS-T (CC-BY 4.0) ; spec 054 lot 3
E20,49BS,6,2.4744,6.686,gvf,3.8212,1.8199,35.304,0.10521,fay_herriot,forms_mnt:h_sd+alt_mean+essence+greco;log,2005-2024,IGN IFN brut (Etalab 2.0) ; FORMS-T (CC-BY 4.0) ; spec 054 lot 3
E20,49IA,11,2.6485,0.6186,direct,3.5583,0.67394,23.071,0.59284,fay_herriot,forms_mnt:h_sd+alt_mean+essence+greco;log,2005-2024,IGN IFN brut (Etalab 2.0) ; FORMS-T (CC-BY 4.0) ; spec 054 lot 3
E20,49PM,2,2.8523,10.51,gvf,5.1914,3.4395,35.724,0.090414,fay_herriot,forms_mnt:h_sd+alt_mean+essence+greco;log,2005-2024,IGN IFN brut (Etalab 2.0) ; FORMS-T (CC-BY 4.0) ; spec 054 lot 3
E20,49PS,3,1.5815,19.303,gvf,5.1655,3.6162,36.814,0.016366,fay_herriot,forms_mnt:h_sd+alt_mean+essence+greco;log,2005-2024,IGN IFN brut (Etalab 2.0) ; FORMS-T (CC-BY 4.0) ; spec 054 lot 3
E20,49RC,2,1.885,14.867,gvf,7.8689,9.2499,38.65,0.029775,fay_herriot,forms_mnt:h_sd+alt_mean+essence+greco;log,2005-2024,IGN IFN brut (Etalab 2.0) ; FORMS-T (CC-BY 4.0) ; spec 054 lot 3
E20,49RP,3,1.3656,2.7391,gvf,11.685,16.817,35.094,0.080392,fay_herriot,forms_mnt:h_sd+alt_mean+essence+greco;log,2005-2024,IGN IFN brut (Etalab 2.0) ; FORMS-T (CC-BY 4.0) ; spec 054 lot 3
E20,49SN,1,1.613,11.583,gvf,4.1871,2.2881,36.127,0.028034,fay_herriot,forms_mnt:h_sd+alt_mean+essence+greco;log,2005-2024,IGN IFN brut (Etalab 2.0) ; FORMS-T (CC-BY 4.0) ; spec 054 lot 3
E20,52,12,72.378,254.67,direct,73.018,189.75,18.865,0.72537,fay_herriot,forms_mnt:h_sd+alt_mean+essence+greco;log,2005-2024,IGN IFN brut (Etalab 2.0) ; FORMS-T (CC-BY 4.0) ; spec 054 lot 3
E20,54,4,29.66,3869.8,gvf,109.87,1581.5,36.197,0.028362,fay_herriot,forms_mnt:h_sd+alt_mean+essence+greco;log,2005-2024,IGN IFN brut (Etalab 2.0) ; FORMS-T (CC-BY 4.0) ; spec 054 lot 3
E20,56,1,144.98,8566.8,gvf,92.926,919.2,32.626,0.23957,fay_herriot,forms_mnt:h_sd+alt_mean+essence+greco;log,2005-2024,IGN IFN brut (Etalab 2.0) ; FORMS-T (CC-BY 4.0) ; spec 054 lot 3
E20,58,8,40.601,671.67,gvf,62.093,409.12,32.575,0.23962,fay_herriot,forms_mnt:h_sd+alt_mean+essence+greco;log,2005-2024,IGN IFN brut (Etalab 2.0) ; FORMS-T (CC-BY 4.0) ; spec 054 lot 3
E20,61,1257,176.64,23.55,direct,176.17,23.293,2.7396,0.99416,fay_herriot,forms_mnt:h_sd+alt_mean+essence+greco;log,2005-2024,IGN IFN brut (Etalab 2.0) ; FORMS-T (CC-BY 4.0) ; spec 054 lot 3
E20,62,1340,176.74,20.811,direct,176.37,20.621,2.5746,0.99484,fay_herriot,forms_mnt:h_sd+alt_mean+essence+greco;log,2005-2024,IGN IFN brut (Etalab 2.0) ; FORMS-T (CC-BY 4.0) ; spec 054 lot 3
E20,63,3,120.27,6371.7,gvf,108.63,1235,32.35,0.2257,fay_herriot,forms_mnt:h_sd+alt_mean+essence+greco;log,2005-2024,IGN IFN brut (Etalab 2.0) ; FORMS-T (CC-BY 4.0) ; spec 054 lot 3
E20,64,2,47.896,18391,gvf,167.89,3699.6,36.229,0.015765,fay_herriot,forms_mnt:h_sd+alt_mean+essence+greco;log,2005-2024,IGN IFN brut (Etalab 2.0) ; FORMS-T (CC-BY 4.0) ; spec 054 lot 3
E20,67,11,16.125,21.416,direct,15.486,12.473,22.806,0.60923,fay_herriot,forms_mnt:h_sd+alt_mean+essence+greco;log,2005-2024,IGN IFN brut (Etalab 2.0) ; FORMS-T (CC-BY 4.0) ; spec 054 lot 3
E20,69JC,6,1.8881,0.48089,gvf,2.5691,0.449,26.082,0.48768,fay_herriot,forms_mnt:h_sd+alt_mean+essence+greco;log,2005-2024,IGN IFN brut (Etalab 2.0) ; FORMS-T (CC-BY 4.0) ; spec 054 lot 3
F11,02,211,73.178,20.107,direct,73.112,19.512,6.0417,0.97159,fay_herriot,forms_mnt:h_sd+alt_mean+essence+greco;log,2005-2024,IGN IFN brut (Etalab 2.0) ; FORMS-T (CC-BY 4.0) ; spec 054 lot 3
F11,03,58,92.21,121.16,direct,91.648,107.95,11.336,0.90011,fay_herriot,forms_mnt:h_sd+alt_mean+essence+greco;log,2005-2024,IGN IFN brut (Etalab 2.0) ; FORMS-T (CC-BY 4.0) ; spec 054 lot 3
F11,04,8,39.529,713.66,gvf,59.124,361.25,32.147,0.21944,fay_herriot,forms_mnt:h_sd+alt_mean+essence+greco;log,2005-2024,IGN IFN brut (Etalab 2.0) ; FORMS-T (CC-BY 4.0) ; spec 054 lot 3
F11,05,34,57.366,144.05,direct,54.797,98.645,18.125,0.74577,fay_herriot,forms_mnt:h_sd+alt_mean+essence+greco;log,2005-2024,IGN IFN brut (Etalab 2.0) ; FORMS-T (CC-BY 4.0) ; spec 054 lot 3
F11,09,2,35.39,2581.7,gvf,65.796,532.66,35.077,0.05864,fay_herriot,forms_mnt:h_sd+alt_mean+essence+greco;log,2005-2024,IGN IFN brut (Etalab 2.0) ; FORMS-T (CC-BY 4.0) ; spec 054 lot 3
F11,10,214,88.222,44.586,direct,86.831,41.383,7.4087,0.95729,fay_herriot,forms_mnt:h_sd+alt_mean+essence+greco;log,2005-2024,IGN IFN brut (Etalab 2.0) ; FORMS-T (CC-BY 4.0) ; spec 054 lot 3
F11,11,78,36.755,28.873,direct,36.663,24.711,13.559,0.8573,fay_herriot,forms_mnt:h_sd+alt_mean+essence+greco;log,2005-2024,IGN IFN brut (Etalab 2.0) ; FORMS-T (CC-BY 4.0) ; spec 054 lot 3
F11,12V,19,24.359,29.236,direct,25.351,23.023,18.927,0.72269,fay_herriot,forms_mnt:h_sd+alt_mean+essence+greco;log,2005-2024,IGN IFN brut (Etalab 2.0) ; FORMS-T (CC-BY 4.0) ; spec 054 lot 3
F11,13G,5,47.002,2823.1,gvf,63.755,483.79,34.499,0.091304,fay_herriot,forms_mnt:h_sd+alt_mean+essence+greco;log,2005-2024,IGN IFN brut (Etalab 2.0) ; FORMS-T (CC-BY 4.0) ; spec 054 lot 3
F11,14,28,63.69,196.63,direct,61.083,132.21,18.824,0.72595,fay_herriot,forms_mnt:h_sd+alt_mean+essence+greco;log,2005-2024,IGN IFN brut (Etalab 2.0) ; FORMS-T (CC-BY 4.0) ; spec 054 lot 3
F11,15P,3,25.103,53.587,gvf,26.296,35.952,22.802,0.60159,fay_herriot,forms_mnt:h_sd+alt_mean+essence+greco;log,2005-2024,IGN IFN brut (Etalab 2.0) ; FORMS-T (CC-BY 4.0) ; spec 054 lot 3
F11,15S,2,7.7576,226.4,gvf,30.142,115.7,35.687,0.033005,fay_herriot,forms_mnt:h_sd+alt_mean+essence+greco;log,2005-2024,IGN IFN brut (Etalab 2.0) ; FORMS-T (CC-BY 4.0) ; spec 054 lot 3
F11,17C,37,45.078,61.468,direct,45.509,50.893,15.676,0.80934,fay_herriot,forms_mnt:h_sd+alt_mean+essence+greco;log,2005-2024,IGN IFN brut (Etalab 2.0) ; FORMS-T (CC-BY 4.0) ; spec 054 lot 3
F11,17O,5,67.335,485.48,gvf,55.165,182.99,24.522,0.54529,fay_herriot,forms_mnt:h_sd+alt_mean+essence+greco;log,2005-2024,IGN IFN brut (Etalab 2.0) ; FORMS-T (CC-BY 4.0) ; spec 054 lot 3
F11,18C,28,8.781,2.5302,direct,9.4899,2.3668,16.211,0.79646,fay_herriot,forms_mnt:h_sd+alt_mean+essence+greco;log,2005-2024,IGN IFN brut (Etalab 2.0) ; FORMS-T (CC-BY 4.0) ; spec 054 lot 3
F11,18M,1,5.3211,333.11,gvf,16.568,38.117,37.265,0.010796,fay_herriot,forms_mnt:h_sd+alt_mean+essence+greco;log,2005-2024,IGN IFN brut (Etalab 2.0) ; FORMS-T (CC-BY 4.0) ; spec 054 lot 3
F11,19,17,222.87,2291.5,direct,200.98,1380.1,18.484,0.73568,fay_herriot,forms_mnt:h_sd+alt_mean+essence+greco;log,2005-2024,IGN IFN brut (Etalab 2.0) ; FORMS-T (CC-BY 4.0) ; spec 054 lot 3
F11,20G,2,46.708,824.71,gvf,41.555,170.31,31.405,0.25355,fay_herriot,forms_mnt:h_sd+alt_mean+essence+greco;log,2005-2024,IGN IFN brut (Etalab 2.0) ; FORMS-T (CC-BY 4.0) ; spec 054 lot 3
F11,20P,1,10.53,7061,gvf,39.561,207.68,36.428,0.0020121,fay_herriot,forms_mnt:h_sd+alt_mean+essence+greco;log,2005-2024,IGN IFN brut (Etalab 2.0) ; FORMS-T (CC-BY 4.0) ; spec 054 lot 3
F11,21C,38,35.126,52.422,direct,30.547,29.959,17.918,0.75137,fay_herriot,forms_mnt:h_sd+alt_mean+essence+greco;log,2005-2024,IGN IFN brut (Etalab 2.0) ; FORMS-T (CC-BY 4.0) ; spec 054 lot 3
F11,21M,2,93.057,141.6,gvf,75.151,82.467,12.084,0.88704,fay_herriot,forms_mnt:h_sd+alt_mean+essence+greco;log,2005-2024,IGN IFN brut (Etalab 2.0) ; FORMS-T (CC-BY 4.0) ; spec 054 lot 3
F11,22C,1,9.1445,56.621,gvf,10.401,14.292,36.348,0.15941,fay_herriot,forms_mnt:h_sd+alt_mean+essence+greco;log,2005-2024,IGN IFN brut (Etalab 2.0) ; FORMS-T (CC-BY 4.0) ; spec 054 lot 3
F11,22M,63,28.25,26.086,direct,26.526,18.409,16.175,0.79709,fay_herriot,forms_mnt:h_sd+alt_mean+essence+greco;log,2005-2024,IGN IFN brut (Etalab 2.0) ; FORMS-T (CC-BY 4.0) ; spec 054 lot 3
F11,23C,1,2.0706,103.03,gvf,10.363,14.421,36.645,0.0053146,fay_herriot,forms_mnt:h_sd+alt_mean+essence+greco;log,2005-2024,IGN IFN brut (Etalab 2.0) ; FORMS-T (CC-BY 4.0) ; spec 054 lot 3
F11,23PD,1,14.082,95.708,gvf,12.745,17.729,33.038,0.21014,fay_herriot,forms_mnt:h_sd+alt_mean+essence+greco;log,2005-2024,IGN IFN brut (Etalab 2.0) ; FORMS-T (CC-BY 4.0) ; spec 054 lot 3
F11,23PM,4,11.864,17.026,gvf,9.6508,5.8937,25.155,0.51492,fay_herriot,forms_mnt:h_sd+alt_mean+essence+greco;log,2005-2024,IGN IFN brut (Etalab 2.0) ; FORMS-T (CC-BY 4.0) ; spec 054 lot 3
F11,24,23,23.947,34.269,direct,28.857,34.197,20.265,0.68241,fay_herriot,forms_mnt:h_sd+alt_mean+essence+greco;log,2005-2024,IGN IFN brut (Etalab 2.0) ; FORMS-T (CC-BY 4.0) ; spec 054 lot 3
F11,25B,1,24.392,907.57,gvf,49.415,300.98,35.109,0.077643,fay_herriot,forms_mnt:h_sd+alt_mean+essence+greco;log,2005-2024,IGN IFN brut (Etalab 2.0) ; FORMS-T (CC-BY 4.0) ; spec 054 lot 3
F11,25C,3,5.7136,103.94,gvf,15.672,31.712,35.932,0.038765,fay_herriot,forms_mnt:h_sd+alt_mean+essence+greco;log,2005-2024,IGN IFN brut (Etalab 2.0) ; FORMS-T (CC-BY 4.0) ; spec 054 lot 3
F11,25M,6,22.459,53.457,gvf,18.776,20.682,24.221,0.54783,fay_herriot,forms_mnt:h_sd+alt_mean+essence+greco;log,2005-2024,IGN IFN brut (Etalab 2.0) ; FORMS-T (CC-BY 4.0) ; spec 054 lot 3
F11,25R,1,64.129,401.3,gvf,40.673,95.064,23.972,0.56819,fay_herriot,forms_mnt:h_sd+alt_mean+essence+greco;log,2005-2024,IGN IFN brut (Etalab 2.0) ; FORMS-T (CC-BY 4.0) ; spec 054 lot 3
F11,26E,2,50.43,3331.9,gvf,147,3071.6,37.702,0.089258,fay_herriot,forms_mnt:h_sd+alt_mean+essence+greco;log,2005-2024,IGN IFN brut (Etalab 2.0) ; FORMS-T (CC-BY 4.0) ; spec 054 lot 3
F11,27C,2,4.9982,70.593,gvf,15.625,30.991,35.629,0.043466,fay_herriot,forms_mnt:h_sd+alt_mean+essence+greco;log,2005-2024,IGN IFN brut (Etalab 2.0) ; FORMS-T (CC-BY 4.0) ; spec 054 lot 3
F11,29AF,1,2.0123,46.428,gvf,5.8004,4.7438,37.55,0.011075,fay_herriot,forms_mnt:h_sd+alt_mean+essence+greco;log,2005-2024,IGN IFN brut (Etalab 2.0) ; FORMS-T (CC-BY 4.0) ; spec 054 lot 3
F11,31,22,11.214,5.7328,direct,10.082,3.4392,18.395,0.738,fay_herriot,forms_mnt:h_sd+alt_mean+essence+greco;log,2005-2024,IGN IFN brut (Etalab 2.0) ; FORMS-T (CC-BY 4.0) ; spec 054 lot 3
F11,33N,2,73.299,6545.9,gvf,85.963,891.18,34.727,0.095342,fay_herriot,forms_mnt:h_sd+alt_mean+essence+greco;log,2005-2024,IGN IFN brut (Etalab 2.0) ; FORMS-T (CC-BY 4.0) ; spec 054 lot 3
F11,34,1,61.245,15880,gvf,110.37,1824.6,38.702,0.029436,fay_herriot,forms_mnt:h_sd+alt_mean+essence+greco;log,2005-2024,IGN IFN brut (Etalab 2.0) ; FORMS-T (CC-BY 4.0) ; spec 054 lot 3
F11,41,18,3.659,0.53853,direct,4.4918,0.62227,17.562,0.76147,fay_herriot,forms_mnt:h_sd+alt_mean+essence+greco;log,2005-2024,IGN IFN brut (Etalab 2.0) ; FORMS-T (CC-BY 4.0) ; spec 054 lot 3
F11,49AM,27,9.1696,10.087,direct,6.5039,2.6496,25.027,0.51699,fay_herriot,forms_mnt:h_sd+alt_mean+essence+greco;log,2005-2024,IGN IFN brut (Etalab 2.0) ; FORMS-T (CC-BY 4.0) ; spec 054 lot 3
F11,49BO,1,1.9278,0.492,gvf,2.0195,0.27393,25.917,0.49237,fay_herriot,forms_mnt:h_sd+alt_mean+essence+greco;log,2005-2024,IGN IFN brut (Etalab 2.0) ; FORMS-T (CC-BY 4.0) ; spec 054 lot 3
F11,49IA,8,5.2832,5.7074,gvf,5.2518,2.217,28.352,0.38573,fay_herriot,forms_mnt:h_sd+alt_mean+essence+greco;log,2005-2024,IGN IFN brut (Etalab 2.0) ; FORMS-T (CC-BY 4.0) ; spec 054 lot 3
F11,49SN,5,4.0724,5.3515,gvf,4.1042,1.5853,30.678,0.28466,fay_herriot,forms_mnt:h_sd+alt_mean+essence+greco;log,2005-2024,IGN IFN brut (Etalab 2.0) ; FORMS-T (CC-BY 4.0) ; spec 054 lot 3
F11,51,3,28.849,3998.4,gvf,96.274,1192.8,35.873,0.026032,fay_herriot,forms_mnt:h_sd+alt_mean+essence+greco;log,2005-2024,IGN IFN brut (Etalab 2.0) ; FORMS-T (CC-BY 4.0) ; spec 054 lot 3
F11,52,4,18.528,1228.1,gvf,68.223,587.82,35.538,0.034649,fay_herriot,forms_mnt:h_sd+alt_mean+essence+greco;log,2005-2024,IGN IFN brut (Etalab 2.0) ; FORMS-T (CC-BY 4.0) ; spec 054 lot 3
F11,53CO,3,183.45,3182.8,gvf,152.08,1275,23.479,0.57585,fay_herriot,forms_mnt:h_sd+alt_mean+essence+greco;log,2005-2024,IGN IFN brut (Etalab 2.0) ; FORMS-T (CC-BY 4.0) ; spec 054 lot 3
F11,62,1,5.5473,6162.9,gvf,112.46,1667.2,36.309,0.00064074,fay_herriot,forms_mnt:h_sd+alt_mean+essence+greco;log,2005-2024,IGN IFN brut (Etalab 2.0) ; FORMS-T (CC-BY 4.0) ; spec 054 lot 3
F11,64,4,73.098,4870.3,gvf,148.31,2533.4,33.937,0.12348,fay_herriot,forms_mnt:h_sd+alt_mean+essence+greco;log,2005-2024,IGN IFN brut (Etalab 2.0) ; FORMS-T (CC-BY 4.0) ; spec 054 lot 3
F11,65,2,108.83,2854.8,gvf,84.022,634.02,29.968,0.34758,fay_herriot,forms_mnt:h_sd+alt_mean+essence+greco;log,2005-2024,IGN IFN brut (Etalab 2.0) ; FORMS-T (CC-BY 4.0) ; spec 054 lot 3
F11,67,2,11.717,73.921,gvf,13.456,20.015,33.247,0.19255,fay_herriot,forms_mnt:h_sd+alt_mean+essence+greco;log,2005-2024,IGN IFN brut (Etalab 2.0) ; FORMS-T (CC-BY 4.0) ; spec 054 lot 3
F11,72V,2,21.902,8335.3,gvf,113.42,1829.9,37.715,0.0073356,fay_herriot,forms_mnt:h_sd+alt_mean+essence+greco;log,2005-2024,IGN IFN brut (Etalab 2.0) ; FORMS-T (CC-BY 4.0) ; spec 054 lot 3
F11,73,1,27.468,34201,gvf,172.38,4080.3,37.057,0.0028246,fay_herriot,forms_mnt:h_sd+alt_mean+essence+greco;log,2005-2024,IGN IFN brut (Etalab 2.0) ; FORMS-T (CC-BY 4.0) ; spec 054 lot 3
F11,77,1,87.115,11554,gvf,67.993,574.7,35.258,0.07778,fay_herriot,forms_mnt:h_sd+alt_mean+essence+greco;log,2005-2024,IGN IFN brut (Etalab 2.0) ; FORMS-T (CC-BY 4.0) ; spec 054 lot 3
F12,02,126,58.208,30.658,direct,58.866,29.331,9.2002,0.93417,fay_herriot,forms_mnt:h_sd+alt_mean+essence+greco;log,2005-2024,IGN IFN brut (Etalab 2.0) ; FORMS-T (CC-BY 4.0) ; spec 054 lot 3
F12,03,34,65.319,136.6,direct,68.76,121.65,16.04,0.80042,fay_herriot,forms_mnt:h_sd+alt_mean+essence+greco;log,2005-2024,IGN IFN brut (Etalab 2.0) ; FORMS-T (CC-BY 4.0) ; spec 054 lot 3
F12,05,368,83.751,12.987,direct,83.057,12.596,4.273,0.98579,fay_herriot,forms_mnt:h_sd+alt_mean+essence+greco;log,2005-2024,IGN IFN brut (Etalab 2.0) ; FORMS-T (CC-BY 4.0) ; spec 054 lot 3
F12,06,14,28.624,51.206,direct,29.105,36.214,20.676,0.67262,fay_herriot,forms_mnt:h_sd+alt_mean+essence+greco;log,2005-2024,IGN IFN brut (Etalab 2.0) ; FORMS-T (CC-BY 4.0) ; spec 054 lot 3
F12,09,37,37.885,34.303,direct,41.393,34.638,14.218,0.84308,fay_herriot,forms_mnt:h_sd+alt_mean+essence+greco;log,2005-2024,IGN IFN brut (Etalab 2.0) ; FORMS-T (CC-BY 4.0) ; spec 054 lot 3
F12,10,27,59.266,180.53,direct,59.254,129.63,19.215,0.71414,fay_herriot,forms_mnt:h_sd+alt_mean+essence+greco;log,2005-2024,IGN IFN brut (Etalab 2.0) ; FORMS-T (CC-BY 4.0) ; spec 054 lot 3
F12,11,68,30.858,14.333,direct,31.286,13.22,11.622,0.89507,fay_herriot,forms_mnt:h_sd+alt_mean+essence+greco;log,2005-2024,IGN IFN brut (Etalab 2.0) ; FORMS-T (CC-BY 4.0) ; spec 054 lot 3
F12,12V,1,12.976,876.69,gvf,26.912,92.568,35.751,0.024069,fay_herriot,forms_mnt:h_sd+alt_mean+essence+greco;log,2005-2024,IGN IFN brut (Etalab 2.0) ; FORMS-T (CC-BY 4.0) ; spec 054 lot 3
F12,13G,9,60.84,1568.4,gvf,63.274,401.36,31.662,0.23256,fay_herriot,forms_mnt:h_sd+alt_mean+essence+greco;log,2005-2024,IGN IFN brut (Etalab 2.0) ; FORMS-T (CC-BY 4.0) ; spec 054 lot 3
F12,14,7,38.541,520.86,gvf,48.837,228.19,30.932,0.26803,fay_herriot,forms_mnt:h_sd+alt_mean+essence+greco;log,2005-2024,IGN IFN brut (Etalab 2.0) ; FORMS-T (CC-BY 4.0) ; spec 054 lot 3
F12,15P,1,12.733,160.76,gvf,25.155,74.488,34.31,0.11465,fay_herriot,forms_mnt:h_sd+alt_mean+essence+greco;log,2005-2024,IGN IFN brut (Etalab 2.0) ; FORMS-T (CC-BY 4.0) ; spec 054 lot 3
F12,15S,6,18.005,75.466,gvf,25.422,54.434,29.022,0.35551,fay_herriot,forms_mnt:h_sd+alt_mean+essence+greco;log,2005-2024,IGN IFN brut (Etalab 2.0) ; FORMS-T (CC-BY 4.0) ; spec 054 lot 3
F12,17C,97,62.399,54.312,direct,60.582,46.269,11.228,0.90201,fay_herriot,forms_mnt:h_sd+alt_mean+essence+greco;log,2005-2024,IGN IFN brut (Etalab 2.0) ; FORMS-T (CC-BY 4.0) ; spec 054 lot 3
F12,17O,18,63.507,197.05,direct,56.78,116.18,18.983,0.72437,fay_herriot,forms_mnt:h_sd+alt_mean+essence+greco;log,2005-2024,IGN IFN brut (Etalab 2.0) ; FORMS-T (CC-BY 4.0) ; spec 054 lot 3
F12,18C,50,11.449,6.7577,direct,11.747,5.116,19.255,0.7135,fay_herriot,forms_mnt:h_sd+alt_mean+essence+greco;log,2005-2024,IGN IFN brut (Etalab 2.0) ; FORMS-T (CC-BY 4.0) ; spec 054 lot 3
F12,18M,1,14.105,333.11,gvf,16.168,33.919,36.021,0.071226,fay_herriot,forms_mnt:h_sd+alt_mean+essence+greco;log,2005-2024,IGN IFN brut (Etalab 2.0) ; FORMS-T (CC-BY 4.0) ; spec 054 lot 3
F12,19,69,220.27,490.02,direct,213.85,428.99,9.6855,0.92708,fay_herriot,forms_mnt:h_sd+alt_mean+essence+greco;log,2005-2024,IGN IFN brut (Etalab 2.0) ; FORMS-T (CC-BY 4.0) ; spec 054 lot 3
F12,20G,5,77.667,329.89,gvf,63.175,154.9,19.701,0.70131,fay_herriot,forms_mnt:h_sd+alt_mean+essence+greco;log,2005-2024,IGN IFN brut (Etalab 2.0) ; FORMS-T (CC-BY 4.0) ; spec 054 lot 3
F12,21C,218,24.214,4.4392,direct,23.925,4.0978,8.4611,0.94432,fay_herriot,forms_mnt:h_sd+alt_mean+essence+greco;log,2005-2024,IGN IFN brut (Etalab 2.0) ; FORMS-T (CC-BY 4.0) ; spec 054 lot 3
F12,21M,152,16.3,3.1209,direct,16.061,2.7899,10.4,0.91619,fay_herriot,forms_mnt:h_sd+alt_mean+essence+greco;log,2005-2024,IGN IFN brut (Etalab 2.0) ; FORMS-T (CC-BY 4.0) ; spec 054 lot 3
F12,22M,45,10.794,2.5128,direct,11.81,2.5831,13.609,0.8562,fay_herriot,forms_mnt:h_sd+alt_mean+essence+greco;log,2005-2024,IGN IFN brut (Etalab 2.0) ; FORMS-T (CC-BY 4.0) ; spec 054 lot 3
F12,23C,8,6.7149,12.879,gvf,8.948,7.3489,30.296,0.31012,fay_herriot,forms_mnt:h_sd+alt_mean+essence+greco;log,2005-2024,IGN IFN brut (Etalab 2.0) ; FORMS-T (CC-BY 4.0) ; spec 054 lot 3
F12,23PM,5,3.798,13.621,gvf,6.9538,5.6207,34.094,0.11971,fay_herriot,forms_mnt:h_sd+alt_mean+essence+greco;log,2005-2024,IGN IFN brut (Etalab 2.0) ; FORMS-T (CC-BY 4.0) ; spec 054 lot 3
F12,24,6,43.629,364.41,gvf,42.625,141.45,27.901,0.40146,fay_herriot,forms_mnt:h_sd+alt_mean+essence+greco;log,2005-2024,IGN IFN brut (Etalab 2.0) ; FORMS-T (CC-BY 4.0) ; spec 054 lot 3
F12,25B,3,74.325,302.52,gvf,66.44,171.78,19.727,0.70102,fay_herriot,forms_mnt:h_sd+alt_mean+essence+greco;log,2005-2024,IGN IFN brut (Etalab 2.0) ; FORMS-T (CC-BY 4.0) ; spec 054 lot 3
F12,25C,5,16.154,62.364,gvf,15.988,22.026,29.355,0.34951,fay_herriot,forms_mnt:h_sd+alt_mean+essence+greco;log,2005-2024,IGN IFN brut (Etalab 2.0) ; FORMS-T (CC-BY 4.0) ; spec 054 lot 3
F12,25M,10,15.801,51.26,direct,15.128,18.332,28.304,0.38476,fay_herriot,forms_mnt:h_sd+alt_mean+essence+greco;log,2005-2024,IGN IFN brut (Etalab 2.0) ; FORMS-T (CC-BY 4.0) ; spec 054 lot 3
F12,25R,1,22.91,401.3,gvf,21.922,56.614,34.322,0.14379,fay_herriot,forms_mnt:h_sd+alt_mean+essence+greco;log,2005-2024,IGN IFN brut (Etalab 2.0) ; FORMS-T (CC-BY 4.0) ; spec 054 lot 3
F12,27C,11,15.73,19.641,direct,15.843,12.485,22.302,0.61798,fay_herriot,forms_mnt:h_sd+alt_mean+essence+greco;log,2005-2024,IGN IFN brut (Etalab 2.0) ; FORMS-T (CC-BY 4.0) ; spec 054 lot 3
F12,29AF,2,8.9527,23.214,gvf,6.5615,4.1287,30.967,0.30716,fay_herriot,forms_mnt:h_sd+alt_mean+essence+greco;log,2005-2024,IGN IFN brut (Etalab 2.0) ; FORMS-T (CC-BY 4.0) ; spec 054 lot 3
F12,29EN,1,45.527,734.24,gvf,34.654,126.49,32.455,0.26605,fay_herriot,forms_mnt:h_sd+alt_mean+essence+greco;log,2005-2024,IGN IFN brut (Etalab 2.0) ; FORMS-T (CC-BY 4.0) ; spec 054 lot 3
F12,29MA,1,22.431,5245.1,gvf,57.454,524.23,39.851,0.012168,fay_herriot,forms_mnt:h_sd+alt_mean+essence+greco;log,2005-2024,IGN IFN brut (Etalab 2.0) ; FORMS-T (CC-BY 4.0) ; spec 054 lot 3
F12,31,26,8.6565,6.5847,direct,8.0662,3.4247,22.943,0.5937,fay_herriot,forms_mnt:h_sd+alt_mean+essence+greco;log,2005-2024,IGN IFN brut (Etalab 2.0) ; FORMS-T (CC-BY 4.0) ; spec 054 lot 3
F12,332G,1,19.414,7490.4,gvf,125.38,2442.7,39.419,0.0064193,fay_herriot,forms_mnt:h_sd+alt_mean+essence+greco;log,2005-2024,IGN IFN brut (Etalab 2.0) ; FORMS-T (CC-BY 4.0) ; spec 054 lot 3
F12,33B,1,15.832,29031,gvf,112.78,2049.1,40.138,0.0011074,fay_herriot,forms_mnt:h_sd+alt_mean+essence+greco;log,2005-2024,IGN IFN brut (Etalab 2.0) ; FORMS-T (CC-BY 4.0) ; spec 054 lot 3
F12,33N,6,152.5,2182,gvf,119.24,784.88,23.495,0.57781,fay_herriot,forms_mnt:h_sd+alt_mean+essence+greco;log,2005-2024,IGN IFN brut (Etalab 2.0) ; FORMS-T (CC-BY 4.0) ; spec 054 lot 3
F12,39,7,1.6629,0.12406,gvf,1.9224,0.12735,18.563,0.74106,fay_herriot,forms_mnt:h_sd+alt_mean+essence+greco;log,2005-2024,IGN IFN brut (Etalab 2.0) ; FORMS-T (CC-BY 4.0) ; spec 054 lot 3
F12,41,105,7.7942,0.69026,direct,7.8433,0.64369,10.229,0.91871,fay_herriot,forms_mnt:h_sd+alt_mean+essence+greco;log,2005-2024,IGN IFN brut (Etalab 2.0) ; FORMS-T (CC-BY 4.0) ; spec 054 lot 3
F12,49AE,2,2.0564,33.568,gvf,4.5597,3.5335,41.226,0.015918,fay_herriot,forms_mnt:h_sd+alt_mean+essence+greco;log,2005-2024,IGN IFN brut (Etalab 2.0) ; FORMS-T (CC-BY 4.0) ; spec 054 lot 3
F12,49AM,59,3.1098,0.16021,direct,3.2344,0.15388,12.128,0.88572,fay_herriot,forms_mnt:h_sd+alt_mean+essence+greco;log,2005-2024,IGN IFN brut (Etalab 2.0) ; FORMS-T (CC-BY 4.0) ; spec 054 lot 3
F12,49BS,1,5.2911,95.526,gvf,3.7941,1.9241,36.561,0.036266,fay_herriot,forms_mnt:h_sd+alt_mean+essence+greco;log,2005-2024,IGN IFN brut (Etalab 2.0) ; FORMS-T (CC-BY 4.0) ; spec 054 lot 3
F12,49EV,1,2.6548,4.182,gvf,2.5503,0.72466,33.379,0.1779,fay_herriot,forms_mnt:h_sd+alt_mean+essence+greco;log,2005-2024,IGN IFN brut (Etalab 2.0) ; FORMS-T (CC-BY 4.0) ; spec 054 lot 3
F12,49PC,1,12.955,435.74,gvf,13.126,21.748,35.528,0.047129,fay_herriot,forms_mnt:h_sd+alt_mean+essence+greco;log,2005-2024,IGN IFN brut (Etalab 2.0) ; FORMS-T (CC-BY 4.0) ; spec 054 lot 3
F12,49PM,7,5.0452,2.2494,gvf,5.081,1.4009,23.295,0.59234,fay_herriot,forms_mnt:h_sd+alt_mean+essence+greco;log,2005-2024,IGN IFN brut (Etalab 2.0) ; FORMS-T (CC-BY 4.0) ; spec 054 lot 3
F12,49PS,6,3.7847,16.032,gvf,4.7789,2.7748,34.857,0.10292,fay_herriot,forms_mnt:h_sd+alt_mean+essence+greco;log,2005-2024,IGN IFN brut (Etalab 2.0) ; FORMS-T (CC-BY 4.0) ; spec 054 lot 3
F12,49RA,1,6.0687,17.443,gvf,7.3558,7.7075,37.742,0.21328,fay_herriot,forms_mnt:h_sd+alt_mean+essence+greco;log,2005-2024,IGN IFN brut (Etalab 2.0) ; FORMS-T (CC-BY 4.0) ; spec 054 lot 3
F12,49RC,2,1.7074,42.06,gvf,7.5594,8.679,38.972,0.0088214,fay_herriot,forms_mnt:h_sd+alt_mean+essence+greco;log,2005-2024,IGN IFN brut (Etalab 2.0) ; FORMS-T (CC-BY 4.0) ; spec 054 lot 3
F12,49SN,4,10.745,6.6894,gvf,7.9091,2.5249,20.091,0.68909,fay_herriot,forms_mnt:h_sd+alt_mean+essence+greco;log,2005-2024,IGN IFN brut (Etalab 2.0) ; FORMS-T (CC-BY 4.0) ; spec 054 lot 3
F12,51,8,100.84,1499.4,gvf,98.683,679.41,26.413,0.46547,fay_herriot,forms_mnt:h_sd+alt_mean+essence+greco;log,2005-2024,IGN IFN brut (Etalab 2.0) ; FORMS-T (CC-BY 4.0) ; spec 054 lot 3
F12,52,11,22.485,80.068,direct,41.976,126.37,26.781,0.44776,fay_herriot,forms_mnt:h_sd+alt_mean+essence+greco;log,2005-2024,IGN IFN brut (Etalab 2.0) ; FORMS-T (CC-BY 4.0) ; spec 054 lot 3
F12,53CA,1,71.044,7363.2,gvf,131.48,3070.1,42.142,0.080896,fay_herriot,forms_mnt:h_sd+alt_mean+essence+greco;log,2005-2024,IGN IFN brut (Etalab 2.0) ; FORMS-T (CC-BY 4.0) ; spec 054 lot 3
F12,53CO,13,117.64,755.01,direct,116.8,526.86,19.652,0.70181,fay_herriot,forms_mnt:h_sd+alt_mean+essence+greco;log,2005-2024,IGN IFN brut (Etalab 2.0) ; FORMS-T (CC-BY 4.0) ; spec 054 lot 3
F12,54,2,175.06,6423.3,gvf,128.52,1347.4,28.561,0.37988,fay_herriot,forms_mnt:h_sd+alt_mean+essence+greco;log,2005-2024,IGN IFN brut (Etalab 2.0) ; FORMS-T (CC-BY 4.0) ; spec 054 lot 3
F12,55,7,105.59,438.16,gvf,94.763,279.97,17.657,0.76565,fay_herriot,forms_mnt:h_sd+alt_mean+essence+greco;log,2005-2024,IGN IFN brut (Etalab 2.0) ; FORMS-T (CC-BY 4.0) ; spec 054 lot 3
F12,61,5,54.794,841.06,gvf,85.102,650.86,29.978,0.3143,fay_herriot,forms_mnt:h_sd+alt_mean+essence+greco;log,2005-2024,IGN IFN brut (Etalab 2.0) ; FORMS-T (CC-BY 4.0) ; spec 054 lot 3
F12,64,5,110.72,3896.2,gvf,143.66,1924,30.533,0.28775,fay_herriot,forms_mnt:h_sd+alt_mean+essence+greco;log,2005-2024,IGN IFN brut (Etalab 2.0) ; FORMS-T (CC-BY 4.0) ; spec 054 lot 3
F12,65,5,51.936,1141.9,gvf,66.231,468.71,32.688,0.23272,fay_herriot,forms_mnt:h_sd+alt_mean+essence+greco;log,2005-2024,IGN IFN brut (Etalab 2.0) ; FORMS-T (CC-BY 4.0) ; spec 054 lot 3
F12,68CC,1,19.526,5793.5,gvf,64.208,553.06,36.627,0.0083793,fay_herriot,forms_mnt:h_sd+alt_mean+essence+greco;log,2005-2024,IGN IFN brut (Etalab 2.0) ; FORMS-T (CC-BY 4.0) ; spec 054 lot 3
F12,68CM,2,90.245,1614.7,gvf,73.85,439.19,28.378,0.39307,fay_herriot,forms_mnt:h_sd+alt_mean+essence+greco;log,2005-2024,IGN IFN brut (Etalab 2.0) ; FORMS-T (CC-BY 4.0) ; spec 054 lot 3
F12,69JC,6,2.7963,2.1622,gvf,3.072,0.85824,30.157,0.31711,fay_herriot,forms_mnt:h_sd+alt_mean+essence+greco;log,2005-2024,IGN IFN brut (Etalab 2.0) ; FORMS-T (CC-BY 4.0) ; spec 054 lot 3
F13,02,7,48.478,915.65,gvf,66.847,437.79,31.3,0.24787,fay_herriot,forms_mnt:h_sd+alt_mean+essence+greco;log,2005-2024,IGN IFN brut (Etalab 2.0) ; FORMS-T (CC-BY 4.0) ; spec 054 lot 3
F13,05,1,64.092,5526.5,gvf,51.297,315.23,34.611,0.087126,fay_herriot,forms_mnt:h_sd+alt_mean+essence+greco;log,2005-2024,IGN IFN brut (Etalab 2.0) ; FORMS-T (CC-BY 4.0) ; spec 054 lot 3
F13,13G,6,92.15,2352.6,gvf,75.555,508.67,29.851,0.31669,fay_herriot,forms_mnt:h_sd+alt_mean+essence+greco;log,2005-2024,IGN IFN brut (Etalab 2.0) ; FORMS-T (CC-BY 4.0) ; spec 054 lot 3
F13,14,1,2.4105,3646,gvf,57.285,431.36,36.256,0.00020459,fay_herriot,forms_mnt:h_sd+alt_mean+essence+greco;log,2005-2024,IGN IFN brut (Etalab 2.0) ; FORMS-T (CC-BY 4.0) ; spec 054 lot 3
F13,15S,1,19.177,452.8,gvf,31.433,117.68,34.512,0.094443,fay_herriot,forms_mnt:h_sd+alt_mean+essence+greco;log,2005-2024,IGN IFN brut (Etalab 2.0) ; FORMS-T (CC-BY 4.0) ; spec 054 lot 3
F13,17C,21,80.945,269.91,direct,71.892,161.97,17.702,0.75711,fay_herriot,forms_mnt:h_sd+alt_mean+essence+greco;log,2005-2024,IGN IFN brut (Etalab 2.0) ; FORMS-T (CC-BY 4.0) ; spec 054 lot 3
F13,17O,18,49.387,64.409,direct,48.707,52.554,14.884,0.82942,fay_herriot,forms_mnt:h_sd+alt_mean+essence+greco;log,2005-2024,IGN IFN brut (Etalab 2.0) ; FORMS-T (CC-BY 4.0) ; spec 054 lot 3
F13,18C,13,18.591,67.398,direct,15.315,18.451,28.047,0.39704,fay_herriot,forms_mnt:h_sd+alt_mean+essence+greco;log,2005-2024,IGN IFN brut (Etalab 2.0) ; FORMS-T (CC-BY 4.0) ; spec 054 lot 3
F13,19,31,207.02,670.78,direct,201.03,565.38,11.828,0.89135,fay_herriot,forms_mnt:h_sd+alt_mean+essence+greco;log,2005-2024,IGN IFN brut (Etalab 2.0) ; FORMS-T (CC-BY 4.0) ; spec 054 lot 3
F13,21M,2,10.536,141.6,gvf,14.267,25.004,35.05,0.091457,fay_herriot,forms_mnt:h_sd+alt_mean+essence+greco;log,2005-2024,IGN IFN brut (Etalab 2.0) ; FORMS-T (CC-BY 4.0) ; spec 054 lot 3
F13,25B,3,53.95,302.52,gvf,54.405,173.48,24.209,0.55264,fay_herriot,forms_mnt:h_sd+alt_mean+essence+greco;log,2005-2024,IGN IFN brut (Etalab 2.0) ; FORMS-T (CC-BY 4.0) ; spec 054 lot 3
F13,25FR,2,39.009,123.02,gvf,45.492,107.98,22.842,0.61365,fay_herriot,forms_mnt:h_sd+alt_mean+essence+greco;log,2005-2024,IGN IFN brut (Etalab 2.0) ; FORMS-T (CC-BY 4.0) ; spec 054 lot 3
F13,25M,6,26.308,53.457,gvf,21.746,23.006,22.057,0.62441,fay_herriot,forms_mnt:h_sd+alt_mean+essence+greco;log,2005-2024,IGN IFN brut (Etalab 2.0) ; FORMS-T (CC-BY 4.0) ; spec 054 lot 3
F13,27C,1,15.071,141.19,gvf,16.856,31.129,33.1,0.17121,fay_herriot,forms_mnt:h_sd+alt_mean+essence+greco;log,2005-2024,IGN IFN brut (Etalab 2.0) ; FORMS-T (CC-BY 4.0) ; spec 054 lot 3
F13,29AF,1,6.7374,46.428,gvf,6.2156,4.846,35.417,0.11154,fay_herriot,forms_mnt:h_sd+alt_mean+essence+greco;log,2005-2024,IGN IFN brut (Etalab 2.0) ; FORMS-T (CC-BY 4.0) ; spec 054 lot 3
F13,29EN,1,16.257,734.24,gvf,32.709,151.38,37.615,0.044176,fay_herriot,forms_mnt:h_sd+alt_mean+essence+greco;log,2005-2024,IGN IFN brut (Etalab 2.0) ; FORMS-T (CC-BY 4.0) ; spec 054 lot 3
F13,31,1,1.0987,120.85,gvf,7.8104,7.9845,36.178,0.0012809,fay_herriot,forms_mnt:h_sd+alt_mean+essence+greco;log,2005-2024,IGN IFN brut (Etalab 2.0) ; FORMS-T (CC-BY 4.0) ; spec 054 lot 3
F13,33N,1,67.925,13092,gvf,90.459,1046.2,35.756,0.043293,fay_herriot,forms_mnt:h_sd+alt_mean+essence+greco;log,2005-2024,IGN IFN brut (Etalab 2.0) ; FORMS-T (CC-BY 4.0) ; spec 054 lot 3
F13,40,1,1.1126,28.776,gvf,11.507,18.501,37.379,0.0054929,fay_herriot,forms_mnt:h_sd+alt_mean+essence+greco;log,2005-2024,IGN IFN brut (Etalab 2.0) ; FORMS-T (CC-BY 4.0) ; spec 054 lot 3
F13,49AM,8,3.7448,5.0823,gvf,4.4431,1.8996,31.021,0.26161,fay_herriot,forms_mnt:h_sd+alt_mean+essence+greco;log,2005-2024,IGN IFN brut (Etalab 2.0) ; FORMS-T (CC-BY 4.0) ; spec 054 lot 3
F13,49PS,1,1.0886,96.19,gvf,5.2696,3.7765,36.878,0.0015795,fay_herriot,forms_mnt:h_sd+alt_mean+essence+greco;log,2005-2024,IGN IFN brut (Etalab 2.0) ; FORMS-T (CC-BY 4.0) ; spec 054 lot 3
F13,49SN,1,3.8599,26.758,gvf,4.2837,2.2692,35.165,0.066724,fay_herriot,forms_mnt:h_sd+alt_mean+essence+greco;log,2005-2024,IGN IFN brut (Etalab 2.0) ; FORMS-T (CC-BY 4.0) ; spec 054 lot 3
F13,51,2,67.826,5997.7,gvf,100.29,1208,34.657,0.089658,fay_herriot,forms_mnt:h_sd+alt_mean+essence+greco;log,2005-2024,IGN IFN brut (Etalab 2.0) ; FORMS-T (CC-BY 4.0) ; spec 054 lot 3
F14,02,227,84.743,24.838,direct,84.394,24,5.8049,0.97377,fay_herriot,forms_mnt:h_sd+alt_mean+essence+greco;log,2005-2024,IGN IFN brut (Etalab 2.0) ; FORMS-T (CC-BY 4.0) ; spec 054 lot 3
F14,03,27,74.914,202.46,direct,77.717,170.84,16.818,0.78067,fay_herriot,forms_mnt:h_sd+alt_mean+essence+greco;log,2005-2024,IGN IFN brut (Etalab 2.0) ; FORMS-T (CC-BY 4.0) ; spec 054 lot 3
F14,04,1,113.33,5709.3,gvf,75.906,591.73,32.047,0.22411,fay_herriot,forms_mnt:h_sd+alt_mean+essence+greco;log,2005-2024,IGN IFN brut (Etalab 2.0) ; FORMS-T (CC-BY 4.0) ; spec 054 lot 3
F14,05,167,73.949,27.239,direct,72.816,25.449,6.928,0.96266,fay_herriot,forms_mnt:h_sd+alt_mean+essence+greco;log,2005-2024,IGN IFN brut (Etalab 2.0) ; FORMS-T (CC-BY 4.0) ; spec 054 lot 3
F14,06,15,55.062,369.38,direct,42.004,113.07,25.316,0.51313,fay_herriot,forms_mnt:h_sd+alt_mean+essence+greco;log,2005-2024,IGN IFN brut (Etalab 2.0) ; FORMS-T (CC-BY 4.0) ; spec 054 lot 3
F14,07,28,34.583,22.946,direct,35.035,20.726,12.994,0.87001,fay_herriot,forms_mnt:h_sd+alt_mean+essence+greco;log,2005-2024,IGN IFN brut (Etalab 2.0) ; FORMS-T (CC-BY 4.0) ; spec 054 lot 3
F14,10,164,68.306,39.839,direct,67.901,36.961,8.9537,0.93765,fay_herriot,forms_mnt:h_sd+alt_mean+essence+greco;log,2005-2024,IGN IFN brut (Etalab 2.0) ; FORMS-T (CC-BY 4.0) ; spec 054 lot 3
F14,11,55,46.676,49.978,direct,45.039,39.619,13.975,0.84842,fay_herriot,forms_mnt:h_sd+alt_mean+essence+greco;log,2005-2024,IGN IFN brut (Etalab 2.0) ; FORMS-T (CC-BY 4.0) ; spec 054 lot 3
F14,12V,2,29.88,438.34,gvf,28.961,86.772,32.164,0.20731,fay_herriot,forms_mnt:h_sd+alt_mean+essence+greco;log,2005-2024,IGN IFN brut (Etalab 2.0) ; FORMS-T (CC-BY 4.0) ; spec 054 lot 3
F14,13G,8,118.77,1764.4,gvf,89.623,514.73,25.315,0.50653,fay_herriot,forms_mnt:h_sd+alt_mean+essence+greco;log,2005-2024,IGN IFN brut (Etalab 2.0) ; FORMS-T (CC-BY 4.0) ; spec 054 lot 3
F14,14,11,25.606,66.463,direct,36.117,74.709,23.932,0.55884,fay_herriot,forms_mnt:h_sd+alt_mean+essence+greco;log,2005-2024,IGN IFN brut (Etalab 2.0) ; FORMS-T (CC-BY 4.0) ; spec 054 lot 3
F14,15P,2,6.1788,80.38,gvf,26.364,87.269,35.434,0.057481,fay_herriot,forms_mnt:h_sd+alt_mean+essence+greco;log,2005-2024,IGN IFN brut (Etalab 2.0) ; FORMS-T (CC-BY 4.0) ; spec 054 lot 3
F14,15S,8,7.4131,56.6,gvf,27.391,87.694,34.188,0.11085,fay_herriot,forms_mnt:h_sd+alt_mean+essence+greco;log,2005-2024,IGN IFN brut (Etalab 2.0) ; FORMS-T (CC-BY 4.0) ; spec 054 lot 3
F14,17C,80,53.518,56.392,direct,52.805,47.727,13.083,0.86705,fay_herriot,forms_mnt:h_sd+alt_mean+essence+greco;log,2005-2024,IGN IFN brut (Etalab 2.0) ; FORMS-T (CC-BY 4.0) ; spec 054 lot 3
F14,17O,6,61.514,404.57,gvf,53.02,168.9,24.512,0.54565,fay_herriot,forms_mnt:h_sd+alt_mean+essence+greco;log,2005-2024,IGN IFN brut (Etalab 2.0) ; FORMS-T (CC-BY 4.0) ; spec 054 lot 3
F14,18C,30,9.9597,7.0059,direct,10.986,5.552,21.448,0.64514,fay_herriot,forms_mnt:h_sd+alt_mean+essence+greco;log,2005-2024,IGN IFN brut (Etalab 2.0) ; FORMS-T (CC-BY 4.0) ; spec 054 lot 3
F14,19,65,198.37,381.54,direct,194.87,342.95,9.5033,0.92979,fay_herriot,forms_mnt:h_sd+alt_mean+essence+greco;log,2005-2024,IGN IFN brut (Etalab 2.0) ; FORMS-T (CC-BY 4.0) ; spec 054 lot 3
F14,20G,6,42.077,274.9,gvf,41.363,122.84,26.795,0.45264,fay_herriot,forms_mnt:h_sd+alt_mean+essence+greco;log,2005-2024,IGN IFN brut (Etalab 2.0) ; FORMS-T (CC-BY 4.0) ; spec 054 lot 3
F14,20P,1,3.831,7061,gvf,40.48,217.83,36.46,0.00026682,fay_herriot,forms_mnt:h_sd+alt_mean+essence+greco;log,2005-2024,IGN IFN brut (Etalab 2.0) ; FORMS-T (CC-BY 4.0) ; spec 054 lot 3
F14,21C,69,32.862,23.751,direct,30.66,17.712,13.726,0.85376,fay_herriot,forms_mnt:h_sd+alt_mean+essence+greco;log,2005-2024,IGN IFN brut (Etalab 2.0) ; FORMS-T (CC-BY 4.0) ; spec 054 lot 3
F14,21M,18,12.423,7.0257,direct,12.895,5.6758,18.475,0.73825,fay_herriot,forms_mnt:h_sd+alt_mean+essence+greco;log,2005-2024,IGN IFN brut (Etalab 2.0) ; FORMS-T (CC-BY 4.0) ; spec 054 lot 3
F14,22M,53,13.739,3.8619,direct,14.579,3.7612,13.303,0.86257,fay_herriot,forms_mnt:h_sd+alt_mean+essence+greco;log,2005-2024,IGN IFN brut (Etalab 2.0) ; FORMS-T (CC-BY 4.0) ; spec 054 lot 3
F14,23C,18,14.385,8.5978,direct,13.373,5.6873,17.833,0.75553,fay_herriot,forms_mnt:h_sd+alt_mean+essence+greco;log,2005-2024,IGN IFN brut (Etalab 2.0) ; FORMS-T (CC-BY 4.0) ; spec 054 lot 3
F14,23PC,1,3.7508,26.174,gvf,7.401,6.8125,35.266,0.06456,fay_herriot,forms_mnt:h_sd+alt_mean+essence+greco;log,2005-2024,IGN IFN brut (Etalab 2.0) ; FORMS-T (CC-BY 4.0) ; spec 054 lot 3
F14,23PM,6,3.7211,11.351,gvf,7.1461,5.8268,33.779,0.13542,fay_herriot,forms_mnt:h_sd+alt_mean+essence+greco;log,2005-2024,IGN IFN brut (Etalab 2.0) ; FORMS-T (CC-BY 4.0) ; spec 054 lot 3
F14,24,46,28.97,22.766,direct,31.16,21.829,14.994,0.82559,fay_herriot,forms_mnt:h_sd+alt_mean+essence+greco;log,2005-2024,IGN IFN brut (Etalab 2.0) ; FORMS-T (CC-BY 4.0) ; spec 054 lot 3
F14,25B,3,29.803,302.52,gvf,45.612,200.28,31.027,0.27379,fay_herriot,forms_mnt:h_sd+alt_mean+essence+greco;log,2005-2024,IGN IFN brut (Etalab 2.0) ; FORMS-T (CC-BY 4.0) ; spec 054 lot 3
F14,25C,5,10.6,62.364,gvf,15.309,25.398,32.919,0.18787,fay_herriot,forms_mnt:h_sd+alt_mean+essence+greco;log,2005-2024,IGN IFN brut (Etalab 2.0) ; FORMS-T (CC-BY 4.0) ; spec 054 lot 3
F14,25M,2,19.842,160.37,gvf,16.391,26.676,31.51,0.23966,fay_herriot,forms_mnt:h_sd+alt_mean+essence+greco;log,2005-2024,IGN IFN brut (Etalab 2.0) ; FORMS-T (CC-BY 4.0) ; spec 054 lot 3
F14,27C,3,7.764,47.062,gvf,15.068,25.794,33.706,0.14124,fay_herriot,forms_mnt:h_sd+alt_mean+essence+greco;log,2005-2024,IGN IFN brut (Etalab 2.0) ; FORMS-T (CC-BY 4.0) ; spec 054 lot 3
F14,29AF,1,5.3619,46.428,gvf,5.9447,4.6387,36.23,0.073656,fay_herriot,forms_mnt:h_sd+alt_mean+essence+greco;log,2005-2024,IGN IFN brut (Etalab 2.0) ; FORMS-T (CC-BY 4.0) ; spec 054 lot 3
F14,29EN,2,3.2757,367.12,gvf,32.626,157.82,38.505,0.003739,fay_herriot,forms_mnt:h_sd+alt_mean+essence+greco;log,2005-2024,IGN IFN brut (Etalab 2.0) ; FORMS-T (CC-BY 4.0) ; spec 054 lot 3
F14,29MA,1,3.9919,5245.1,gvf,60.871,596.7,40.13,0.00038996,fay_herriot,forms_mnt:h_sd+alt_mean+essence+greco;log,2005-2024,IGN IFN brut (Etalab 2.0) ; FORMS-T (CC-BY 4.0) ; spec 054 lot 3
F14,31,56,7.1274,1.9925,direct,7.2414,1.5836,17.378,0.76601,fay_herriot,forms_mnt:h_sd+alt_mean+essence+greco;log,2005-2024,IGN IFN brut (Etalab 2.0) ; FORMS-T (CC-BY 4.0) ; spec 054 lot 3
F14,332G,1,0.96754,7490.4,gvf,133.03,2770.1,39.563,1.6047e-05,fay_herriot,forms_mnt:h_sd+alt_mean+essence+greco;log,2005-2024,IGN IFN brut (Etalab 2.0) ; FORMS-T (CC-BY 4.0) ; spec 054 lot 3
F14,33B,1,115.88,29031,gvf,118.34,2108.5,38.8,0.056065,fay_herriot,forms_mnt:h_sd+alt_mean+essence+greco;log,2005-2024,IGN IFN brut (Etalab 2.0) ; FORMS-T (CC-BY 4.0) ; spec 054 lot 3
F14,33N,5,142.41,2618.4,gvf,112.68,835.08,25.646,0.49863,fay_herriot,forms_mnt:h_sd+alt_mean+essence+greco;log,2005-2024,IGN IFN brut (Etalab 2.0) ; FORMS-T (CC-BY 4.0) ; spec 054 lot 3
F14,38AU,5,3.462,7.4968,gvf,5.1348,3.0861,34.213,0.17032,fay_herriot,forms_mnt:h_sd+alt_mean+essence+greco;log,2005-2024,IGN IFN brut (Etalab 2.0) ; FORMS-T (CC-BY 4.0) ; spec 054 lot 3
F14,41,78,11.064,2.2893,direct,10.751,1.8938,12.8,0.87287,fay_herriot,forms_mnt:h_sd+alt_mean+essence+greco;log,2005-2024,IGN IFN brut (Etalab 2.0) ; FORMS-T (CC-BY 4.0) ; spec 054 lot 3
F14,49AE,1,1.8656,67.137,gvf,4.8118,3.981,41.465,0.0066125,fay_herriot,forms_mnt:h_sd+alt_mean+essence+greco;log,2005-2024,IGN IFN brut (Etalab 2.0) ; FORMS-T (CC-BY 4.0) ; spec 054 lot 3
F14,49AM,55,3.6238,0.26143,direct,3.7415,0.24197,13.147,0.86577,fay_herriot,forms_mnt:h_sd+alt_mean+essence+greco;log,2005-2024,IGN IFN brut (Etalab 2.0) ; FORMS-T (CC-BY 4.0) ; spec 054 lot 3
F14,49BO,1,0.9246,0.492,gvf,1.8483,0.37606,33.178,0.18241,fay_herriot,forms_mnt:h_sd+alt_mean+essence+greco;log,2005-2024,IGN IFN brut (Etalab 2.0) ; FORMS-T (CC-BY 4.0) ; spec 054 lot 3
F14,49EV,1,3.1258,4.182,gvf,2.7534,0.78768,32.233,0.23077,fay_herriot,forms_mnt:h_sd+alt_mean+essence+greco;log,2005-2024,IGN IFN brut (Etalab 2.0) ; FORMS-T (CC-BY 4.0) ; spec 054 lot 3
F14,49FL,1,7.9587,57.596,gvf,5.4688,3.738,35.353,0.12374,fay_herriot,forms_mnt:h_sd+alt_mean+essence+greco;log,2005-2024,IGN IFN brut (Etalab 2.0) ; FORMS-T (CC-BY 4.0) ; spec 054 lot 3
F14,49IA,10,6.5297,10.932,direct,5.7127,2.8498,29.551,0.33368,fay_herriot,forms_mnt:h_sd+alt_mean+essence+greco;log,2005-2024,IGN IFN brut (Etalab 2.0) ; FORMS-T (CC-BY 4.0) ; spec 054 lot 3
F14,49LN,1,88.896,448.55,gvf,63.746,172.29,20.591,0.69346,fay_herriot,forms_mnt:h_sd+alt_mean+essence+greco;log,2005-2024,IGN IFN brut (Etalab 2.0) ; FORMS-T (CC-BY 4.0) ; spec 054 lot 3
F14,49PM,4,10.332,3.9364,gvf,8.9331,2.3322,17.095,0.7769,fay_herriot,forms_mnt:h_sd+alt_mean+essence+greco;log,2005-2024,IGN IFN brut (Etalab 2.0) ; FORMS-T (CC-BY 4.0) ; spec 054 lot 3
F14,49PS,4,4.295,24.048,gvf,5.0633,3.1628,35.124,0.089666,fay_herriot,forms_mnt:h_sd+alt_mean+essence+greco;log,2005-2024,IGN IFN brut (Etalab 2.0) ; FORMS-T (CC-BY 4.0) ; spec 054 lot 3
F14,49RA,1,5.0973,17.443,gvf,7.5387,8.806,39.364,0.16055,fay_herriot,forms_mnt:h_sd+alt_mean+essence+greco;log,2005-2024,IGN IFN brut (Etalab 2.0) ; FORMS-T (CC-BY 4.0) ; spec 054 lot 3
F14,49RC,2,1.2612,42.06,gvf,7.9593,9.6655,39.06,0.0048328,fay_herriot,forms_mnt:h_sd+alt_mean+essence+greco;log,2005-2024,IGN IFN brut (Etalab 2.0) ; FORMS-T (CC-BY 4.0) ; spec 054 lot 3
F14,49SN,4,4.9214,6.6894,gvf,4.4196,1.7524,29.953,0.31737,fay_herriot,forms_mnt:h_sd+alt_mean+essence+greco;log,2005-2024,IGN IFN brut (Etalab 2.0) ; FORMS-T (CC-BY 4.0) ; spec 054 lot 3
F14,51,31,85.656,423.34,direct,90.292,327.71,20.049,0.68995,fay_herriot,forms_mnt:h_sd+alt_mean+essence+greco;log,2005-2024,IGN IFN brut (Etalab 2.0) ; FORMS-T (CC-BY 4.0) ; spec 054 lot 3
F14,52,19,47.97,221.23,direct,57.418,182.88,23.552,0.57183,fay_herriot,forms_mnt:h_sd+alt_mean+essence+greco;log,2005-2024,IGN IFN brut (Etalab 2.0) ; FORMS-T (CC-BY 4.0) ; spec 054 lot 3
F14,53CO,2,144.21,4774.2,gvf,128.45,1383.3,28.955,0.35869,fay_herriot,forms_mnt:h_sd+alt_mean+essence+greco;log,2005-2024,IGN IFN brut (Etalab 2.0) ; FORMS-T (CC-BY 4.0) ; spec 054 lot 3
F14,54,8,78.709,1605.8,gvf,99.35,869.9,29.687,0.33127,fay_herriot,forms_mnt:h_sd+alt_mean+essence+greco;log,2005-2024,IGN IFN brut (Etalab 2.0) ; FORMS-T (CC-BY 4.0) ; spec 054 lot 3
F14,61,1,30.983,4205.3,gvf,105.32,1423.3,35.82,0.028476,fay_herriot,forms_mnt:h_sd+alt_mean+essence+greco;log,2005-2024,IGN IFN brut (Etalab 2.0) ; FORMS-T (CC-BY 4.0) ; spec 054 lot 3
F14,65,2,12.432,2854.8,gvf,73.83,770.95,37.608,0.0069033,fay_herriot,forms_mnt:h_sd+alt_mean+essence+greco;log,2005-2024,IGN IFN brut (Etalab 2.0) ; FORMS-T (CC-BY 4.0) ; spec 054 lot 3
F14,67,1,5.7874,147.84,gvf,13.846,25.814,36.695,0.028268,fay_herriot,forms_mnt:h_sd+alt_mean+essence+greco;log,2005-2024,IGN IFN brut (Etalab 2.0) ; FORMS-T (CC-BY 4.0) ; spec 054 lot 3
F14,69JC,3,1.26,4.3244,gvf,3.2188,1.3359,35.908,0.045016,fay_herriot,forms_mnt:h_sd+alt_mean+essence+greco;log,2005-2024,IGN IFN brut (Etalab 2.0) ; FORMS-T (CC-BY 4.0) ; spec 054 lot 3
F15,02,727,72.727,7.5342,direct,72.709,7.4496,3.7539,0.98903,fay_herriot,forms_mnt:h_sd+alt_mean+essence+greco;log,2005-2024,IGN IFN brut (Etalab 2.0) ; FORMS-T (CC-BY 4.0) ; spec 054 lot 3
F15,03,114,82.987,66.138,direct,83.26,62.029,9.4593,0.93041,fay_herriot,forms_mnt:h_sd+alt_mean+essence+greco;log,2005-2024,IGN IFN brut (Etalab 2.0) ; FORMS-T (CC-BY 4.0) ; spec 054 lot 3
F15,04,21,33.524,112.65,direct,45.238,117.25,23.936,0.5616,fay_herriot,forms_mnt:h_sd+alt_mean+essence+greco;log,2005-2024,IGN IFN brut (Etalab 2.0) ; FORMS-T (CC-BY 4.0) ; spec 054 lot 3
F15,05,881,75.33,5.6565,direct,75.07,5.5752,3.1453,0.9923,fay_herriot,forms_mnt:h_sd+alt_mean+essence+greco;log,2005-2024,IGN IFN brut (Etalab 2.0) ; FORMS-T (CC-BY 4.0) ; spec 054 lot 3
F15,06,50,28.56,26.447,direct,29.04,22.059,16.174,0.7984,fay_herriot,forms_mnt:h_sd+alt_mean+essence+greco;log,2005-2024,IGN IFN brut (Etalab 2.0) ; FORMS-T (CC-BY 4.0) ; spec 054 lot 3
F15,07,331,54.118,7.8059,direct,53.716,7.548,5.1146,0.97966,fay_herriot,forms_mnt:h_sd+alt_mean+essence+greco;log,2005-2024,IGN IFN brut (Etalab 2.0) ; FORMS-T (CC-BY 4.0) ; spec 054 lot 3
F15,09,12,48.871,241.63,direct,56.747,183.83,23.893,0.55932,fay_herriot,forms_mnt:h_sd+alt_mean+essence+greco;log,2005-2024,IGN IFN brut (Etalab 2.0) ; FORMS-T (CC-BY 4.0) ; spec 054 lot 3
F15,10,1067,84.573,6.881,direct,84.367,6.7978,3.0904,0.99256,fay_herriot,forms_mnt:h_sd+alt_mean+essence+greco;log,2005-2024,IGN IFN brut (Etalab 2.0) ; FORMS-T (CC-BY 4.0) ; spec 054 lot 3
F15,11,342,50.571,12.19,direct,49.971,11.486,6.7822,0.96421,fay_herriot,forms_mnt:h_sd+alt_mean+essence+greco;log,2005-2024,IGN IFN brut (Etalab 2.0) ; FORMS-T (CC-BY 4.0) ; spec 054 lot 3
F15,12V,14,10.07,9.1302,direct,15.398,12.66,23.108,0.5878,fay_herriot,forms_mnt:h_sd+alt_mean+essence+greco;log,2005-2024,IGN IFN brut (Etalab 2.0) ; FORMS-T (CC-BY 4.0) ; spec 054 lot 3
F15,13G,13,97.302,608.32,direct,85.46,315.2,20.774,0.66649,fay_herriot,forms_mnt:h_sd+alt_mean+essence+greco;log,2005-2024,IGN IFN brut (Etalab 2.0) ; FORMS-T (CC-BY 4.0) ; spec 054 lot 3
F15,14,74,55.894,55.565,direct,55.766,48.734,12.518,0.87834,fay_herriot,forms_mnt:h_sd+alt_mean+essence+greco;log,2005-2024,IGN IFN brut (Etalab 2.0) ; FORMS-T (CC-BY 4.0) ; spec 054 lot 3
F15,15P,3,16.364,53.587,gvf,22.842,41.817,28.31,0.39084,fay_herriot,forms_mnt:h_sd+alt_mean+essence+greco;log,2005-2024,IGN IFN brut (Etalab 2.0) ; FORMS-T (CC-BY 4.0) ; spec 054 lot 3
F15,15S,6,11.814,75.466,gvf,26.208,72.819,32.561,0.19191,fay_herriot,forms_mnt:h_sd+alt_mean+essence+greco;log,2005-2024,IGN IFN brut (Etalab 2.0) ; FORMS-T (CC-BY 4.0) ; spec 054 lot 3
F15,17C,57,43.772,45.144,direct,44.335,39.251,14.131,0.84495,fay_herriot,forms_mnt:h_sd+alt_mean+essence+greco;log,2005-2024,IGN IFN brut (Etalab 2.0) ; FORMS-T (CC-BY 4.0) ; spec 054 lot 3
F15,17O,1,8.625,2427.4,gvf,43.292,255.12,36.895,0.0039196,fay_herriot,forms_mnt:h_sd+alt_mean+essence+greco;log,2005-2024,IGN IFN brut (Etalab 2.0) ; FORMS-T (CC-BY 4.0) ; spec 054 lot 3
F15,18C,56,10.098,5.0076,direct,10.805,4.1786,18.918,0.72334,fay_herriot,forms_mnt:h_sd+alt_mean+essence+greco;log,2005-2024,IGN IFN brut (Etalab 2.0) ; FORMS-T (CC-BY 4.0) ; spec 054 lot 3
F15,18M,1,34.59,333.11,gvf,21.123,41.756,30.592,0.31563,fay_herriot,forms_mnt:h_sd+alt_mean+essence+greco;log,2005-2024,IGN IFN brut (Etalab 2.0) ; FORMS-T (CC-BY 4.0) ; spec 054 lot 3
F15,19,22,211.59,1831.5,direct,195.08,1187.9,17.667,0.75838,fay_herriot,forms_mnt:h_sd+alt_mean+essence+greco;log,2005-2024,IGN IFN brut (Etalab 2.0) ; FORMS-T (CC-BY 4.0) ; spec 054 lot 3
F15,20G,28,21.78,82.526,direct,30.926,72.25,27.485,0.42466,fay_herriot,forms_mnt:h_sd+alt_mean+essence+greco;log,2005-2024,IGN IFN brut (Etalab 2.0) ; FORMS-T (CC-BY 4.0) ; spec 054 lot 3
F15,20P,5,10.553,1412.2,gvf,39.262,202.86,36.277,0.010025,fay_herriot,forms_mnt:h_sd+alt_mean+essence+greco;log,2005-2024,IGN IFN brut (Etalab 2.0) ; FORMS-T (CC-BY 4.0) ; spec 054 lot 3
F15,21C,124,22.309,6.35,direct,22.099,5.6797,10.784,0.90961,fay_herriot,forms_mnt:h_sd+alt_mean+essence+greco;log,2005-2024,IGN IFN brut (Etalab 2.0) ; FORMS-T (CC-BY 4.0) ; spec 054 lot 3
F15,21M,49,10.462,1.6099,direct,10.786,1.5446,11.522,0.89723,fay_herriot,forms_mnt:h_sd+alt_mean+essence+greco;log,2005-2024,IGN IFN brut (Etalab 2.0) ; FORMS-T (CC-BY 4.0) ; spec 054 lot 3
F15,22M,191,17.887,1.7396,direct,17.996,1.6908,7.2254,0.95938,fay_herriot,forms_mnt:h_sd+alt_mean+essence+greco;log,2005-2024,IGN IFN brut (Etalab 2.0) ; FORMS-T (CC-BY 4.0) ; spec 054 lot 3
F15,22S,1,0.82086,3319.7,gvf,28.898,139.98,40.941,2.6061e-05,fay_herriot,forms_mnt:h_sd+alt_mean+essence+greco;log,2005-2024,IGN IFN brut (Etalab 2.0) ; FORMS-T (CC-BY 4.0) ; spec 054 lot 3
F15,23C,56,11.626,2.1953,direct,11.491,1.9156,12.044,0.8877,fay_herriot,forms_mnt:h_sd+alt_mean+essence+greco;log,2005-2024,IGN IFN brut (Etalab 2.0) ; FORMS-T (CC-BY 4.0) ; spec 054 lot 3
F15,23PC,1,1.6107,26.174,gvf,7.4716,7.342,36.265,0.012567,fay_herriot,forms_mnt:h_sd+alt_mean+essence+greco;log,2005-2024,IGN IFN brut (Etalab 2.0) ; FORMS-T (CC-BY 4.0) ; spec 054 lot 3
F15,23PD,3,9.2662,31.903,gvf,11.54,13.62,31.981,0.25683,fay_herriot,forms_mnt:h_sd+alt_mean+essence+greco;log,2005-2024,IGN IFN brut (Etalab 2.0) ; FORMS-T (CC-BY 4.0) ; spec 054 lot 3
F15,23PM,6,9.1435,11.351,gvf,8.4124,4.749,25.905,0.48606,fay_herriot,forms_mnt:h_sd+alt_mean+essence+greco;log,2005-2024,IGN IFN brut (Etalab 2.0) ; FORMS-T (CC-BY 4.0) ; spec 054 lot 3
F15,23SO,1,4.7084,238.95,gvf,8.8014,10.31,36.482,0.011773,fay_herriot,forms_mnt:h_sd+alt_mean+essence+greco;log,2005-2024,IGN IFN brut (Etalab 2.0) ; FORMS-T (CC-BY 4.0) ; spec 054 lot 3
F15,24,46,31.065,28.585,direct,33.048,26.397,15.546,0.81256,fay_herriot,forms_mnt:h_sd+alt_mean+essence+greco;log,2005-2024,IGN IFN brut (Etalab 2.0) ; FORMS-T (CC-BY 4.0) ; spec 054 lot 3
F15,25B,4,38.454,226.89,gvf,45.604,148.95,26.762,0.45558,fay_herriot,forms_mnt:h_sd+alt_mean+essence+greco;log,2005-2024,IGN IFN brut (Etalab 2.0) ; FORMS-T (CC-BY 4.0) ; spec 054 lot 3
F15,25C,22,11.137,7.3512,direct,12.578,6.5157,20.293,0.6842,fay_herriot,forms_mnt:h_sd+alt_mean+essence+greco;log,2005-2024,IGN IFN brut (Etalab 2.0) ; FORMS-T (CC-BY 4.0) ; spec 054 lot 3
F15,25M,15,8.8233,4.7313,direct,10.499,4.5809,20.386,0.67875,fay_herriot,forms_mnt:h_sd+alt_mean+essence+greco;log,2005-2024,IGN IFN brut (Etalab 2.0) ; FORMS-T (CC-BY 4.0) ; spec 054 lot 3
F15,25R,5,13.195,80.261,gvf,19.967,42.656,32.709,0.21787,fay_herriot,forms_mnt:h_sd+alt_mean+essence+greco;log,2005-2024,IGN IFN brut (Etalab 2.0) ; FORMS-T (CC-BY 4.0) ; spec 054 lot 3
F15,27C,10,9.6108,3.528,direct,10.88,3.5138,17.23,0.77073,fay_herriot,forms_mnt:h_sd+alt_mean+essence+greco;log,2005-2024,IGN IFN brut (Etalab 2.0) ; FORMS-T (CC-BY 4.0) ; spec 054 lot 3
F15,27N,1,12.952,802.58,gvf,35.63,203.88,40.075,0.026136,fay_herriot,forms_mnt:h_sd+alt_mean+essence+greco;log,2005-2024,IGN IFN brut (Etalab 2.0) ; FORMS-T (CC-BY 4.0) ; spec 054 lot 3
F15,29AI,1,5.0996,6830.6,gvf,69.456,1356.2,53.021,0.00048863,fay_herriot,forms_mnt:h_sd+alt_mean+essence+greco;log,2005-2024,IGN IFN brut (Etalab 2.0) ; FORMS-T (CC-BY 4.0) ; spec 054 lot 3
F15,29EN,2,41.419,367.12,gvf,35.475,111.12,29.715,0.37501,fay_herriot,forms_mnt:h_sd+alt_mean+essence+greco;log,2005-2024,IGN IFN brut (Etalab 2.0) ; FORMS-T (CC-BY 4.0) ; spec 054 lot 3
F15,29MA,2,26.684,2622.5,gvf,58.249,524.67,39.324,0.033687,fay_herriot,forms_mnt:h_sd+alt_mean+essence+greco;log,2005-2024,IGN IFN brut (Etalab 2.0) ; FORMS-T (CC-BY 4.0) ; spec 054 lot 3
F15,31,85,8.707,1.5344,direct,8.5306,1.2762,13.243,0.86384,fay_herriot,forms_mnt:h_sd+alt_mean+essence+greco;log,2005-2024,IGN IFN brut (Etalab 2.0) ; FORMS-T (CC-BY 4.0) ; spec 054 lot 3
F15,33N,7,100.32,1870.3,gvf,92.645,668.3,27.904,0.40864,fay_herriot,forms_mnt:h_sd+alt_mean+essence+greco;log,2005-2024,IGN IFN brut (Etalab 2.0) ; FORMS-T (CC-BY 4.0) ; spec 054 lot 3
F15,34,1,66.579,15880,gvf,110.67,1823.2,38.583,0.034601,fay_herriot,forms_mnt:h_sd+alt_mean+essence+greco;log,2005-2024,IGN IFN brut (Etalab 2.0) ; FORMS-T (CC-BY 4.0) ; spec 054 lot 3
F15,38AU,2,1.086,18.742,gvf,5.3984,4.1485,37.729,0.0080158,fay_herriot,forms_mnt:h_sd+alt_mean+essence+greco;log,2005-2024,IGN IFN brut (Etalab 2.0) ; FORMS-T (CC-BY 4.0) ; spec 054 lot 3
F15,41,197,9.8586,0.71224,direct,9.7905,0.66557,8.3328,0.94601,fay_herriot,forms_mnt:h_sd+alt_mean+essence+greco;log,2005-2024,IGN IFN brut (Etalab 2.0) ; FORMS-T (CC-BY 4.0) ; spec 054 lot 3
F15,49AM,128,3.6081,0.094486,direct,3.6517,0.091712,8.2932,0.9465,fay_herriot,forms_mnt:h_sd+alt_mean+essence+greco;log,2005-2024,IGN IFN brut (Etalab 2.0) ; FORMS-T (CC-BY 4.0) ; spec 054 lot 3
F15,49BO,3,1.7718,0.164,gvf,1.8659,0.13155,19.438,0.71081,fay_herriot,forms_mnt:h_sd+alt_mean+essence+greco;log,2005-2024,IGN IFN brut (Etalab 2.0) ; FORMS-T (CC-BY 4.0) ; spec 054 lot 3
F15,49BS,2,1.3415,47.763,gvf,3.839,2.0392,37.197,0.0048144,fay_herriot,forms_mnt:h_sd+alt_mean+essence+greco;log,2005-2024,IGN IFN brut (Etalab 2.0) ; FORMS-T (CC-BY 4.0) ; spec 054 lot 3
F15,49EV,1,0.81504,4.182,gvf,2.5439,0.86777,36.619,0.019988,fay_herriot,forms_mnt:h_sd+alt_mean+essence+greco;log,2005-2024,IGN IFN brut (Etalab 2.0) ; FORMS-T (CC-BY 4.0) ; spec 054 lot 3
F15,49IA,7,2.8289,6.5228,gvf,4.8247,2.6504,33.743,0.13609,fay_herriot,forms_mnt:h_sd+alt_mean+essence+greco;log,2005-2024,IGN IFN brut (Etalab 2.0) ; FORMS-T (CC-BY 4.0) ; spec 054 lot 3
F15,49PM,12,3.9936,1.2025,direct,4.4302,0.96343,22.155,0.63004,fay_herriot,forms_mnt:h_sd+alt_mean+essence+greco;log,2005-2024,IGN IFN brut (Etalab 2.0) ; FORMS-T (CC-BY 4.0) ; spec 054 lot 3
F15,49PS,5,7.2357,19.238,gvf,5.5468,3.0606,31.54,0.25895,fay_herriot,forms_mnt:h_sd+alt_mean+essence+greco;log,2005-2024,IGN IFN brut (Etalab 2.0) ; FORMS-T (CC-BY 4.0) ; spec 054 lot 3
F15,49RC,2,0.89137,42.06,gvf,7.847,9.4208,39.115,0.0024197,fay_herriot,forms_mnt:h_sd+alt_mean+essence+greco;log,2005-2024,IGN IFN brut (Etalab 2.0) ; FORMS-T (CC-BY 4.0) ; spec 054 lot 3
F15,49SN,6,7.4334,4.4596,gvf,5.9245,1.7631,22.412,0.61404,fay_herriot,forms_mnt:h_sd+alt_mean+essence+greco;log,2005-2024,IGN IFN brut (Etalab 2.0) ; FORMS-T (CC-BY 4.0) ; spec 054 lot 3
F15,51,520,108.7,26.271,direct,108.54,25.763,4.6763,0.98298,fay_herriot,forms_mnt:h_sd+alt_mean+essence+greco;log,2005-2024,IGN IFN brut (Etalab 2.0) ; FORMS-T (CC-BY 4.0) ; spec 054 lot 3
F15,52,221,56.422,22.497,direct,57.132,21.888,8.1889,0.94783,fay_herriot,forms_mnt:h_sd+alt_mean+essence+greco;log,2005-2024,IGN IFN brut (Etalab 2.0) ; FORMS-T (CC-BY 4.0) ; spec 054 lot 3
F15,53CO,52,87.606,89.063,direct,89.812,86.056,10.329,0.91711,fay_herriot,forms_mnt:h_sd+alt_mean+essence+greco;log,2005-2024,IGN IFN brut (Etalab 2.0) ; FORMS-T (CC-BY 4.0) ; spec 054 lot 3
F15,54,28,91.541,310.8,direct,95.295,263.69,17.04,0.77589,fay_herriot,forms_mnt:h_sd+alt_mean+essence+greco;log,2005-2024,IGN IFN brut (Etalab 2.0) ; FORMS-T (CC-BY 4.0) ; spec 054 lot 3
F15,55,2,30.119,1533.6,gvf,64.674,569.92,36.913,0.070594,fay_herriot,forms_mnt:h_sd+alt_mean+essence+greco;log,2005-2024,IGN IFN brut (Etalab 2.0) ; FORMS-T (CC-BY 4.0) ; spec 054 lot 3
F15,56,4,38.855,4859.2,gvf,75.477,774.64,36.875,0.038362,fay_herriot,forms_mnt:h_sd+alt_mean+essence+greco;log,2005-2024,IGN IFN brut (Etalab 2.0) ; FORMS-T (CC-BY 4.0) ; spec 054 lot 3
F15,61,7,42.556,600.76,gvf,82.857,649.18,30.751,0.27906,fay_herriot,forms_mnt:h_sd+alt_mean+essence+greco;log,2005-2024,IGN IFN brut (Etalab 2.0) ; FORMS-T (CC-BY 4.0) ; spec 054 lot 3
F15,62,6,87.67,1027.1,gvf,99.793,661.6,25.775,0.49001,fay_herriot,forms_mnt:h_sd+alt_mean+essence+greco;log,2005-2024,IGN IFN brut (Etalab 2.0) ; FORMS-T (CC-BY 4.0) ; spec 054 lot 3
F15,64,17,66.483,324,direct,92.376,402.21,21.71,0.63659,fay_herriot,forms_mnt:h_sd+alt_mean+essence+greco;log,2005-2024,IGN IFN brut (Etalab 2.0) ; FORMS-T (CC-BY 4.0) ; spec 054 lot 3
F15,65,1,285.72,5709.7,gvf,176.95,1473.3,21.691,0.64738,fay_herriot,forms_mnt:h_sd+alt_mean+essence+greco;log,2005-2024,IGN IFN brut (Etalab 2.0) ; FORMS-T (CC-BY 4.0) ; spec 054 lot 3
F15,67,3,6.8263,49.281,gvf,12.911,20.48,35.05,0.10827,fay_herriot,forms_mnt:h_sd+alt_mean+essence+greco;log,2005-2024,IGN IFN brut (Etalab 2.0) ; FORMS-T (CC-BY 4.0) ; spec 054 lot 3
F15,69JC,20,3.0682,0.2466,direct,3.1071,0.21201,14.819,0.83056,fay_herriot,forms_mnt:h_sd+alt_mean+essence+greco;log,2005-2024,IGN IFN brut (Etalab 2.0) ; FORMS-T (CC-BY 4.0) ; spec 054 lot 3
F15,70SE,1,31.994,80.914,gvf,42.351,89.601,22.351,0.61896,fay_herriot,forms_mnt:h_sd+alt_mean+essence+greco;log,2005-2024,IGN IFN brut (Etalab 2.0) ; FORMS-T (CC-BY 4.0) ; spec 054 lot 3
F15,72V,4,76.927,4167.6,gvf,108.21,1397.7,34.548,0.15421,fay_herriot,forms_mnt:h_sd+alt_mean+essence+greco;log,2005-2024,IGN IFN brut (Etalab 2.0) ; FORMS-T (CC-BY 4.0) ; spec 054 lot 3
F15,73,1,16.224,34201,gvf,173.4,4136.9,37.093,0.00098718,fay_herriot,forms_mnt:h_sd+alt_mean+essence+greco;log,2005-2024,IGN IFN brut (Etalab 2.0) ; FORMS-T (CC-BY 4.0) ; spec 054 lot 3
F21,02,628,52.852,6.2971,direct,53.147,6.2598,4.7077,0.98275,fay_herriot,forms_mnt:h_sd+alt_mean+essence+greco;log,2005-2024,IGN IFN brut (Etalab 2.0) ; FORMS-T (CC-BY 4.0) ; spec 054 lot 3
F21,03,1,47.107,8212.7,gvf,87.338,963.31,35.537,0.033531,fay_herriot,forms_mnt:h_sd+alt_mean+essence+greco;log,2005-2024,IGN IFN brut (Etalab 2.0) ; FORMS-T (CC-BY 4.0) ; spec 054 lot 3
F21,04,13,33.752,109.75,direct,45.605,116.47,23.664,0.57133,fay_herriot,forms_mnt:h_sd+alt_mean+essence+greco;log,2005-2024,IGN IFN brut (Etalab 2.0) ; FORMS-T (CC-BY 4.0) ; spec 054 lot 3
F21,05,9,37.007,614.05,gvf,46.238,217.4,31.888,0.22262,fay_herriot,forms_mnt:h_sd+alt_mean+essence+greco;log,2005-2024,IGN IFN brut (Etalab 2.0) ; FORMS-T (CC-BY 4.0) ; spec 054 lot 3
F21,06,2,14.007,602.63,gvf,30.783,122.47,35.95,0.040124,fay_herriot,forms_mnt:h_sd+alt_mean+essence+greco;log,2005-2024,IGN IFN brut (Etalab 2.0) ; FORMS-T (CC-BY 4.0) ; spec 054 lot 3
F21,07,169,22.493,6.659,direct,23.645,6.7301,10.972,0.90702,fay_herriot,forms_mnt:h_sd+alt_mean+essence+greco;log,2005-2024,IGN IFN brut (Etalab 2.0) ; FORMS-T (CC-BY 4.0) ; spec 054 lot 3
F21,08S,18,14.293,8.3151,direct,17.375,9.6867,17.913,0.75932,fay_herriot,forms_mnt:h_sd+alt_mean+essence+greco;log,2005-2024,IGN IFN brut (Etalab 2.0) ; FORMS-T (CC-BY 4.0) ; spec 054 lot 3
F21,10,103,28.591,11.693,direct,30.925,12.335,11.357,0.89977,fay_herriot,forms_mnt:h_sd+alt_mean+essence+greco;log,2005-2024,IGN IFN brut (Etalab 2.0) ; FORMS-T (CC-BY 4.0) ; spec 054 lot 3
F21,11,10,79.274,471.59,direct,59.944,171.6,21.853,0.63115,fay_herriot,forms_mnt:h_sd+alt_mean+essence+greco;log,2005-2024,IGN IFN brut (Etalab 2.0) ; FORMS-T (CC-BY 4.0) ; spec 054 lot 3
F21,12P,6,50.294,228.5,gvf,47.595,122.69,23.272,0.58702,fay_herriot,forms_mnt:h_sd+alt_mean+essence+greco;log,2005-2024,IGN IFN brut (Etalab 2.0) ; FORMS-T (CC-BY 4.0) ; spec 054 lot 3
F21,12V,47,17.634,14.292,direct,20.094,13.745,18.45,0.73641,fay_herriot,forms_mnt:h_sd+alt_mean+essence+greco;log,2005-2024,IGN IFN brut (Etalab 2.0) ; FORMS-T (CC-BY 4.0) ; spec 054 lot 3
F21,13G,54,88.651,270.33,direct,83.723,191.12,16.512,0.78871,fay_herriot,forms_mnt:h_sd+alt_mean+essence+greco;log,2005-2024,IGN IFN brut (Etalab 2.0) ; FORMS-T (CC-BY 4.0) ; spec 054 lot 3
F21,14,85,65.576,56.312,direct,64.652,49.79,10.914,0.90745,fay_herriot,forms_mnt:h_sd+alt_mean+essence+greco;log,2005-2024,IGN IFN brut (Etalab 2.0) ; FORMS-T (CC-BY 4.0) ; spec 054 lot 3
F21,15P,1,10.756,160.76,gvf,26.681,86.725,34.904,0.084585,fay_herriot,forms_mnt:h_sd+alt_mean+essence+greco;log,2005-2024,IGN IFN brut (Etalab 2.0) ; FORMS-T (CC-BY 4.0) ; spec 054 lot 3
F21,15S,2,9.2986,226.4,gvf,30.634,117.78,35.426,0.046747,fay_herriot,forms_mnt:h_sd+alt_mean+essence+greco;log,2005-2024,IGN IFN brut (Etalab 2.0) ; FORMS-T (CC-BY 4.0) ; spec 054 lot 3
F21,17C,8,43.435,488.24,gvf,46.918,191.26,29.476,0.33163,fay_herriot,forms_mnt:h_sd+alt_mean+essence+greco;log,2005-2024,IGN IFN brut (Etalab 2.0) ; FORMS-T (CC-BY 4.0) ; spec 054 lot 3
F21,18C,7,14.313,46.654,gvf,13.61,15.464,28.895,0.36054,fay_herriot,forms_mnt:h_sd+alt_mean+essence+greco;log,2005-2024,IGN IFN brut (Etalab 2.0) ; FORMS-T (CC-BY 4.0) ; spec 054 lot 3
F21,19,17,125.59,536.11,direct,131.25,465.46,16.437,0.79069,fay_herriot,forms_mnt:h_sd+alt_mean+essence+greco;log,2005-2024,IGN IFN brut (Etalab 2.0) ; FORMS-T (CC-BY 4.0) ; spec 054 lot 3
F21,20G,2,16.442,824.71,gvf,39.594,200.29,35.744,0.040389,fay_herriot,forms_mnt:h_sd+alt_mean+essence+greco;log,2005-2024,IGN IFN brut (Etalab 2.0) ; FORMS-T (CC-BY 4.0) ; spec 054 lot 3
F21,20P,3,46.975,2353.7,gvf,41.429,202.99,34.39,0.10745,fay_herriot,forms_mnt:h_sd+alt_mean+essence+greco;log,2005-2024,IGN IFN brut (Etalab 2.0) ; FORMS-T (CC-BY 4.0) ; spec 054 lot 3
F21,22G,4,25.312,108.25,gvf,16.066,20.038,27.862,0.4318,fay_herriot,forms_mnt:h_sd+alt_mean+essence+greco;log,2005-2024,IGN IFN brut (Etalab 2.0) ; FORMS-T (CC-BY 4.0) ; spec 054 lot 3
F21,22M,6,19.255,109.74,gvf,20.666,38.762,30.127,0.30256,fay_herriot,forms_mnt:h_sd+alt_mean+essence+greco;log,2005-2024,IGN IFN brut (Etalab 2.0) ; FORMS-T (CC-BY 4.0) ; spec 054 lot 3
F21,22S,7,15.123,474.25,gvf,28.501,126.45,39.454,0.05831,fay_herriot,forms_mnt:h_sd+alt_mean+essence+greco;log,2005-2024,IGN IFN brut (Etalab 2.0) ; FORMS-T (CC-BY 4.0) ; spec 054 lot 3
F21,23C,2,7.3704,51.517,gvf,10.279,12.498,34.392,0.11925,fay_herriot,forms_mnt:h_sd+alt_mean+essence+greco;log,2005-2024,IGN IFN brut (Etalab 2.0) ; FORMS-T (CC-BY 4.0) ; spec 054 lot 3
F21,23PF,1,1.6075,64.526,gvf,13.721,24.842,36.325,0.0051157,fay_herriot,forms_mnt:h_sd+alt_mean+essence+greco;log,2005-2024,IGN IFN brut (Etalab 2.0) ; FORMS-T (CC-BY 4.0) ; spec 054 lot 3
F21,23PM,2,9.098,34.052,gvf,8.2283,6.789,31.666,0.23788,fay_herriot,forms_mnt:h_sd+alt_mean+essence+greco;log,2005-2024,IGN IFN brut (Etalab 2.0) ; FORMS-T (CC-BY 4.0) ; spec 054 lot 3
F21,23SO,1,11.222,238.95,gvf,9.2165,10.693,35.48,0.063387,fay_herriot,forms_mnt:h_sd+alt_mean+essence+greco;log,2005-2024,IGN IFN brut (Etalab 2.0) ; FORMS-T (CC-BY 4.0) ; spec 054 lot 3
F21,24,15,22.501,18.873,direct,26.209,19.944,17.04,0.775,fay_herriot,forms_mnt:h_sd+alt_mean+essence+greco;log,2005-2024,IGN IFN brut (Etalab 2.0) ; FORMS-T (CC-BY 4.0) ; spec 054 lot 3
F21,25B,1,14.012,907.57,gvf,52.018,352.55,36.096,0.027026,fay_herriot,forms_mnt:h_sd+alt_mean+essence+greco;log,2005-2024,IGN IFN brut (Etalab 2.0) ; FORMS-T (CC-BY 4.0) ; spec 054 lot 3
F21,25C,37,17.554,8.5561,direct,17.416,6.9859,15.176,0.8222,fay_herriot,forms_mnt:h_sd+alt_mean+essence+greco;log,2005-2024,IGN IFN brut (Etalab 2.0) ; FORMS-T (CC-BY 4.0) ; spec 054 lot 3
F21,25M,4,6.2202,80.186,gvf,14.739,26.81,35.129,0.058341,fay_herriot,forms_mnt:h_sd+alt_mean+essence+greco;log,2005-2024,IGN IFN brut (Etalab 2.0) ; FORMS-T (CC-BY 4.0) ; spec 054 lot 3
F21,25R,3,7.8326,133.77,gvf,21.648,61.29,36.164,0.055614,fay_herriot,forms_mnt:h_sd+alt_mean+essence+greco;log,2005-2024,IGN IFN brut (Etalab 2.0) ; FORMS-T (CC-BY 4.0) ; spec 054 lot 3
F21,26OC,4,85.164,1351.7,gvf,29.084,65.6,27.849,0.40792,fay_herriot,forms_mnt:h_sd+alt_mean+essence+greco;log,2005-2024,IGN IFN brut (Etalab 2.0) ; FORMS-T (CC-BY 4.0) ; spec 054 lot 3
F21,27C,1,6.2772,141.19,gvf,16.358,34.292,35.799,0.034596,fay_herriot,forms_mnt:h_sd+alt_mean+essence+greco;log,2005-2024,IGN IFN brut (Etalab 2.0) ; FORMS-T (CC-BY 4.0) ; spec 054 lot 3
F21,29AF,1,1.1227,46.428,gvf,6.0032,5.1241,37.708,0.0034741,fay_herriot,forms_mnt:h_sd+alt_mean+essence+greco;log,2005-2024,IGN IFN brut (Etalab 2.0) ; FORMS-T (CC-BY 4.0) ; spec 054 lot 3
F21,29CM,1,130.8,5318.5,gvf,87.395,989.95,36.001,0.29231,fay_herriot,forms_mnt:h_sd+alt_mean+essence+greco;log,2005-2024,IGN IFN brut (Etalab 2.0) ; FORMS-T (CC-BY 4.0) ; spec 054 lot 3
F21,29EN,4,35.41,183.56,gvf,34.19,86.804,27.251,0.46726,fay_herriot,forms_mnt:h_sd+alt_mean+essence+greco;log,2005-2024,IGN IFN brut (Etalab 2.0) ; FORMS-T (CC-BY 4.0) ; spec 054 lot 3
F21,31,7,10.436,17.264,gvf,8.8123,5.5744,26.792,0.44751,fay_herriot,forms_mnt:h_sd+alt_mean+essence+greco;log,2005-2024,IGN IFN brut (Etalab 2.0) ; FORMS-T (CC-BY 4.0) ; spec 054 lot 3
F21,332G,1,80.506,7490.4,gvf,127.37,2244.8,37.197,0.099995,fay_herriot,forms_mnt:h_sd+alt_mean+essence+greco;log,2005-2024,IGN IFN brut (Etalab 2.0) ; FORMS-T (CC-BY 4.0) ; spec 054 lot 3
F21,33B,1,37.489,29031,gvf,118.52,2249.4,40.016,0.0061776,fay_herriot,forms_mnt:h_sd+alt_mean+essence+greco;log,2005-2024,IGN IFN brut (Etalab 2.0) ; FORMS-T (CC-BY 4.0) ; spec 054 lot 3
F21,33N,2,28.549,6545.9,gvf,88.323,1026.9,36.281,0.015736,fay_herriot,forms_mnt:h_sd+alt_mean+essence+greco;log,2005-2024,IGN IFN brut (Etalab 2.0) ; FORMS-T (CC-BY 4.0) ; spec 054 lot 3
F21,36,2,93.763,5238.3,gvf,99.286,1689,41.393,0.17729,fay_herriot,forms_mnt:h_sd+alt_mean+essence+greco;log,2005-2024,IGN IFN brut (Etalab 2.0) ; FORMS-T (CC-BY 4.0) ; spec 054 lot 3
F21,40,4,5.9543,7.1941,gvf,8.8819,6.5656,28.849,0.38755,fay_herriot,forms_mnt:h_sd+alt_mean+essence+greco;log,2005-2024,IGN IFN brut (Etalab 2.0) ; FORMS-T (CC-BY 4.0) ; spec 054 lot 3
F21,41,3,2.9651,37.518,gvf,8.6118,9.4916,35.775,0.02921,fay_herriot,forms_mnt:h_sd+alt_mean+essence+greco;log,2005-2024,IGN IFN brut (Etalab 2.0) ; FORMS-T (CC-BY 4.0) ; spec 054 lot 3
F21,49AM,24,6.1953,5.8255,direct,5.2927,1.9701,26.519,0.45829,fay_herriot,forms_mnt:h_sd+alt_mean+essence+greco;log,2005-2024,IGN IFN brut (Etalab 2.0) ; FORMS-T (CC-BY 4.0) ; spec 054 lot 3
F21,49BO,5,1.5944,0.0984,gvf,1.713,0.088501,17.367,0.76837,fay_herriot,forms_mnt:h_sd+alt_mean+essence+greco;log,2005-2024,IGN IFN brut (Etalab 2.0) ; FORMS-T (CC-BY 4.0) ; spec 054 lot 3
F21,49IA,28,4.1683,0.49678,direct,4.367,0.44857,15.337,0.81788,fay_herriot,forms_mnt:h_sd+alt_mean+essence+greco;log,2005-2024,IGN IFN brut (Etalab 2.0) ; FORMS-T (CC-BY 4.0) ; spec 054 lot 3
F21,49PS,1,3.1065,96.19,gvf,5.1507,3.5649,36.657,0.012718,fay_herriot,forms_mnt:h_sd+alt_mean+essence+greco;log,2005-2024,IGN IFN brut (Etalab 2.0) ; FORMS-T (CC-BY 4.0) ; spec 054 lot 3
F21,49SN,4,1.39,6.6894,gvf,4.0699,2.1178,35.757,0.035761,fay_herriot,forms_mnt:h_sd+alt_mean+essence+greco;log,2005-2024,IGN IFN brut (Etalab 2.0) ; FORMS-T (CC-BY 4.0) ; spec 054 lot 3
F21,51,2489,118.79,4.585,direct,118.75,4.5704,1.8003,0.99748,fay_herriot,forms_mnt:h_sd+alt_mean+essence+greco;log,2005-2024,IGN IFN brut (Etalab 2.0) ; FORMS-T (CC-BY 4.0) ; spec 054 lot 3
F21,52,3,21.241,1637.5,gvf,70.49,627.94,35.549,0.03417,fay_herriot,forms_mnt:h_sd+alt_mean+essence+greco;log,2005-2024,IGN IFN brut (Etalab 2.0) ; FORMS-T (CC-BY 4.0) ; spec 054 lot 3
F21,53CO,4,62.557,2387.1,gvf,108.1,1268.2,32.943,0.1739,fay_herriot,forms_mnt:h_sd+alt_mean+essence+greco;log,2005-2024,IGN IFN brut (Etalab 2.0) ; FORMS-T (CC-BY 4.0) ; spec 054 lot 3
F21,55,2,46.038,1533.6,gvf,65.951,535.89,35.101,0.15072,fay_herriot,forms_mnt:h_sd+alt_mean+essence+greco;log,2005-2024,IGN IFN brut (Etalab 2.0) ; FORMS-T (CC-BY 4.0) ; spec 054 lot 3
F21,61,1,31.794,4205.3,gvf,105.97,1438.7,35.792,0.029941,fay_herriot,forms_mnt:h_sd+alt_mean+essence+greco;log,2005-2024,IGN IFN brut (Etalab 2.0) ; FORMS-T (CC-BY 4.0) ; spec 054 lot 3
F21,64,1,33.681,19481,gvf,166.56,3628.4,36.164,0.0074216,fay_herriot,forms_mnt:h_sd+alt_mean+essence+greco;log,2005-2024,IGN IFN brut (Etalab 2.0) ; FORMS-T (CC-BY 4.0) ; spec 054 lot 3
F21,77,11,119.07,1548.5,direct,92.353,516.16,24.6,0.54037,fay_herriot,forms_mnt:h_sd+alt_mean+essence+greco;log,2005-2024,IGN IFN brut (Etalab 2.0) ; FORMS-T (CC-BY 4.0) ; spec 054 lot 3
F22,02,202,29.273,6.7725,direct,30.931,7.1313,8.6336,0.94202,fay_herriot,forms_mnt:h_sd+alt_mean+essence+greco;log,2005-2024,IGN IFN brut (Etalab 2.0) ; FORMS-T (CC-BY 4.0) ; spec 054 lot 3
F22,03,1,21.623,8212.7,gvf,91.629,1089.9,36.029,0.0072567,fay_herriot,forms_mnt:h_sd+alt_mean+essence+greco;log,2005-2024,IGN IFN brut (Etalab 2.0) ; FORMS-T (CC-BY 4.0) ; spec 054 lot 3
F22,05,26,38.217,60.629,direct,41.037,53.16,17.767,0.7557,fay_herriot,forms_mnt:h_sd+alt_mean+essence+greco;log,2005-2024,IGN IFN brut (Etalab 2.0) ; FORMS-T (CC-BY 4.0) ; spec 054 lot 3
F22,06,106,21.253,6.7624,direct,22.254,6.6767,11.611,0.89558,fay_herriot,forms_mnt:h_sd+alt_mean+essence+greco;log,2005-2024,IGN IFN brut (Etalab 2.0) ; FORMS-T (CC-BY 4.0) ; spec 054 lot 3
F22,07,6,18.587,287.72,gvf,36.074,155.78,34.599,0.13358,fay_herriot,forms_mnt:h_sd+alt_mean+essence+greco;log,2005-2024,IGN IFN brut (Etalab 2.0) ; FORMS-T (CC-BY 4.0) ; spec 054 lot 3
F22,08S,60,18.106,8.4572,direct,20.057,8.8728,14.851,0.8327,fay_herriot,forms_mnt:h_sd+alt_mean+essence+greco;log,2005-2024,IGN IFN brut (Etalab 2.0) ; FORMS-T (CC-BY 4.0) ; spec 054 lot 3
F22,10,1,141.85,5536.9,gvf,83.247,614.98,29.79,0.31817,fay_herriot,forms_mnt:h_sd+alt_mean+essence+greco;log,2005-2024,IGN IFN brut (Etalab 2.0) ; FORMS-T (CC-BY 4.0) ; spec 054 lot 3
F22,12P,2,30.88,685.51,gvf,43.04,210.52,33.711,0.15155,fay_herriot,forms_mnt:h_sd+alt_mean+essence+greco;log,2005-2024,IGN IFN brut (Etalab 2.0) ; FORMS-T (CC-BY 4.0) ; spec 054 lot 3
F22,13G,4,157.94,3528.9,gvf,103.24,726.13,26.102,0.47579,fay_herriot,forms_mnt:h_sd+alt_mean+essence+greco;log,2005-2024,IGN IFN brut (Etalab 2.0) ; FORMS-T (CC-BY 4.0) ; spec 054 lot 3
F22,14,14,28.375,90.564,direct,39.742,95.813,24.63,0.53304,fay_herriot,forms_mnt:h_sd+alt_mean+essence+greco;log,2005-2024,IGN IFN brut (Etalab 2.0) ; FORMS-T (CC-BY 4.0) ; spec 054 lot 3
F22,15P,1,49.305,160.76,gvf,41.697,76.957,21.039,0.66006,fay_herriot,forms_mnt:h_sd+alt_mean+essence+greco;log,2005-2024,IGN IFN brut (Etalab 2.0) ; FORMS-T (CC-BY 4.0) ; spec 054 lot 3
F22,15S,1,63.779,452.8,gvf,47.431,135.88,24.576,0.53564,fay_herriot,forms_mnt:h_sd+alt_mean+essence+greco;log,2005-2024,IGN IFN brut (Etalab 2.0) ; FORMS-T (CC-BY 4.0) ; spec 054 lot 3
F22,17C,7,10.201,557.99,gvf,48.731,303.07,35.725,0.023387,fay_herriot,forms_mnt:h_sd+alt_mean+essence+greco;log,2005-2024,IGN IFN brut (Etalab 2.0) ; FORMS-T (CC-BY 4.0) ; spec 054 lot 3
F22,18C,7,10.314,46.654,gvf,12.867,16.78,31.835,0.22646,fay_herriot,forms_mnt:h_sd+alt_mean+essence+greco;log,2005-2024,IGN IFN brut (Etalab 2.0) ; FORMS-T (CC-BY 4.0) ; spec 054 lot 3
F22,19,1,9.0828,20788,gvf,160.69,3392.5,36.246,0.00050931,fay_herriot,forms_mnt:h_sd+alt_mean+essence+greco;log,2005-2024,IGN IFN brut (Etalab 2.0) ; FORMS-T (CC-BY 4.0) ; spec 054 lot 3
F22,21C,1,4.4002,866.77,gvf,21.288,59.27,36.165,0.0028601,fay_herriot,forms_mnt:h_sd+alt_mean+essence+greco;log,2005-2024,IGN IFN brut (Etalab 2.0) ; FORMS-T (CC-BY 4.0) ; spec 054 lot 3
F22,21M,1,1.2094,283.19,gvf,14.955,30.373,36.852,0.00066279,fay_herriot,forms_mnt:h_sd+alt_mean+essence+greco;log,2005-2024,IGN IFN brut (Etalab 2.0) ; FORMS-T (CC-BY 4.0) ; spec 054 lot 3
F22,23C,1,12.027,103.03,gvf,11.288,14.481,33.712,0.15273,fay_herriot,forms_mnt:h_sd+alt_mean+essence+greco;log,2005-2024,IGN IFN brut (Etalab 2.0) ; FORMS-T (CC-BY 4.0) ; spec 054 lot 3
F22,24,3,47.252,728.82,gvf,46.349,201.01,30.589,0.28231,fay_herriot,forms_mnt:h_sd+alt_mean+essence+greco;log,2005-2024,IGN IFN brut (Etalab 2.0) ; FORMS-T (CC-BY 4.0) ; spec 054 lot 3
F22,25C,3,5.6448,103.94,gvf,16.699,36.045,35.954,0.037873,fay_herriot,forms_mnt:h_sd+alt_mean+essence+greco;log,2005-2024,IGN IFN brut (Etalab 2.0) ; FORMS-T (CC-BY 4.0) ; spec 054 lot 3
F22,25R,4,22.625,100.33,gvf,23.359,44.482,28.552,0.39582,fay_herriot,forms_mnt:h_sd+alt_mean+essence+greco;log,2005-2024,IGN IFN brut (Etalab 2.0) ; FORMS-T (CC-BY 4.0) ; spec 054 lot 3
F22,26OC,1,46.374,5406.9,gvf,15.239,29.278,35.506,0.048591,fay_herriot,forms_mnt:h_sd+alt_mean+essence+greco;log,2005-2024,IGN IFN brut (Etalab 2.0) ; FORMS-T (CC-BY 4.0) ; spec 054 lot 3
F22,33N,2,44.394,6545.9,gvf,90.786,1060.8,35.876,0.037221,fay_herriot,forms_mnt:h_sd+alt_mean+essence+greco;log,2005-2024,IGN IFN brut (Etalab 2.0) ; FORMS-T (CC-BY 4.0) ; spec 054 lot 3
F22,40,42,4.6065,0.80454,direct,5.7161,0.97746,17.296,0.77203,fay_herriot,forms_mnt:h_sd+alt_mean+essence+greco;log,2005-2024,IGN IFN brut (Etalab 2.0) ; FORMS-T (CC-BY 4.0) ; spec 054 lot 3
F22,49AM,3,1.6285,13.553,gvf,4.6818,2.7984,35.731,0.02451,fay_herriot,forms_mnt:h_sd+alt_mean+essence+greco;log,2005-2024,IGN IFN brut (Etalab 2.0) ; FORMS-T (CC-BY 4.0) ; spec 054 lot 3
F22,49BO,1,1.6942,0.492,gvf,1.9953,0.30234,27.557,0.42829,fay_herriot,forms_mnt:h_sd+alt_mean+essence+greco;log,2005-2024,IGN IFN brut (Etalab 2.0) ; FORMS-T (CC-BY 4.0) ; spec 054 lot 3
F22,49IA,10,2.8658,0.31158,direct,3.337,0.32851,17.176,0.77192,fay_herriot,forms_mnt:h_sd+alt_mean+essence+greco;log,2005-2024,IGN IFN brut (Etalab 2.0) ; FORMS-T (CC-BY 4.0) ; spec 054 lot 3
F22,49LN,2,7.0484,224.27,gvf,30.139,141.04,39.404,0.027657,fay_herriot,forms_mnt:h_sd+alt_mean+essence+greco;log,2005-2024,IGN IFN brut (Etalab 2.0) ; FORMS-T (CC-BY 4.0) ; spec 054 lot 3
F22,51,704,156.51,19.96,direct,156.13,19.741,2.8458,0.99369,fay_herriot,forms_mnt:h_sd+alt_mean+essence+greco;log,2005-2024,IGN IFN brut (Etalab 2.0) ; FORMS-T (CC-BY 4.0) ; spec 054 lot 3
F22,53CO,1,10.184,9548.5,gvf,125.44,2073.8,36.304,0.0013928,fay_herriot,forms_mnt:h_sd+alt_mean+essence+greco;log,2005-2024,IGN IFN brut (Etalab 2.0) ; FORMS-T (CC-BY 4.0) ; spec 054 lot 3
F22,65,1,15.181,5709.7,gvf,77.496,851.55,37.655,0.005156,fay_herriot,forms_mnt:h_sd+alt_mean+essence+greco;log,2005-2024,IGN IFN brut (Etalab 2.0) ; FORMS-T (CC-BY 4.0) ; spec 054 lot 3
F22,68CL,1,24.081,17011,gvf,77.819,1011.3,40.865,0.004358,fay_herriot,forms_mnt:h_sd+alt_mean+essence+greco;log,2005-2024,IGN IFN brut (Etalab 2.0) ; FORMS-T (CC-BY 4.0) ; spec 054 lot 3
F22,68CM,4,98.068,807.34,gvf,86.357,386.92,22.778,0.60468,fay_herriot,forms_mnt:h_sd+alt_mean+essence+greco;log,2005-2024,IGN IFN brut (Etalab 2.0) ; FORMS-T (CC-BY 4.0) ; spec 054 lot 3
F23,02,724,75.248,7.5008,direct,75.196,7.4157,3.6214,0.98979,fay_herriot,forms_mnt:h_sd+alt_mean+essence+greco;log,2005-2024,IGN IFN brut (Etalab 2.0) ; FORMS-T (CC-BY 4.0) ; spec 054 lot 3
F23,03,22,59.978,126.16,direct,64.822,116.24,16.632,0.78547,fay_herriot,forms_mnt:h_sd+alt_mean+essence+greco;log,2005-2024,IGN IFN brut (Etalab 2.0) ; FORMS-T (CC-BY 4.0) ; spec 054 lot 3
F23,04,8,28.37,713.66,gvf,59.124,405.65,34.065,0.12649,fay_herriot,forms_mnt:h_sd+alt_mean+essence+greco;log,2005-2024,IGN IFN brut (Etalab 2.0) ; FORMS-T (CC-BY 4.0) ; spec 054 lot 3
F23,05,77,54.083,59.02,direct,53.15,49.43,13.228,0.8642,fay_herriot,forms_mnt:h_sd+alt_mean+essence+greco;log,2005-2024,IGN IFN brut (Etalab 2.0) ; FORMS-T (CC-BY 4.0) ; spec 054 lot 3
F23,07,340,32.042,2.8892,direct,32.144,2.8507,5.2526,0.97855,fay_herriot,forms_mnt:h_sd+alt_mean+essence+greco;log,2005-2024,IGN IFN brut (Etalab 2.0) ; FORMS-T (CC-BY 4.0) ; spec 054 lot 3
F23,08S,2,14.19,202.05,gvf,28.414,104.74,36.019,0.11344,fay_herriot,forms_mnt:h_sd+alt_mean+essence+greco;log,2005-2024,IGN IFN brut (Etalab 2.0) ; FORMS-T (CC-BY 4.0) ; spec 054 lot 3
F23,09,1,14.837,5163.4,gvf,67.361,590.41,36.072,0.0054444,fay_herriot,forms_mnt:h_sd+alt_mean+essence+greco;log,2005-2024,IGN IFN brut (Etalab 2.0) ; FORMS-T (CC-BY 4.0) ; spec 054 lot 3
F23,10,376,48.505,7.9336,direct,48.778,7.822,5.7337,0.97441,fay_herriot,forms_mnt:h_sd+alt_mean+essence+greco;log,2005-2024,IGN IFN brut (Etalab 2.0) ; FORMS-T (CC-BY 4.0) ; spec 054 lot 3
F23,11,183,54.167,25.693,direct,52.76,22.854,9.0609,0.93616,fay_herriot,forms_mnt:h_sd+alt_mean+essence+greco;log,2005-2024,IGN IFN brut (Etalab 2.0) ; FORMS-T (CC-BY 4.0) ; spec 054 lot 3
F23,12P,1,54.19,1371,gvf,44.774,209.95,32.362,0.2157,fay_herriot,forms_mnt:h_sd+alt_mean+essence+greco;log,2005-2024,IGN IFN brut (Etalab 2.0) ; FORMS-T (CC-BY 4.0) ; spec 054 lot 3
F23,12V,37,20.502,21.217,direct,22.373,18.249,19.094,0.71781,fay_herriot,forms_mnt:h_sd+alt_mean+essence+greco;log,2005-2024,IGN IFN brut (Etalab 2.0) ; FORMS-T (CC-BY 4.0) ; spec 054 lot 3
F23,13G,28,92.132,420.2,direct,83.713,252.03,18.964,0.72175,fay_herriot,forms_mnt:h_sd+alt_mean+essence+greco;log,2005-2024,IGN IFN brut (Etalab 2.0) ; FORMS-T (CC-BY 4.0) ; spec 054 lot 3
F23,14,62,41.449,33.793,direct,42.964,31.593,13.083,0.86716,fay_herriot,forms_mnt:h_sd+alt_mean+essence+greco;log,2005-2024,IGN IFN brut (Etalab 2.0) ; FORMS-T (CC-BY 4.0) ; spec 054 lot 3
F23,15P,1,23.04,160.76,gvf,26.43,64.775,30.451,0.29775,fay_herriot,forms_mnt:h_sd+alt_mean+essence+greco;log,2005-2024,IGN IFN brut (Etalab 2.0) ; FORMS-T (CC-BY 4.0) ; spec 054 lot 3
F23,15S,1,7.8376,452.8,gvf,30.62,121.42,35.987,0.017121,fay_herriot,forms_mnt:h_sd+alt_mean+essence+greco;log,2005-2024,IGN IFN brut (Etalab 2.0) ; FORMS-T (CC-BY 4.0) ; spec 054 lot 3
F23,16,1,11.612,169.12,gvf,13.217,20.96,34.639,0.092874,fay_herriot,forms_mnt:h_sd+alt_mean+essence+greco;log,2005-2024,IGN IFN brut (Etalab 2.0) ; FORMS-T (CC-BY 4.0) ; spec 054 lot 3
F23,17C,36,38.634,82.233,direct,40.992,65.159,19.692,0.69975,fay_herriot,forms_mnt:h_sd+alt_mean+essence+greco;log,2005-2024,IGN IFN brut (Etalab 2.0) ; FORMS-T (CC-BY 4.0) ; spec 054 lot 3
F23,17O,5,50.707,485.48,gvf,46.056,168.43,28.179,0.40478,fay_herriot,forms_mnt:h_sd+alt_mean+essence+greco;log,2005-2024,IGN IFN brut (Etalab 2.0) ; FORMS-T (CC-BY 4.0) ; spec 054 lot 3
F23,18C,19,7.4718,1.8005,direct,8.3207,1.7944,16.099,0.79926,fay_herriot,forms_mnt:h_sd+alt_mean+essence+greco;log,2005-2024,IGN IFN brut (Etalab 2.0) ; FORMS-T (CC-BY 4.0) ; spec 054 lot 3
F23,19,28,114.55,239.98,direct,118.44,225.27,12.672,0.87533,fay_herriot,forms_mnt:h_sd+alt_mean+essence+greco;log,2005-2024,IGN IFN brut (Etalab 2.0) ; FORMS-T (CC-BY 4.0) ; spec 054 lot 3
F23,20G,5,5.9625,329.89,gvf,38.652,196.38,36.256,0.013649,fay_herriot,forms_mnt:h_sd+alt_mean+essence+greco;log,2005-2024,IGN IFN brut (Etalab 2.0) ; FORMS-T (CC-BY 4.0) ; spec 054 lot 3
F23,20P,1,61.135,7061,gvf,40.514,203.96,35.251,0.063641,fay_herriot,forms_mnt:h_sd+alt_mean+essence+greco;log,2005-2024,IGN IFN brut (Etalab 2.0) ; FORMS-T (CC-BY 4.0) ; spec 054 lot 3
F23,20X,1,141.84,2829.1,gvf,41.313,116.59,26.136,0.4773,fay_herriot,forms_mnt:h_sd+alt_mean+essence+greco;log,2005-2024,IGN IFN brut (Etalab 2.0) ; FORMS-T (CC-BY 4.0) ; spec 054 lot 3
F23,21C,11,30.777,109.57,direct,25.027,38.521,24.8,0.52607,fay_herriot,forms_mnt:h_sd+alt_mean+essence+greco;log,2005-2024,IGN IFN brut (Etalab 2.0) ; FORMS-T (CC-BY 4.0) ; spec 054 lot 3
F23,22M,62,17.363,9.6393,direct,17.961,8.2913,16.032,0.80064,fay_herriot,forms_mnt:h_sd+alt_mean+essence+greco;log,2005-2024,IGN IFN brut (Etalab 2.0) ; FORMS-T (CC-BY 4.0) ; spec 054 lot 3
F23,22S,2,124.16,1659.9,gvf,63.576,269.79,25.835,0.54391,fay_herriot,forms_mnt:h_sd+alt_mean+essence+greco;log,2005-2024,IGN IFN brut (Etalab 2.0) ; FORMS-T (CC-BY 4.0) ; spec 054 lot 3
F23,23C,10,9.2552,5.6614,direct,9.6234,4.1139,21.076,0.66018,fay_herriot,forms_mnt:h_sd+alt_mean+essence+greco;log,2005-2024,IGN IFN brut (Etalab 2.0) ; FORMS-T (CC-BY 4.0) ; spec 054 lot 3
F23,23PC,3,3.9958,8.7248,gvf,6.6848,4.7898,32.739,0.19027,fay_herriot,forms_mnt:h_sd+alt_mean+essence+greco;log,2005-2024,IGN IFN brut (Etalab 2.0) ; FORMS-T (CC-BY 4.0) ; spec 054 lot 3
F23,23PD,2,14.524,47.854,gvf,13.079,14.894,29.507,0.36145,fay_herriot,forms_mnt:h_sd+alt_mean+essence+greco;log,2005-2024,IGN IFN brut (Etalab 2.0) ; FORMS-T (CC-BY 4.0) ; spec 054 lot 3
F23,23PF,1,19.954,64.526,gvf,15.974,18.628,27.018,0.44206,fay_herriot,forms_mnt:h_sd+alt_mean+essence+greco;log,2005-2024,IGN IFN brut (Etalab 2.0) ; FORMS-T (CC-BY 4.0) ; spec 054 lot 3
F23,23PM,4,5.338,17.026,gvf,7.2156,5.6488,32.938,0.17688,fay_herriot,forms_mnt:h_sd+alt_mean+essence+greco;log,2005-2024,IGN IFN brut (Etalab 2.0) ; FORMS-T (CC-BY 4.0) ; spec 054 lot 3
F23,24,53,50.267,99.608,direct,48.401,71.028,17.412,0.76511,fay_herriot,forms_mnt:h_sd+alt_mean+essence+greco;log,2005-2024,IGN IFN brut (Etalab 2.0) ; FORMS-T (CC-BY 4.0) ; spec 054 lot 3
F23,25B,1,40.181,907.57,gvf,49.63,266.78,32.911,0.18595,fay_herriot,forms_mnt:h_sd+alt_mean+essence+greco;log,2005-2024,IGN IFN brut (Etalab 2.0) ; FORMS-T (CC-BY 4.0) ; spec 054 lot 3
F23,25C,39,11.46,7.2389,direct,12.718,6.3307,19.784,0.69964,fay_herriot,forms_mnt:h_sd+alt_mean+essence+greco;log,2005-2024,IGN IFN brut (Etalab 2.0) ; FORMS-T (CC-BY 4.0) ; spec 054 lot 3
F23,25FR,3,23.863,82.011,gvf,37.114,100.1,26.957,0.47135,fay_herriot,forms_mnt:h_sd+alt_mean+essence+greco;log,2005-2024,IGN IFN brut (Etalab 2.0) ; FORMS-T (CC-BY 4.0) ; spec 054 lot 3
F23,25M,19,15.151,16.168,direct,15.101,10.458,21.415,0.64576,fay_herriot,forms_mnt:h_sd+alt_mean+essence+greco;log,2005-2024,IGN IFN brut (Etalab 2.0) ; FORMS-T (CC-BY 4.0) ; spec 054 lot 3
F23,25R,2,8.4447,200.65,gvf,21.273,59.991,36.409,0.043644,fay_herriot,forms_mnt:h_sd+alt_mean+essence+greco;log,2005-2024,IGN IFN brut (Etalab 2.0) ; FORMS-T (CC-BY 4.0) ; spec 054 lot 3
F23,26OC,1,19.733,5406.9,gvf,13.441,23.737,36.248,0.0091623,fay_herriot,forms_mnt:h_sd+alt_mean+essence+greco;log,2005-2024,IGN IFN brut (Etalab 2.0) ; FORMS-T (CC-BY 4.0) ; spec 054 lot 3
F23,27C,2,6.0228,70.593,gvf,15.364,29.372,35.274,0.061895,fay_herriot,forms_mnt:h_sd+alt_mean+essence+greco;log,2005-2024,IGN IFN brut (Etalab 2.0) ; FORMS-T (CC-BY 4.0) ; spec 054 lot 3
F23,29AF,1,4.7877,46.428,gvf,5.7615,4.4296,36.53,0.059615,fay_herriot,forms_mnt:h_sd+alt_mean+essence+greco;log,2005-2024,IGN IFN brut (Etalab 2.0) ; FORMS-T (CC-BY 4.0) ; spec 054 lot 3
F23,29MA,1,8.332,5245.1,gvf,59.07,561.1,40.101,0.0016966,fay_herriot,forms_mnt:h_sd+alt_mean+essence+greco;log,2005-2024,IGN IFN brut (Etalab 2.0) ; FORMS-T (CC-BY 4.0) ; spec 054 lot 3
F23,31,12,8.1131,4.2665,direct,7.8731,2.6897,20.831,0.66454,fay_herriot,forms_mnt:h_sd+alt_mean+essence+greco;log,2005-2024,IGN IFN brut (Etalab 2.0) ; FORMS-T (CC-BY 4.0) ; spec 054 lot 3
F23,33B,1,150.32,29031,gvf,118.06,2006.6,37.942,0.090856,fay_herriot,forms_mnt:h_sd+alt_mean+essence+greco;log,2005-2024,IGN IFN brut (Etalab 2.0) ; FORMS-T (CC-BY 4.0) ; spec 054 lot 3
F23,33N,7,84.598,1870.3,gvf,86.083,656.32,29.76,0.32947,fay_herriot,forms_mnt:h_sd+alt_mean+essence+greco;log,2005-2024,IGN IFN brut (Etalab 2.0) ; FORMS-T (CC-BY 4.0) ; spec 054 lot 3
F23,41,50,7.1938,1.1906,direct,7.3897,1.0702,13.999,0.84805,fay_herriot,forms_mnt:h_sd+alt_mean+essence+greco;log,2005-2024,IGN IFN brut (Etalab 2.0) ; FORMS-T (CC-BY 4.0) ; spec 054 lot 3
F23,49AM,55,3.9647,0.94434,direct,4.12,0.69934,20.298,0.68126,fay_herriot,forms_mnt:h_sd+alt_mean+essence+greco;log,2005-2024,IGN IFN brut (Etalab 2.0) ; FORMS-T (CC-BY 4.0) ; spec 054 lot 3
F23,49BO,2,1.2802,0.246,gvf,1.6708,0.19942,26.728,0.46107,fay_herriot,forms_mnt:h_sd+alt_mean+essence+greco;log,2005-2024,IGN IFN brut (Etalab 2.0) ; FORMS-T (CC-BY 4.0) ; spec 054 lot 3
F23,49EV,1,9.7628,4.182,gvf,6.9549,1.6095,18.241,0.74532,fay_herriot,forms_mnt:h_sd+alt_mean+essence+greco;log,2005-2024,IGN IFN brut (Etalab 2.0) ; FORMS-T (CC-BY 4.0) ; spec 054 lot 3
F23,49IA,1,1.7693,45.659,gvf,5.1478,3.4744,36.209,0.0087261,fay_herriot,forms_mnt:h_sd+alt_mean+essence+greco;log,2005-2024,IGN IFN brut (Etalab 2.0) ; FORMS-T (CC-BY 4.0) ; spec 054 lot 3
F23,49PC,1,8.6492,435.74,gvf,13.268,22.83,36.014,0.021569,fay_herriot,forms_mnt:h_sd+alt_mean+essence+greco;log,2005-2024,IGN IFN brut (Etalab 2.0) ; FORMS-T (CC-BY 4.0) ; spec 054 lot 3
F23,49PS,5,3.1882,19.238,gvf,4.8637,3.0066,35.651,0.063534,fay_herriot,forms_mnt:h_sd+alt_mean+essence+greco;log,2005-2024,IGN IFN brut (Etalab 2.0) ; FORMS-T (CC-BY 4.0) ; spec 054 lot 3
F23,49SN,3,8.3956,8.9192,gvf,5.8745,2.2375,25.463,0.50366,fay_herriot,forms_mnt:h_sd+alt_mean+essence+greco;log,2005-2024,IGN IFN brut (Etalab 2.0) ; FORMS-T (CC-BY 4.0) ; spec 054 lot 3
F23,51,733,102.26,13.056,direct,102.23,12.926,3.5169,0.99037,fay_herriot,forms_mnt:h_sd+alt_mean+essence+greco;log,2005-2024,IGN IFN brut (Etalab 2.0) ; FORMS-T (CC-BY 4.0) ; spec 054 lot 3
F23,52,15,38.84,361.33,direct,57.523,280.26,29.103,0.34899,fay_herriot,forms_mnt:h_sd+alt_mean+essence+greco;log,2005-2024,IGN IFN brut (Etalab 2.0) ; FORMS-T (CC-BY 4.0) ; spec 054 lot 3
F23,53CO,16,90.498,215.45,direct,94.551,196.17,14.813,0.82996,fay_herriot,forms_mnt:h_sd+alt_mean+essence+greco;log,2005-2024,IGN IFN brut (Etalab 2.0) ; FORMS-T (CC-BY 4.0) ; spec 054 lot 3
F23,54,5,122.93,2569.3,gvf,114.45,979.93,27.351,0.43025,fay_herriot,forms_mnt:h_sd+alt_mean+essence+greco;log,2005-2024,IGN IFN brut (Etalab 2.0) ; FORMS-T (CC-BY 4.0) ; spec 054 lot 3
F23,55,1,77.753,3067.1,gvf,69.755,559.35,33.905,0.20197,fay_herriot,forms_mnt:h_sd+alt_mean+essence+greco;log,2005-2024,IGN IFN brut (Etalab 2.0) ; FORMS-T (CC-BY 4.0) ; spec 054 lot 3
F23,62,1,1.5033,6162.9,gvf,111.88,1651.5,36.322,4.7086e-05,fay_herriot,forms_mnt:h_sd+alt_mean+essence+greco;log,2005-2024,IGN IFN brut (Etalab 2.0) ; FORMS-T (CC-BY 4.0) ; spec 054 lot 3
F23,64,1,95.383,19481,gvf,157.89,3095.5,35.238,0.056573,fay_herriot,forms_mnt:h_sd+alt_mean+essence+greco;log,2005-2024,IGN IFN brut (Etalab 2.0) ; FORMS-T (CC-BY 4.0) ; spec 054 lot 3
F23,68CM,1,24.296,3229.4,gvf,64.632,551.72,36.343,0.022932,fay_herriot,forms_mnt:h_sd+alt_mean+essence+greco;log,2005-2024,IGN IFN brut (Etalab 2.0) ; FORMS-T (CC-BY 4.0) ; spec 054 lot 3
F23,69JC,1,2.4822,12.973,gvf,3.2206,1.319,35.659,0.057476,fay_herriot,forms_mnt:h_sd+alt_mean+essence+greco;log,2005-2024,IGN IFN brut (Etalab 2.0) ; FORMS-T (CC-BY 4.0) ; spec 054 lot 3
F23,70SB,1,6.0018,,gvf,6.0018,,,1,direct,forms_mnt:h_sd+alt_mean+essence+greco;log,2005-2024,IGN IFN brut (Etalab 2.0) ; FORMS-T (CC-BY 4.0) ; spec 054 lot 3
F23,77,12,83.825,1122.6,direct,73.501,396.3,27.084,0.44559,fay_herriot,forms_mnt:h_sd+alt_mean+essence+greco;log,2005-2024,IGN IFN brut (Etalab 2.0) ; FORMS-T (CC-BY 4.0) ; spec 054 lot 3
F30,02,1293,83.916,4.3054,direct,83.863,4.28,2.4669,0.99526,fay_herriot,forms_mnt:h_sd+alt_mean+essence+greco;log,2005-2024,IGN IFN brut (Etalab 2.0) ; FORMS-T (CC-BY 4.0) ; spec 054 lot 3
F30,03,350,101.28,25.921,direct,101.04,25.314,4.9793,0.9807,fay_herriot,forms_mnt:h_sd+alt_mean+essence+greco;log,2005-2024,IGN IFN brut (Etalab 2.0) ; FORMS-T (CC-BY 4.0) ; spec 054 lot 3
F30,04,28,81.813,223.96,direct,78.889,166.6,16.361,0.79328,fay_herriot,forms_mnt:h_sd+alt_mean+essence+greco;log,2005-2024,IGN IFN brut (Etalab 2.0) ; FORMS-T (CC-BY 4.0) ; spec 054 lot 3
F30,05,1566,94.872,4.3474,direct,94.642,4.3105,2.1937,0.99625,fay_herriot,forms_mnt:h_sd+alt_mean+essence+greco;log,2005-2024,IGN IFN brut (Etalab 2.0) ; FORMS-T (CC-BY 4.0) ; spec 054 lot 3
F30,06,41,22.356,23.123,direct,24.593,20.854,18.569,0.73514,fay_herriot,forms_mnt:h_sd+alt_mean+essence+greco;log,2005-2024,IGN IFN brut (Etalab 2.0) ; FORMS-T (CC-BY 4.0) ; spec 054 lot 3
F30,07,48,54.499,60.799,direct,52.008,48.341,13.369,0.8625,fay_herriot,forms_mnt:h_sd+alt_mean+essence+greco;log,2005-2024,IGN IFN brut (Etalab 2.0) ; FORMS-T (CC-BY 4.0) ; spec 054 lot 3
F30,08S,4,19.944,101.03,gvf,27.529,71.437,30.702,0.33579,fay_herriot,forms_mnt:h_sd+alt_mean+essence+greco;log,2005-2024,IGN IFN brut (Etalab 2.0) ; FORMS-T (CC-BY 4.0) ; spec 054 lot 3
F30,09,96,64.069,59.016,direct,64.723,54.277,11.383,0.89931,fay_herriot,forms_mnt:h_sd+alt_mean+essence+greco;log,2005-2024,IGN IFN brut (Etalab 2.0) ; FORMS-T (CC-BY 4.0) ; spec 054 lot 3
F30,10,458,57.067,8.0857,direct,57.175,7.9654,4.9363,0.98103,fay_herriot,forms_mnt:h_sd+alt_mean+essence+greco;log,2005-2024,IGN IFN brut (Etalab 2.0) ; FORMS-T (CC-BY 4.0) ; spec 054 lot 3
F30,11,483,43.211,5.7081,direct,43.067,5.5413,5.4659,0.97675,fay_herriot,forms_mnt:h_sd+alt_mean+essence+greco;log,2005-2024,IGN IFN brut (Etalab 2.0) ; FORMS-T (CC-BY 4.0) ; spec 054 lot 3
F30,12V,46,32.994,32.952,direct,32.224,25.542,15.684,0.80923,fay_herriot,forms_mnt:h_sd+alt_mean+essence+greco;log,2005-2024,IGN IFN brut (Etalab 2.0) ; FORMS-T (CC-BY 4.0) ; spec 054 lot 3
F30,13G,76,96.598,125.51,direct,93.452,106.57,11.047,0.90518,fay_herriot,forms_mnt:h_sd+alt_mean+essence+greco;log,2005-2024,IGN IFN brut (Etalab 2.0) ; FORMS-T (CC-BY 4.0) ; spec 054 lot 3
F30,14,273,47.243,11.466,direct,47.575,11.191,7.0317,0.96153,fay_herriot,forms_mnt:h_sd+alt_mean+essence+greco;log,2005-2024,IGN IFN brut (Etalab 2.0) ; FORMS-T (CC-BY 4.0) ; spec 054 lot 3
F30,15P,6,13.942,26.793,gvf,20.454,28.396,26.053,0.48228,fay_herriot,forms_mnt:h_sd+alt_mean+essence+greco;log,2005-2024,IGN IFN brut (Etalab 2.0) ; FORMS-T (CC-BY 4.0) ; spec 054 lot 3
F30,15S,12,30.245,89.241,direct,31.288,54.917,23.685,0.56826,fay_herriot,forms_mnt:h_sd+alt_mean+essence+greco;log,2005-2024,IGN IFN brut (Etalab 2.0) ; FORMS-T (CC-BY 4.0) ; spec 054 lot 3
F30,17C,351,43.235,9.1948,direct,43.439,8.9457,6.8854,0.96311,fay_herriot,forms_mnt:h_sd+alt_mean+essence+greco;log,2005-2024,IGN IFN brut (Etalab 2.0) ; FORMS-T (CC-BY 4.0) ; spec 054 lot 3
F30,17F,4,16.245,109.24,gvf,17.612,34.946,33.565,0.23675,fay_herriot,forms_mnt:h_sd+alt_mean+essence+greco;log,2005-2024,IGN IFN brut (Etalab 2.0) ; FORMS-T (CC-BY 4.0) ; spec 054 lot 3
F30,17O,50,34.511,39.949,direct,36.463,35.846,16.42,0.79288,fay_herriot,forms_mnt:h_sd+alt_mean+essence+greco;log,2005-2024,IGN IFN brut (Etalab 2.0) ; FORMS-T (CC-BY 4.0) ; spec 054 lot 3
F30,18C,340,11.052,0.9538,direct,11.171,0.92007,8.5864,0.94267,fay_herriot,forms_mnt:h_sd+alt_mean+essence+greco;log,2005-2024,IGN IFN brut (Etalab 2.0) ; FORMS-T (CC-BY 4.0) ; spec 054 lot 3
F30,18D,4,43.611,211.42,gvf,41.922,115.89,25.679,0.53599,fay_herriot,forms_mnt:h_sd+alt_mean+essence+greco;log,2005-2024,IGN IFN brut (Etalab 2.0) ; FORMS-T (CC-BY 4.0) ; spec 054 lot 3
F30,18M,1,10.854,333.11,gvf,17.031,38.837,36.593,0.043439,fay_herriot,forms_mnt:h_sd+alt_mean+essence+greco;log,2005-2024,IGN IFN brut (Etalab 2.0) ; FORMS-T (CC-BY 4.0) ; spec 054 lot 3
F30,19,282,133.48,46.634,direct,133.9,46.014,5.0659,0.98002,fay_herriot,forms_mnt:h_sd+alt_mean+essence+greco;log,2005-2024,IGN IFN brut (Etalab 2.0) ; FORMS-T (CC-BY 4.0) ; spec 054 lot 3
F30,20G,19,16.119,12.466,direct,20.832,15.322,18.79,0.72799,fay_herriot,forms_mnt:h_sd+alt_mean+essence+greco;log,2005-2024,IGN IFN brut (Etalab 2.0) ; FORMS-T (CC-BY 4.0) ; spec 054 lot 3
F30,20P,9,71.064,784.56,gvf,52.66,198.84,26.778,0.45251,fay_herriot,forms_mnt:h_sd+alt_mean+essence+greco;log,2005-2024,IGN IFN brut (Etalab 2.0) ; FORMS-T (CC-BY 4.0) ; spec 054 lot 3
F30,21C,335,22.339,1.834,direct,22.293,1.7768,5.9793,0.97217,fay_herriot,forms_mnt:h_sd+alt_mean+essence+greco;log,2005-2024,IGN IFN brut (Etalab 2.0) ; FORMS-T (CC-BY 4.0) ; spec 054 lot 3
F30,21M,10,12.361,21.271,direct,13.45,12.454,26.237,0.47981,fay_herriot,forms_mnt:h_sd+alt_mean+essence+greco;log,2005-2024,IGN IFN brut (Etalab 2.0) ; FORMS-T (CC-BY 4.0) ; spec 054 lot 3
F30,22M,375,20.571,2.443,direct,20.609,2.3485,7.4361,0.95697,fay_herriot,forms_mnt:h_sd+alt_mean+essence+greco;log,2005-2024,IGN IFN brut (Etalab 2.0) ; FORMS-T (CC-BY 4.0) ; spec 054 lot 3
F30,22S,5,14.99,663.94,gvf,29.013,133.91,39.885,0.041648,fay_herriot,forms_mnt:h_sd+alt_mean+essence+greco;log,2005-2024,IGN IFN brut (Etalab 2.0) ; FORMS-T (CC-BY 4.0) ; spec 054 lot 3
F30,23C,50,13.483,1.9758,direct,13.254,1.7678,10.032,0.92196,fay_herriot,forms_mnt:h_sd+alt_mean+essence+greco;log,2005-2024,IGN IFN brut (Etalab 2.0) ; FORMS-T (CC-BY 4.0) ; spec 054 lot 3
F30,23PC,10,8.3458,3.9748,direct,8.1968,2.6865,19.996,0.69232,fay_herriot,forms_mnt:h_sd+alt_mean+essence+greco;log,2005-2024,IGN IFN brut (Etalab 2.0) ; FORMS-T (CC-BY 4.0) ; spec 054 lot 3
F30,23PD,11,12.291,10.933,direct,12.494,7.4784,21.889,0.63954,fay_herriot,forms_mnt:h_sd+alt_mean+essence+greco;log,2005-2024,IGN IFN brut (Etalab 2.0) ; FORMS-T (CC-BY 4.0) ; spec 054 lot 3
F30,23PM,24,8.5878,4.576,direct,8.4027,2.9857,20.564,0.67421,fay_herriot,forms_mnt:h_sd+alt_mean+essence+greco;log,2005-2024,IGN IFN brut (Etalab 2.0) ; FORMS-T (CC-BY 4.0) ; spec 054 lot 3
F30,23SO,1,23.151,238.95,gvf,11.271,13.155,32.179,0.22361,fay_herriot,forms_mnt:h_sd+alt_mean+essence+greco;log,2005-2024,IGN IFN brut (Etalab 2.0) ; FORMS-T (CC-BY 4.0) ; spec 054 lot 3
F30,24,148,39.958,17.13,direct,40.301,16.109,9.9591,0.92289,fay_herriot,forms_mnt:h_sd+alt_mean+essence+greco;log,2005-2024,IGN IFN brut (Etalab 2.0) ; FORMS-T (CC-BY 4.0) ; spec 054 lot 3
F30,25B,22,36.1,34.509,direct,38.715,33.162,14.874,0.82903,fay_herriot,forms_mnt:h_sd+alt_mean+essence+greco;log,2005-2024,IGN IFN brut (Etalab 2.0) ; FORMS-T (CC-BY 4.0) ; spec 054 lot 3
F30,25C,38,13.096,5.2302,direct,13.755,4.7071,15.773,0.80808,fay_herriot,forms_mnt:h_sd+alt_mean+essence+greco;log,2005-2024,IGN IFN brut (Etalab 2.0) ; FORMS-T (CC-BY 4.0) ; spec 054 lot 3
F30,25FR,5,29.896,49.207,gvf,36.363,52.998,20.021,0.69991,fay_herriot,forms_mnt:h_sd+alt_mean+essence+greco;log,2005-2024,IGN IFN brut (Etalab 2.0) ; FORMS-T (CC-BY 4.0) ; spec 054 lot 3
F30,25M,51,16.895,9.2927,direct,16.638,7.2236,16.154,0.79774,fay_herriot,forms_mnt:h_sd+alt_mean+essence+greco;log,2005-2024,IGN IFN brut (Etalab 2.0) ; FORMS-T (CC-BY 4.0) ; spec 054 lot 3
F30,25R,10,18.648,35.015,direct,20.508,24.615,24.192,0.56048,fay_herriot,forms_mnt:h_sd+alt_mean+essence+greco;log,2005-2024,IGN IFN brut (Etalab 2.0) ; FORMS-T (CC-BY 4.0) ; spec 054 lot 3
F30,25V,1,34.205,339.61,gvf,29.684,113.5,35.89,0.30669,fay_herriot,forms_mnt:h_sd+alt_mean+essence+greco;log,2005-2024,IGN IFN brut (Etalab 2.0) ; FORMS-T (CC-BY 4.0) ; spec 054 lot 3
F30,26E,5,126.86,1332.8,gvf,142.01,1110,23.461,0.6079,fay_herriot,forms_mnt:h_sd+alt_mean+essence+greco;log,2005-2024,IGN IFN brut (Etalab 2.0) ; FORMS-T (CC-BY 4.0) ; spec 054 lot 3
F30,26OC,2,79.582,2703.4,gvf,20.894,44.203,31.82,0.23125,fay_herriot,forms_mnt:h_sd+alt_mean+essence+greco;log,2005-2024,IGN IFN brut (Etalab 2.0) ; FORMS-T (CC-BY 4.0) ; spec 054 lot 3
F30,27C,28,16.366,6.6712,direct,16.475,5.6964,14.486,0.83754,fay_herriot,forms_mnt:h_sd+alt_mean+essence+greco;log,2005-2024,IGN IFN brut (Etalab 2.0) ; FORMS-T (CC-BY 4.0) ; spec 054 lot 3
F30,27N,3,19.225,267.53,gvf,34.157,158.81,36.895,0.15067,fay_herriot,forms_mnt:h_sd+alt_mean+essence+greco;log,2005-2024,IGN IFN brut (Etalab 2.0) ; FORMS-T (CC-BY 4.0) ; spec 054 lot 3
F30,29AF,13,2.7535,0.73772,direct,3.8749,0.87159,24.093,0.5689,fay_herriot,forms_mnt:h_sd+alt_mean+essence+greco;log,2005-2024,IGN IFN brut (Etalab 2.0) ; FORMS-T (CC-BY 4.0) ; spec 054 lot 3
F30,29AI,7,88.438,975.79,gvf,79.831,640.23,31.695,0.50719,fay_herriot,forms_mnt:h_sd+alt_mean+essence+greco;log,2005-2024,IGN IFN brut (Etalab 2.0) ; FORMS-T (CC-BY 4.0) ; spec 054 lot 3
F30,29EN,9,34.133,81.582,gvf,33.871,54.94,21.884,0.6471,fay_herriot,forms_mnt:h_sd+alt_mean+essence+greco;log,2005-2024,IGN IFN brut (Etalab 2.0) ; FORMS-T (CC-BY 4.0) ; spec 054 lot 3
F30,29MA,3,30.981,1748.4,gvf,59.086,518.43,38.535,0.06585,fay_herriot,forms_mnt:h_sd+alt_mean+essence+greco;log,2005-2024,IGN IFN brut (Etalab 2.0) ; FORMS-T (CC-BY 4.0) ; spec 054 lot 3
F30,29MI,1,95.008,803.24,gvf,43.352,100.17,23.087,0.59066,fay_herriot,forms_mnt:h_sd+alt_mean+essence+greco;log,2005-2024,IGN IFN brut (Etalab 2.0) ; FORMS-T (CC-BY 4.0) ; spec 054 lot 3
F30,29PT,1,21.426,,gvf,21.426,,,1,direct,forms_mnt:h_sd+alt_mean+essence+greco;log,2005-2024,IGN IFN brut (Etalab 2.0) ; FORMS-T (CC-BY 4.0) ; spec 054 lot 3
F30,31,92,8.5655,1.5684,direct,8.4425,1.3104,13.559,0.85728,fay_herriot,forms_mnt:h_sd+alt_mean+essence+greco;log,2005-2024,IGN IFN brut (Etalab 2.0) ; FORMS-T (CC-BY 4.0) ; spec 054 lot 3
F30,332G,9,35.937,832.26,gvf,108.36,1487.2,35.59,0.16615,fay_herriot,forms_mnt:h_sd+alt_mean+essence+greco;log,2005-2024,IGN IFN brut (Etalab 2.0) ; FORMS-T (CC-BY 4.0) ; spec 054 lot 3
F30,33B,2,35.172,14516,gvf,118.66,2241.7,39.903,0.010825,fay_herriot,forms_mnt:h_sd+alt_mean+essence+greco;log,2005-2024,IGN IFN brut (Etalab 2.0) ; FORMS-T (CC-BY 4.0) ; spec 054 lot 3
F30,33G,6,103.41,2792.3,gvf,119.08,1294.1,30.208,0.32965,fay_herriot,forms_mnt:h_sd+alt_mean+essence+greco;log,2005-2024,IGN IFN brut (Etalab 2.0) ; FORMS-T (CC-BY 4.0) ; spec 054 lot 3
F30,33N,69,128.8,241.51,direct,124.27,202.82,11.46,0.89817,fay_herriot,forms_mnt:h_sd+alt_mean+essence+greco;log,2005-2024,IGN IFN brut (Etalab 2.0) ; FORMS-T (CC-BY 4.0) ; spec 054 lot 3
F30,34,6,33.357,2646.7,gvf,109.21,1740.3,38.198,0.051218,fay_herriot,forms_mnt:h_sd+alt_mean+essence+greco;log,2005-2024,IGN IFN brut (Etalab 2.0) ; FORMS-T (CC-BY 4.0) ; spec 054 lot 3
F30,36,3,69.923,3492.2,gvf,95.697,1635.7,42.262,0.15238,fay_herriot,forms_mnt:h_sd+alt_mean+essence+greco;log,2005-2024,IGN IFN brut (Etalab 2.0) ; FORMS-T (CC-BY 4.0) ; spec 054 lot 3
F30,40,6,3.7982,4.7961,gvf,8.458,7.081,31.461,0.27861,fay_herriot,forms_mnt:h_sd+alt_mean+essence+greco;log,2005-2024,IGN IFN brut (Etalab 2.0) ; FORMS-T (CC-BY 4.0) ; spec 054 lot 3
F30,41,514,9.0953,0.20391,direct,9.0927,0.20006,4.9192,0.98117,fay_herriot,forms_mnt:h_sd+alt_mean+essence+greco;log,2005-2024,IGN IFN brut (Etalab 2.0) ; FORMS-T (CC-BY 4.0) ; spec 054 lot 3
F30,49AM,283,4.7775,0.15849,direct,4.7718,0.15016,8.1207,0.9487,fay_herriot,forms_mnt:h_sd+alt_mean+essence+greco;log,2005-2024,IGN IFN brut (Etalab 2.0) ; FORMS-T (CC-BY 4.0) ; spec 054 lot 3
F30,49BS,2,5.3936,47.763,gvf,4.0747,2.1304,35.821,0.072533,fay_herriot,forms_mnt:h_sd+alt_mean+essence+greco;log,2005-2024,IGN IFN brut (Etalab 2.0) ; FORMS-T (CC-BY 4.0) ; spec 054 lot 3
F30,49EV,1,2.1481,4.182,gvf,2.6158,0.81487,34.51,0.12409,fay_herriot,forms_mnt:h_sd+alt_mean+essence+greco;log,2005-2024,IGN IFN brut (Etalab 2.0) ; FORMS-T (CC-BY 4.0) ; spec 054 lot 3
F30,49FL,1,7.9435,57.596,gvf,5.5374,3.835,35.365,0.12332,fay_herriot,forms_mnt:h_sd+alt_mean+essence+greco;log,2005-2024,IGN IFN brut (Etalab 2.0) ; FORMS-T (CC-BY 4.0) ; spec 054 lot 3
F30,49IA,84,4.6948,0.44017,direct,4.7866,0.3977,13.175,0.8654,fay_herriot,forms_mnt:h_sd+alt_mean+essence+greco;log,2005-2024,IGN IFN brut (Etalab 2.0) ; FORMS-T (CC-BY 4.0) ; spec 054 lot 3
F30,49LN,4,4.6471,112.14,gvf,29.134,132.36,39.489,0.024131,fay_herriot,forms_mnt:h_sd+alt_mean+essence+greco;log,2005-2024,IGN IFN brut (Etalab 2.0) ; FORMS-T (CC-BY 4.0) ; spec 054 lot 3
F30,49PC,1,68.203,435.74,gvf,34.946,67.099,23.44,0.57819,fay_herriot,forms_mnt:h_sd+alt_mean+essence+greco;log,2005-2024,IGN IFN brut (Etalab 2.0) ; FORMS-T (CC-BY 4.0) ; spec 054 lot 3
F30,49PM,3,1.6816,5.2485,gvf,5.0608,3.3319,36.068,0.064707,fay_herriot,forms_mnt:h_sd+alt_mean+essence+greco;log,2005-2024,IGN IFN brut (Etalab 2.0) ; FORMS-T (CC-BY 4.0) ; spec 054 lot 3
F30,49PS,39,6.2477,4.276,direct,5.7527,2.0121,24.658,0.53962,fay_herriot,forms_mnt:h_sd+alt_mean+essence+greco;log,2005-2024,IGN IFN brut (Etalab 2.0) ; FORMS-T (CC-BY 4.0) ; spec 054 lot 3
F30,49RA,4,4.41,4.3609,gvf,6.565,4.6867,32.976,0.36413,fay_herriot,forms_mnt:h_sd+alt_mean+essence+greco;log,2005-2024,IGN IFN brut (Etalab 2.0) ; FORMS-T (CC-BY 4.0) ; spec 054 lot 3
F30,49RC,1,3.0763,84.119,gvf,8.0374,9.7478,38.845,0.01424,fay_herriot,forms_mnt:h_sd+alt_mean+essence+greco;log,2005-2024,IGN IFN brut (Etalab 2.0) ; FORMS-T (CC-BY 4.0) ; spec 054 lot 3
F30,49SN,44,4.34,0.60092,direct,4.3252,0.48144,16.042,0.80099,fay_herriot,forms_mnt:h_sd+alt_mean+essence+greco;log,2005-2024,IGN IFN brut (Etalab 2.0) ; FORMS-T (CC-BY 4.0) ; spec 054 lot 3
F30,51,141,119.65,79.602,direct,118.91,75.457,7.3052,0.95849,fay_herriot,forms_mnt:h_sd+alt_mean+essence+greco;log,2005-2024,IGN IFN brut (Etalab 2.0) ; FORMS-T (CC-BY 4.0) ; spec 054 lot 3
F30,52,51,65.24,107.05,direct,66.613,93.653,14.528,0.8362,fay_herriot,forms_mnt:h_sd+alt_mean+essence+greco;log,2005-2024,IGN IFN brut (Etalab 2.0) ; FORMS-T (CC-BY 4.0) ; spec 054 lot 3
F30,53CO,69,148.14,196.65,direct,146.29,179.6,9.1613,0.93476,fay_herriot,forms_mnt:h_sd+alt_mean+essence+greco;log,2005-2024,IGN IFN brut (Etalab 2.0) ; FORMS-T (CC-BY 4.0) ; spec 054 lot 3
F30,53S,3,75.967,2398.7,gvf,112.32,1591.4,35.517,0.23601,fay_herriot,forms_mnt:h_sd+alt_mean+essence+greco;log,2005-2024,IGN IFN brut (Etalab 2.0) ; FORMS-T (CC-BY 4.0) ; spec 054 lot 3
F30,54,48,123.75,434.82,direct,121.76,347.25,15.304,0.81892,fay_herriot,forms_mnt:h_sd+alt_mean+essence+greco;log,2005-2024,IGN IFN brut (Etalab 2.0) ; FORMS-T (CC-BY 4.0) ; spec 054 lot 3
F30,55,5,64.862,613.43,gvf,67.958,341.1,27.177,0.46826,fay_herriot,forms_mnt:h_sd+alt_mean+essence+greco;log,2005-2024,IGN IFN brut (Etalab 2.0) ; FORMS-T (CC-BY 4.0) ; spec 054 lot 3
F30,56,8,166.08,2429.6,gvf,123.42,830.33,23.347,0.59312,fay_herriot,forms_mnt:h_sd+alt_mean+essence+greco;log,2005-2024,IGN IFN brut (Etalab 2.0) ; FORMS-T (CC-BY 4.0) ; spec 054 lot 3
F30,57A,3,22.797,1127,gvf,66.266,607.47,37.194,0.055901,fay_herriot,forms_mnt:h_sd+alt_mean+essence+greco;log,2005-2024,IGN IFN brut (Etalab 2.0) ; FORMS-T (CC-BY 4.0) ; spec 054 lot 3
F30,61,14,76.292,458.61,direct,87.92,381.83,22.225,0.61972,fay_herriot,forms_mnt:h_sd+alt_mean+essence+greco;log,2005-2024,IGN IFN brut (Etalab 2.0) ; FORMS-T (CC-BY 4.0) ; spec 054 lot 3
F30,62,4,56.587,1540.7,gvf,100.24,1040.7,32.183,0.21065,fay_herriot,forms_mnt:h_sd+alt_mean+essence+greco;log,2005-2024,IGN IFN brut (Etalab 2.0) ; FORMS-T (CC-BY 4.0) ; spec 054 lot 3
F30,63,1,72.197,14751,gvf,102.87,1369.9,35.981,0.043404,fay_herriot,forms_mnt:h_sd+alt_mean+essence+greco;log,2005-2024,IGN IFN brut (Etalab 2.0) ; FORMS-T (CC-BY 4.0) ; spec 054 lot 3
F30,64,47,164.47,552.07,direct,165.19,482.4,13.296,0.86286,fay_herriot,forms_mnt:h_sd+alt_mean+essence+greco;log,2005-2024,IGN IFN brut (Etalab 2.0) ; FORMS-T (CC-BY 4.0) ; spec 054 lot 3
F30,65,17,46.351,319.97,direct,60.387,266.43,27.03,0.46299,fay_herriot,forms_mnt:h_sd+alt_mean+essence+greco;log,2005-2024,IGN IFN brut (Etalab 2.0) ; FORMS-T (CC-BY 4.0) ; spec 054 lot 3
F30,66,2,58.832,1190.7,gvf,66.075,424.42,31.179,0.2718,fay_herriot,forms_mnt:h_sd+alt_mean+essence+greco;log,2005-2024,IGN IFN brut (Etalab 2.0) ; FORMS-T (CC-BY 4.0) ; spec 054 lot 3
F30,67,3,10.764,49.281,gvf,13.469,19.018,32.378,0.23189,fay_herriot,forms_mnt:h_sd+alt_mean+essence+greco;log,2005-2024,IGN IFN brut (Etalab 2.0) ; FORMS-T (CC-BY 4.0) ; spec 054 lot 3
F30,68CE,2,20.209,1157.9,gvf,70.961,955.87,43.569,0.043329,fay_herriot,forms_mnt:h_sd+alt_mean+essence+greco;log,2005-2024,IGN IFN brut (Etalab 2.0) ; FORMS-T (CC-BY 4.0) ; spec 054 lot 3
F30,68CM,1,13.911,3229.4,gvf,68.162,623.68,36.638,0.0076354,fay_herriot,forms_mnt:h_sd+alt_mean+essence+greco;log,2005-2024,IGN IFN brut (Etalab 2.0) ; FORMS-T (CC-BY 4.0) ; spec 054 lot 3
F30,68TG,2,139.33,6850.6,gvf,163.52,3286.5,35.059,0.26679,fay_herriot,forms_mnt:h_sd+alt_mean+essence+greco;log,2005-2024,IGN IFN brut (Etalab 2.0) ; FORMS-T (CC-BY 4.0) ; spec 054 lot 3
F30,69JC,31,4.7042,1.1968,direct,4.2779,0.70782,19.667,0.70364,fay_herriot,forms_mnt:h_sd+alt_mean+essence+greco;log,2005-2024,IGN IFN brut (Etalab 2.0) ; FORMS-T (CC-BY 4.0) ; spec 054 lot 3
F30,70SE,1,35.564,80.914,gvf,44.333,85.47,20.853,0.66745,fay_herriot,forms_mnt:h_sd+alt_mean+essence+greco;log,2005-2024,IGN IFN brut (Etalab 2.0) ; FORMS-T (CC-BY 4.0) ; spec 054 lot 3
F30,73,2,240.22,17101,gvf,196.07,3619.9,30.686,0.3023,fay_herriot,forms_mnt:h_sd+alt_mean+essence+greco;log,2005-2024,IGN IFN brut (Etalab 2.0) ; FORMS-T (CC-BY 4.0) ; spec 054 lot 3
F30,74J,1,99.828,23130,gvf,160.9,3483.1,36.68,0.052423,fay_herriot,forms_mnt:h_sd+alt_mean+essence+greco;log,2005-2024,IGN IFN brut (Etalab 2.0) ; FORMS-T (CC-BY 4.0) ; spec 054 lot 3
F30,77,3,24.09,3851.3,gvf,67.637,606.73,36.418,0.018981,fay_herriot,forms_mnt:h_sd+alt_mean+essence+greco;log,2005-2024,IGN IFN brut (Etalab 2.0) ; FORMS-T (CC-BY 4.0) ; spec 054 lot 3
F40,02,114,79.921,60.792,direct,78.699,54.965,9.4204,0.93099,fay_herriot,forms_mnt:h_sd+alt_mean+essence+greco;log,2005-2024,IGN IFN brut (Etalab 2.0) ; FORMS-T (CC-BY 4.0) ; spec 054 lot 3
F40,03,46,70.224,101.23,direct,71.276,90.18,13.323,0.86217,fay_herriot,forms_mnt:h_sd+alt_mean+essence+greco;log,2005-2024,IGN IFN brut (Etalab 2.0) ; FORMS-T (CC-BY 4.0) ; spec 054 lot 3
F40,05,1511,76.085,3.13,direct,75.904,3.1025,2.3205,0.99581,fay_herriot,forms_mnt:h_sd+alt_mean+essence+greco;log,2005-2024,IGN IFN brut (Etalab 2.0) ; FORMS-T (CC-BY 4.0) ; spec 054 lot 3
F40,06,10,7.1127,10.016,direct,16.293,21.326,28.344,0.39342,fay_herriot,forms_mnt:h_sd+alt_mean+essence+greco;log,2005-2024,IGN IFN brut (Etalab 2.0) ; FORMS-T (CC-BY 4.0) ; spec 054 lot 3
F40,07,1,5.0292,1726.3,gvf,33.633,157.87,37.358,0.0018777,fay_herriot,forms_mnt:h_sd+alt_mean+essence+greco;log,2005-2024,IGN IFN brut (Etalab 2.0) ; FORMS-T (CC-BY 4.0) ; spec 054 lot 3
F40,09,14,32.411,49.318,direct,38.504,51.271,18.597,0.73225,fay_herriot,forms_mnt:h_sd+alt_mean+essence+greco;log,2005-2024,IGN IFN brut (Etalab 2.0) ; FORMS-T (CC-BY 4.0) ; spec 054 lot 3
F40,10,44,59.822,54.472,direct,59.273,47.923,11.679,0.89402,fay_herriot,forms_mnt:h_sd+alt_mean+essence+greco;log,2005-2024,IGN IFN brut (Etalab 2.0) ; FORMS-T (CC-BY 4.0) ; spec 054 lot 3
F40,11,123,38.334,16.411,direct,37.838,14.739,10.146,0.91999,fay_herriot,forms_mnt:h_sd+alt_mean+essence+greco;log,2005-2024,IGN IFN brut (Etalab 2.0) ; FORMS-T (CC-BY 4.0) ; spec 054 lot 3
F40,13G,4,54.622,3528.9,gvf,58.814,409.23,34.396,0.097928,fay_herriot,forms_mnt:h_sd+alt_mean+essence+greco;log,2005-2024,IGN IFN brut (Etalab 2.0) ; FORMS-T (CC-BY 4.0) ; spec 054 lot 3
F40,14,28,36.411,49.215,direct,38.975,44.01,17.021,0.77573,fay_herriot,forms_mnt:h_sd+alt_mean+essence+greco;log,2005-2024,IGN IFN brut (Etalab 2.0) ; FORMS-T (CC-BY 4.0) ; spec 054 lot 3
F40,15P,2,21.237,80.38,gvf,23.587,42.54,27.652,0.41877,fay_herriot,forms_mnt:h_sd+alt_mean+essence+greco;log,2005-2024,IGN IFN brut (Etalab 2.0) ; FORMS-T (CC-BY 4.0) ; spec 054 lot 3
F40,15S,3,14.993,150.93,gvf,25.687,72.835,33.224,0.16054,fay_herriot,forms_mnt:h_sd+alt_mean+essence+greco;log,2005-2024,IGN IFN brut (Etalab 2.0) ; FORMS-T (CC-BY 4.0) ; spec 054 lot 3
F40,17C,91,27.928,12.846,direct,29.311,12.572,12.097,0.88632,fay_herriot,forms_mnt:h_sd+alt_mean+essence+greco;log,2005-2024,IGN IFN brut (Etalab 2.0) ; FORMS-T (CC-BY 4.0) ; spec 054 lot 3
F40,17F,4,17.044,109.24,gvf,16.045,28.262,33.134,0.25454,fay_herriot,forms_mnt:h_sd+alt_mean+essence+greco;log,2005-2024,IGN IFN brut (Etalab 2.0) ; FORMS-T (CC-BY 4.0) ; spec 054 lot 3
F40,17O,7,15.439,346.77,gvf,36.324,165.1,35.374,0.081107,fay_herriot,forms_mnt:h_sd+alt_mean+essence+greco;log,2005-2024,IGN IFN brut (Etalab 2.0) ; FORMS-T (CC-BY 4.0) ; spec 054 lot 3
F40,18C,65,10.802,8.1635,direct,11.076,5.6117,21.388,0.64728,fay_herriot,forms_mnt:h_sd+alt_mean+essence+greco;log,2005-2024,IGN IFN brut (Etalab 2.0) ; FORMS-T (CC-BY 4.0) ; spec 054 lot 3
F40,18D,2,10.374,422.83,gvf,33.546,171.2,39.004,0.031647,fay_herriot,forms_mnt:h_sd+alt_mean+essence+greco;log,2005-2024,IGN IFN brut (Etalab 2.0) ; FORMS-T (CC-BY 4.0) ; spec 054 lot 3
F40,19,11,241.29,3541.8,direct,200.65,1676,20.404,0.67853,fay_herriot,forms_mnt:h_sd+alt_mean+essence+greco;log,2005-2024,IGN IFN brut (Etalab 2.0) ; FORMS-T (CC-BY 4.0) ; spec 054 lot 3
F40,20G,13,29.193,38.675,direct,30.84,32.235,18.41,0.73887,fay_herriot,forms_mnt:h_sd+alt_mean+essence+greco;log,2005-2024,IGN IFN brut (Etalab 2.0) ; FORMS-T (CC-BY 4.0) ; spec 054 lot 3
F40,20P,4,6.5302,1765.3,gvf,35.587,168.16,36.439,0.0030923,fay_herriot,forms_mnt:h_sd+alt_mean+essence+greco;log,2005-2024,IGN IFN brut (Etalab 2.0) ; FORMS-T (CC-BY 4.0) ; spec 054 lot 3
F40,21C,188,16.306,2.0676,direct,16.402,1.9753,8.5689,0.9429,fay_herriot,forms_mnt:h_sd+alt_mean+essence+greco;log,2005-2024,IGN IFN brut (Etalab 2.0) ; FORMS-T (CC-BY 4.0) ; spec 054 lot 3
F40,21M,444,12.179,0.46125,direct,12.19,0.45181,5.514,0.97635,fay_herriot,forms_mnt:h_sd+alt_mean+essence+greco;log,2005-2024,IGN IFN brut (Etalab 2.0) ; FORMS-T (CC-BY 4.0) ; spec 054 lot 3
F40,22C,1,4.3534,56.621,gvf,9.3034,13.391,39.333,0.041208,fay_herriot,forms_mnt:h_sd+alt_mean+essence+greco;log,2005-2024,IGN IFN brut (Etalab 2.0) ; FORMS-T (CC-BY 4.0) ; spec 054 lot 3
F40,22M,13,6.7754,4.3102,direct,10.399,5.9177,23.394,0.57763,fay_herriot,forms_mnt:h_sd+alt_mean+essence+greco;log,2005-2024,IGN IFN brut (Etalab 2.0) ; FORMS-T (CC-BY 4.0) ; spec 054 lot 3
F40,23AB,7,5.1235,19.979,gvf,7.789,6.9081,33.744,0.14435,fay_herriot,forms_mnt:h_sd+alt_mean+essence+greco;log,2005-2024,IGN IFN brut (Etalab 2.0) ; FORMS-T (CC-BY 4.0) ; spec 054 lot 3
F40,23AM,1,2.3502,78.337,gvf,9.1311,18.605,47.238,0.0089726,fay_herriot,forms_mnt:h_sd+alt_mean+essence+greco;log,2005-2024,IGN IFN brut (Etalab 2.0) ; FORMS-T (CC-BY 4.0) ; spec 054 lot 3
F40,23C,14,5.121,0.99597,direct,5.8863,1.0281,17.226,0.77174,fay_herriot,forms_mnt:h_sd+alt_mean+essence+greco;log,2005-2024,IGN IFN brut (Etalab 2.0) ; FORMS-T (CC-BY 4.0) ; spec 054 lot 3
F40,23PC,3,9.3103,8.7248,gvf,8.136,3.8014,23.964,0.56057,fay_herriot,forms_mnt:h_sd+alt_mean+essence+greco;log,2005-2024,IGN IFN brut (Etalab 2.0) ; FORMS-T (CC-BY 4.0) ; spec 054 lot 3
F40,23PD,2,3.6825,47.854,gvf,10.765,15.71,36.82,0.035108,fay_herriot,forms_mnt:h_sd+alt_mean+essence+greco;log,2005-2024,IGN IFN brut (Etalab 2.0) ; FORMS-T (CC-BY 4.0) ; spec 054 lot 3
F40,23PM,5,8.6888,13.621,gvf,7.6522,4.4801,27.66,0.41578,fay_herriot,forms_mnt:h_sd+alt_mean+essence+greco;log,2005-2024,IGN IFN brut (Etalab 2.0) ; FORMS-T (CC-BY 4.0) ; spec 054 lot 3
F40,24,5,63.975,437.29,gvf,51.011,153.36,24.277,0.54582,fay_herriot,forms_mnt:h_sd+alt_mean+essence+greco;log,2005-2024,IGN IFN brut (Etalab 2.0) ; FORMS-T (CC-BY 4.0) ; spec 054 lot 3
F40,25C,2,39.001,155.91,gvf,25.307,37.327,24.142,0.55609,fay_herriot,forms_mnt:h_sd+alt_mean+essence+greco;log,2005-2024,IGN IFN brut (Etalab 2.0) ; FORMS-T (CC-BY 4.0) ; spec 054 lot 3
F40,25M,3,13.496,106.91,gvf,13.607,19.886,32.774,0.17949,fay_herriot,forms_mnt:h_sd+alt_mean+essence+greco;log,2005-2024,IGN IFN brut (Etalab 2.0) ; FORMS-T (CC-BY 4.0) ; spec 054 lot 3
F40,27C,9,13.898,15.687,gvf,14.256,10.259,22.468,0.61254,fay_herriot,forms_mnt:h_sd+alt_mean+essence+greco;log,2005-2024,IGN IFN brut (Etalab 2.0) ; FORMS-T (CC-BY 4.0) ; spec 054 lot 3
F40,29AI,2,77.489,3415.3,gvf,65.05,874.5,45.46,0.18417,fay_herriot,forms_mnt:h_sd+alt_mean+essence+greco;log,2005-2024,IGN IFN brut (Etalab 2.0) ; FORMS-T (CC-BY 4.0) ; spec 054 lot 3
F40,29EN,1,41.834,734.24,gvf,31.654,110.71,33.24,0.23433,fay_herriot,forms_mnt:h_sd+alt_mean+essence+greco;log,2005-2024,IGN IFN brut (Etalab 2.0) ; FORMS-T (CC-BY 4.0) ; spec 054 lot 3
F40,31,26,8.2225,3.3263,direct,7.7807,2.1676,18.922,0.72298,fay_herriot,forms_mnt:h_sd+alt_mean+essence+greco;log,2005-2024,IGN IFN brut (Etalab 2.0) ; FORMS-T (CC-BY 4.0) ; spec 054 lot 3
F40,33B,1,64.757,29031,gvf,103.74,1699.8,39.742,0.01821,fay_herriot,forms_mnt:h_sd+alt_mean+essence+greco;log,2005-2024,IGN IFN brut (Etalab 2.0) ; FORMS-T (CC-BY 4.0) ; spec 054 lot 3
F40,33G,1,335.47,16754,gvf,185.33,2484.3,26.894,0.46309,fay_herriot,forms_mnt:h_sd+alt_mean+essence+greco;log,2005-2024,IGN IFN brut (Etalab 2.0) ; FORMS-T (CC-BY 4.0) ; spec 054 lot 3
F40,33N,8,93.456,1636.5,gvf,84.486,558.06,27.961,0.40663,fay_herriot,forms_mnt:h_sd+alt_mean+essence+greco;log,2005-2024,IGN IFN brut (Etalab 2.0) ; FORMS-T (CC-BY 4.0) ; spec 054 lot 3
F40,38AU,1,2.2042,37.484,gvf,4.8531,3.3245,37.57,0.016371,fay_herriot,forms_mnt:h_sd+alt_mean+essence+greco;log,2005-2024,IGN IFN brut (Etalab 2.0) ; FORMS-T (CC-BY 4.0) ; spec 054 lot 3
F40,39,19,1.7165,0.053879,direct,1.8158,0.053717,12.764,0.87534,fay_herriot,forms_mnt:h_sd+alt_mean+essence+greco;log,2005-2024,IGN IFN brut (Etalab 2.0) ; FORMS-T (CC-BY 4.0) ; spec 054 lot 3
F40,41,200,6.2391,0.25582,direct,6.3071,0.24908,7.9129,0.95131,fay_herriot,forms_mnt:h_sd+alt_mean+essence+greco;log,2005-2024,IGN IFN brut (Etalab 2.0) ; FORMS-T (CC-BY 4.0) ; spec 054 lot 3
F40,49AM,75,3.6454,0.35611,direct,3.714,0.30702,14.919,0.82734,fay_herriot,forms_mnt:h_sd+alt_mean+essence+greco;log,2005-2024,IGN IFN brut (Etalab 2.0) ; FORMS-T (CC-BY 4.0) ; spec 054 lot 3
F40,49BS,7,7.7043,13.647,gvf,4.6176,1.8526,29.477,0.35835,fay_herriot,forms_mnt:h_sd+alt_mean+essence+greco;log,2005-2024,IGN IFN brut (Etalab 2.0) ; FORMS-T (CC-BY 4.0) ; spec 054 lot 3
F40,49EV,2,1.6068,2.091,gvf,2.2235,0.58044,34.264,0.13685,fay_herriot,forms_mnt:h_sd+alt_mean+essence+greco;log,2005-2024,IGN IFN brut (Etalab 2.0) ; FORMS-T (CC-BY 4.0) ; spec 054 lot 3
F40,49FL,7,3.3696,8.228,gvf,4.3739,2.3126,34.768,0.15052,fay_herriot,forms_mnt:h_sd+alt_mean+essence+greco;log,2005-2024,IGN IFN brut (Etalab 2.0) ; FORMS-T (CC-BY 4.0) ; spec 054 lot 3
F40,49LN,1,0.8897,448.55,gvf,26.513,112.96,40.086,0.00022655,fay_herriot,forms_mnt:h_sd+alt_mean+essence+greco;log,2005-2024,IGN IFN brut (Etalab 2.0) ; FORMS-T (CC-BY 4.0) ; spec 054 lot 3
F40,49PC,1,26.096,435.74,gvf,13.817,21.004,33.169,0.16713,fay_herriot,forms_mnt:h_sd+alt_mean+essence+greco;log,2005-2024,IGN IFN brut (Etalab 2.0) ; FORMS-T (CC-BY 4.0) ; spec 054 lot 3
F40,49PL,1,0.75686,18.936,gvf,12.032,19.147,36.368,0.0038693,fay_herriot,forms_mnt:h_sd+alt_mean+essence+greco;log,2005-2024,IGN IFN brut (Etalab 2.0) ; FORMS-T (CC-BY 4.0) ; spec 054 lot 3
F40,49PM,45,3.1608,0.16052,direct,3.3075,0.15781,12.011,0.88879,fay_herriot,forms_mnt:h_sd+alt_mean+essence+greco;log,2005-2024,IGN IFN brut (Etalab 2.0) ; FORMS-T (CC-BY 4.0) ; spec 054 lot 3
F40,49PS,3,2.3929,32.063,gvf,4.4801,2.6729,36.493,0.022416,fay_herriot,forms_mnt:h_sd+alt_mean+essence+greco;log,2005-2024,IGN IFN brut (Etalab 2.0) ; FORMS-T (CC-BY 4.0) ; spec 054 lot 3
F40,49PT,1,0.96087,65.956,gvf,12.107,19.427,36.407,0.0017942,fay_herriot,forms_mnt:h_sd+alt_mean+essence+greco;log,2005-2024,IGN IFN brut (Etalab 2.0) ; FORMS-T (CC-BY 4.0) ; spec 054 lot 3
F40,49RA,2,1.5376,8.7217,gvf,6.8133,8.6672,43.21,0.033637,fay_herriot,forms_mnt:h_sd+alt_mean+essence+greco;log,2005-2024,IGN IFN brut (Etalab 2.0) ; FORMS-T (CC-BY 4.0) ; spec 054 lot 3
F40,49RC,1,1.9477,84.119,gvf,7.0402,7.5632,39.063,0.0057571,fay_herriot,forms_mnt:h_sd+alt_mean+essence+greco;log,2005-2024,IGN IFN brut (Etalab 2.0) ; FORMS-T (CC-BY 4.0) ; spec 054 lot 3
F40,49SN,3,4.5259,8.9192,gvf,3.8842,1.5374,31.922,0.22773,fay_herriot,forms_mnt:h_sd+alt_mean+essence+greco;log,2005-2024,IGN IFN brut (Etalab 2.0) ; FORMS-T (CC-BY 4.0) ; spec 054 lot 3
F40,51,19,51.855,140.85,direct,60.773,138.7,19.379,0.71026,fay_herriot,forms_mnt:h_sd+alt_mean+essence+greco;log,2005-2024,IGN IFN brut (Etalab 2.0) ; FORMS-T (CC-BY 4.0) ; spec 054 lot 3
F40,52,49,59.454,119.6,direct,60.468,98.374,16.403,0.79145,fay_herriot,forms_mnt:h_sd+alt_mean+essence+greco;log,2005-2024,IGN IFN brut (Etalab 2.0) ; FORMS-T (CC-BY 4.0) ; spec 054 lot 3
F40,53CO,28,64.727,177.04,direct,73.192,171.61,17.898,0.75238,fay_herriot,forms_mnt:h_sd+alt_mean+essence+greco;log,2005-2024,IGN IFN brut (Etalab 2.0) ; FORMS-T (CC-BY 4.0) ; spec 054 lot 3
F40,54,25,82.623,283.09,direct,86.24,235.48,17.794,0.75588,fay_herriot,forms_mnt:h_sd+alt_mean+essence+greco;log,2005-2024,IGN IFN brut (Etalab 2.0) ; FORMS-T (CC-BY 4.0) ; spec 054 lot 3
F40,55,1,34.33,3067.1,gvf,59.953,504.08,37.448,0.047019,fay_herriot,forms_mnt:h_sd+alt_mean+essence+greco;log,2005-2024,IGN IFN brut (Etalab 2.0) ; FORMS-T (CC-BY 4.0) ; spec 054 lot 3
F40,56,1,1.2519,19437,gvf,69.683,690.24,37.703,1.0353e-05,fay_herriot,forms_mnt:h_sd+alt_mean+essence+greco;log,2005-2024,IGN IFN brut (Etalab 2.0) ; FORMS-T (CC-BY 4.0) ; spec 054 lot 3
F40,61,1,81.736,4205.3,gvf,93.757,961.68,33.076,0.16943,fay_herriot,forms_mnt:h_sd+alt_mean+essence+greco;log,2005-2024,IGN IFN brut (Etalab 2.0) ; FORMS-T (CC-BY 4.0) ; spec 054 lot 3
F40,62,2,93.012,3081.4,gvf,99.262,950.22,31.055,0.26497,fay_herriot,forms_mnt:h_sd+alt_mean+essence+greco;log,2005-2024,IGN IFN brut (Etalab 2.0) ; FORMS-T (CC-BY 4.0) ; spec 054 lot 3
F40,64,2,249.24,9740.5,gvf,186.99,2507.6,26.78,0.45022,fay_herriot,forms_mnt:h_sd+alt_mean+essence+greco;log,2005-2024,IGN IFN brut (Etalab 2.0) ; FORMS-T (CC-BY 4.0) ; spec 054 lot 3
F40,65,17,54.934,259.74,direct,59.139,188.3,23.203,0.59869,fay_herriot,forms_mnt:h_sd+alt_mean+essence+greco;log,2005-2024,IGN IFN brut (Etalab 2.0) ; FORMS-T (CC-BY 4.0) ; spec 054 lot 3
F40,69JC,80,2.8622,0.078944,direct,2.8697,0.074109,9.4864,0.93019,fay_herriot,forms_mnt:h_sd+alt_mean+essence+greco;log,2005-2024,IGN IFN brut (Etalab 2.0) ; FORMS-T (CC-BY 4.0) ; spec 054 lot 3
F40,71,1,41.176,2508.9,gvf,46.669,324.59,38.604,0.079844,fay_herriot,forms_mnt:h_sd+alt_mean+essence+greco;log,2005-2024,IGN IFN brut (Etalab 2.0) ; FORMS-T (CC-BY 4.0) ; spec 054 lot 3
F51,02,490,108.48,16.993,direct,108.07,16.683,3.7793,0.98888,fay_herriot,forms_mnt:h_sd+alt_mean+essence+greco;log,2005-2024,IGN IFN brut (Etalab 2.0) ; FORMS-T (CC-BY 4.0) ; spec 054 lot 3
F51,03,7,69.176,1173.2,gvf,85.149,618.72,29.212,0.34371,fay_herriot,forms_mnt:h_sd+alt_mean+essence+greco;log,2005-2024,IGN IFN brut (Etalab 2.0) ; FORMS-T (CC-BY 4.0) ; spec 054 lot 3
F51,04,18,98.18,666.76,direct,88.279,355.36,21.354,0.6499,fay_herriot,forms_mnt:h_sd+alt_mean+essence+greco;log,2005-2024,IGN IFN brut (Etalab 2.0) ; FORMS-T (CC-BY 4.0) ; spec 054 lot 3
F51,05,5,50.686,1105.3,gvf,52.028,272.77,31.744,0.22985,fay_herriot,forms_mnt:h_sd+alt_mean+essence+greco;log,2005-2024,IGN IFN brut (Etalab 2.0) ; FORMS-T (CC-BY 4.0) ; spec 054 lot 3
F51,07,60,39.718,16.077,direct,39.808,15.061,9.7488,0.92647,fay_herriot,forms_mnt:h_sd+alt_mean+essence+greco;log,2005-2024,IGN IFN brut (Etalab 2.0) ; FORMS-T (CC-BY 4.0) ; spec 054 lot 3
F51,08S,1,21.575,404.1,gvf,32.248,132.38,35.678,0.12885,fay_herriot,forms_mnt:h_sd+alt_mean+essence+greco;log,2005-2024,IGN IFN brut (Etalab 2.0) ; FORMS-T (CC-BY 4.0) ; spec 054 lot 3
F51,09,37,95.149,226.27,direct,91.501,175.77,14.489,0.83707,fay_herriot,forms_mnt:h_sd+alt_mean+essence+greco;log,2005-2024,IGN IFN brut (Etalab 2.0) ; FORMS-T (CC-BY 4.0) ; spec 054 lot 3
F51,10,227,46.548,12.404,direct,47.264,12.254,7.4064,0.95732,fay_herriot,forms_mnt:h_sd+alt_mean+essence+greco;log,2005-2024,IGN IFN brut (Etalab 2.0) ; FORMS-T (CC-BY 4.0) ; spec 054 lot 3
F51,11,2,20.032,1616.8,gvf,38.712,190.36,35.641,0.030886,fay_herriot,forms_mnt:h_sd+alt_mean+essence+greco;log,2005-2024,IGN IFN brut (Etalab 2.0) ; FORMS-T (CC-BY 4.0) ; spec 054 lot 3
F51,12P,1,78.496,1371,gvf,56.565,268.99,28.994,0.36591,fay_herriot,forms_mnt:h_sd+alt_mean+essence+greco;log,2005-2024,IGN IFN brut (Etalab 2.0) ; FORMS-T (CC-BY 4.0) ; spec 054 lot 3
F51,12V,6,24.227,146.11,gvf,28.379,69.177,29.308,0.34028,fay_herriot,forms_mnt:h_sd+alt_mean+essence+greco;log,2005-2024,IGN IFN brut (Etalab 2.0) ; FORMS-T (CC-BY 4.0) ; spec 054 lot 3
F51,13G,94,109.39,283.18,direct,102.49,210.67,14.162,0.84438,fay_herriot,forms_mnt:h_sd+alt_mean+essence+greco;log,2005-2024,IGN IFN brut (Etalab 2.0) ; FORMS-T (CC-BY 4.0) ; spec 054 lot 3
F51,14,103,64.595,34.07,direct,64.301,31.792,8.7688,0.94021,fay_herriot,forms_mnt:h_sd+alt_mean+essence+greco;log,2005-2024,IGN IFN brut (Etalab 2.0) ; FORMS-T (CC-BY 4.0) ; spec 054 lot 3
F51,15S,8,28.438,56.6,gvf,30.462,42.448,21.388,0.64723,fay_herriot,forms_mnt:h_sd+alt_mean+essence+greco;log,2005-2024,IGN IFN brut (Etalab 2.0) ; FORMS-T (CC-BY 4.0) ; spec 054 lot 3
F51,17C,98,59.391,36.232,direct,58.798,32.931,9.7599,0.92593,fay_herriot,forms_mnt:h_sd+alt_mean+essence+greco;log,2005-2024,IGN IFN brut (Etalab 2.0) ; FORMS-T (CC-BY 4.0) ; spec 054 lot 3
F51,17O,1,17.462,2427.4,gvf,46.792,294.46,36.673,0.015874,fay_herriot,forms_mnt:h_sd+alt_mean+essence+greco;log,2005-2024,IGN IFN brut (Etalab 2.0) ; FORMS-T (CC-BY 4.0) ; spec 054 lot 3
F51,18C,28,19.307,17.338,direct,17.75,10.837,18.546,0.73408,fay_herriot,forms_mnt:h_sd+alt_mean+essence+greco;log,2005-2024,IGN IFN brut (Etalab 2.0) ; FORMS-T (CC-BY 4.0) ; spec 054 lot 3
F51,18M,4,7.207,83.277,gvf,17.13,37.945,35.959,0.074148,fay_herriot,forms_mnt:h_sd+alt_mean+essence+greco;log,2005-2024,IGN IFN brut (Etalab 2.0) ; FORMS-T (CC-BY 4.0) ; spec 054 lot 3
F51,19,42,186.93,695.75,direct,183.82,584.5,13.152,0.86575,fay_herriot,forms_mnt:h_sd+alt_mean+essence+greco;log,2005-2024,IGN IFN brut (Etalab 2.0) ; FORMS-T (CC-BY 4.0) ; spec 054 lot 3
F51,20P,3,14.086,2353.7,gvf,42.897,242.03,36.266,0.010709,fay_herriot,forms_mnt:h_sd+alt_mean+essence+greco;log,2005-2024,IGN IFN brut (Etalab 2.0) ; FORMS-T (CC-BY 4.0) ; spec 054 lot 3
F51,21C,51,34.961,20.504,direct,33.126,16.325,12.197,0.88445,fay_herriot,forms_mnt:h_sd+alt_mean+essence+greco;log,2005-2024,IGN IFN brut (Etalab 2.0) ; FORMS-T (CC-BY 4.0) ; spec 054 lot 3
F51,21O,1,7.2746,513.44,gvf,20.074,54.981,36.938,0.013061,fay_herriot,forms_mnt:h_sd+alt_mean+essence+greco;log,2005-2024,IGN IFN brut (Etalab 2.0) ; FORMS-T (CC-BY 4.0) ; spec 054 lot 3
F51,22C,1,6.3103,56.621,gvf,11.087,18.019,38.288,0.082823,fay_herriot,forms_mnt:h_sd+alt_mean+essence+greco;log,2005-2024,IGN IFN brut (Etalab 2.0) ; FORMS-T (CC-BY 4.0) ; spec 054 lot 3
F51,22M,59,21.29,5.7145,direct,21.41,5.2724,10.725,0.91059,fay_herriot,forms_mnt:h_sd+alt_mean+essence+greco;log,2005-2024,IGN IFN brut (Etalab 2.0) ; FORMS-T (CC-BY 4.0) ; spec 054 lot 3
F51,22S,1,16.689,3319.7,gvf,31.324,162.31,40.672,0.010658,fay_herriot,forms_mnt:h_sd+alt_mean+essence+greco;log,2005-2024,IGN IFN brut (Etalab 2.0) ; FORMS-T (CC-BY 4.0) ; spec 054 lot 3
F51,23PC,4,2.5575,6.5436,gvf,7.2706,6.2204,34.304,0.11375,fay_herriot,forms_mnt:h_sd+alt_mean+essence+greco;log,2005-2024,IGN IFN brut (Etalab 2.0) ; FORMS-T (CC-BY 4.0) ; spec 054 lot 3
F51,23PM,2,10.624,34.052,gvf,9.0733,7.5864,30.356,0.29853,fay_herriot,forms_mnt:h_sd+alt_mean+essence+greco;log,2005-2024,IGN IFN brut (Etalab 2.0) ; FORMS-T (CC-BY 4.0) ; spec 054 lot 3
F51,24,24,37.83,33.195,direct,39.127,30.183,14.041,0.84699,fay_herriot,forms_mnt:h_sd+alt_mean+essence+greco;log,2005-2024,IGN IFN brut (Etalab 2.0) ; FORMS-T (CC-BY 4.0) ; spec 054 lot 3
F51,25B,2,39.442,453.78,gvf,51.18,240.84,30.323,0.30565,fay_herriot,forms_mnt:h_sd+alt_mean+essence+greco;log,2005-2024,IGN IFN brut (Etalab 2.0) ; FORMS-T (CC-BY 4.0) ; spec 054 lot 3
F51,25C,77,20.063,5.9701,direct,19.823,5.2521,11.561,0.89645,fay_herriot,forms_mnt:h_sd+alt_mean+essence+greco;log,2005-2024,IGN IFN brut (Etalab 2.0) ; FORMS-T (CC-BY 4.0) ; spec 054 lot 3
F51,25FR,1,39.024,246.03,gvf,49.887,191.32,27.726,0.44282,fay_herriot,forms_mnt:h_sd+alt_mean+essence+greco;log,2005-2024,IGN IFN brut (Etalab 2.0) ; FORMS-T (CC-BY 4.0) ; spec 054 lot 3
F51,25M,14,13.652,11.802,direct,14.546,9.0431,20.674,0.66972,fay_herriot,forms_mnt:h_sd+alt_mean+essence+greco;log,2005-2024,IGN IFN brut (Etalab 2.0) ; FORMS-T (CC-BY 4.0) ; spec 054 lot 3
F51,25R,9,20.047,44.589,gvf,21.981,29.886,24.87,0.53645,fay_herriot,forms_mnt:h_sd+alt_mean+essence+greco;log,2005-2024,IGN IFN brut (Etalab 2.0) ; FORMS-T (CC-BY 4.0) ; spec 054 lot 3
F51,26E,8,129.97,832.98,gvf,141.97,765.65,19.49,0.72253,fay_herriot,forms_mnt:h_sd+alt_mean+essence+greco;log,2005-2024,IGN IFN brut (Etalab 2.0) ; FORMS-T (CC-BY 4.0) ; spec 054 lot 3
F51,26OC,21,104.15,330.6,direct,71.593,127.11,15.748,0.80817,fay_herriot,forms_mnt:h_sd+alt_mean+essence+greco;log,2005-2024,IGN IFN brut (Etalab 2.0) ; FORMS-T (CC-BY 4.0) ; spec 054 lot 3
F51,27C,1,6.3633,141.19,gvf,17.358,38.591,35.788,0.035518,fay_herriot,forms_mnt:h_sd+alt_mean+essence+greco;log,2005-2024,IGN IFN brut (Etalab 2.0) ; FORMS-T (CC-BY 4.0) ; spec 054 lot 3
F51,29AF,3,12.447,15.476,gvf,9.3194,5.1211,24.283,0.56244,fay_herriot,forms_mnt:h_sd+alt_mean+essence+greco;log,2005-2024,IGN IFN brut (Etalab 2.0) ; FORMS-T (CC-BY 4.0) ; spec 054 lot 3
F51,29CM,1,11.117,5318.5,gvf,78.262,1255.1,45.267,0.0029747,fay_herriot,forms_mnt:h_sd+alt_mean+essence+greco;log,2005-2024,IGN IFN brut (Etalab 2.0) ; FORMS-T (CC-BY 4.0) ; spec 054 lot 3
F51,29EN,8,26.407,91.78,gvf,30.575,65.713,26.513,0.49382,fay_herriot,forms_mnt:h_sd+alt_mean+essence+greco;log,2005-2024,IGN IFN brut (Etalab 2.0) ; FORMS-T (CC-BY 4.0) ; spec 054 lot 3
F51,31,121,7.9023,0.76662,direct,7.9258,0.70529,10.596,0.91273,fay_herriot,forms_mnt:h_sd+alt_mean+essence+greco;log,2005-2024,IGN IFN brut (Etalab 2.0) ; FORMS-T (CC-BY 4.0) ; spec 054 lot 3
F51,332G,5,119.06,1498.1,gvf,129.17,1063.4,25.246,0.54855,fay_herriot,forms_mnt:h_sd+alt_mean+essence+greco;log,2005-2024,IGN IFN brut (Etalab 2.0) ; FORMS-T (CC-BY 4.0) ; spec 054 lot 3
F51,33G,1,45.531,16754,gvf,132.55,2416.4,37.084,0.01564,fay_herriot,forms_mnt:h_sd+alt_mean+essence+greco;log,2005-2024,IGN IFN brut (Etalab 2.0) ; FORMS-T (CC-BY 4.0) ; spec 054 lot 3
F51,33N,7,108.68,1870.3,gvf,101.3,745.19,26.949,0.44777,fay_herriot,forms_mnt:h_sd+alt_mean+essence+greco;log,2005-2024,IGN IFN brut (Etalab 2.0) ; FORMS-T (CC-BY 4.0) ; spec 054 lot 3
F51,36,3,161.29,3492.2,gvf,130.74,1555.8,30.17,0.48889,fay_herriot,forms_mnt:h_sd+alt_mean+essence+greco;log,2005-2024,IGN IFN brut (Etalab 2.0) ; FORMS-T (CC-BY 4.0) ; spec 054 lot 3
F51,41,43,16.33,7.069,direct,14.874,4.8858,14.861,0.82888,fay_herriot,forms_mnt:h_sd+alt_mean+essence+greco;log,2005-2024,IGN IFN brut (Etalab 2.0) ; FORMS-T (CC-BY 4.0) ; spec 054 lot 3
F51,42,2,89.757,2233.4,gvf,26.137,61.355,29.969,0.31655,fay_herriot,forms_mnt:h_sd+alt_mean+essence+greco;log,2005-2024,IGN IFN brut (Etalab 2.0) ; FORMS-T (CC-BY 4.0) ; spec 054 lot 3
F51,49AM,88,4.9262,0.19131,direct,4.9263,0.18048,8.6237,0.94216,fay_herriot,forms_mnt:h_sd+alt_mean+essence+greco;log,2005-2024,IGN IFN brut (Etalab 2.0) ; FORMS-T (CC-BY 4.0) ; spec 054 lot 3
F51,49BO,5,1.8046,0.0984,gvf,1.8919,0.088565,15.73,0.80951,fay_herriot,forms_mnt:h_sd+alt_mean+essence+greco;log,2005-2024,IGN IFN brut (Etalab 2.0) ; FORMS-T (CC-BY 4.0) ; spec 054 lot 3
F51,49EV,1,3.458,4.182,gvf,2.9951,0.88441,31.399,0.26855,fay_herriot,forms_mnt:h_sd+alt_mean+essence+greco;log,2005-2024,IGN IFN brut (Etalab 2.0) ; FORMS-T (CC-BY 4.0) ; spec 054 lot 3
F51,49IA,57,7.2411,1.1403,direct,6.9992,0.91534,13.669,0.85517,fay_herriot,forms_mnt:h_sd+alt_mean+essence+greco;log,2005-2024,IGN IFN brut (Etalab 2.0) ; FORMS-T (CC-BY 4.0) ; spec 054 lot 3
F51,49LN,7,12.672,64.078,gvf,25.662,76.135,34.002,0.24345,fay_herriot,forms_mnt:h_sd+alt_mean+essence+greco;log,2005-2024,IGN IFN brut (Etalab 2.0) ; FORMS-T (CC-BY 4.0) ; spec 054 lot 3
F51,49PS,4,4.6157,24.048,gvf,5.4165,3.5686,34.876,0.10214,fay_herriot,forms_mnt:h_sd+alt_mean+essence+greco;log,2005-2024,IGN IFN brut (Etalab 2.0) ; FORMS-T (CC-BY 4.0) ; spec 054 lot 3
F51,49SN,8,3.1007,3.3447,gvf,4.0742,1.5963,31.011,0.26959,fay_herriot,forms_mnt:h_sd+alt_mean+essence+greco;log,2005-2024,IGN IFN brut (Etalab 2.0) ; FORMS-T (CC-BY 4.0) ; spec 054 lot 3
F51,51,37,144.38,539.43,direct,137.69,410.54,14.715,0.83226,fay_herriot,forms_mnt:h_sd+alt_mean+essence+greco;log,2005-2024,IGN IFN brut (Etalab 2.0) ; FORMS-T (CC-BY 4.0) ; spec 054 lot 3
F51,53CO,6,120.56,1591.4,gvf,124.4,926.77,24.472,0.53976,fay_herriot,forms_mnt:h_sd+alt_mean+essence+greco;log,2005-2024,IGN IFN brut (Etalab 2.0) ; FORMS-T (CC-BY 4.0) ; spec 054 lot 3
F51,54,3,15.795,4282.2,gvf,117.73,1835.7,36.392,0.0074254,fay_herriot,forms_mnt:h_sd+alt_mean+essence+greco;log,2005-2024,IGN IFN brut (Etalab 2.0) ; FORMS-T (CC-BY 4.0) ; spec 054 lot 3
F51,56,1,29.344,19437,gvf,84.068,996.84,37.556,0.005656,fay_herriot,forms_mnt:h_sd+alt_mean+essence+greco;log,2005-2024,IGN IFN brut (Etalab 2.0) ; FORMS-T (CC-BY 4.0) ; spec 054 lot 3
F51,62,1,2.4737,6162.9,gvf,123.27,2004.7,36.323,0.00012747,fay_herriot,forms_mnt:h_sd+alt_mean+essence+greco;log,2005-2024,IGN IFN brut (Etalab 2.0) ; FORMS-T (CC-BY 4.0) ; spec 054 lot 3
F51,63,3,49.695,4916.9,gvf,105.2,1406.5,35.649,0.060584,fay_herriot,forms_mnt:h_sd+alt_mean+essence+greco;log,2005-2024,IGN IFN brut (Etalab 2.0) ; FORMS-T (CC-BY 4.0) ; spec 054 lot 3
F51,64,2,10.594,9740.5,gvf,178.6,4198.6,36.281,0.0014773,fay_herriot,forms_mnt:h_sd+alt_mean+essence+greco;log,2005-2024,IGN IFN brut (Etalab 2.0) ; FORMS-T (CC-BY 4.0) ; spec 054 lot 3
F51,74J,1,19.984,23130,gvf,173.66,4293.9,37.733,0.0022122,fay_herriot,forms_mnt:h_sd+alt_mean+essence+greco;log,2005-2024,IGN IFN brut (Etalab 2.0) ; FORMS-T (CC-BY 4.0) ; spec 054 lot 3
F52,02,611,123.5,16.888,direct,123,16.611,3.3136,0.99145,fay_herriot,forms_mnt:h_sd+alt_mean+essence+greco;log,2005-2024,IGN IFN brut (Etalab 2.0) ; FORMS-T (CC-BY 4.0) ; spec 054 lot 3
F52,03,27,137.99,658.29,direct,127.19,442.54,16.539,0.78786,fay_herriot,forms_mnt:h_sd+alt_mean+essence+greco;log,2005-2024,IGN IFN brut (Etalab 2.0) ; FORMS-T (CC-BY 4.0) ; spec 054 lot 3
F52,04,18,97.392,326.69,direct,91.294,228.32,16.551,0.7885,fay_herriot,forms_mnt:h_sd+alt_mean+essence+greco;log,2005-2024,IGN IFN brut (Etalab 2.0) ; FORMS-T (CC-BY 4.0) ; spec 054 lot 3
F52,05,49,66.297,64.806,direct,64.647,55.422,11.516,0.897,fay_herriot,forms_mnt:h_sd+alt_mean+essence+greco;log,2005-2024,IGN IFN brut (Etalab 2.0) ; FORMS-T (CC-BY 4.0) ; spec 054 lot 3
F52,07,46,26.983,11.192,direct,28.184,11.01,11.773,0.89308,fay_herriot,forms_mnt:h_sd+alt_mean+essence+greco;log,2005-2024,IGN IFN brut (Etalab 2.0) ; FORMS-T (CC-BY 4.0) ; spec 054 lot 3
F52,09,54,65.508,102.63,direct,66.788,90.229,14.223,0.84298,fay_herriot,forms_mnt:h_sd+alt_mean+essence+greco;log,2005-2024,IGN IFN brut (Etalab 2.0) ; FORMS-T (CC-BY 4.0) ; spec 054 lot 3
F52,10,286,49.505,9.2767,direct,49.912,9.1654,6.0656,0.97136,fay_herriot,forms_mnt:h_sd+alt_mean+essence+greco;log,2005-2024,IGN IFN brut (Etalab 2.0) ; FORMS-T (CC-BY 4.0) ; spec 054 lot 3
F52,11,76,49.774,42.162,direct,48.393,35.286,12.275,0.88297,fay_herriot,forms_mnt:h_sd+alt_mean+essence+greco;log,2005-2024,IGN IFN brut (Etalab 2.0) ; FORMS-T (CC-BY 4.0) ; spec 054 lot 3
F52,12V,17,28.217,53.066,direct,28.971,37.1,21.024,0.65831,fay_herriot,forms_mnt:h_sd+alt_mean+essence+greco;log,2005-2024,IGN IFN brut (Etalab 2.0) ; FORMS-T (CC-BY 4.0) ; spec 054 lot 3
F52,13G,85,90.912,112.39,direct,88.812,97.213,11.102,0.90424,fay_herriot,forms_mnt:h_sd+alt_mean+essence+greco;log,2005-2024,IGN IFN brut (Etalab 2.0) ; FORMS-T (CC-BY 4.0) ; spec 054 lot 3
F52,14,88,63.249,60.674,direct,62.814,53.667,11.663,0.89436,fay_herriot,forms_mnt:h_sd+alt_mean+essence+greco;log,2005-2024,IGN IFN brut (Etalab 2.0) ; FORMS-T (CC-BY 4.0) ; spec 054 lot 3
F52,17C,111,62.18,69.029,direct,60.743,57.976,12.535,0.87793,fay_herriot,forms_mnt:h_sd+alt_mean+essence+greco;log,2005-2024,IGN IFN brut (Etalab 2.0) ; FORMS-T (CC-BY 4.0) ; spec 054 lot 3
F52,18C,55,13.161,4.8385,direct,13.296,4.0758,15.184,0.82133,fay_herriot,forms_mnt:h_sd+alt_mean+essence+greco;log,2005-2024,IGN IFN brut (Etalab 2.0) ; FORMS-T (CC-BY 4.0) ; spec 054 lot 3
F52,19,103,133.81,159.72,direct,135.55,153.52,9.1408,0.93504,fay_herriot,forms_mnt:h_sd+alt_mean+essence+greco;log,2005-2024,IGN IFN brut (Etalab 2.0) ; FORMS-T (CC-BY 4.0) ; spec 054 lot 3
F52,20G,2,41.446,824.71,gvf,42.881,192.01,32.315,0.21101,fay_herriot,forms_mnt:h_sd+alt_mean+essence+greco;log,2005-2024,IGN IFN brut (Etalab 2.0) ; FORMS-T (CC-BY 4.0) ; spec 054 lot 3
F52,20P,4,4.1851,1765.3,gvf,42.853,243.88,36.442,0.0012724,fay_herriot,forms_mnt:h_sd+alt_mean+essence+greco;log,2005-2024,IGN IFN brut (Etalab 2.0) ; FORMS-T (CC-BY 4.0) ; spec 054 lot 3
F52,21C,51,28.892,29.608,direct,27.157,20.6,16.713,0.78355,fay_herriot,forms_mnt:h_sd+alt_mean+essence+greco;log,2005-2024,IGN IFN brut (Etalab 2.0) ; FORMS-T (CC-BY 4.0) ; spec 054 lot 3
F52,22G,2,28.096,216.51,gvf,15.72,23.27,30.686,0.31887,fay_herriot,forms_mnt:h_sd+alt_mean+essence+greco;log,2005-2024,IGN IFN brut (Etalab 2.0) ; FORMS-T (CC-BY 4.0) ; spec 054 lot 3
F52,22M,82,20.215,3.6808,direct,20.355,3.4918,9.1805,0.93445,fay_herriot,forms_mnt:h_sd+alt_mean+essence+greco;log,2005-2024,IGN IFN brut (Etalab 2.0) ; FORMS-T (CC-BY 4.0) ; spec 054 lot 3
F52,22S,1,45.409,3319.7,gvf,32.096,157.18,39.062,0.073864,fay_herriot,forms_mnt:h_sd+alt_mean+essence+greco;log,2005-2024,IGN IFN brut (Etalab 2.0) ; FORMS-T (CC-BY 4.0) ; spec 054 lot 3
F52,23PC,1,9.542,26.174,gvf,8.6148,6.7635,30.188,0.30876,fay_herriot,forms_mnt:h_sd+alt_mean+essence+greco;log,2005-2024,IGN IFN brut (Etalab 2.0) ; FORMS-T (CC-BY 4.0) ; spec 054 lot 3
F52,23PD,2,12.074,47.854,gvf,13.046,16.804,31.422,0.28117,fay_herriot,forms_mnt:h_sd+alt_mean+essence+greco;log,2005-2024,IGN IFN brut (Etalab 2.0) ; FORMS-T (CC-BY 4.0) ; spec 054 lot 3
F52,23PM,2,4.2754,34.052,gvf,8.041,8.001,35.177,0.064482,fay_herriot,forms_mnt:h_sd+alt_mean+essence+greco;log,2005-2024,IGN IFN brut (Etalab 2.0) ; FORMS-T (CC-BY 4.0) ; spec 054 lot 3
F52,24,45,36.23,24.59,direct,37.418,22.957,12.805,0.87268,fay_herriot,forms_mnt:h_sd+alt_mean+essence+greco;log,2005-2024,IGN IFN brut (Etalab 2.0) ; FORMS-T (CC-BY 4.0) ; spec 054 lot 3
F52,25B,1,37.894,907.57,gvf,53.064,311.66,33.269,0.16886,fay_herriot,forms_mnt:h_sd+alt_mean+essence+greco;log,2005-2024,IGN IFN brut (Etalab 2.0) ; FORMS-T (CC-BY 4.0) ; spec 054 lot 3
F52,25C,43,13.329,5.8585,direct,14.122,5.286,16.28,0.79567,fay_herriot,forms_mnt:h_sd+alt_mean+essence+greco;log,2005-2024,IGN IFN brut (Etalab 2.0) ; FORMS-T (CC-BY 4.0) ; spec 054 lot 3
F52,25FR,1,30.358,246.03,gvf,48.106,218.72,30.743,0.32477,fay_herriot,forms_mnt:h_sd+alt_mean+essence+greco;log,2005-2024,IGN IFN brut (Etalab 2.0) ; FORMS-T (CC-BY 4.0) ; spec 054 lot 3
F52,25M,24,11.559,3.9773,direct,12.342,3.6977,15.58,0.81179,fay_herriot,forms_mnt:h_sd+alt_mean+essence+greco;log,2005-2024,IGN IFN brut (Etalab 2.0) ; FORMS-T (CC-BY 4.0) ; spec 054 lot 3
F52,25R,2,7.7698,200.65,gvf,23.206,71.915,36.544,0.037196,fay_herriot,forms_mnt:h_sd+alt_mean+essence+greco;log,2005-2024,IGN IFN brut (Etalab 2.0) ; FORMS-T (CC-BY 4.0) ; spec 054 lot 3
F52,26E,1,124.76,6663.9,gvf,163.2,3110.8,34.176,0.23073,fay_herriot,forms_mnt:h_sd+alt_mean+essence+greco;log,2005-2024,IGN IFN brut (Etalab 2.0) ; FORMS-T (CC-BY 4.0) ; spec 054 lot 3
F52,26OC,5,49.625,1081.4,gvf,19.268,37.851,31.93,0.22625,fay_herriot,forms_mnt:h_sd+alt_mean+essence+greco;log,2005-2024,IGN IFN brut (Etalab 2.0) ; FORMS-T (CC-BY 4.0) ; spec 054 lot 3
F52,27C,3,17.561,47.062,gvf,17.707,22.293,26.665,0.45695,fay_herriot,forms_mnt:h_sd+alt_mean+essence+greco;log,2005-2024,IGN IFN brut (Etalab 2.0) ; FORMS-T (CC-BY 4.0) ; spec 054 lot 3
F52,29AF,14,4.5808,3.3073,direct,5.4887,2.2641,27.414,0.44894,fay_herriot,forms_mnt:h_sd+alt_mean+essence+greco;log,2005-2024,IGN IFN brut (Etalab 2.0) ; FORMS-T (CC-BY 4.0) ; spec 054 lot 3
F52,29CM,4,49.195,1329.6,gvf,71.424,790.31,39.36,0.18944,fay_herriot,forms_mnt:h_sd+alt_mean+essence+greco;log,2005-2024,IGN IFN brut (Etalab 2.0) ; FORMS-T (CC-BY 4.0) ; spec 054 lot 3
F52,29EN,3,37.085,244.75,gvf,35.811,104.59,28.557,0.41912,fay_herriot,forms_mnt:h_sd+alt_mean+essence+greco;log,2005-2024,IGN IFN brut (Etalab 2.0) ; FORMS-T (CC-BY 4.0) ; spec 054 lot 3
F52,29MA,1,21.738,5245.1,gvf,63.858,647.95,39.862,0.011436,fay_herriot,forms_mnt:h_sd+alt_mean+essence+greco;log,2005-2024,IGN IFN brut (Etalab 2.0) ; FORMS-T (CC-BY 4.0) ; spec 054 lot 3
F52,31,82,6.9446,1.8008,direct,7.1883,1.5022,17.051,0.77472,fay_herriot,forms_mnt:h_sd+alt_mean+essence+greco;log,2005-2024,IGN IFN brut (Etalab 2.0) ; FORMS-T (CC-BY 4.0) ; spec 054 lot 3
F52,332G,1,24.925,7490.4,gvf,138.61,2970.5,39.319,0.010538,fay_herriot,forms_mnt:h_sd+alt_mean+essence+greco;log,2005-2024,IGN IFN brut (Etalab 2.0) ; FORMS-T (CC-BY 4.0) ; spec 054 lot 3
F52,33N,7,84.289,1870.3,gvf,91.166,738.2,29.803,0.32785,fay_herriot,forms_mnt:h_sd+alt_mean+essence+greco;log,2005-2024,IGN IFN brut (Etalab 2.0) ; FORMS-T (CC-BY 4.0) ; spec 054 lot 3
F52,34,1,261.28,15880,gvf,159.74,2396,30.643,0.35567,fay_herriot,forms_mnt:h_sd+alt_mean+essence+greco;log,2005-2024,IGN IFN brut (Etalab 2.0) ; FORMS-T (CC-BY 4.0) ; spec 054 lot 3
F52,41,72,11.415,1.8953,direct,11.187,1.6402,11.448,0.89824,fay_herriot,forms_mnt:h_sd+alt_mean+essence+greco;log,2005-2024,IGN IFN brut (Etalab 2.0) ; FORMS-T (CC-BY 4.0) ; spec 054 lot 3
F52,42,2,123.25,2233.4,gvf,39.487,108.83,26.419,0.46621,fay_herriot,forms_mnt:h_sd+alt_mean+essence+greco;log,2005-2024,IGN IFN brut (Etalab 2.0) ; FORMS-T (CC-BY 4.0) ; spec 054 lot 3
F52,49AM,63,5.4007,0.52754,direct,5.3334,0.45216,12.608,0.87653,fay_herriot,forms_mnt:h_sd+alt_mean+essence+greco;log,2005-2024,IGN IFN brut (Etalab 2.0) ; FORMS-T (CC-BY 4.0) ; spec 054 lot 3
F52,49BO,2,2.0815,0.246,gvf,2.1431,0.18418,20.025,0.6934,fay_herriot,forms_mnt:h_sd+alt_mean+essence+greco;log,2005-2024,IGN IFN brut (Etalab 2.0) ; FORMS-T (CC-BY 4.0) ; spec 054 lot 3
F52,49EV,1,2.8401,4.182,gvf,2.818,0.86158,32.939,0.1985,fay_herriot,forms_mnt:h_sd+alt_mean+essence+greco;log,2005-2024,IGN IFN brut (Etalab 2.0) ; FORMS-T (CC-BY 4.0) ; spec 054 lot 3
F52,49IA,49,5.6594,1.1701,direct,5.6616,0.91811,16.924,0.7785,fay_herriot,forms_mnt:h_sd+alt_mean+essence+greco;log,2005-2024,IGN IFN brut (Etalab 2.0) ; FORMS-T (CC-BY 4.0) ; spec 054 lot 3
F52,49LN,2,10.08,224.27,gvf,29.923,134.41,38.744,0.054978,fay_herriot,forms_mnt:h_sd+alt_mean+essence+greco;log,2005-2024,IGN IFN brut (Etalab 2.0) ; FORMS-T (CC-BY 4.0) ; spec 054 lot 3
F52,49PS,4,2.7608,24.048,gvf,5.3167,3.6923,36.141,0.039108,fay_herriot,forms_mnt:h_sd+alt_mean+essence+greco;log,2005-2024,IGN IFN brut (Etalab 2.0) ; FORMS-T (CC-BY 4.0) ; spec 054 lot 3
F52,49SN,12,2.7281,1.2064,direct,3.5894,0.94113,27.027,0.44201,fay_herriot,forms_mnt:h_sd+alt_mean+essence+greco;log,2005-2024,IGN IFN brut (Etalab 2.0) ; FORMS-T (CC-BY 4.0) ; spec 054 lot 3
F52,51,85,75.472,70.354,direct,77.866,68.51,10.63,0.91225,fay_herriot,forms_mnt:h_sd+alt_mean+essence+greco;log,2005-2024,IGN IFN brut (Etalab 2.0) ; FORMS-T (CC-BY 4.0) ; spec 054 lot 3
F52,52,3,37.61,1637.5,gvf,72.071,611.21,34.303,0.099844,fay_herriot,forms_mnt:h_sd+alt_mean+essence+greco;log,2005-2024,IGN IFN brut (Etalab 2.0) ; FORMS-T (CC-BY 4.0) ; spec 054 lot 3
F52,53CO,8,127.49,1193.6,gvf,127.59,768.52,21.728,0.63618,fay_herriot,forms_mnt:h_sd+alt_mean+essence+greco;log,2005-2024,IGN IFN brut (Etalab 2.0) ; FORMS-T (CC-BY 4.0) ; spec 054 lot 3
F52,54,3,132.17,4282.2,gvf,122.9,1306.2,29.406,0.34376,fay_herriot,forms_mnt:h_sd+alt_mean+essence+greco;log,2005-2024,IGN IFN brut (Etalab 2.0) ; FORMS-T (CC-BY 4.0) ; spec 054 lot 3
F52,56,4,157.2,4859.2,gvf,107.38,953.18,28.752,0.39502,fay_herriot,forms_mnt:h_sd+alt_mean+essence+greco;log,2005-2024,IGN IFN brut (Etalab 2.0) ; FORMS-T (CC-BY 4.0) ; spec 054 lot 3
F52,64,11,117.2,1165.2,direct,138.26,987.27,22.726,0.60217,fay_herriot,forms_mnt:h_sd+alt_mean+essence+greco;log,2005-2024,IGN IFN brut (Etalab 2.0) ; FORMS-T (CC-BY 4.0) ; spec 054 lot 3
F52,65,1,4.8509,5709.7,gvf,79.2,893.93,37.751,0.00052891,fay_herriot,forms_mnt:h_sd+alt_mean+essence+greco;log,2005-2024,IGN IFN brut (Etalab 2.0) ; FORMS-T (CC-BY 4.0) ; spec 054 lot 3
F52,73,1,297.94,34201,gvf,210.72,4510.7,31.872,0.24996,fay_herriot,forms_mnt:h_sd+alt_mean+essence+greco;log,2005-2024,IGN IFN brut (Etalab 2.0) ; FORMS-T (CC-BY 4.0) ; spec 054 lot 3
F52,77,6,69.662,1925.6,gvf,71.533,516.99,31.786,0.24448,fay_herriot,forms_mnt:h_sd+alt_mean+essence+greco;log,2005-2024,IGN IFN brut (Etalab 2.0) ; FORMS-T (CC-BY 4.0) ; spec 054 lot 3
G11,02,1137,110.03,8.9178,direct,109.79,8.8296,2.7065,0.9943,fay_herriot,forms_mnt:h_sd+alt_mean+essence+greco;log,2005-2024,IGN IFN brut (Etalab 2.0) ; FORMS-T (CC-BY 4.0) ; spec 054 lot 3
G11,03,105,93.817,68.771,direct,93.716,64.761,8.5871,0.94264,fay_herriot,forms_mnt:h_sd+alt_mean+essence+greco;log,2005-2024,IGN IFN brut (Etalab 2.0) ; FORMS-T (CC-BY 4.0) ; spec 054 lot 3
G11,04,89,79.458,94.376,direct,78.447,82.753,11.596,0.89572,fay_herriot,forms_mnt:h_sd+alt_mean+essence+greco;log,2005-2024,IGN IFN brut (Etalab 2.0) ; FORMS-T (CC-BY 4.0) ; spec 054 lot 3
G11,05,19,68.579,244.26,direct,62.918,147.47,19.301,0.71201,fay_herriot,forms_mnt:h_sd+alt_mean+essence+greco;log,2005-2024,IGN IFN brut (Etalab 2.0) ; FORMS-T (CC-BY 4.0) ; spec 054 lot 3
G11,07,3,30.655,649.6,gvf,38.144,169.66,34.149,0.15665,fay_herriot,forms_mnt:h_sd+alt_mean+essence+greco;log,2005-2024,IGN IFN brut (Etalab 2.0) ; FORMS-T (CC-BY 4.0) ; spec 054 lot 3
G11,09,229,62.835,27.629,direct,63.305,26.624,8.1507,0.94832,fay_herriot,forms_mnt:h_sd+alt_mean+essence+greco;log,2005-2024,IGN IFN brut (Etalab 2.0) ; FORMS-T (CC-BY 4.0) ; spec 054 lot 3
G11,10,945,82.456,9.0638,direct,82.249,8.9276,3.6328,0.98972,fay_herriot,forms_mnt:h_sd+alt_mean+essence+greco;log,2005-2024,IGN IFN brut (Etalab 2.0) ; FORMS-T (CC-BY 4.0) ; spec 054 lot 3
G11,11,299,46.801,9.057,direct,46.51,8.6723,6.3317,0.9688,fay_herriot,forms_mnt:h_sd+alt_mean+essence+greco;log,2005-2024,IGN IFN brut (Etalab 2.0) ; FORMS-T (CC-BY 4.0) ; spec 054 lot 3
G11,12P,6,17.815,281.93,gvf,40.344,190.63,34.223,0.12629,fay_herriot,forms_mnt:h_sd+alt_mean+essence+greco;log,2005-2024,IGN IFN brut (Etalab 2.0) ; FORMS-T (CC-BY 4.0) ; spec 054 lot 3
G11,12V,325,35.971,4.8529,direct,35.781,4.6686,6.0387,0.97162,fay_herriot,forms_mnt:h_sd+alt_mean+essence+greco;log,2005-2024,IGN IFN brut (Etalab 2.0) ; FORMS-T (CC-BY 4.0) ; spec 054 lot 3
G11,13G,65,87.556,171.29,direct,84.659,136.89,13.82,0.85178,fay_herriot,forms_mnt:h_sd+alt_mean+essence+greco;log,2005-2024,IGN IFN brut (Etalab 2.0) ; FORMS-T (CC-BY 4.0) ; spec 054 lot 3
G11,14,90,55.418,36.446,direct,55.635,33.699,10.434,0.9154,fay_herriot,forms_mnt:h_sd+alt_mean+essence+greco;log,2005-2024,IGN IFN brut (Etalab 2.0) ; FORMS-T (CC-BY 4.0) ; spec 054 lot 3
G11,15P,1,10.743,664.97,gvf,29.277,111.86,36.125,0.021798,fay_herriot,forms_mnt:h_sd+alt_mean+essence+greco;log,2005-2024,IGN IFN brut (Etalab 2.0) ; FORMS-T (CC-BY 4.0) ; spec 054 lot 3
G11,15S,22,26.075,37.046,direct,28.098,30.453,19.64,0.70208,fay_herriot,forms_mnt:h_sd+alt_mean+essence+greco;log,2005-2024,IGN IFN brut (Etalab 2.0) ; FORMS-T (CC-BY 4.0) ; spec 054 lot 3
G11,17C,140,49.108,38.424,direct,49.237,34.438,11.919,0.88961,fay_herriot,forms_mnt:h_sd+alt_mean+essence+greco;log,2005-2024,IGN IFN brut (Etalab 2.0) ; FORMS-T (CC-BY 4.0) ; spec 054 lot 3
G11,18C,14,20.787,56.701,direct,16.805,18.583,25.652,0.49457,fay_herriot,forms_mnt:h_sd+alt_mean+essence+greco;log,2005-2024,IGN IFN brut (Etalab 2.0) ; FORMS-T (CC-BY 4.0) ; spec 054 lot 3
G11,19,17,193.45,2666,direct,180.78,1511.1,21.503,0.64317,fay_herriot,forms_mnt:h_sd+alt_mean+essence+greco;log,2005-2024,IGN IFN brut (Etalab 2.0) ; FORMS-T (CC-BY 4.0) ; spec 054 lot 3
G11,20G,9,37.58,302.39,gvf,40.519,135,28.676,0.37488,fay_herriot,forms_mnt:h_sd+alt_mean+essence+greco;log,2005-2024,IGN IFN brut (Etalab 2.0) ; FORMS-T (CC-BY 4.0) ; spec 054 lot 3
G11,20P,11,42.201,214.69,direct,42.153,112.42,25.153,0.51577,fay_herriot,forms_mnt:h_sd+alt_mean+essence+greco;log,2005-2024,IGN IFN brut (Etalab 2.0) ; FORMS-T (CC-BY 4.0) ; spec 054 lot 3
G11,21C,9,12.662,56.433,gvf,18.51,32.759,30.922,0.26727,fay_herriot,forms_mnt:h_sd+alt_mean+essence+greco;log,2005-2024,IGN IFN brut (Etalab 2.0) ; FORMS-T (CC-BY 4.0) ; spec 054 lot 3
G11,22C,1,17.147,56.621,gvf,13.36,15.941,29.885,0.40004,fay_herriot,forms_mnt:h_sd+alt_mean+essence+greco;log,2005-2024,IGN IFN brut (Etalab 2.0) ; FORMS-T (CC-BY 4.0) ; spec 054 lot 3
G11,22G,1,17.546,186.54,gvf,12.589,18.349,34.025,0.17485,fay_herriot,forms_mnt:h_sd+alt_mean+essence+greco;log,2005-2024,IGN IFN brut (Etalab 2.0) ; FORMS-T (CC-BY 4.0) ; spec 054 lot 3
G11,22M,199,22.732,2.8266,direct,22.701,2.706,7.2464,0.95914,fay_herriot,forms_mnt:h_sd+alt_mean+essence+greco;log,2005-2024,IGN IFN brut (Etalab 2.0) ; FORMS-T (CC-BY 4.0) ; spec 054 lot 3
G11,23C,8,13.244,5.736,gvf,12.777,4.3018,16.233,0.79702,fay_herriot,forms_mnt:h_sd+alt_mean+essence+greco;log,2005-2024,IGN IFN brut (Etalab 2.0) ; FORMS-T (CC-BY 4.0) ; spec 054 lot 3
G11,23PC,17,5.7905,2.2602,direct,6.4893,1.8863,21.165,0.65575,fay_herriot,forms_mnt:h_sd+alt_mean+essence+greco;log,2005-2024,IGN IFN brut (Etalab 2.0) ; FORMS-T (CC-BY 4.0) ; spec 054 lot 3
G11,23PD,1,7.993,35.926,gvf,12.005,16.246,33.575,0.18589,fay_herriot,forms_mnt:h_sd+alt_mean+essence+greco;log,2005-2024,IGN IFN brut (Etalab 2.0) ; FORMS-T (CC-BY 4.0) ; spec 054 lot 3
G11,23PM,5,4.8916,17.419,gvf,7.6103,6.4934,33.484,0.14994,fay_herriot,forms_mnt:h_sd+alt_mean+essence+greco;log,2005-2024,IGN IFN brut (Etalab 2.0) ; FORMS-T (CC-BY 4.0) ; spec 054 lot 3
G11,23SO,5,2.435,56.697,gvf,9.217,11.287,36.451,0.01325,fay_herriot,forms_mnt:h_sd+alt_mean+essence+greco;log,2005-2024,IGN IFN brut (Etalab 2.0) ; FORMS-T (CC-BY 4.0) ; spec 054 lot 3
G11,24,110,39.971,24.844,direct,40.557,22.87,11.792,0.89198,fay_herriot,forms_mnt:h_sd+alt_mean+essence+greco;log,2005-2024,IGN IFN brut (Etalab 2.0) ; FORMS-T (CC-BY 4.0) ; spec 054 lot 3
G11,25B,1,0,1265.7,gvf,0,1265.7,,1,direct,forms_mnt:h_sd+alt_mean+essence+greco;log,2005-2024,IGN IFN brut (Etalab 2.0) ; FORMS-T (CC-BY 4.0) ; spec 054 lot 3
G11,25C,129,24.58,6.981,direct,23.88,6.0705,10.317,0.91744,fay_herriot,forms_mnt:h_sd+alt_mean+essence+greco;log,2005-2024,IGN IFN brut (Etalab 2.0) ; FORMS-T (CC-BY 4.0) ; spec 054 lot 3
G11,25M,35,22.032,33.719,direct,19.71,17.654,21.318,0.64894,fay_herriot,forms_mnt:h_sd+alt_mean+essence+greco;log,2005-2024,IGN IFN brut (Etalab 2.0) ; FORMS-T (CC-BY 4.0) ; spec 054 lot 3
G11,25R,10,23.633,30.851,direct,23.658,22.166,19.901,0.69922,fay_herriot,forms_mnt:h_sd+alt_mean+essence+greco;log,2005-2024,IGN IFN brut (Etalab 2.0) ; FORMS-T (CC-BY 4.0) ; spec 054 lot 3
G11,27C,4,11.351,30.303,gvf,15,19.119,29.15,0.35313,fay_herriot,forms_mnt:h_sd+alt_mean+essence+greco;log,2005-2024,IGN IFN brut (Etalab 2.0) ; FORMS-T (CC-BY 4.0) ; spec 054 lot 3
G11,29AF,1,8.3835,42.5,gvf,6.5625,4.9876,34.031,0.17515,fay_herriot,forms_mnt:h_sd+alt_mean+essence+greco;log,2005-2024,IGN IFN brut (Etalab 2.0) ; FORMS-T (CC-BY 4.0) ; spec 054 lot 3
G11,31,183,10.834,1.0179,direct,10.623,0.91789,9.0192,0.93674,fay_herriot,forms_mnt:h_sd+alt_mean+essence+greco;log,2005-2024,IGN IFN brut (Etalab 2.0) ; FORMS-T (CC-BY 4.0) ; spec 054 lot 3
G11,332G,1,143.4,11089,gvf,139.26,2368.7,34.949,0.19232,fay_herriot,forms_mnt:h_sd+alt_mean+essence+greco;log,2005-2024,IGN IFN brut (Etalab 2.0) ; FORMS-T (CC-BY 4.0) ; spec 054 lot 3
G11,33N,4,84.805,1018,gvf,88.901,544.19,26.24,0.47565,fay_herriot,forms_mnt:h_sd+alt_mean+essence+greco;log,2005-2024,IGN IFN brut (Etalab 2.0) ; FORMS-T (CC-BY 4.0) ; spec 054 lot 3
G11,36,2,11.934,5238.3,gvf,102.93,2381.7,47.412,0.0034786,fay_herriot,forms_mnt:h_sd+alt_mean+essence+greco;log,2005-2024,IGN IFN brut (Etalab 2.0) ; FORMS-T (CC-BY 4.0) ; spec 054 lot 3
G11,39,1,1.5638,6.4091,gvf,3.0695,1.3076,37.253,0.046705,fay_herriot,forms_mnt:h_sd+alt_mean+essence+greco;log,2005-2024,IGN IFN brut (Etalab 2.0) ; FORMS-T (CC-BY 4.0) ; spec 054 lot 3
G11,41,14,4.9423,1.5392,direct,6.0586,1.5668,20.66,0.67081,fay_herriot,forms_mnt:h_sd+alt_mean+essence+greco;log,2005-2024,IGN IFN brut (Etalab 2.0) ; FORMS-T (CC-BY 4.0) ; spec 054 lot 3
G11,42,1,34.301,4466.8,gvf,14.728,27.829,35.817,0.032715,fay_herriot,forms_mnt:h_sd+alt_mean+essence+greco;log,2005-2024,IGN IFN brut (Etalab 2.0) ; FORMS-T (CC-BY 4.0) ; spec 054 lot 3
G11,49AM,64,5.0284,0.75243,direct,4.9806,0.60172,15.575,0.81185,fay_herriot,forms_mnt:h_sd+alt_mean+essence+greco;log,2005-2024,IGN IFN brut (Etalab 2.0) ; FORMS-T (CC-BY 4.0) ; spec 054 lot 3
G11,49BO,4,1.501,2.9871,gvf,2.1642,0.57846,35.143,0.088298,fay_herriot,forms_mnt:h_sd+alt_mean+essence+greco;log,2005-2024,IGN IFN brut (Etalab 2.0) ; FORMS-T (CC-BY 4.0) ; spec 054 lot 3
G11,49BS,1,2.7184,20.017,gvf,4.0086,2.125,36.365,0.045256,fay_herriot,forms_mnt:h_sd+alt_mean+essence+greco;log,2005-2024,IGN IFN brut (Etalab 2.0) ; FORMS-T (CC-BY 4.0) ; spec 054 lot 3
G11,49EV,1,5.6221,6.1521,gvf,3.6582,1.0778,28.38,0.39748,fay_herriot,forms_mnt:h_sd+alt_mean+essence+greco;log,2005-2024,IGN IFN brut (Etalab 2.0) ; FORMS-T (CC-BY 4.0) ; spec 054 lot 3
G11,49IA,70,6.4614,1.6615,direct,6.234,1.1896,17.496,0.7634,fay_herriot,forms_mnt:h_sd+alt_mean+essence+greco;log,2005-2024,IGN IFN brut (Etalab 2.0) ; FORMS-T (CC-BY 4.0) ; spec 054 lot 3
G11,49LN,1,9.297,297.47,gvf,29.896,137.49,39.221,0.035967,fay_herriot,forms_mnt:h_sd+alt_mean+essence+greco;log,2005-2024,IGN IFN brut (Etalab 2.0) ; FORMS-T (CC-BY 4.0) ; spec 054 lot 3
G11,49PM,1,2.5597,33.985,gvf,5.4895,4.1087,36.925,0.024156,fay_herriot,forms_mnt:h_sd+alt_mean+essence+greco;log,2005-2024,IGN IFN brut (Etalab 2.0) ; FORMS-T (CC-BY 4.0) ; spec 054 lot 3
G11,49PS,7,3.6041,13.746,gvf,5.1252,3.1715,34.747,0.1082,fay_herriot,forms_mnt:h_sd+alt_mean+essence+greco;log,2005-2024,IGN IFN brut (Etalab 2.0) ; FORMS-T (CC-BY 4.0) ; spec 054 lot 3
G11,49SN,11,2.531,0.45358,direct,3.0732,0.43643,21.497,0.64456,fay_herriot,forms_mnt:h_sd+alt_mean+essence+greco;log,2005-2024,IGN IFN brut (Etalab 2.0) ; FORMS-T (CC-BY 4.0) ; spec 054 lot 3
G11,51,49,74.142,102.12,direct,77.525,97.948,12.766,0.8736,fay_herriot,forms_mnt:h_sd+alt_mean+essence+greco;log,2005-2024,IGN IFN brut (Etalab 2.0) ; FORMS-T (CC-BY 4.0) ; spec 054 lot 3
G11,52,86,69.067,96.105,direct,69.954,85.463,13.215,0.86438,fay_herriot,forms_mnt:h_sd+alt_mean+essence+greco;log,2005-2024,IGN IFN brut (Etalab 2.0) ; FORMS-T (CC-BY 4.0) ; spec 054 lot 3
G11,53CO,24,80.873,276.81,direct,90.117,260.4,17.907,0.7521,fay_herriot,forms_mnt:h_sd+alt_mean+essence+greco;log,2005-2024,IGN IFN brut (Etalab 2.0) ; FORMS-T (CC-BY 4.0) ; spec 054 lot 3
G11,54,2,9.469,12433,gvf,115.63,1782.2,36.51,0.00092512,fay_herriot,forms_mnt:h_sd+alt_mean+essence+greco;log,2005-2024,IGN IFN brut (Etalab 2.0) ; FORMS-T (CC-BY 4.0) ; spec 054 lot 3
G11,56,11,20.078,23.485,direct,31.15,40.173,20.347,0.68789,fay_herriot,forms_mnt:h_sd+alt_mean+essence+greco;log,2005-2024,IGN IFN brut (Etalab 2.0) ; FORMS-T (CC-BY 4.0) ; spec 054 lot 3
G11,61,68,89.253,232.59,direct,93.313,208.29,15.467,0.81474,fay_herriot,forms_mnt:h_sd+alt_mean+essence+greco;log,2005-2024,IGN IFN brut (Etalab 2.0) ; FORMS-T (CC-BY 4.0) ; spec 054 lot 3
G11,62,72,67.345,120.49,direct,74.312,122.15,14.873,0.82857,fay_herriot,forms_mnt:h_sd+alt_mean+essence+greco;log,2005-2024,IGN IFN brut (Etalab 2.0) ; FORMS-T (CC-BY 4.0) ; spec 054 lot 3
G11,63,4,33.14,1669.3,gvf,97.723,1189,35.285,0.077901,fay_herriot,forms_mnt:h_sd+alt_mean+essence+greco;log,2005-2024,IGN IFN brut (Etalab 2.0) ; FORMS-T (CC-BY 4.0) ; spec 054 lot 3
G11,64,239,143.25,113.3,direct,144.4,110.51,7.2801,0.95877,fay_herriot,forms_mnt:h_sd+alt_mean+essence+greco;log,2005-2024,IGN IFN brut (Etalab 2.0) ; FORMS-T (CC-BY 4.0) ; spec 054 lot 3
G11,65,2,38.444,14990,gvf,77.017,834.43,37.506,0.012501,fay_herriot,forms_mnt:h_sd+alt_mean+essence+greco;log,2005-2024,IGN IFN brut (Etalab 2.0) ; FORMS-T (CC-BY 4.0) ; spec 054 lot 3
G11,68TG,2,30.476,6850.6,gvf,172.26,5274.9,42.162,0.01711,fay_herriot,forms_mnt:h_sd+alt_mean+essence+greco;log,2005-2024,IGN IFN brut (Etalab 2.0) ; FORMS-T (CC-BY 4.0) ; spec 054 lot 3
G11,68TH,2,38.945,3786.7,gvf,68.646,605.89,35.858,0.048913,fay_herriot,forms_mnt:h_sd+alt_mean+essence+greco;log,2005-2024,IGN IFN brut (Etalab 2.0) ; FORMS-T (CC-BY 4.0) ; spec 054 lot 3
G11,69JC,1,0.96361,13.004,gvf,3.4563,1.6012,36.611,0.0090853,fay_herriot,forms_mnt:h_sd+alt_mean+essence+greco;log,2005-2024,IGN IFN brut (Etalab 2.0) ; FORMS-T (CC-BY 4.0) ; spec 054 lot 3
G11,71,1,3.7312,1106.1,gvf,55.283,501.36,40.503,0.0016135,fay_herriot,forms_mnt:h_sd+alt_mean+essence+greco;log,2005-2024,IGN IFN brut (Etalab 2.0) ; FORMS-T (CC-BY 4.0) ; spec 054 lot 3
G11,72V,11,57.362,294,direct,78.145,337.03,23.493,0.58967,fay_herriot,forms_mnt:h_sd+alt_mean+essence+greco;log,2005-2024,IGN IFN brut (Etalab 2.0) ; FORMS-T (CC-BY 4.0) ; spec 054 lot 3
G11,73,23,193.57,2199.4,direct,190.49,1495.1,20.299,0.68627,fay_herriot,forms_mnt:h_sd+alt_mean+essence+greco;log,2005-2024,IGN IFN brut (Etalab 2.0) ; FORMS-T (CC-BY 4.0) ; spec 054 lot 3
G11,74J,11,154.18,3597,direct,162.14,1935.5,27.134,0.45905,fay_herriot,forms_mnt:h_sd+alt_mean+essence+greco;log,2005-2024,IGN IFN brut (Etalab 2.0) ; FORMS-T (CC-BY 4.0) ; spec 054 lot 3
G12,02,534,111.78,16.757,direct,111.29,16.441,3.6435,0.98966,fay_herriot,forms_mnt:h_sd+alt_mean+essence+greco;log,2005-2024,IGN IFN brut (Etalab 2.0) ; FORMS-T (CC-BY 4.0) ; spec 054 lot 3
G12,03,143,149.98,107.44,direct,147.2,99.861,6.7886,0.96414,fay_herriot,forms_mnt:h_sd+alt_mean+essence+greco;log,2005-2024,IGN IFN brut (Etalab 2.0) ; FORMS-T (CC-BY 4.0) ; spec 054 lot 3
G12,04,11,96.202,735.05,direct,84.254,353.77,22.324,0.61784,fay_herriot,forms_mnt:h_sd+alt_mean+essence+greco;log,2005-2024,IGN IFN brut (Etalab 2.0) ; FORMS-T (CC-BY 4.0) ; spec 054 lot 3
G12,05,3,72.89,929.2,gvf,58.106,253.55,27.403,0.42336,fay_herriot,forms_mnt:h_sd+alt_mean+essence+greco;log,2005-2024,IGN IFN brut (Etalab 2.0) ; FORMS-T (CC-BY 4.0) ; spec 054 lot 3
G12,09,76,66.502,96.501,direct,67.031,84.051,13.677,0.85475,fay_herriot,forms_mnt:h_sd+alt_mean+essence+greco;log,2005-2024,IGN IFN brut (Etalab 2.0) ; FORMS-T (CC-BY 4.0) ; spec 054 lot 3
G12,10,138,89.015,74.853,direct,86.879,66.512,9.3872,0.93147,fay_herriot,forms_mnt:h_sd+alt_mean+essence+greco;log,2005-2024,IGN IFN brut (Etalab 2.0) ; FORMS-T (CC-BY 4.0) ; spec 054 lot 3
G12,11,232,54.366,17.241,direct,53.47,15.969,7.4735,0.95655,fay_herriot,forms_mnt:h_sd+alt_mean+essence+greco;log,2005-2024,IGN IFN brut (Etalab 2.0) ; FORMS-T (CC-BY 4.0) ; spec 054 lot 3
G12,12P,4,18.511,422.9,gvf,40.494,199.39,34.871,0.09424,fay_herriot,forms_mnt:h_sd+alt_mean+essence+greco;log,2005-2024,IGN IFN brut (Etalab 2.0) ; FORMS-T (CC-BY 4.0) ; spec 054 lot 3
G12,12V,66,32.508,22.049,direct,31.977,18.407,13.417,0.86023,fay_herriot,forms_mnt:h_sd+alt_mean+essence+greco;log,2005-2024,IGN IFN brut (Etalab 2.0) ; FORMS-T (CC-BY 4.0) ; spec 054 lot 3
G12,13G,32,71.287,171.18,direct,70.486,133.22,16.375,0.79218,fay_herriot,forms_mnt:h_sd+alt_mean+essence+greco;log,2005-2024,IGN IFN brut (Etalab 2.0) ; FORMS-T (CC-BY 4.0) ; spec 054 lot 3
G12,14,20,52.363,166.11,direct,53.55,119.01,20.372,0.67943,fay_herriot,forms_mnt:h_sd+alt_mean+essence+greco;log,2005-2024,IGN IFN brut (Etalab 2.0) ; FORMS-T (CC-BY 4.0) ; spec 054 lot 3
G12,15P,5,31.272,132.99,gvf,30.065,60.95,25.968,0.48565,fay_herriot,forms_mnt:h_sd+alt_mean+essence+greco;log,2005-2024,IGN IFN brut (Etalab 2.0) ; FORMS-T (CC-BY 4.0) ; spec 054 lot 3
G12,15S,6,28.912,252.84,gvf,31.334,90.174,30.306,0.29801,fay_herriot,forms_mnt:h_sd+alt_mean+essence+greco;log,2005-2024,IGN IFN brut (Etalab 2.0) ; FORMS-T (CC-BY 4.0) ; spec 054 lot 3
G12,17C,105,52.338,39.993,direct,51.95,35.451,11.461,0.8979,fay_herriot,forms_mnt:h_sd+alt_mean+essence+greco;log,2005-2024,IGN IFN brut (Etalab 2.0) ; FORMS-T (CC-BY 4.0) ; spec 054 lot 3
G12,17O,1,6.1143,1539.4,gvf,44.332,268.09,36.933,0.0031086,fay_herriot,forms_mnt:h_sd+alt_mean+essence+greco;log,2005-2024,IGN IFN brut (Etalab 2.0) ; FORMS-T (CC-BY 4.0) ; spec 054 lot 3
G12,18C,6,7.0028,36.101,gvf,12.018,16.15,33.438,0.14852,fay_herriot,forms_mnt:h_sd+alt_mean+essence+greco;log,2005-2024,IGN IFN brut (Etalab 2.0) ; FORMS-T (CC-BY 4.0) ; spec 054 lot 3
G12,18M,1,21.576,160.52,gvf,18.312,33.521,31.617,0.27133,fay_herriot,forms_mnt:h_sd+alt_mean+essence+greco;log,2005-2024,IGN IFN brut (Etalab 2.0) ; FORMS-T (CC-BY 4.0) ; spec 054 lot 3
G12,19,8,199.11,3101.8,gvf,181.01,1608.4,22.156,0.62137,fay_herriot,forms_mnt:h_sd+alt_mean+essence+greco;log,2005-2024,IGN IFN brut (Etalab 2.0) ; FORMS-T (CC-BY 4.0) ; spec 054 lot 3
G12,20G,12,29.953,50.9,direct,32.982,43.322,19.957,0.69356,fay_herriot,forms_mnt:h_sd+alt_mean+essence+greco;log,2005-2024,IGN IFN brut (Etalab 2.0) ; FORMS-T (CC-BY 4.0) ; spec 054 lot 3
G12,20P,3,18.879,459.69,gvf,37.997,174,34.716,0.09054,fay_herriot,forms_mnt:h_sd+alt_mean+essence+greco;log,2005-2024,IGN IFN brut (Etalab 2.0) ; FORMS-T (CC-BY 4.0) ; spec 054 lot 3
G12,21C,20,19.235,20.45,direct,19.627,14.988,19.725,0.69907,fay_herriot,forms_mnt:h_sd+alt_mean+essence+greco;log,2005-2024,IGN IFN brut (Etalab 2.0) ; FORMS-T (CC-BY 4.0) ; spec 054 lot 3
G12,22G,1,12.808,186.54,gvf,11.493,16.774,35.635,0.10145,fay_herriot,forms_mnt:h_sd+alt_mean+essence+greco;log,2005-2024,IGN IFN brut (Etalab 2.0) ; FORMS-T (CC-BY 4.0) ; spec 054 lot 3
G12,22M,110,23.712,5.9645,direct,23.517,5.4274,9.9065,0.92369,fay_herriot,forms_mnt:h_sd+alt_mean+essence+greco;log,2005-2024,IGN IFN brut (Etalab 2.0) ; FORMS-T (CC-BY 4.0) ; spec 054 lot 3
G12,23PC,6,7.3697,9.1328,gvf,7.6111,4.309,27.273,0.43298,fay_herriot,forms_mnt:h_sd+alt_mean+essence+greco;log,2005-2024,IGN IFN brut (Etalab 2.0) ; FORMS-T (CC-BY 4.0) ; spec 054 lot 3
G12,23PD,1,11.406,35.926,gvf,12.304,14.143,30.565,0.3174,fay_herriot,forms_mnt:h_sd+alt_mean+essence+greco;log,2005-2024,IGN IFN brut (Etalab 2.0) ; FORMS-T (CC-BY 4.0) ; spec 054 lot 3
G12,23PF,1,2.1141,64.526,gvf,13.621,24.404,36.267,0.0088152,fay_herriot,forms_mnt:h_sd+alt_mean+essence+greco;log,2005-2024,IGN IFN brut (Etalab 2.0) ; FORMS-T (CC-BY 4.0) ; spec 054 lot 3
G12,23PM,20,8.402,5.1354,direct,8.2396,3.1901,21.677,0.63835,fay_herriot,forms_mnt:h_sd+alt_mean+essence+greco;log,2005-2024,IGN IFN brut (Etalab 2.0) ; FORMS-T (CC-BY 4.0) ; spec 054 lot 3
G12,23SO,1,2.1199,283.48,gvf,9.052,11.014,36.663,0.0020315,fay_herriot,forms_mnt:h_sd+alt_mean+essence+greco;log,2005-2024,IGN IFN brut (Etalab 2.0) ; FORMS-T (CC-BY 4.0) ; spec 054 lot 3
G12,24,64,70.323,92.879,direct,66.286,72.199,12.819,0.8724,fay_herriot,forms_mnt:h_sd+alt_mean+essence+greco;log,2005-2024,IGN IFN brut (Etalab 2.0) ; FORMS-T (CC-BY 4.0) ; spec 054 lot 3
G12,25B,3,35.577,421.91,gvf,47.99,220.45,30.939,0.27809,fay_herriot,forms_mnt:h_sd+alt_mean+essence+greco;log,2005-2024,IGN IFN brut (Etalab 2.0) ; FORMS-T (CC-BY 4.0) ; spec 054 lot 3
G12,25C,29,21.123,29.999,direct,19.51,17.085,21.186,0.65633,fay_herriot,forms_mnt:h_sd+alt_mean+essence+greco;log,2005-2024,IGN IFN brut (Etalab 2.0) ; FORMS-T (CC-BY 4.0) ; spec 054 lot 3
G12,25M,17,17.077,19.372,direct,16.53,12.056,21.006,0.65905,fay_herriot,forms_mnt:h_sd+alt_mean+essence+greco;log,2005-2024,IGN IFN brut (Etalab 2.0) ; FORMS-T (CC-BY 4.0) ; spec 054 lot 3
G12,25R,4,27.185,133.74,gvf,24.618,47.754,28.071,0.41506,fay_herriot,forms_mnt:h_sd+alt_mean+essence+greco;log,2005-2024,IGN IFN brut (Etalab 2.0) ; FORMS-T (CC-BY 4.0) ; spec 054 lot 3
G12,27C,2,15.059,60.607,gvf,16.279,23.533,29.8,0.32453,fay_herriot,forms_mnt:h_sd+alt_mean+essence+greco;log,2005-2024,IGN IFN brut (Etalab 2.0) ; FORMS-T (CC-BY 4.0) ; spec 054 lot 3
G12,31,87,8.4428,1.2932,direct,8.3432,1.1096,12.626,0.8762,fay_herriot,forms_mnt:h_sd+alt_mean+essence+greco;log,2005-2024,IGN IFN brut (Etalab 2.0) ; FORMS-T (CC-BY 4.0) ; spec 054 lot 3
G12,33G,1,36.109,16754,gvf,124.94,2160.1,37.2,0.0098941,fay_herriot,forms_mnt:h_sd+alt_mean+essence+greco;log,2005-2024,IGN IFN brut (Etalab 2.0) ; FORMS-T (CC-BY 4.0) ; spec 054 lot 3
G12,33N,6,66.667,678.68,gvf,78.365,438.34,26.717,0.45678,fay_herriot,forms_mnt:h_sd+alt_mean+essence+greco;log,2005-2024,IGN IFN brut (Etalab 2.0) ; FORMS-T (CC-BY 4.0) ; spec 054 lot 3
G12,34,2,406.51,7940.1,gvf,288.5,3076,19.224,0.7277,fay_herriot,forms_mnt:h_sd+alt_mean+essence+greco;log,2005-2024,IGN IFN brut (Etalab 2.0) ; FORMS-T (CC-BY 4.0) ; spec 054 lot 3
G12,41,15,9.4516,6.9793,direct,9.2301,4.1842,22.162,0.62172,fay_herriot,forms_mnt:h_sd+alt_mean+essence+greco;log,2005-2024,IGN IFN brut (Etalab 2.0) ; FORMS-T (CC-BY 4.0) ; spec 054 lot 3
G12,49AM,58,5.4995,0.63987,direct,5.3664,0.52465,13.498,0.85854,fay_herriot,forms_mnt:h_sd+alt_mean+essence+greco;log,2005-2024,IGN IFN brut (Etalab 2.0) ; FORMS-T (CC-BY 4.0) ; spec 054 lot 3
G12,49BO,3,2.1434,3.9828,gvf,2.1662,0.55231,34.308,0.12901,fay_herriot,forms_mnt:h_sd+alt_mean+essence+greco;log,2005-2024,IGN IFN brut (Etalab 2.0) ; FORMS-T (CC-BY 4.0) ; spec 054 lot 3
G12,49BS,1,6.0402,20.017,gvf,4.2819,2.0353,33.318,0.18965,fay_herriot,forms_mnt:h_sd+alt_mean+essence+greco;log,2005-2024,IGN IFN brut (Etalab 2.0) ; FORMS-T (CC-BY 4.0) ; spec 054 lot 3
G12,49EV,1,3.311,6.1521,gvf,2.7755,0.84922,33.202,0.1862,fay_herriot,forms_mnt:h_sd+alt_mean+essence+greco;log,2005-2024,IGN IFN brut (Etalab 2.0) ; FORMS-T (CC-BY 4.0) ; spec 054 lot 3
G12,49IA,23,3.7066,0.80853,direct,4.1654,0.70713,20.188,0.68571,fay_herriot,forms_mnt:h_sd+alt_mean+essence+greco;log,2005-2024,IGN IFN brut (Etalab 2.0) ; FORMS-T (CC-BY 4.0) ; spec 054 lot 3
G12,49PS,5,4.9426,19.245,gvf,5.1421,3.0723,34.087,0.14015,fay_herriot,forms_mnt:h_sd+alt_mean+essence+greco;log,2005-2024,IGN IFN brut (Etalab 2.0) ; FORMS-T (CC-BY 4.0) ; spec 054 lot 3
G12,49SN,8,2.8738,2.4315,gvf,3.7602,1.2944,30.256,0.30369,fay_herriot,forms_mnt:h_sd+alt_mean+essence+greco;log,2005-2024,IGN IFN brut (Etalab 2.0) ; FORMS-T (CC-BY 4.0) ; spec 054 lot 3
G12,51,1,488.03,13295,gvf,303.8,3625.9,19.821,0.69699,fay_herriot,forms_mnt:h_sd+alt_mean+essence+greco;log,2005-2024,IGN IFN brut (Etalab 2.0) ; FORMS-T (CC-BY 4.0) ; spec 054 lot 3
G12,52,8,88.873,1430.9,gvf,79.473,480.17,27.573,0.41478,fay_herriot,forms_mnt:h_sd+alt_mean+essence+greco;log,2005-2024,IGN IFN brut (Etalab 2.0) ; FORMS-T (CC-BY 4.0) ; spec 054 lot 3
G12,53CO,7,97.127,3413.4,gvf,114.29,1263.8,31.105,0.26192,fay_herriot,forms_mnt:h_sd+alt_mean+essence+greco;log,2005-2024,IGN IFN brut (Etalab 2.0) ; FORMS-T (CC-BY 4.0) ; spec 054 lot 3
G12,56,1,27.83,8074.2,gvf,78.347,858.88,37.406,0.012167,fay_herriot,forms_mnt:h_sd+alt_mean+essence+greco;log,2005-2024,IGN IFN brut (Etalab 2.0) ; FORMS-T (CC-BY 4.0) ; spec 054 lot 3
G12,61,6,115.98,7361.7,gvf,110.94,1309.9,32.623,0.19003,fay_herriot,forms_mnt:h_sd+alt_mean+essence+greco;log,2005-2024,IGN IFN brut (Etalab 2.0) ; FORMS-T (CC-BY 4.0) ; spec 054 lot 3
G12,62,7,100.86,5304.2,gvf,112.61,1335,32.445,0.1976,fay_herriot,forms_mnt:h_sd+alt_mean+essence+greco;log,2005-2024,IGN IFN brut (Etalab 2.0) ; FORMS-T (CC-BY 4.0) ; spec 054 lot 3
G12,63,1,71.751,6677.1,gvf,100.23,1233.2,35.037,0.090083,fay_herriot,forms_mnt:h_sd+alt_mean+essence+greco;log,2005-2024,IGN IFN brut (Etalab 2.0) ; FORMS-T (CC-BY 4.0) ; spec 054 lot 3
G12,64,61,275.37,772.9,direct,265.57,667.37,9.7274,0.92646,fay_herriot,forms_mnt:h_sd+alt_mean+essence+greco;log,2005-2024,IGN IFN brut (Etalab 2.0) ; FORMS-T (CC-BY 4.0) ; spec 054 lot 3
G12,68CL,1,50.196,17011,gvf,74.674,913.84,40.482,0.018664,fay_herriot,forms_mnt:h_sd+alt_mean+essence+greco;log,2005-2024,IGN IFN brut (Etalab 2.0) ; FORMS-T (CC-BY 4.0) ; spec 054 lot 3
G12,69JC,1,5.2571,13.004,gvf,3.7188,1.4543,32.428,0.21439,fay_herriot,forms_mnt:h_sd+alt_mean+essence+greco;log,2005-2024,IGN IFN brut (Etalab 2.0) ; FORMS-T (CC-BY 4.0) ; spec 054 lot 3
G12,71,1,92.764,1106.1,gvf,70.584,365.01,27.068,0.49973,fay_herriot,forms_mnt:h_sd+alt_mean+essence+greco;log,2005-2024,IGN IFN brut (Etalab 2.0) ; FORMS-T (CC-BY 4.0) ; spec 054 lot 3
G12,73,1,155.75,43660,gvf,176.38,3977.5,35.757,0.066592,fay_herriot,forms_mnt:h_sd+alt_mean+essence+greco;log,2005-2024,IGN IFN brut (Etalab 2.0) ; FORMS-T (CC-BY 4.0) ; spec 054 lot 3
G13,02,1506,93.142,4.9413,direct,93.071,4.9123,2.3814,0.99558,fay_herriot,forms_mnt:h_sd+alt_mean+essence+greco;log,2005-2024,IGN IFN brut (Etalab 2.0) ; FORMS-T (CC-BY 4.0) ; spec 054 lot 3
G13,03,332,115.44,29.006,direct,115.08,28.354,4.6272,0.98333,fay_herriot,forms_mnt:h_sd+alt_mean+essence+greco;log,2005-2024,IGN IFN brut (Etalab 2.0) ; FORMS-T (CC-BY 4.0) ; spec 054 lot 3
G13,04,17,106.64,546.29,direct,96.225,327.24,18.799,0.72773,fay_herriot,forms_mnt:h_sd+alt_mean+essence+greco;log,2005-2024,IGN IFN brut (Etalab 2.0) ; FORMS-T (CC-BY 4.0) ; spec 054 lot 3
G13,05,7,35.377,398.23,gvf,47.123,206.56,30.499,0.28751,fay_herriot,forms_mnt:h_sd+alt_mean+essence+greco;log,2005-2024,IGN IFN brut (Etalab 2.0) ; FORMS-T (CC-BY 4.0) ; spec 054 lot 3
G13,09,956,92.766,11.531,direct,92.569,11.365,3.6419,0.98967,fay_herriot,forms_mnt:h_sd+alt_mean+essence+greco;log,2005-2024,IGN IFN brut (Etalab 2.0) ; FORMS-T (CC-BY 4.0) ; spec 054 lot 3
G13,10,717,70.803,7.8356,direct,70.758,7.7334,3.9302,0.98797,fay_herriot,forms_mnt:h_sd+alt_mean+essence+greco;log,2005-2024,IGN IFN brut (Etalab 2.0) ; FORMS-T (CC-BY 4.0) ; spec 054 lot 3
G13,11,275,44.612,8.3172,direct,44.455,8.0041,6.3641,0.96848,fay_herriot,forms_mnt:h_sd+alt_mean+essence+greco;log,2005-2024,IGN IFN brut (Etalab 2.0) ; FORMS-T (CC-BY 4.0) ; spec 054 lot 3
G13,12P,21,35.335,75.055,direct,38.763,62.509,20.396,0.68112,fay_herriot,forms_mnt:h_sd+alt_mean+essence+greco;log,2005-2024,IGN IFN brut (Etalab 2.0) ; FORMS-T (CC-BY 4.0) ; spec 054 lot 3
G13,12V,672,38.228,2.5634,direct,38.121,2.5155,4.1605,0.98652,fay_herriot,forms_mnt:h_sd+alt_mean+essence+greco;log,2005-2024,IGN IFN brut (Etalab 2.0) ; FORMS-T (CC-BY 4.0) ; spec 054 lot 3
G13,13B,1,77.857,1378.3,gvf,48.042,211.5,30.271,0.3609,fay_herriot,forms_mnt:h_sd+alt_mean+essence+greco;log,2005-2024,IGN IFN brut (Etalab 2.0) ; FORMS-T (CC-BY 4.0) ; spec 054 lot 3
G13,13G,123,112.27,122.4,direct,108.88,107.2,9.5096,0.92968,fay_herriot,forms_mnt:h_sd+alt_mean+essence+greco;log,2005-2024,IGN IFN brut (Etalab 2.0) ; FORMS-T (CC-BY 4.0) ; spec 054 lot 3
G13,14,19,68.618,258.88,direct,66.039,169.13,19.693,0.70018,fay_herriot,forms_mnt:h_sd+alt_mean+essence+greco;log,2005-2024,IGN IFN brut (Etalab 2.0) ; FORMS-T (CC-BY 4.0) ; spec 054 lot 3
G13,15P,5,16.9,132.99,gvf,27.293,77.273,32.208,0.21615,fay_herriot,forms_mnt:h_sd+alt_mean+essence+greco;log,2005-2024,IGN IFN brut (Etalab 2.0) ; FORMS-T (CC-BY 4.0) ; spec 054 lot 3
G13,15S,19,39.207,251.06,direct,36.713,98.308,27.007,0.44015,fay_herriot,forms_mnt:h_sd+alt_mean+essence+greco;log,2005-2024,IGN IFN brut (Etalab 2.0) ; FORMS-T (CC-BY 4.0) ; spec 054 lot 3
G13,17C,191,43.721,17.605,direct,44.25,16.848,9.276,0.93307,fay_herriot,forms_mnt:h_sd+alt_mean+essence+greco;log,2005-2024,IGN IFN brut (Etalab 2.0) ; FORMS-T (CC-BY 4.0) ; spec 054 lot 3
G13,18C,5,11.769,43.321,gvf,13.445,16.759,30.449,0.29106,fay_herriot,forms_mnt:h_sd+alt_mean+essence+greco;log,2005-2024,IGN IFN brut (Etalab 2.0) ; FORMS-T (CC-BY 4.0) ; spec 054 lot 3
G13,18M,6,10.119,26.754,gvf,15.178,21.067,30.24,0.3295,fay_herriot,forms_mnt:h_sd+alt_mean+essence+greco;log,2005-2024,IGN IFN brut (Etalab 2.0) ; FORMS-T (CC-BY 4.0) ; spec 054 lot 3
G13,19,6,99.877,4135.8,gvf,147.52,2172.4,31.595,0.23647,fay_herriot,forms_mnt:h_sd+alt_mean+essence+greco;log,2005-2024,IGN IFN brut (Etalab 2.0) ; FORMS-T (CC-BY 4.0) ; spec 054 lot 3
G13,20G,30,45.643,129.85,direct,45.134,86.555,20.613,0.67321,fay_herriot,forms_mnt:h_sd+alt_mean+essence+greco;log,2005-2024,IGN IFN brut (Etalab 2.0) ; FORMS-T (CC-BY 4.0) ; spec 054 lot 3
G13,20P,21,39.407,84.848,direct,40.672,64.073,19.681,0.7015,fay_herriot,forms_mnt:h_sd+alt_mean+essence+greco;log,2005-2024,IGN IFN brut (Etalab 2.0) ; FORMS-T (CC-BY 4.0) ; spec 054 lot 3
G13,21C,30,12.513,3.1886,direct,13.528,3.2265,13.278,0.86311,fay_herriot,forms_mnt:h_sd+alt_mean+essence+greco;log,2005-2024,IGN IFN brut (Etalab 2.0) ; FORMS-T (CC-BY 4.0) ; spec 054 lot 3
G13,21M,2,22.603,108.79,gvf,17.86,26.487,28.817,0.37618,fay_herriot,forms_mnt:h_sd+alt_mean+essence+greco;log,2005-2024,IGN IFN brut (Etalab 2.0) ; FORMS-T (CC-BY 4.0) ; spec 054 lot 3
G13,22G,3,4.1664,62.18,gvf,11.763,18.982,37.039,0.034606,fay_herriot,forms_mnt:h_sd+alt_mean+essence+greco;log,2005-2024,IGN IFN brut (Etalab 2.0) ; FORMS-T (CC-BY 4.0) ; spec 054 lot 3
G13,22M,234,25.408,2.9858,direct,25.316,2.863,6.6838,0.96523,fay_herriot,forms_mnt:h_sd+alt_mean+essence+greco;log,2005-2024,IGN IFN brut (Etalab 2.0) ; FORMS-T (CC-BY 4.0) ; spec 054 lot 3
G13,22S,1,4.3558,1027.4,gvf,31.67,167.65,40.885,0.0023656,fay_herriot,forms_mnt:h_sd+alt_mean+essence+greco;log,2005-2024,IGN IFN brut (Etalab 2.0) ; FORMS-T (CC-BY 4.0) ; spec 054 lot 3
G13,23AB,33,8.0959,5.2287,direct,8.8573,3.9194,22.352,0.6168,fay_herriot,forms_mnt:h_sd+alt_mean+essence+greco;log,2005-2024,IGN IFN brut (Etalab 2.0) ; FORMS-T (CC-BY 4.0) ; spec 054 lot 3
G13,23C,1,2.6677,45.888,gvf,11.217,16.651,36.377,0.019525,fay_herriot,forms_mnt:h_sd+alt_mean+essence+greco;log,2005-2024,IGN IFN brut (Etalab 2.0) ; FORMS-T (CC-BY 4.0) ; spec 054 lot 3
G13,23PC,16,7.0304,4.6909,direct,7.5783,3.1842,23.547,0.575,fay_herriot,forms_mnt:h_sd+alt_mean+essence+greco;log,2005-2024,IGN IFN brut (Etalab 2.0) ; FORMS-T (CC-BY 4.0) ; spec 054 lot 3
G13,23PD,2,9.5904,17.963,gvf,11.896,11.596,28.626,0.39667,fay_herriot,forms_mnt:h_sd+alt_mean+essence+greco;log,2005-2024,IGN IFN brut (Etalab 2.0) ; FORMS-T (CC-BY 4.0) ; spec 054 lot 3
G13,23PF,2,8.8014,32.263,gvf,13.156,17.419,31.723,0.23565,fay_herriot,forms_mnt:h_sd+alt_mean+essence+greco;log,2005-2024,IGN IFN brut (Etalab 2.0) ; FORMS-T (CC-BY 4.0) ; spec 054 lot 3
G13,23PM,37,8.5518,2.7456,direct,8.5537,2.1409,17.106,0.77377,fay_herriot,forms_mnt:h_sd+alt_mean+essence+greco;log,2005-2024,IGN IFN brut (Etalab 2.0) ; FORMS-T (CC-BY 4.0) ; spec 054 lot 3
G13,23SO,33,8.2764,4.3446,direct,8.7409,3.2962,20.771,0.66936,fay_herriot,forms_mnt:h_sd+alt_mean+essence+greco;log,2005-2024,IGN IFN brut (Etalab 2.0) ; FORMS-T (CC-BY 4.0) ; spec 054 lot 3
G13,24,95,41.344,26.155,direct,41.967,24.135,11.706,0.89352,fay_herriot,forms_mnt:h_sd+alt_mean+essence+greco;log,2005-2024,IGN IFN brut (Etalab 2.0) ; FORMS-T (CC-BY 4.0) ; spec 054 lot 3
G13,25B,1,65.521,1265.7,gvf,60.122,333.31,30.366,0.30339,fay_herriot,forms_mnt:h_sd+alt_mean+essence+greco;log,2005-2024,IGN IFN brut (Etalab 2.0) ; FORMS-T (CC-BY 4.0) ; spec 054 lot 3
G13,25C,121,20.422,4.9187,direct,20.209,4.4298,10.415,0.91588,fay_herriot,forms_mnt:h_sd+alt_mean+essence+greco;log,2005-2024,IGN IFN brut (Etalab 2.0) ; FORMS-T (CC-BY 4.0) ; spec 054 lot 3
G13,25M,96,19.631,4.8295,direct,19.35,4.2835,10.696,0.91108,fay_herriot,forms_mnt:h_sd+alt_mean+essence+greco;log,2005-2024,IGN IFN brut (Etalab 2.0) ; FORMS-T (CC-BY 4.0) ; spec 054 lot 3
G13,25R,12,10.283,5.4588,direct,13.217,6.586,19.417,0.71325,fay_herriot,forms_mnt:h_sd+alt_mean+essence+greco;log,2005-2024,IGN IFN brut (Etalab 2.0) ; FORMS-T (CC-BY 4.0) ; spec 054 lot 3
G13,27C,3,16.388,40.405,gvf,17.328,21.19,26.566,0.46047,fay_herriot,forms_mnt:h_sd+alt_mean+essence+greco;log,2005-2024,IGN IFN brut (Etalab 2.0) ; FORMS-T (CC-BY 4.0) ; spec 054 lot 3
G13,27N,1,23.051,802.58,gvf,38.581,223.26,38.728,0.07835,fay_herriot,forms_mnt:h_sd+alt_mean+essence+greco;log,2005-2024,IGN IFN brut (Etalab 2.0) ; FORMS-T (CC-BY 4.0) ; spec 054 lot 3
G13,29AF,1,1.1284,42.5,gvf,6.4386,5.893,37.703,0.003832,fay_herriot,forms_mnt:h_sd+alt_mean+essence+greco;log,2005-2024,IGN IFN brut (Etalab 2.0) ; FORMS-T (CC-BY 4.0) ; spec 054 lot 3
G13,29MA,3,7.4162,1748.4,gvf,65.323,683.38,40.019,0.004023,fay_herriot,forms_mnt:h_sd+alt_mean+essence+greco;log,2005-2024,IGN IFN brut (Etalab 2.0) ; FORMS-T (CC-BY 4.0) ; spec 054 lot 3
G13,31,262,10.904,1.0934,direct,10.702,0.9844,9.2706,0.93316,fay_herriot,forms_mnt:h_sd+alt_mean+essence+greco;log,2005-2024,IGN IFN brut (Etalab 2.0) ; FORMS-T (CC-BY 4.0) ; spec 054 lot 3
G13,33N,2,63.41,2036,gvf,88.67,832.12,32.532,0.20228,fay_herriot,forms_mnt:h_sd+alt_mean+essence+greco;log,2005-2024,IGN IFN brut (Etalab 2.0) ; FORMS-T (CC-BY 4.0) ; spec 054 lot 3
G13,41,2,5.4679,36.353,gvf,9.051,9.7505,34.5,0.095516,fay_herriot,forms_mnt:h_sd+alt_mean+essence+greco;log,2005-2024,IGN IFN brut (Etalab 2.0) ; FORMS-T (CC-BY 4.0) ; spec 054 lot 3
G13,49AM,78,4.5114,0.23618,direct,4.5479,0.22051,10.325,0.91712,fay_herriot,forms_mnt:h_sd+alt_mean+essence+greco;log,2005-2024,IGN IFN brut (Etalab 2.0) ; FORMS-T (CC-BY 4.0) ; spec 054 lot 3
G13,49BO,16,2.6142,0.26627,direct,2.5458,0.19647,17.411,0.7672,fay_herriot,forms_mnt:h_sd+alt_mean+essence+greco;log,2005-2024,IGN IFN brut (Etalab 2.0) ; FORMS-T (CC-BY 4.0) ; spec 054 lot 3
G13,49EV,3,1.4323,2.0507,gvf,2.6488,0.84539,34.712,0.11383,fay_herriot,forms_mnt:h_sd+alt_mean+essence+greco;log,2005-2024,IGN IFN brut (Etalab 2.0) ; FORMS-T (CC-BY 4.0) ; spec 054 lot 3
G13,49IA,142,6.5278,0.56228,direct,6.454,0.49986,10.955,0.90681,fay_herriot,forms_mnt:h_sd+alt_mean+essence+greco;log,2005-2024,IGN IFN brut (Etalab 2.0) ; FORMS-T (CC-BY 4.0) ; spec 054 lot 3
G13,49PS,6,1.8112,16.037,gvf,5.4076,3.8718,36.387,0.025593,fay_herriot,forms_mnt:h_sd+alt_mean+essence+greco;log,2005-2024,IGN IFN brut (Etalab 2.0) ; FORMS-T (CC-BY 4.0) ; spec 054 lot 3
G13,49SN,25,2.7314,0.13844,direct,2.9129,0.13817,12.761,0.87373,fay_herriot,forms_mnt:h_sd+alt_mean+essence+greco;log,2005-2024,IGN IFN brut (Etalab 2.0) ; FORMS-T (CC-BY 4.0) ; spec 054 lot 3
G13,49SR,1,0.93968,1.7592,gvf,12.598,19.735,35.263,0.060549,fay_herriot,forms_mnt:h_sd+alt_mean+essence+greco;log,2005-2024,IGN IFN brut (Etalab 2.0) ; FORMS-T (CC-BY 4.0) ; spec 054 lot 3
G13,51,15,37.349,104.72,direct,55.598,148.13,21.891,0.63106,fay_herriot,forms_mnt:h_sd+alt_mean+essence+greco;log,2005-2024,IGN IFN brut (Etalab 2.0) ; FORMS-T (CC-BY 4.0) ; spec 054 lot 3
G13,52,438,90.136,22.195,direct,89.887,21.622,5.173,0.97917,fay_herriot,forms_mnt:h_sd+alt_mean+essence+greco;log,2005-2024,IGN IFN brut (Etalab 2.0) ; FORMS-T (CC-BY 4.0) ; spec 054 lot 3
G13,53CO,16,87.491,529.55,direct,100.56,459.1,21.308,0.64987,fay_herriot,forms_mnt:h_sd+alt_mean+essence+greco;log,2005-2024,IGN IFN brut (Etalab 2.0) ; FORMS-T (CC-BY 4.0) ; spec 054 lot 3
G13,54,3,29.798,8288.8,gvf,118.32,1839.8,36.253,0.013569,fay_herriot,forms_mnt:h_sd+alt_mean+essence+greco;log,2005-2024,IGN IFN brut (Etalab 2.0) ; FORMS-T (CC-BY 4.0) ; spec 054 lot 3
G13,56,11,115.4,1561.6,direct,99.914,642.41,25.368,0.52268,fay_herriot,forms_mnt:h_sd+alt_mean+essence+greco;log,2005-2024,IGN IFN brut (Etalab 2.0) ; FORMS-T (CC-BY 4.0) ; spec 054 lot 3
G13,61,202,132.56,140.81,direct,131.66,130.98,8.6922,0.94126,fay_herriot,forms_mnt:h_sd+alt_mean+essence+greco;log,2005-2024,IGN IFN brut (Etalab 2.0) ; FORMS-T (CC-BY 4.0) ; spec 054 lot 3
G13,62,314,147.86,75.17,direct,147.2,72.606,5.7887,0.97392,fay_herriot,forms_mnt:h_sd+alt_mean+essence+greco;log,2005-2024,IGN IFN brut (Etalab 2.0) ; FORMS-T (CC-BY 4.0) ; spec 054 lot 3
G13,63,13,60.684,365.78,direct,79.093,358.82,23.949,0.56384,fay_herriot,forms_mnt:h_sd+alt_mean+essence+greco;log,2005-2024,IGN IFN brut (Etalab 2.0) ; FORMS-T (CC-BY 4.0) ; spec 054 lot 3
G13,64,494,172.42,64.28,direct,172.56,63.345,4.6122,0.98344,fay_herriot,forms_mnt:h_sd+alt_mean+essence+greco;log,2005-2024,IGN IFN brut (Etalab 2.0) ; FORMS-T (CC-BY 4.0) ; spec 054 lot 3
G13,65,1,103.24,29981,gvf,81.707,906.02,36.839,0.043653,fay_herriot,forms_mnt:h_sd+alt_mean+essence+greco;log,2005-2024,IGN IFN brut (Etalab 2.0) ; FORMS-T (CC-BY 4.0) ; spec 054 lot 3
G13,67,1,3.2519,147.84,gvf,15.143,31.503,37.064,0.009101,fay_herriot,forms_mnt:h_sd+alt_mean+essence+greco;log,2005-2024,IGN IFN brut (Etalab 2.0) ; FORMS-T (CC-BY 4.0) ; spec 054 lot 3
G13,68CL,2,458.68,8505.4,gvf,302.75,3025.2,18.168,0.76055,fay_herriot,forms_mnt:h_sd+alt_mean+essence+greco;log,2005-2024,IGN IFN brut (Etalab 2.0) ; FORMS-T (CC-BY 4.0) ; spec 054 lot 3
G13,68TG,2,40.725,6850.6,gvf,176.48,5440.1,41.793,0.030149,fay_herriot,forms_mnt:h_sd+alt_mean+essence+greco;log,2005-2024,IGN IFN brut (Etalab 2.0) ; FORMS-T (CC-BY 4.0) ; spec 054 lot 3
G13,68TH,2,50.278,3786.7,gvf,71.36,632.32,35.238,0.07895,fay_herriot,forms_mnt:h_sd+alt_mean+essence+greco;log,2005-2024,IGN IFN brut (Etalab 2.0) ; FORMS-T (CC-BY 4.0) ; spec 054 lot 3
G13,69JC,11,4.2016,1.7673,direct,3.9448,0.8961,23.997,0.5619,fay_herriot,forms_mnt:h_sd+alt_mean+essence+greco;log,2005-2024,IGN IFN brut (Etalab 2.0) ; FORMS-T (CC-BY 4.0) ; spec 054 lot 3
G13,71,3,30.157,368.71,gvf,49.407,288.6,34.384,0.24054,fay_herriot,forms_mnt:h_sd+alt_mean+essence+greco;log,2005-2024,IGN IFN brut (Etalab 2.0) ; FORMS-T (CC-BY 4.0) ; spec 054 lot 3
G13,72V,48,124.73,436.93,direct,125.1,368.06,15.336,0.82052,fay_herriot,forms_mnt:h_sd+alt_mean+essence+greco;log,2005-2024,IGN IFN brut (Etalab 2.0) ; FORMS-T (CC-BY 4.0) ; spec 054 lot 3
G13,73,45,178.57,818.87,direct,180.64,706.67,14.716,0.83334,fay_herriot,forms_mnt:h_sd+alt_mean+essence+greco;log,2005-2024,IGN IFN brut (Etalab 2.0) ; FORMS-T (CC-BY 4.0) ; spec 054 lot 3
G13,74H,3,81.5,13980,gvf,73.97,696,35.665,0.057501,fay_herriot,forms_mnt:h_sd+alt_mean+essence+greco;log,2005-2024,IGN IFN brut (Etalab 2.0) ; FORMS-T (CC-BY 4.0) ; spec 054 lot 3
G13,74J,42,147.91,450.27,direct,151.51,413.41,13.42,0.86186,fay_herriot,forms_mnt:h_sd+alt_mean+essence+greco;log,2005-2024,IGN IFN brut (Etalab 2.0) ; FORMS-T (CC-BY 4.0) ; spec 054 lot 3
G21,02,338,67.769,15.297,direct,68.07,15.051,5.6994,0.97472,fay_herriot,forms_mnt:h_sd+alt_mean+essence+greco;log,2005-2024,IGN IFN brut (Etalab 2.0) ; FORMS-T (CC-BY 4.0) ; spec 054 lot 3
G21,03,128,97.178,63.433,direct,97.258,60.437,7.9933,0.95029,fay_herriot,forms_mnt:h_sd+alt_mean+essence+greco;log,2005-2024,IGN IFN brut (Etalab 2.0) ; FORMS-T (CC-BY 4.0) ; spec 054 lot 3
G21,04,1,13.588,7396,gvf,75.009,748.2,36.467,0.0031953,fay_herriot,forms_mnt:h_sd+alt_mean+essence+greco;log,2005-2024,IGN IFN brut (Etalab 2.0) ; FORMS-T (CC-BY 4.0) ; spec 054 lot 3
G21,09,316,99.527,35.631,direct,98.865,34.219,5.9168,0.97275,fay_herriot,forms_mnt:h_sd+alt_mean+essence+greco;log,2005-2024,IGN IFN brut (Etalab 2.0) ; FORMS-T (CC-BY 4.0) ; spec 054 lot 3
G21,10,44,42.4,78.794,direct,48.04,75.799,18.123,0.74552,fay_herriot,forms_mnt:h_sd+alt_mean+essence+greco;log,2005-2024,IGN IFN brut (Etalab 2.0) ; FORMS-T (CC-BY 4.0) ; spec 054 lot 3
G21,12P,27,40.519,43.489,direct,41.818,38.735,14.883,0.82898,fay_herriot,forms_mnt:h_sd+alt_mean+essence+greco;log,2005-2024,IGN IFN brut (Etalab 2.0) ; FORMS-T (CC-BY 4.0) ; spec 054 lot 3
G21,12V,265,32.393,4.2953,direct,32.382,4.1626,6.3005,0.96911,fay_herriot,forms_mnt:h_sd+alt_mean+essence+greco;log,2005-2024,IGN IFN brut (Etalab 2.0) ; FORMS-T (CC-BY 4.0) ; spec 054 lot 3
G21,13G,27,113.7,302.88,direct,106.6,225.97,14.101,0.84569,fay_herriot,forms_mnt:h_sd+alt_mean+essence+greco;log,2005-2024,IGN IFN brut (Etalab 2.0) ; FORMS-T (CC-BY 4.0) ; spec 054 lot 3
G21,14,1,18.009,3987,gvf,61.496,491.81,36.062,0.010336,fay_herriot,forms_mnt:h_sd+alt_mean+essence+greco;log,2005-2024,IGN IFN brut (Etalab 2.0) ; FORMS-T (CC-BY 4.0) ; spec 054 lot 3
G21,15P,2,20.817,332.49,gvf,30.193,103.65,33.72,0.14336,fay_herriot,forms_mnt:h_sd+alt_mean+essence+greco;log,2005-2024,IGN IFN brut (Etalab 2.0) ; FORMS-T (CC-BY 4.0) ; spec 054 lot 3
G21,15S,3,9.4177,505.68,gvf,34.918,156.92,35.875,0.022025,fay_herriot,forms_mnt:h_sd+alt_mean+essence+greco;log,2005-2024,IGN IFN brut (Etalab 2.0) ; FORMS-T (CC-BY 4.0) ; spec 054 lot 3
G21,17C,33,34.532,37.78,direct,37.724,36.3,15.971,0.80209,fay_herriot,forms_mnt:h_sd+alt_mean+essence+greco;log,2005-2024,IGN IFN brut (Etalab 2.0) ; FORMS-T (CC-BY 4.0) ; spec 054 lot 3
G21,18M,3,16.037,53.508,gvf,17.872,26.822,28.977,0.38164,fay_herriot,forms_mnt:h_sd+alt_mean+essence+greco;log,2005-2024,IGN IFN brut (Etalab 2.0) ; FORMS-T (CC-BY 4.0) ; spec 054 lot 3
G21,20G,9,64.19,302.39,gvf,56.636,151.91,21.762,0.63631,fay_herriot,forms_mnt:h_sd+alt_mean+essence+greco;log,2005-2024,IGN IFN brut (Etalab 2.0) ; FORMS-T (CC-BY 4.0) ; spec 054 lot 3
G21,20P,2,24.326,689.54,gvf,42.493,215.32,34.532,0.099254,fay_herriot,forms_mnt:h_sd+alt_mean+essence+greco;log,2005-2024,IGN IFN brut (Etalab 2.0) ; FORMS-T (CC-BY 4.0) ; spec 054 lot 3
G21,21C,3,29.928,169.3,gvf,25.463,50.222,27.831,0.40452,fay_herriot,forms_mnt:h_sd+alt_mean+essence+greco;log,2005-2024,IGN IFN brut (Etalab 2.0) ; FORMS-T (CC-BY 4.0) ; spec 054 lot 3
G21,22G,3,4.8102,62.18,gvf,12.053,19.683,36.81,0.045601,fay_herriot,forms_mnt:h_sd+alt_mean+essence+greco;log,2005-2024,IGN IFN brut (Etalab 2.0) ; FORMS-T (CC-BY 4.0) ; spec 054 lot 3
G21,22M,25,36.305,107.73,direct,30.703,47.435,22.432,0.61104,fay_herriot,forms_mnt:h_sd+alt_mean+essence+greco;log,2005-2024,IGN IFN brut (Etalab 2.0) ; FORMS-T (CC-BY 4.0) ; spec 054 lot 3
G21,23AB,39,9.1542,2.8826,direct,9.4345,2.4356,16.542,0.78871,fay_herriot,forms_mnt:h_sd+alt_mean+essence+greco;log,2005-2024,IGN IFN brut (Etalab 2.0) ; FORMS-T (CC-BY 4.0) ; spec 054 lot 3
G21,23PC,5,4.2465,10.959,gvf,7.6425,6.3818,33.055,0.17443,fay_herriot,forms_mnt:h_sd+alt_mean+essence+greco;log,2005-2024,IGN IFN brut (Etalab 2.0) ; FORMS-T (CC-BY 4.0) ; spec 054 lot 3
G21,23PM,4,10.693,21.774,gvf,9.5378,7.1087,27.954,0.40275,fay_herriot,forms_mnt:h_sd+alt_mean+essence+greco;log,2005-2024,IGN IFN brut (Etalab 2.0) ; FORMS-T (CC-BY 4.0) ; spec 054 lot 3
G21,23SO,34,7.4406,1.4916,direct,7.8416,1.3811,14.987,0.82656,fay_herriot,forms_mnt:h_sd+alt_mean+essence+greco;log,2005-2024,IGN IFN brut (Etalab 2.0) ; FORMS-T (CC-BY 4.0) ; spec 054 lot 3
G21,24,17,42.827,162.78,direct,45.28,108.53,23.008,0.5913,fay_herriot,forms_mnt:h_sd+alt_mean+essence+greco;log,2005-2024,IGN IFN brut (Etalab 2.0) ; FORMS-T (CC-BY 4.0) ; spec 054 lot 3
G21,25C,31,20.94,12.319,direct,20.498,9.7727,15.251,0.82048,fay_herriot,forms_mnt:h_sd+alt_mean+essence+greco;log,2005-2024,IGN IFN brut (Etalab 2.0) ; FORMS-T (CC-BY 4.0) ; spec 054 lot 3
G21,25M,42,15.265,9.2687,direct,15.706,7.5311,17.473,0.7635,fay_herriot,forms_mnt:h_sd+alt_mean+essence+greco;log,2005-2024,IGN IFN brut (Etalab 2.0) ; FORMS-T (CC-BY 4.0) ; spec 054 lot 3
G21,25R,6,17.683,89.157,gvf,22.73,48.368,30.598,0.31051,fay_herriot,forms_mnt:h_sd+alt_mean+essence+greco;log,2005-2024,IGN IFN brut (Etalab 2.0) ; FORMS-T (CC-BY 4.0) ; spec 054 lot 3
G21,31,55,11.146,3.2139,direct,10.652,2.4523,14.701,0.8323,fay_herriot,forms_mnt:h_sd+alt_mean+essence+greco;log,2005-2024,IGN IFN brut (Etalab 2.0) ; FORMS-T (CC-BY 4.0) ; spec 054 lot 3
G21,41,2,3.167,36.353,gvf,9.4718,11.425,35.686,0.034215,fay_herriot,forms_mnt:h_sd+alt_mean+essence+greco;log,2005-2024,IGN IFN brut (Etalab 2.0) ; FORMS-T (CC-BY 4.0) ; spec 054 lot 3
G21,49AM,18,5.7098,0.95632,direct,5.5972,0.75096,15.482,0.81404,fay_herriot,forms_mnt:h_sd+alt_mean+essence+greco;log,2005-2024,IGN IFN brut (Etalab 2.0) ; FORMS-T (CC-BY 4.0) ; spec 054 lot 3
G21,49BO,11,2.7448,0.68331,direct,2.5994,0.36814,23.342,0.58605,fay_herriot,forms_mnt:h_sd+alt_mean+essence+greco;log,2005-2024,IGN IFN brut (Etalab 2.0) ; FORMS-T (CC-BY 4.0) ; spec 054 lot 3
G21,49IA,38,5.2292,1.0377,direct,5.3876,0.85627,17.175,0.77188,fay_herriot,forms_mnt:h_sd+alt_mean+essence+greco;log,2005-2024,IGN IFN brut (Etalab 2.0) ; FORMS-T (CC-BY 4.0) ; spec 054 lot 3
G21,49SN,5,7.1065,3.8904,gvf,6.0809,1.8033,22.083,0.62502,fay_herriot,forms_mnt:h_sd+alt_mean+essence+greco;log,2005-2024,IGN IFN brut (Etalab 2.0) ; FORMS-T (CC-BY 4.0) ; spec 054 lot 3
G21,51,1,217.47,13295,gvf,138.97,1738.8,30.006,0.31355,fay_herriot,forms_mnt:h_sd+alt_mean+essence+greco;log,2005-2024,IGN IFN brut (Etalab 2.0) ; FORMS-T (CC-BY 4.0) ; spec 054 lot 3
G21,52,199,78.382,39.538,direct,78.526,37.825,7.8321,0.95227,fay_herriot,forms_mnt:h_sd+alt_mean+essence+greco;log,2005-2024,IGN IFN brut (Etalab 2.0) ; FORMS-T (CC-BY 4.0) ; spec 054 lot 3
G21,53CO,2,311.76,11947,gvf,206.52,2715.4,25.233,0.51091,fay_herriot,forms_mnt:h_sd+alt_mean+essence+greco;log,2005-2024,IGN IFN brut (Etalab 2.0) ; FORMS-T (CC-BY 4.0) ; spec 054 lot 3
G21,56,1,25.201,8074.2,gvf,86.925,1059.6,37.447,0.0099989,fay_herriot,forms_mnt:h_sd+alt_mean+essence+greco;log,2005-2024,IGN IFN brut (Etalab 2.0) ; FORMS-T (CC-BY 4.0) ; spec 054 lot 3
G21,61,145,145.43,136.56,direct,144.2,128.02,7.8461,0.95212,fay_herriot,forms_mnt:h_sd+alt_mean+essence+greco;log,2005-2024,IGN IFN brut (Etalab 2.0) ; FORMS-T (CC-BY 4.0) ; spec 054 lot 3
G21,62,277,186.14,110.9,direct,184.47,106.34,5.5902,0.97568,fay_herriot,forms_mnt:h_sd+alt_mean+essence+greco;log,2005-2024,IGN IFN brut (Etalab 2.0) ; FORMS-T (CC-BY 4.0) ; spec 054 lot 3
G21,63,8,57.328,834.64,gvf,90.981,731.7,29.731,0.33581,fay_herriot,forms_mnt:h_sd+alt_mean+essence+greco;log,2005-2024,IGN IFN brut (Etalab 2.0) ; FORMS-T (CC-BY 4.0) ; spec 054 lot 3
G21,64,278,214.45,200.45,direct,213.48,192.28,6.4955,0.96717,fay_herriot,forms_mnt:h_sd+alt_mean+essence+greco;log,2005-2024,IGN IFN brut (Etalab 2.0) ; FORMS-T (CC-BY 4.0) ; spec 054 lot 3
G21,68TG,2,67.933,6850.6,gvf,175.52,5035,40.428,0.079611,fay_herriot,forms_mnt:h_sd+alt_mean+essence+greco;log,2005-2024,IGN IFN brut (Etalab 2.0) ; FORMS-T (CC-BY 4.0) ; spec 054 lot 3
G21,69JC,9,3.9192,1.4449,gvf,3.8481,0.82242,23.567,0.57717,fay_herriot,forms_mnt:h_sd+alt_mean+essence+greco;log,2005-2024,IGN IFN brut (Etalab 2.0) ; FORMS-T (CC-BY 4.0) ; spec 054 lot 3
G21,72V,16,118.13,886.21,direct,122.18,658.33,21,0.66909,fay_herriot,forms_mnt:h_sd+alt_mean+essence+greco;log,2005-2024,IGN IFN brut (Etalab 2.0) ; FORMS-T (CC-BY 4.0) ; spec 054 lot 3
G21,73,33,182.31,1059.7,direct,185.21,888.77,16.096,0.80107,fay_herriot,forms_mnt:h_sd+alt_mean+essence+greco;log,2005-2024,IGN IFN brut (Etalab 2.0) ; FORMS-T (CC-BY 4.0) ; spec 054 lot 3
G21,74H,2,31.822,20969,gvf,75.447,765.57,36.673,0.0061625,fay_herriot,forms_mnt:h_sd+alt_mean+essence+greco;log,2005-2024,IGN IFN brut (Etalab 2.0) ; FORMS-T (CC-BY 4.0) ; spec 054 lot 3
G21,74J,28,130.07,640.47,direct,140.34,590.31,17.313,0.77229,fay_herriot,forms_mnt:h_sd+alt_mean+essence+greco;log,2005-2024,IGN IFN brut (Etalab 2.0) ; FORMS-T (CC-BY 4.0) ; spec 054 lot 3
G22,02,358,53.757,9.0583,direct,54.302,9.0273,5.533,0.97617,fay_herriot,forms_mnt:h_sd+alt_mean+essence+greco;log,2005-2024,IGN IFN brut (Etalab 2.0) ; FORMS-T (CC-BY 4.0) ; spec 054 lot 3
G22,03,649,68.448,9.9232,direct,68.875,9.8878,4.5655,0.98377,fay_herriot,forms_mnt:h_sd+alt_mean+essence+greco;log,2005-2024,IGN IFN brut (Etalab 2.0) ; FORMS-T (CC-BY 4.0) ; spec 054 lot 3
G22,04,3,35.765,2465.3,gvf,73.115,667.79,35.344,0.062462,fay_herriot,forms_mnt:h_sd+alt_mean+essence+greco;log,2005-2024,IGN IFN brut (Etalab 2.0) ; FORMS-T (CC-BY 4.0) ; spec 054 lot 3
G22,05,47,28.389,15.94,direct,31.045,16.576,13.114,0.86653,fay_herriot,forms_mnt:h_sd+alt_mean+essence+greco;log,2005-2024,IGN IFN brut (Etalab 2.0) ; FORMS-T (CC-BY 4.0) ; spec 054 lot 3
G22,09,1173,88.904,10.625,direct,88.798,10.492,3.6478,0.98964,fay_herriot,forms_mnt:h_sd+alt_mean+essence+greco;log,2005-2024,IGN IFN brut (Etalab 2.0) ; FORMS-T (CC-BY 4.0) ; spec 054 lot 3
G22,10,178,40.973,12.655,direct,42.222,12.708,8.443,0.94455,fay_herriot,forms_mnt:h_sd+alt_mean+essence+greco;log,2005-2024,IGN IFN brut (Etalab 2.0) ; FORMS-T (CC-BY 4.0) ; spec 054 lot 3
G22,11,64,35.557,22.942,direct,36.28,20.988,12.628,0.87618,fay_herriot,forms_mnt:h_sd+alt_mean+essence+greco;log,2005-2024,IGN IFN brut (Etalab 2.0) ; FORMS-T (CC-BY 4.0) ; spec 054 lot 3
G22,12P,17,35.681,20.413,direct,37.005,19.631,11.973,0.88899,fay_herriot,forms_mnt:h_sd+alt_mean+essence+greco;log,2005-2024,IGN IFN brut (Etalab 2.0) ; FORMS-T (CC-BY 4.0) ; spec 054 lot 3
G22,12V,419,29.72,2.7791,direct,29.785,2.726,5.5432,0.97608,fay_herriot,forms_mnt:h_sd+alt_mean+essence+greco;log,2005-2024,IGN IFN brut (Etalab 2.0) ; FORMS-T (CC-BY 4.0) ; spec 054 lot 3
G22,13G,73,86.929,126.4,direct,85.611,108.76,12.182,0.88475,fay_herriot,forms_mnt:h_sd+alt_mean+essence+greco;log,2005-2024,IGN IFN brut (Etalab 2.0) ; FORMS-T (CC-BY 4.0) ; spec 054 lot 3
G22,14,15,38.456,83.961,direct,44.812,79.684,19.92,0.69341,fay_herriot,forms_mnt:h_sd+alt_mean+essence+greco;log,2005-2024,IGN IFN brut (Etalab 2.0) ; FORMS-T (CC-BY 4.0) ; spec 054 lot 3
G22,15P,8,24.874,83.122,gvf,28.594,54.805,25.89,0.48869,fay_herriot,forms_mnt:h_sd+alt_mean+essence+greco;log,2005-2024,IGN IFN brut (Etalab 2.0) ; FORMS-T (CC-BY 4.0) ; spec 054 lot 3
G22,15S,136,33.456,11.304,direct,33.674,10.638,9.6861,0.92708,fay_herriot,forms_mnt:h_sd+alt_mean+essence+greco;log,2005-2024,IGN IFN brut (Etalab 2.0) ; FORMS-T (CC-BY 4.0) ; spec 054 lot 3
G22,17C,398,45.345,8.608,direct,45.619,8.4427,6.3694,0.96843,fay_herriot,forms_mnt:h_sd+alt_mean+essence+greco;log,2005-2024,IGN IFN brut (Etalab 2.0) ; FORMS-T (CC-BY 4.0) ; spec 054 lot 3
G22,18C,8,6.457,27.076,gvf,12.974,18.454,33.112,0.16508,fay_herriot,forms_mnt:h_sd+alt_mean+essence+greco;log,2005-2024,IGN IFN brut (Etalab 2.0) ; FORMS-T (CC-BY 4.0) ; spec 054 lot 3
G22,18M,12,14.499,23.019,direct,16.589,16.97,24.832,0.53973,fay_herriot,forms_mnt:h_sd+alt_mean+essence+greco;log,2005-2024,IGN IFN brut (Etalab 2.0) ; FORMS-T (CC-BY 4.0) ; spec 054 lot 3
G22,19,4,329.06,6203.6,gvf,270.61,2924.5,19.984,0.69147,fay_herriot,forms_mnt:h_sd+alt_mean+essence+greco;log,2005-2024,IGN IFN brut (Etalab 2.0) ; FORMS-T (CC-BY 4.0) ; spec 054 lot 3
G22,20G,20,42.961,71.945,direct,43.706,57.653,17.373,0.76711,fay_herriot,forms_mnt:h_sd+alt_mean+essence+greco;log,2005-2024,IGN IFN brut (Etalab 2.0) ; FORMS-T (CC-BY 4.0) ; spec 054 lot 3
G22,20P,5,44.084,275.82,gvf,45.05,139.41,26.209,0.475,fay_herriot,forms_mnt:h_sd+alt_mean+essence+greco;log,2005-2024,IGN IFN brut (Etalab 2.0) ; FORMS-T (CC-BY 4.0) ; spec 054 lot 3
G22,21C,38,13.9,4.7832,direct,15.1,4.7503,14.434,0.83836,fay_herriot,forms_mnt:h_sd+alt_mean+essence+greco;log,2005-2024,IGN IFN brut (Etalab 2.0) ; FORMS-T (CC-BY 4.0) ; spec 054 lot 3
G22,21M,1,8.6774,217.57,gvf,15.823,32.534,36.049,0.042547,fay_herriot,forms_mnt:h_sd+alt_mean+essence+greco;log,2005-2024,IGN IFN brut (Etalab 2.0) ; FORMS-T (CC-BY 4.0) ; spec 054 lot 3
G22,22G,3,13.813,62.18,gvf,13.081,17.028,31.545,0.28263,fay_herriot,forms_mnt:h_sd+alt_mean+essence+greco;log,2005-2024,IGN IFN brut (Etalab 2.0) ; FORMS-T (CC-BY 4.0) ; spec 054 lot 3
G22,22M,197,19.441,2.7809,direct,19.663,2.6939,8.347,0.9458,fay_herriot,forms_mnt:h_sd+alt_mean+essence+greco;log,2005-2024,IGN IFN brut (Etalab 2.0) ; FORMS-T (CC-BY 4.0) ; spec 054 lot 3
G22,23AB,152,10.939,1.0527,direct,10.926,0.98541,9.0853,0.93589,fay_herriot,forms_mnt:h_sd+alt_mean+essence+greco;log,2005-2024,IGN IFN brut (Etalab 2.0) ; FORMS-T (CC-BY 4.0) ; spec 054 lot 3
G22,23PC,3,17.379,18.266,gvf,13.975,8.1305,20.403,0.67982,fay_herriot,forms_mnt:h_sd+alt_mean+essence+greco;log,2005-2024,IGN IFN brut (Etalab 2.0) ; FORMS-T (CC-BY 4.0) ; spec 054 lot 3
G22,23PD,5,5.0023,7.1853,gvf,10.374,10.188,30.769,0.30899,fay_herriot,forms_mnt:h_sd+alt_mean+essence+greco;log,2005-2024,IGN IFN brut (Etalab 2.0) ; FORMS-T (CC-BY 4.0) ; spec 054 lot 3
G22,23PM,23,7.2826,1.3917,direct,7.5458,1.2477,14.803,0.83032,fay_herriot,forms_mnt:h_sd+alt_mean+essence+greco;log,2005-2024,IGN IFN brut (Etalab 2.0) ; FORMS-T (CC-BY 4.0) ; spec 054 lot 3
G22,23SF,1,22.334,,gvf,22.334,,,1,direct,forms_mnt:h_sd+alt_mean+essence+greco;log,2005-2024,IGN IFN brut (Etalab 2.0) ; FORMS-T (CC-BY 4.0) ; spec 054 lot 3
G22,23SO,137,12.28,3.1151,direct,11.974,2.5692,13.386,0.86141,fay_herriot,forms_mnt:h_sd+alt_mean+essence+greco;log,2005-2024,IGN IFN brut (Etalab 2.0) ; FORMS-T (CC-BY 4.0) ; spec 054 lot 3
G22,24,54,55.905,238.39,direct,53.587,138.55,21.966,0.62734,fay_herriot,forms_mnt:h_sd+alt_mean+essence+greco;log,2005-2024,IGN IFN brut (Etalab 2.0) ; FORMS-T (CC-BY 4.0) ; spec 054 lot 3
G22,25B,1,43.316,1265.7,gvf,57.54,370.81,33.466,0.15991,fay_herriot,forms_mnt:h_sd+alt_mean+essence+greco;log,2005-2024,IGN IFN brut (Etalab 2.0) ; FORMS-T (CC-BY 4.0) ; spec 054 lot 3
G22,25C,3,6.3274,229.37,gvf,18.457,44.847,36.284,0.021921,fay_herriot,forms_mnt:h_sd+alt_mean+essence+greco;log,2005-2024,IGN IFN brut (Etalab 2.0) ; FORMS-T (CC-BY 4.0) ; spec 054 lot 3
G22,25E3,1,1.1353,31.833,gvf,15.408,31.345,36.336,0.0051723,fay_herriot,forms_mnt:h_sd+alt_mean+essence+greco;log,2005-2024,IGN IFN brut (Etalab 2.0) ; FORMS-T (CC-BY 4.0) ; spec 054 lot 3
G22,25M,121,15.221,2.8725,direct,15.409,2.6905,10.645,0.91194,fay_herriot,forms_mnt:h_sd+alt_mean+essence+greco;log,2005-2024,IGN IFN brut (Etalab 2.0) ; FORMS-T (CC-BY 4.0) ; spec 054 lot 3
G22,25R,3,41.79,178.31,gvf,33.795,67.402,24.293,0.55704,fay_herriot,forms_mnt:h_sd+alt_mean+essence+greco;log,2005-2024,IGN IFN brut (Etalab 2.0) ; FORMS-T (CC-BY 4.0) ; spec 054 lot 3
G22,25V,1,8.3578,339.61,gvf,30.123,184.9,45.14,0.025731,fay_herriot,forms_mnt:h_sd+alt_mean+essence+greco;log,2005-2024,IGN IFN brut (Etalab 2.0) ; FORMS-T (CC-BY 4.0) ; spec 054 lot 3
G22,27C,19,18.877,14.056,direct,18.919,10.894,17.446,0.76499,fay_herriot,forms_mnt:h_sd+alt_mean+essence+greco;log,2005-2024,IGN IFN brut (Etalab 2.0) ; FORMS-T (CC-BY 4.0) ; spec 054 lot 3
G22,29AI,1,0.9063,3913.1,gvf,80.292,1818.5,53.111,2.6951e-05,fay_herriot,forms_mnt:h_sd+alt_mean+essence+greco;log,2005-2024,IGN IFN brut (Etalab 2.0) ; FORMS-T (CC-BY 4.0) ; spec 054 lot 3
G22,29MA,1,131.09,5245.1,gvf,83.539,743.94,32.65,0.29612,fay_herriot,forms_mnt:h_sd+alt_mean+essence+greco;log,2005-2024,IGN IFN brut (Etalab 2.0) ; FORMS-T (CC-BY 4.0) ; spec 054 lot 3
G22,31,142,7.987,1.0182,direct,8.0578,0.92407,11.93,0.88944,fay_herriot,forms_mnt:h_sd+alt_mean+essence+greco;log,2005-2024,IGN IFN brut (Etalab 2.0) ; FORMS-T (CC-BY 4.0) ; spec 054 lot 3
G22,33N,17,78.324,272.89,direct,83.672,233.94,18.28,0.7427,fay_herriot,forms_mnt:h_sd+alt_mean+essence+greco;log,2005-2024,IGN IFN brut (Etalab 2.0) ; FORMS-T (CC-BY 4.0) ; spec 054 lot 3
G22,41,1,3.1095,72.705,gvf,9.8167,12.511,36.031,0.016789,fay_herriot,forms_mnt:h_sd+alt_mean+essence+greco;log,2005-2024,IGN IFN brut (Etalab 2.0) ; FORMS-T (CC-BY 4.0) ; spec 054 lot 3
G22,49AM,78,3.7981,0.172,direct,3.9018,0.16641,10.455,0.91503,fay_herriot,forms_mnt:h_sd+alt_mean+essence+greco;log,2005-2024,IGN IFN brut (Etalab 2.0) ; FORMS-T (CC-BY 4.0) ; spec 054 lot 3
G22,49BO,1,1.3193,11.948,gvf,2.4192,0.78121,36.536,0.01836,fay_herriot,forms_mnt:h_sd+alt_mean+essence+greco;log,2005-2024,IGN IFN brut (Etalab 2.0) ; FORMS-T (CC-BY 4.0) ; spec 054 lot 3
G22,49BS,1,2.9697,20.017,gvf,4.3597,2.4926,36.214,0.053541,fay_herriot,forms_mnt:h_sd+alt_mean+essence+greco;log,2005-2024,IGN IFN brut (Etalab 2.0) ; FORMS-T (CC-BY 4.0) ; spec 054 lot 3
G22,49EV,1,11.221,6.1521,gvf,7.8052,2.1972,18.991,0.72437,fay_herriot,forms_mnt:h_sd+alt_mean+essence+greco;log,2005-2024,IGN IFN brut (Etalab 2.0) ; FORMS-T (CC-BY 4.0) ; spec 054 lot 3
G22,49IA,36,9.546,4.8796,direct,8.351,2.6601,19.53,0.7057,fay_herriot,forms_mnt:h_sd+alt_mean+essence+greco;log,2005-2024,IGN IFN brut (Etalab 2.0) ; FORMS-T (CC-BY 4.0) ; spec 054 lot 3
G22,49PS,4,4.0669,24.056,gvf,5.6681,4.0041,35.304,0.081123,fay_herriot,forms_mnt:h_sd+alt_mean+essence+greco;log,2005-2024,IGN IFN brut (Etalab 2.0) ; FORMS-T (CC-BY 4.0) ; spec 054 lot 3
G22,49SN,24,3.1263,0.13378,direct,3.256,0.13158,11.141,0.90367,fay_herriot,forms_mnt:h_sd+alt_mean+essence+greco;log,2005-2024,IGN IFN brut (Etalab 2.0) ; FORMS-T (CC-BY 4.0) ; spec 054 lot 3
G22,49SR,4,2.6388,0.43979,gvf,4.7426,0.96329,20.695,0.67029,fay_herriot,forms_mnt:h_sd+alt_mean+essence+greco;log,2005-2024,IGN IFN brut (Etalab 2.0) ; FORMS-T (CC-BY 4.0) ; spec 054 lot 3
G22,51,3,61.036,4431.8,gvf,108.25,1397,34.529,0.09742,fay_herriot,forms_mnt:h_sd+alt_mean+essence+greco;log,2005-2024,IGN IFN brut (Etalab 2.0) ; FORMS-T (CC-BY 4.0) ; spec 054 lot 3
G22,52,1549,116.32,9.265,direct,116.11,9.1837,2.61,0.9947,fay_herriot,forms_mnt:h_sd+alt_mean+essence+greco;log,2005-2024,IGN IFN brut (Etalab 2.0) ; FORMS-T (CC-BY 4.0) ; spec 054 lot 3
G22,53CO,22,152.9,1265.4,direct,147.86,839.71,19.598,0.70348,fay_herriot,forms_mnt:h_sd+alt_mean+essence+greco;log,2005-2024,IGN IFN brut (Etalab 2.0) ; FORMS-T (CC-BY 4.0) ; spec 054 lot 3
G22,54,10,78.044,788.52,direct,99.444,650.5,25.648,0.49795,fay_herriot,forms_mnt:h_sd+alt_mean+essence+greco;log,2005-2024,IGN IFN brut (Etalab 2.0) ; FORMS-T (CC-BY 4.0) ; spec 054 lot 3
G22,56,1,181.38,8074.2,gvf,114.07,1173.1,30.027,0.34349,fay_herriot,forms_mnt:h_sd+alt_mean+essence+greco;log,2005-2024,IGN IFN brut (Etalab 2.0) ; FORMS-T (CC-BY 4.0) ; spec 054 lot 3
G22,58,20,40.694,92.779,direct,49.711,99.387,20.054,0.69622,fay_herriot,forms_mnt:h_sd+alt_mean+essence+greco;log,2005-2024,IGN IFN brut (Etalab 2.0) ; FORMS-T (CC-BY 4.0) ; spec 054 lot 3
G22,61,1240,231.4,40.764,direct,230.55,40.233,2.7513,0.99411,fay_herriot,forms_mnt:h_sd+alt_mean+essence+greco;log,2005-2024,IGN IFN brut (Etalab 2.0) ; FORMS-T (CC-BY 4.0) ; spec 054 lot 3
G22,62,795,191.98,60.521,direct,191.04,59.199,4.0274,0.98737,fay_herriot,forms_mnt:h_sd+alt_mean+essence+greco;log,2005-2024,IGN IFN brut (Etalab 2.0) ; FORMS-T (CC-BY 4.0) ; spec 054 lot 3
G22,63,24,52.776,158.19,direct,67.341,181.66,20.015,0.69333,fay_herriot,forms_mnt:h_sd+alt_mean+essence+greco;log,2005-2024,IGN IFN brut (Etalab 2.0) ; FORMS-T (CC-BY 4.0) ; spec 054 lot 3
G22,64,566,233.09,122.68,direct,232.27,119.77,4.7117,0.98272,fay_herriot,forms_mnt:h_sd+alt_mean+essence+greco;log,2005-2024,IGN IFN brut (Etalab 2.0) ; FORMS-T (CC-BY 4.0) ; spec 054 lot 3
G22,65,2,99.734,14990,gvf,85.87,962.15,36.123,0.078513,fay_herriot,forms_mnt:h_sd+alt_mean+essence+greco;log,2005-2024,IGN IFN brut (Etalab 2.0) ; FORMS-T (CC-BY 4.0) ; spec 054 lot 3
G22,68SC,1,0.98153,27196,gvf,77.119,805.6,36.804,4.5486e-06,fay_herriot,forms_mnt:h_sd+alt_mean+essence+greco;log,2005-2024,IGN IFN brut (Etalab 2.0) ; FORMS-T (CC-BY 4.0) ; spec 054 lot 3
G22,68TG,2,21.076,6850.6,gvf,190.2,6512.8,42.429,0.0082571,fay_herriot,forms_mnt:h_sd+alt_mean+essence+greco;log,2005-2024,IGN IFN brut (Etalab 2.0) ; FORMS-T (CC-BY 4.0) ; spec 054 lot 3
G22,69JC,14,1.9961,0.079096,direct,2.1771,0.082094,13.161,0.8661,fay_herriot,forms_mnt:h_sd+alt_mean+essence+greco;log,2005-2024,IGN IFN brut (Etalab 2.0) ; FORMS-T (CC-BY 4.0) ; spec 054 lot 3
G22,71,4,25.689,276.53,gvf,49.542,293.12,34.558,0.23455,fay_herriot,forms_mnt:h_sd+alt_mean+essence+greco;log,2005-2024,IGN IFN brut (Etalab 2.0) ; FORMS-T (CC-BY 4.0) ; spec 054 lot 3
G22,72N,1,184.12,13345,gvf,95.526,920.49,31.761,0.24595,fay_herriot,forms_mnt:h_sd+alt_mean+essence+greco;log,2005-2024,IGN IFN brut (Etalab 2.0) ; FORMS-T (CC-BY 4.0) ; spec 054 lot 3
G22,72V,43,115.68,320.05,direct,118.24,286.99,14.328,0.84298,fay_herriot,forms_mnt:h_sd+alt_mean+essence+greco;log,2005-2024,IGN IFN brut (Etalab 2.0) ; FORMS-T (CC-BY 4.0) ; spec 054 lot 3
G22,73,34,167.14,1689.1,direct,177.22,1321,20.509,0.67985,fay_herriot,forms_mnt:h_sd+alt_mean+essence+greco;log,2005-2024,IGN IFN brut (Etalab 2.0) ; FORMS-T (CC-BY 4.0) ; spec 054 lot 3
G22,74H,7,166.09,5991.3,gvf,102.55,878.46,28.901,0.37154,fay_herriot,forms_mnt:h_sd+alt_mean+essence+greco;log,2005-2024,IGN IFN brut (Etalab 2.0) ; FORMS-T (CC-BY 4.0) ; spec 054 lot 3
G22,74J,14,102.94,1191.2,direct,135.22,1152.5,25.106,0.53322,fay_herriot,forms_mnt:h_sd+alt_mean+essence+greco;log,2005-2024,IGN IFN brut (Etalab 2.0) ; FORMS-T (CC-BY 4.0) ; spec 054 lot 3
G23,02,268,74.27,20.496,direct,74.541,20.076,6.011,0.97188,fay_herriot,forms_mnt:h_sd+alt_mean+essence+greco;log,2005-2024,IGN IFN brut (Etalab 2.0) ; FORMS-T (CC-BY 4.0) ; spec 054 lot 3
G23,03,493,117.41,17.535,direct,117.26,17.323,3.5493,0.99019,fay_herriot,forms_mnt:h_sd+alt_mean+essence+greco;log,2005-2024,IGN IFN brut (Etalab 2.0) ; FORMS-T (CC-BY 4.0) ; spec 054 lot 3
G23,04,7,46.903,1056.6,gvf,70.717,522.58,32.326,0.21095,fay_herriot,forms_mnt:h_sd+alt_mean+essence+greco;log,2005-2024,IGN IFN brut (Etalab 2.0) ; FORMS-T (CC-BY 4.0) ; spec 054 lot 3
G23,09,323,103.14,39.984,direct,102.45,38.353,6.0446,0.97156,fay_herriot,forms_mnt:h_sd+alt_mean+essence+greco;log,2005-2024,IGN IFN brut (Etalab 2.0) ; FORMS-T (CC-BY 4.0) ; spec 054 lot 3
G23,10,142,63.291,37.407,direct,63.875,35.569,9.337,0.9322,fay_herriot,forms_mnt:h_sd+alt_mean+essence+greco;log,2005-2024,IGN IFN brut (Etalab 2.0) ; FORMS-T (CC-BY 4.0) ; spec 054 lot 3
G23,11,340,48.171,9.0943,direct,48.011,8.7726,6.1691,0.97038,fay_herriot,forms_mnt:h_sd+alt_mean+essence+greco;log,2005-2024,IGN IFN brut (Etalab 2.0) ; FORMS-T (CC-BY 4.0) ; spec 054 lot 3
G23,12P,21,65.01,141.55,direct,61.824,102.61,16.385,0.79312,fay_herriot,forms_mnt:h_sd+alt_mean+essence+greco;log,2005-2024,IGN IFN brut (Etalab 2.0) ; FORMS-T (CC-BY 4.0) ; spec 054 lot 3
G23,12V,183,34.236,10.723,direct,34.189,9.9966,9.2479,0.93349,fay_herriot,forms_mnt:h_sd+alt_mean+essence+greco;log,2005-2024,IGN IFN brut (Etalab 2.0) ; FORMS-T (CC-BY 4.0) ; spec 054 lot 3
G23,13G,53,101.32,224.36,direct,97.599,178.53,13.69,0.85454,fay_herriot,forms_mnt:h_sd+alt_mean+essence+greco;log,2005-2024,IGN IFN brut (Etalab 2.0) ; FORMS-T (CC-BY 4.0) ; spec 054 lot 3
G23,14,32,62.607,155.39,direct,63.205,121.75,17.457,0.76409,fay_herriot,forms_mnt:h_sd+alt_mean+essence+greco;log,2005-2024,IGN IFN brut (Etalab 2.0) ; FORMS-T (CC-BY 4.0) ; spec 054 lot 3
G23,15P,1,16.273,664.97,gvf,32.456,133.55,35.605,0.048644,fay_herriot,forms_mnt:h_sd+alt_mean+essence+greco;log,2005-2024,IGN IFN brut (Etalab 2.0) ; FORMS-T (CC-BY 4.0) ; spec 054 lot 3
G23,15S,25,38.137,57.592,direct,38.017,44.028,17.453,0.7643,fay_herriot,forms_mnt:h_sd+alt_mean+essence+greco;log,2005-2024,IGN IFN brut (Etalab 2.0) ; FORMS-T (CC-BY 4.0) ; spec 054 lot 3
G23,17C,72,54.892,63.639,direct,55.114,55.247,13.486,0.85875,fay_herriot,forms_mnt:h_sd+alt_mean+essence+greco;log,2005-2024,IGN IFN brut (Etalab 2.0) ; FORMS-T (CC-BY 4.0) ; spec 054 lot 3
G23,18C,5,13.423,43.321,gvf,14.636,18.248,29.187,0.34813,fay_herriot,forms_mnt:h_sd+alt_mean+essence+greco;log,2005-2024,IGN IFN brut (Etalab 2.0) ; FORMS-T (CC-BY 4.0) ; spec 054 lot 3
G23,19,2,118.88,12407,gvf,170.45,3324.5,33.826,0.1276,fay_herriot,forms_mnt:h_sd+alt_mean+essence+greco;log,2005-2024,IGN IFN brut (Etalab 2.0) ; FORMS-T (CC-BY 4.0) ; spec 054 lot 3
G23,20P,1,73.798,1379.1,gvf,54.924,263.07,29.531,0.33647,fay_herriot,forms_mnt:h_sd+alt_mean+essence+greco;log,2005-2024,IGN IFN brut (Etalab 2.0) ; FORMS-T (CC-BY 4.0) ; spec 054 lot 3
G23,21C,10,14.037,31.83,direct,18.871,25.797,26.915,0.44285,fay_herriot,forms_mnt:h_sd+alt_mean+essence+greco;log,2005-2024,IGN IFN brut (Etalab 2.0) ; FORMS-T (CC-BY 4.0) ; spec 054 lot 3
G23,22M,69,35.336,32.033,direct,33.288,23.775,14.648,0.83347,fay_herriot,forms_mnt:h_sd+alt_mean+essence+greco;log,2005-2024,IGN IFN brut (Etalab 2.0) ; FORMS-T (CC-BY 4.0) ; spec 054 lot 3
G23,23AB,3,10.461,51.131,gvf,10.919,12.391,32.238,0.21556,fay_herriot,forms_mnt:h_sd+alt_mean+essence+greco;log,2005-2024,IGN IFN brut (Etalab 2.0) ; FORMS-T (CC-BY 4.0) ; spec 054 lot 3
G23,23PC,6,12.675,9.1328,gvf,11.432,5.211,19.969,0.69312,fay_herriot,forms_mnt:h_sd+alt_mean+essence+greco;log,2005-2024,IGN IFN brut (Etalab 2.0) ; FORMS-T (CC-BY 4.0) ; spec 054 lot 3
G23,23PM,10,18.003,25.981,direct,13.932,9.7002,22.356,0.61565,fay_herriot,forms_mnt:h_sd+alt_mean+essence+greco;log,2005-2024,IGN IFN brut (Etalab 2.0) ; FORMS-T (CC-BY 4.0) ; spec 054 lot 3
G23,23SO,11,6.9285,20.552,direct,9.5661,9.3814,32.018,0.23072,fay_herriot,forms_mnt:h_sd+alt_mean+essence+greco;log,2005-2024,IGN IFN brut (Etalab 2.0) ; FORMS-T (CC-BY 4.0) ; spec 054 lot 3
G23,24,58,47.706,36.774,direct,48.101,33.291,11.995,0.88823,fay_herriot,forms_mnt:h_sd+alt_mean+essence+greco;log,2005-2024,IGN IFN brut (Etalab 2.0) ; FORMS-T (CC-BY 4.0) ; spec 054 lot 3
G23,25B,1,27.407,1265.7,gvf,58.965,432.11,35.254,0.070808,fay_herriot,forms_mnt:h_sd+alt_mean+essence+greco;log,2005-2024,IGN IFN brut (Etalab 2.0) ; FORMS-T (CC-BY 4.0) ; spec 054 lot 3
G23,25C,11,16.015,55.003,direct,18.089,27.094,28.776,0.3745,fay_herriot,forms_mnt:h_sd+alt_mean+essence+greco;log,2005-2024,IGN IFN brut (Etalab 2.0) ; FORMS-T (CC-BY 4.0) ; spec 054 lot 3
G23,25FR,1,1.6033,3735.6,gvf,66.017,634.89,38.167,8.8354e-05,fay_herriot,forms_mnt:h_sd+alt_mean+essence+greco;log,2005-2024,IGN IFN brut (Etalab 2.0) ; FORMS-T (CC-BY 4.0) ; spec 054 lot 3
G23,25M,44,17.056,4.664,direct,17.16,4.2079,11.954,0.889,fay_herriot,forms_mnt:h_sd+alt_mean+essence+greco;log,2005-2024,IGN IFN brut (Etalab 2.0) ; FORMS-T (CC-BY 4.0) ; spec 054 lot 3
G23,25R,1,20.53,534.94,gvf,26.002,84.806,35.416,0.09187,fay_herriot,forms_mnt:h_sd+alt_mean+essence+greco;log,2005-2024,IGN IFN brut (Etalab 2.0) ; FORMS-T (CC-BY 4.0) ; spec 054 lot 3
G23,27C,4,16.67,30.303,gvf,17.963,19.342,24.483,0.54075,fay_herriot,forms_mnt:h_sd+alt_mean+essence+greco;log,2005-2024,IGN IFN brut (Etalab 2.0) ; FORMS-T (CC-BY 4.0) ; spec 054 lot 3
G23,29AF,2,4.125,21.25,gvf,6.6603,5.6936,35.826,0.09323,fay_herriot,forms_mnt:h_sd+alt_mean+essence+greco;log,2005-2024,IGN IFN brut (Etalab 2.0) ; FORMS-T (CC-BY 4.0) ; spec 054 lot 3
G23,31,57,15.424,19.601,direct,12.443,7.8369,22.498,0.60915,fay_herriot,forms_mnt:h_sd+alt_mean+essence+greco;log,2005-2024,IGN IFN brut (Etalab 2.0) ; FORMS-T (CC-BY 4.0) ; spec 054 lot 3
G23,41,2,26.249,36.353,gvf,19.991,15.075,19.422,0.70877,fay_herriot,forms_mnt:h_sd+alt_mean+essence+greco;log,2005-2024,IGN IFN brut (Etalab 2.0) ; FORMS-T (CC-BY 4.0) ; spec 054 lot 3
G23,49AM,20,4.0794,0.96598,direct,4.4433,0.79441,20.059,0.68868,fay_herriot,forms_mnt:h_sd+alt_mean+essence+greco;log,2005-2024,IGN IFN brut (Etalab 2.0) ; FORMS-T (CC-BY 4.0) ; spec 054 lot 3
G23,49IA,56,5.8722,1.1605,direct,5.9462,0.94902,16.383,0.79233,fay_herriot,forms_mnt:h_sd+alt_mean+essence+greco;log,2005-2024,IGN IFN brut (Etalab 2.0) ; FORMS-T (CC-BY 4.0) ; spec 054 lot 3
G23,49PS,5,18.837,19.245,gvf,13.416,6.9899,19.707,0.70304,fay_herriot,forms_mnt:h_sd+alt_mean+essence+greco;log,2005-2024,IGN IFN brut (Etalab 2.0) ; FORMS-T (CC-BY 4.0) ; spec 054 lot 3
G23,49SN,6,1.8481,3.242,gvf,4.3684,2.2227,34.129,0.11915,fay_herriot,forms_mnt:h_sd+alt_mean+essence+greco;log,2005-2024,IGN IFN brut (Etalab 2.0) ; FORMS-T (CC-BY 4.0) ; spec 054 lot 3
G23,52,44,60.853,121.26,direct,65.163,111.26,16.187,0.7968,fay_herriot,forms_mnt:h_sd+alt_mean+essence+greco;log,2005-2024,IGN IFN brut (Etalab 2.0) ; FORMS-T (CC-BY 4.0) ; spec 054 lot 3
G23,53CO,2,119.13,11947,gvf,137.5,2158,33.785,0.13235,fay_herriot,forms_mnt:h_sd+alt_mean+essence+greco;log,2005-2024,IGN IFN brut (Etalab 2.0) ; FORMS-T (CC-BY 4.0) ; spec 054 lot 3
G23,54,2,64.97,12433,gvf,126.43,2041.6,35.738,0.041773,fay_herriot,forms_mnt:h_sd+alt_mean+essence+greco;log,2005-2024,IGN IFN brut (Etalab 2.0) ; FORMS-T (CC-BY 4.0) ; spec 054 lot 3
G23,56,7,52.982,1153.5,gvf,80.743,688.74,32.503,0.23809,fay_herriot,forms_mnt:h_sd+alt_mean+essence+greco;log,2005-2024,IGN IFN brut (Etalab 2.0) ; FORMS-T (CC-BY 4.0) ; spec 054 lot 3
G23,61,85,181.09,404.25,direct,175.6,347.74,10.619,0.9124,fay_herriot,forms_mnt:h_sd+alt_mean+essence+greco;log,2005-2024,IGN IFN brut (Etalab 2.0) ; FORMS-T (CC-BY 4.0) ; spec 054 lot 3
G23,62,160,193.48,277.68,direct,189.66,252.64,8.3808,0.94538,fay_herriot,forms_mnt:h_sd+alt_mean+essence+greco;log,2005-2024,IGN IFN brut (Etalab 2.0) ; FORMS-T (CC-BY 4.0) ; spec 054 lot 3
G23,63,13,99.645,1081.2,direct,108.62,713.23,24.587,0.54111,fay_herriot,forms_mnt:h_sd+alt_mean+essence+greco;log,2005-2024,IGN IFN brut (Etalab 2.0) ; FORMS-T (CC-BY 4.0) ; spec 054 lot 3
G23,64,347,257.09,173.4,direct,255.68,168.16,5.0718,0.97998,fay_herriot,forms_mnt:h_sd+alt_mean+essence+greco;log,2005-2024,IGN IFN brut (Etalab 2.0) ; FORMS-T (CC-BY 4.0) ; spec 054 lot 3
G23,68TG,1,131.77,13701,gvf,188.15,5308.6,38.724,0.13994,fay_herriot,forms_mnt:h_sd+alt_mean+essence+greco;log,2005-2024,IGN IFN brut (Etalab 2.0) ; FORMS-T (CC-BY 4.0) ; spec 054 lot 3
G23,72V,11,60.924,634.66,direct,96.721,730.99,27.953,0.42888,fay_herriot,forms_mnt:h_sd+alt_mean+essence+greco;log,2005-2024,IGN IFN brut (Etalab 2.0) ; FORMS-T (CC-BY 4.0) ; spec 054 lot 3
G23,73,5,287.41,8731.9,gvf,247.58,3669.1,24.466,0.54847,fay_herriot,forms_mnt:h_sd+alt_mean+essence+greco;log,2005-2024,IGN IFN brut (Etalab 2.0) ; FORMS-T (CC-BY 4.0) ; spec 054 lot 3
G23,74J,4,61.8,5675.7,gvf,173.79,3928.3,36.064,0.079532,fay_herriot,forms_mnt:h_sd+alt_mean+essence+greco;log,2005-2024,IGN IFN brut (Etalab 2.0) ; FORMS-T (CC-BY 4.0) ; spec 054 lot 3
G30,02,143,71.817,45.166,direct,72.079,42.651,9.0606,0.93615,fay_herriot,forms_mnt:h_sd+alt_mean+essence+greco;log,2005-2024,IGN IFN brut (Etalab 2.0) ; FORMS-T (CC-BY 4.0) ; spec 054 lot 3
G30,03,196,62.734,27.56,direct,64.025,27.251,8.1535,0.94828,fay_herriot,forms_mnt:h_sd+alt_mean+essence+greco;log,2005-2024,IGN IFN brut (Etalab 2.0) ; FORMS-T (CC-BY 4.0) ; spec 054 lot 3
G30,05,43,42.901,34.628,direct,43.901,31.734,12.832,0.8722,fay_herriot,forms_mnt:h_sd+alt_mean+essence+greco;log,2005-2024,IGN IFN brut (Etalab 2.0) ; FORMS-T (CC-BY 4.0) ; spec 054 lot 3
G30,09,643,141.46,27.3,direct,140.48,26.648,3.6746,0.98949,fay_herriot,forms_mnt:h_sd+alt_mean+essence+greco;log,2005-2024,IGN IFN brut (Etalab 2.0) ; FORMS-T (CC-BY 4.0) ; spec 054 lot 3
G30,10,14,34.299,69.384,direct,41.986,71.727,20.172,0.68526,fay_herriot,forms_mnt:h_sd+alt_mean+essence+greco;log,2005-2024,IGN IFN brut (Etalab 2.0) ; FORMS-T (CC-BY 4.0) ; spec 054 lot 3
G30,12V,75,35.435,16.462,direct,34.911,14.528,10.918,0.90736,fay_herriot,forms_mnt:h_sd+alt_mean+essence+greco;log,2005-2024,IGN IFN brut (Etalab 2.0) ; FORMS-T (CC-BY 4.0) ; spec 054 lot 3
G30,13G,35,74.152,184.57,direct,73.38,144.02,16.354,0.79276,fay_herriot,forms_mnt:h_sd+alt_mean+essence+greco;log,2005-2024,IGN IFN brut (Etalab 2.0) ; FORMS-T (CC-BY 4.0) ; spec 054 lot 3
G30,14,3,38.944,1329,gvf,55.652,354.6,33.837,0.1278,fay_herriot,forms_mnt:h_sd+alt_mean+essence+greco;log,2005-2024,IGN IFN brut (Etalab 2.0) ; FORMS-T (CC-BY 4.0) ; spec 054 lot 3
G30,15P,30,31.127,31.591,direct,30.947,25.118,16.195,0.79749,fay_herriot,forms_mnt:h_sd+alt_mean+essence+greco;log,2005-2024,IGN IFN brut (Etalab 2.0) ; FORMS-T (CC-BY 4.0) ; spec 054 lot 3
G30,15S,53,23.676,29.569,direct,26.275,26.028,19.417,0.70881,fay_herriot,forms_mnt:h_sd+alt_mean+essence+greco;log,2005-2024,IGN IFN brut (Etalab 2.0) ; FORMS-T (CC-BY 4.0) ; spec 054 lot 3
G30,17C,273,46.692,9.4201,direct,46.821,9.17,6.4677,0.96744,fay_herriot,forms_mnt:h_sd+alt_mean+essence+greco;log,2005-2024,IGN IFN brut (Etalab 2.0) ; FORMS-T (CC-BY 4.0) ; spec 054 lot 3
G30,18C,3,8.5838,72.202,gvf,13.053,19.818,34.106,0.11585,fay_herriot,forms_mnt:h_sd+alt_mean+essence+greco;log,2005-2024,IGN IFN brut (Etalab 2.0) ; FORMS-T (CC-BY 4.0) ; spec 054 lot 3
G30,18M,9,13.553,17.836,gvf,15.31,13.491,23.99,0.5694,fay_herriot,forms_mnt:h_sd+alt_mean+essence+greco;log,2005-2024,IGN IFN brut (Etalab 2.0) ; FORMS-T (CC-BY 4.0) ; spec 054 lot 3
G30,19,3,102.08,8271.5,gvf,151.63,2597.4,33.612,0.13924,fay_herriot,forms_mnt:h_sd+alt_mean+essence+greco;log,2005-2024,IGN IFN brut (Etalab 2.0) ; FORMS-T (CC-BY 4.0) ; spec 054 lot 3
G30,20G,24,47.954,111.96,direct,46.487,77.137,18.893,0.72507,fay_herriot,forms_mnt:h_sd+alt_mean+essence+greco;log,2005-2024,IGN IFN brut (Etalab 2.0) ; FORMS-T (CC-BY 4.0) ; spec 054 lot 3
G30,20P,5,44.337,275.82,gvf,43.389,128.66,26.143,0.47784,fay_herriot,forms_mnt:h_sd+alt_mean+essence+greco;log,2005-2024,IGN IFN brut (Etalab 2.0) ; FORMS-T (CC-BY 4.0) ; spec 054 lot 3
G30,21C,61,21.866,10.013,direct,21.811,8.5957,13.442,0.85976,fay_herriot,forms_mnt:h_sd+alt_mean+essence+greco;log,2005-2024,IGN IFN brut (Etalab 2.0) ; FORMS-T (CC-BY 4.0) ; spec 054 lot 3
G30,21M,1,3.9403,217.57,gvf,14.865,29.777,36.71,0.0090795,fay_herriot,forms_mnt:h_sd+alt_mean+essence+greco;log,2005-2024,IGN IFN brut (Etalab 2.0) ; FORMS-T (CC-BY 4.0) ; spec 054 lot 3
G30,22G,9,15.032,20.727,gvf,13.617,10.388,23.67,0.58332,fay_herriot,forms_mnt:h_sd+alt_mean+essence+greco;log,2005-2024,IGN IFN brut (Etalab 2.0) ; FORMS-T (CC-BY 4.0) ; spec 054 lot 3
G30,22M,106,23.616,7.3148,direct,23.482,6.5751,10.92,0.90732,fay_herriot,forms_mnt:h_sd+alt_mean+essence+greco;log,2005-2024,IGN IFN brut (Etalab 2.0) ; FORMS-T (CC-BY 4.0) ; spec 054 lot 3
G30,23AB,104,13.363,2.4625,direct,12.985,2.1082,11.182,0.90302,fay_herriot,forms_mnt:h_sd+alt_mean+essence+greco;log,2005-2024,IGN IFN brut (Etalab 2.0) ; FORMS-T (CC-BY 4.0) ; spec 054 lot 3
G30,23PM,8,5.7299,10.887,gvf,7.4925,5.3195,30.783,0.27914,fay_herriot,forms_mnt:h_sd+alt_mean+essence+greco;log,2005-2024,IGN IFN brut (Etalab 2.0) ; FORMS-T (CC-BY 4.0) ; spec 054 lot 3
G30,23SO,73,12.024,3.5851,direct,11.57,2.8049,14.475,0.83813,fay_herriot,forms_mnt:h_sd+alt_mean+essence+greco;log,2005-2024,IGN IFN brut (Etalab 2.0) ; FORMS-T (CC-BY 4.0) ; spec 054 lot 3
G30,24,44,73.444,133.45,direct,68.146,96.699,14.43,0.83845,fay_herriot,forms_mnt:h_sd+alt_mean+essence+greco;log,2005-2024,IGN IFN brut (Etalab 2.0) ; FORMS-T (CC-BY 4.0) ; spec 054 lot 3
G30,25E5,1,9.5831,262.08,gvf,14.208,25.618,35.625,0.043057,fay_herriot,forms_mnt:h_sd+alt_mean+essence+greco;log,2005-2024,IGN IFN brut (Etalab 2.0) ; FORMS-T (CC-BY 4.0) ; spec 054 lot 3
G30,25M,100,20.422,5.452,direct,19.99,4.7521,10.905,0.9076,fay_herriot,forms_mnt:h_sd+alt_mean+essence+greco;log,2005-2024,IGN IFN brut (Etalab 2.0) ; FORMS-T (CC-BY 4.0) ; spec 054 lot 3
G30,25R,3,31.817,178.31,gvf,27.003,56.825,27.917,0.42162,fay_herriot,forms_mnt:h_sd+alt_mean+essence+greco;log,2005-2024,IGN IFN brut (Etalab 2.0) ; FORMS-T (CC-BY 4.0) ; spec 054 lot 3
G30,27C,2,15.97,60.607,gvf,17.04,24.775,29.211,0.35079,fay_herriot,forms_mnt:h_sd+alt_mean+essence+greco;log,2005-2024,IGN IFN brut (Etalab 2.0) ; FORMS-T (CC-BY 4.0) ; spec 054 lot 3
G30,31,146,8.5713,0.86648,direct,8.5226,0.78615,10.404,0.91587,fay_herriot,forms_mnt:h_sd+alt_mean+essence+greco;log,2005-2024,IGN IFN brut (Etalab 2.0) ; FORMS-T (CC-BY 4.0) ; spec 054 lot 3
G30,33N,7,34.273,581.72,gvf,76.205,612.64,32.48,0.2059,fay_herriot,forms_mnt:h_sd+alt_mean+essence+greco;log,2005-2024,IGN IFN brut (Etalab 2.0) ; FORMS-T (CC-BY 4.0) ; spec 054 lot 3
G30,41,2,14.847,36.353,gvf,11.393,9.5307,27.098,0.43777,fay_herriot,forms_mnt:h_sd+alt_mean+essence+greco;log,2005-2024,IGN IFN brut (Etalab 2.0) ; FORMS-T (CC-BY 4.0) ; spec 054 lot 3
G30,49AM,80,5.4281,0.46049,direct,5.3597,0.40122,11.818,0.89149,fay_herriot,forms_mnt:h_sd+alt_mean+essence+greco;log,2005-2024,IGN IFN brut (Etalab 2.0) ; FORMS-T (CC-BY 4.0) ; spec 054 lot 3
G30,49BO,2,2.6344,5.9742,gvf,2.3103,0.62809,34.304,0.1298,fay_herriot,forms_mnt:h_sd+alt_mean+essence+greco;log,2005-2024,IGN IFN brut (Etalab 2.0) ; FORMS-T (CC-BY 4.0) ; spec 054 lot 3
G30,49IA,16,6.0353,2.0984,direct,5.9005,1.3985,20.042,0.69029,fay_herriot,forms_mnt:h_sd+alt_mean+essence+greco;log,2005-2024,IGN IFN brut (Etalab 2.0) ; FORMS-T (CC-BY 4.0) ; spec 054 lot 3
G30,49PM,1,1.3968,33.985,gvf,5.5946,4.3519,37.288,0.0073177,fay_herriot,forms_mnt:h_sd+alt_mean+essence+greco;log,2005-2024,IGN IFN brut (Etalab 2.0) ; FORMS-T (CC-BY 4.0) ; spec 054 lot 3
G30,49PS,4,9.2934,24.056,gvf,6.4125,3.7688,30.274,0.31554,fay_herriot,forms_mnt:h_sd+alt_mean+essence+greco;log,2005-2024,IGN IFN brut (Etalab 2.0) ; FORMS-T (CC-BY 4.0) ; spec 054 lot 3
G30,49RC,1,11.556,84.119,gvf,8.8959,9.8162,35.219,0.16932,fay_herriot,forms_mnt:h_sd+alt_mean+essence+greco;log,2005-2024,IGN IFN brut (Etalab 2.0) ; FORMS-T (CC-BY 4.0) ; spec 054 lot 3
G30,49SN,13,7.62,5.5131,direct,6.0422,2.0231,23.54,0.57489,fay_herriot,forms_mnt:h_sd+alt_mean+essence+greco;log,2005-2024,IGN IFN brut (Etalab 2.0) ; FORMS-T (CC-BY 4.0) ; spec 054 lot 3
G30,49SR,2,1.0481,0.87958,gvf,10.062,11.538,33.757,0.1382,fay_herriot,forms_mnt:h_sd+alt_mean+essence+greco;log,2005-2024,IGN IFN brut (Etalab 2.0) ; FORMS-T (CC-BY 4.0) ; spec 054 lot 3
G30,52,381,105.95,30.207,direct,105.25,29.21,5.135,0.97947,fay_herriot,forms_mnt:h_sd+alt_mean+essence+greco;log,2005-2024,IGN IFN brut (Etalab 2.0) ; FORMS-T (CC-BY 4.0) ; spec 054 lot 3
G30,53CO,1,33.713,23894,gvf,125.43,2064.7,36.227,0.0060705,fay_herriot,forms_mnt:h_sd+alt_mean+essence+greco;log,2005-2024,IGN IFN brut (Etalab 2.0) ; FORMS-T (CC-BY 4.0) ; spec 054 lot 3
G30,54,3,41.292,8288.8,gvf,114,1688.8,36.049,0.025733,fay_herriot,forms_mnt:h_sd+alt_mean+essence+greco;log,2005-2024,IGN IFN brut (Etalab 2.0) ; FORMS-T (CC-BY 4.0) ; spec 054 lot 3
G30,58,9,30.39,308.64,gvf,57.136,324.86,31.546,0.27758,fay_herriot,forms_mnt:h_sd+alt_mean+essence+greco;log,2005-2024,IGN IFN brut (Etalab 2.0) ; FORMS-T (CC-BY 4.0) ; spec 054 lot 3
G30,61,326,174.04,110.42,direct,172.05,105.02,5.9563,0.97239,fay_herriot,forms_mnt:h_sd+alt_mean+essence+greco;log,2005-2024,IGN IFN brut (Etalab 2.0) ; FORMS-T (CC-BY 4.0) ; spec 054 lot 3
G30,62,333,193.92,99.783,direct,192.07,95.965,5.1002,0.97975,fay_herriot,forms_mnt:h_sd+alt_mean+essence+greco;log,2005-2024,IGN IFN brut (Etalab 2.0) ; FORMS-T (CC-BY 4.0) ; spec 054 lot 3
G30,63,15,69.688,230.34,direct,78.465,216.52,18.753,0.73025,fay_herriot,forms_mnt:h_sd+alt_mean+essence+greco;log,2005-2024,IGN IFN brut (Etalab 2.0) ; FORMS-T (CC-BY 4.0) ; spec 054 lot 3
G30,64,50,239.56,1325.3,direct,228.5,1026.4,14.021,0.84756,fay_herriot,forms_mnt:h_sd+alt_mean+essence+greco;log,2005-2024,IGN IFN brut (Etalab 2.0) ; FORMS-T (CC-BY 4.0) ; spec 054 lot 3
G30,68CL,1,13.506,17011,gvf,78.378,1029.7,40.941,0.0013751,fay_herriot,forms_mnt:h_sd+alt_mean+essence+greco;log,2005-2024,IGN IFN brut (Etalab 2.0) ; FORMS-T (CC-BY 4.0) ; spec 054 lot 3
G30,68SC,1,234.2,27196,gvf,91.171,885.25,32.634,0.2057,fay_herriot,forms_mnt:h_sd+alt_mean+essence+greco;log,2005-2024,IGN IFN brut (Etalab 2.0) ; FORMS-T (CC-BY 4.0) ; spec 054 lot 3
G30,69JC,6,5.0018,2.1673,gvf,4.3482,0.99985,22.996,0.59713,fay_herriot,forms_mnt:h_sd+alt_mean+essence+greco;log,2005-2024,IGN IFN brut (Etalab 2.0) ; FORMS-T (CC-BY 4.0) ; spec 054 lot 3
G30,72V,5,107.25,3199.1,gvf,117.87,1317,30.789,0.31586,fay_herriot,forms_mnt:h_sd+alt_mean+essence+greco;log,2005-2024,IGN IFN brut (Etalab 2.0) ; FORMS-T (CC-BY 4.0) ; spec 054 lot 3
G30,73,6,158.67,7276.6,gvf,177.01,2926.3,30.561,0.3076,fay_herriot,forms_mnt:h_sd+alt_mean+essence+greco;log,2005-2024,IGN IFN brut (Etalab 2.0) ; FORMS-T (CC-BY 4.0) ; spec 054 lot 3
G30,74H,2,18.058,20969,gvf,71.213,685.68,36.771,0.0019929,fay_herriot,forms_mnt:h_sd+alt_mean+essence+greco;log,2005-2024,IGN IFN brut (Etalab 2.0) ; FORMS-T (CC-BY 4.0) ; spec 054 lot 3
G30,74J,5,239.4,4540.6,gvf,210.54,2264.7,22.603,0.61843,fay_herriot,forms_mnt:h_sd+alt_mean+essence+greco;log,2005-2024,IGN IFN brut (Etalab 2.0) ; FORMS-T (CC-BY 4.0) ; spec 054 lot 3
G41,02,64,74.284,111.78,direct,76.041,101.47,13.247,0.86373,fay_herriot,forms_mnt:h_sd+alt_mean+essence+greco;log,2005-2024,IGN IFN brut (Etalab 2.0) ; FORMS-T (CC-BY 4.0) ; spec 054 lot 3
G41,03,302,110.71,30.286,direct,110.65,29.697,4.9248,0.98112,fay_herriot,forms_mnt:h_sd+alt_mean+essence+greco;log,2005-2024,IGN IFN brut (Etalab 2.0) ; FORMS-T (CC-BY 4.0) ; spec 054 lot 3
G41,04,1,86.156,7396,gvf,82.784,807.3,34.322,0.11416,fay_herriot,forms_mnt:h_sd+alt_mean+essence+greco;log,2005-2024,IGN IFN brut (Etalab 2.0) ; FORMS-T (CC-BY 4.0) ; spec 054 lot 3
G41,05,16,59.07,149.59,direct,59.2,113.4,17.988,0.74969,fay_herriot,forms_mnt:h_sd+alt_mean+essence+greco;log,2005-2024,IGN IFN brut (Etalab 2.0) ; FORMS-T (CC-BY 4.0) ; spec 054 lot 3
G41,09,96,67.827,78.341,direct,69.65,73.116,12.277,0.88291,fay_herriot,forms_mnt:h_sd+alt_mean+essence+greco;log,2005-2024,IGN IFN brut (Etalab 2.0) ; FORMS-T (CC-BY 4.0) ; spec 054 lot 3
G41,10,149,58.572,47.936,direct,60.061,45.554,11.238,0.90186,fay_herriot,forms_mnt:h_sd+alt_mean+essence+greco;log,2005-2024,IGN IFN brut (Etalab 2.0) ; FORMS-T (CC-BY 4.0) ; spec 054 lot 3
G41,11,173,27.55,6.5597,direct,28.413,6.5469,9.0054,0.93694,fay_herriot,forms_mnt:h_sd+alt_mean+essence+greco;log,2005-2024,IGN IFN brut (Etalab 2.0) ; FORMS-T (CC-BY 4.0) ; spec 054 lot 3
G41,12V,34,30.001,27.797,direct,30.91,23.888,15.812,0.80612,fay_herriot,forms_mnt:h_sd+alt_mean+essence+greco;log,2005-2024,IGN IFN brut (Etalab 2.0) ; FORMS-T (CC-BY 4.0) ; spec 054 lot 3
G41,13G,13,91.377,670.59,direct,87.556,382.23,22.33,0.61521,fay_herriot,forms_mnt:h_sd+alt_mean+essence+greco;log,2005-2024,IGN IFN brut (Etalab 2.0) ; FORMS-T (CC-BY 4.0) ; spec 054 lot 3
G41,14,24,76.163,342.43,direct,73.498,220.26,20.193,0.68506,fay_herriot,forms_mnt:h_sd+alt_mean+essence+greco;log,2005-2024,IGN IFN brut (Etalab 2.0) ; FORMS-T (CC-BY 4.0) ; spec 054 lot 3
G41,15P,7,21.022,94.996,gvf,28.97,69.2,28.715,0.37396,fay_herriot,forms_mnt:h_sd+alt_mean+essence+greco;log,2005-2024,IGN IFN brut (Etalab 2.0) ; FORMS-T (CC-BY 4.0) ; spec 054 lot 3
G41,15S,33,35.185,41.835,direct,36,34.875,16.404,0.79165,fay_herriot,forms_mnt:h_sd+alt_mean+essence+greco;log,2005-2024,IGN IFN brut (Etalab 2.0) ; FORMS-T (CC-BY 4.0) ; spec 054 lot 3
G41,16,2,14.179,84.558,gvf,16.128,26.277,31.784,0.23388,fay_herriot,forms_mnt:h_sd+alt_mean+essence+greco;log,2005-2024,IGN IFN brut (Etalab 2.0) ; FORMS-T (CC-BY 4.0) ; spec 054 lot 3
G41,17C,120,54.375,31.898,direct,54.716,29.843,9.9841,0.92249,fay_herriot,forms_mnt:h_sd+alt_mean+essence+greco;log,2005-2024,IGN IFN brut (Etalab 2.0) ; FORMS-T (CC-BY 4.0) ; spec 054 lot 3
G41,17F,1,6.8781,436.98,gvf,21.34,68.873,38.89,0.01371,fay_herriot,forms_mnt:h_sd+alt_mean+essence+greco;log,2005-2024,IGN IFN brut (Etalab 2.0) ; FORMS-T (CC-BY 4.0) ; spec 054 lot 3
G41,17O,1,29.664,1539.4,gvf,51.86,341.98,35.659,0.068379,fay_herriot,forms_mnt:h_sd+alt_mean+essence+greco;log,2005-2024,IGN IFN brut (Etalab 2.0) ; FORMS-T (CC-BY 4.0) ; spec 054 lot 3
G41,18C,1,2.6584,216.61,gvf,15.876,33.101,36.239,0.0041718,fay_herriot,forms_mnt:h_sd+alt_mean+essence+greco;log,2005-2024,IGN IFN brut (Etalab 2.0) ; FORMS-T (CC-BY 4.0) ; spec 054 lot 3
G41,19,5,132.88,4962.9,gvf,168.31,2540.8,29.948,0.31358,fay_herriot,forms_mnt:h_sd+alt_mean+essence+greco;log,2005-2024,IGN IFN brut (Etalab 2.0) ; FORMS-T (CC-BY 4.0) ; spec 054 lot 3
G41,20G,11,39.749,159.78,direct,43.853,110.71,23.994,0.55941,fay_herriot,forms_mnt:h_sd+alt_mean+essence+greco;log,2005-2024,IGN IFN brut (Etalab 2.0) ; FORMS-T (CC-BY 4.0) ; spec 054 lot 3
G41,20P,5,41.138,275.82,gvf,45.543,151.99,27.07,0.44067,fay_herriot,forms_mnt:h_sd+alt_mean+essence+greco;log,2005-2024,IGN IFN brut (Etalab 2.0) ; FORMS-T (CC-BY 4.0) ; spec 054 lot 3
G41,21C,11,32.245,481.09,direct,26.351,71.035,31.985,0.21723,fay_herriot,forms_mnt:h_sd+alt_mean+essence+greco;log,2005-2024,IGN IFN brut (Etalab 2.0) ; FORMS-T (CC-BY 4.0) ; spec 054 lot 3
G41,22C,2,14.92,28.31,gvf,14.068,14.325,26.903,0.50241,fay_herriot,forms_mnt:h_sd+alt_mean+essence+greco;log,2005-2024,IGN IFN brut (Etalab 2.0) ; FORMS-T (CC-BY 4.0) ; spec 054 lot 3
G41,22G,1,1.5328,186.54,gvf,13.703,26.768,37.756,0.0016145,fay_herriot,forms_mnt:h_sd+alt_mean+essence+greco;log,2005-2024,IGN IFN brut (Etalab 2.0) ; FORMS-T (CC-BY 4.0) ; spec 054 lot 3
G41,22M,79,26.905,9.6167,direct,26.797,8.662,10.983,0.90624,fay_herriot,forms_mnt:h_sd+alt_mean+essence+greco;log,2005-2024,IGN IFN brut (Etalab 2.0) ; FORMS-T (CC-BY 4.0) ; spec 054 lot 3
G41,23AB,37,12.487,5.7857,direct,12.266,4.3722,17.047,0.77582,fay_herriot,forms_mnt:h_sd+alt_mean+essence+greco;log,2005-2024,IGN IFN brut (Etalab 2.0) ; FORMS-T (CC-BY 4.0) ; spec 054 lot 3
G41,23AM,1,11.409,78.337,gvf,12.503,26.828,41.426,0.17583,fay_herriot,forms_mnt:h_sd+alt_mean+essence+greco;log,2005-2024,IGN IFN brut (Etalab 2.0) ; FORMS-T (CC-BY 4.0) ; spec 054 lot 3
G41,23PC,2,6.6974,27.398,gvf,8.9004,8.6725,33.087,0.1737,fay_herriot,forms_mnt:h_sd+alt_mean+essence+greco;log,2005-2024,IGN IFN brut (Etalab 2.0) ; FORMS-T (CC-BY 4.0) ; spec 054 lot 3
G41,23PD,2,13.997,17.963,gvf,14.58,11.835,23.595,0.5834,fay_herriot,forms_mnt:h_sd+alt_mean+essence+greco;log,2005-2024,IGN IFN brut (Etalab 2.0) ; FORMS-T (CC-BY 4.0) ; spec 054 lot 3
G41,23PM,4,8.1592,21.774,gvf,9.1987,7.9867,30.722,0.28191,fay_herriot,forms_mnt:h_sd+alt_mean+essence+greco;log,2005-2024,IGN IFN brut (Etalab 2.0) ; FORMS-T (CC-BY 4.0) ; spec 054 lot 3
G41,23SO,1,0.76151,283.48,gvf,10.989,16.264,36.699,0.0002626,fay_herriot,forms_mnt:h_sd+alt_mean+essence+greco;log,2005-2024,IGN IFN brut (Etalab 2.0) ; FORMS-T (CC-BY 4.0) ; spec 054 lot 3
G41,24,13,27.547,65.026,direct,35.956,67.043,22.772,0.59975,fay_herriot,forms_mnt:h_sd+alt_mean+essence+greco;log,2005-2024,IGN IFN brut (Etalab 2.0) ; FORMS-T (CC-BY 4.0) ; spec 054 lot 3
G41,25B,1,20.632,1265.7,gvf,62.197,496.9,35.84,0.041397,fay_herriot,forms_mnt:h_sd+alt_mean+essence+greco;log,2005-2024,IGN IFN brut (Etalab 2.0) ; FORMS-T (CC-BY 4.0) ; spec 054 lot 3
G41,25M,18,15.5,17.252,direct,16.612,12.815,21.55,0.64135,fay_herriot,forms_mnt:h_sd+alt_mean+essence+greco;log,2005-2024,IGN IFN brut (Etalab 2.0) ; FORMS-T (CC-BY 4.0) ; spec 054 lot 3
G41,27C,7,16.115,17.316,gvf,17.488,13.592,21.081,0.65821,fay_herriot,forms_mnt:h_sd+alt_mean+essence+greco;log,2005-2024,IGN IFN brut (Etalab 2.0) ; FORMS-T (CC-BY 4.0) ; spec 054 lot 3
G41,29EN,1,50.909,666.63,gvf,43.409,179.05,30.826,0.33298,fay_herriot,forms_mnt:h_sd+alt_mean+essence+greco;log,2005-2024,IGN IFN brut (Etalab 2.0) ; FORMS-T (CC-BY 4.0) ; spec 054 lot 3
G41,31,47,6.1966,0.72336,direct,6.5262,0.70177,12.836,0.87206,fay_herriot,forms_mnt:h_sd+alt_mean+essence+greco;log,2005-2024,IGN IFN brut (Etalab 2.0) ; FORMS-T (CC-BY 4.0) ; spec 054 lot 3
G41,33B,1,94.054,29031,gvf,142.03,3111.3,39.272,0.037653,fay_herriot,forms_mnt:h_sd+alt_mean+essence+greco;log,2005-2024,IGN IFN brut (Etalab 2.0) ; FORMS-T (CC-BY 4.0) ; spec 054 lot 3
G41,33G,1,61.216,16754,gvf,149.35,3028.8,36.85,0.027919,fay_herriot,forms_mnt:h_sd+alt_mean+essence+greco;log,2005-2024,IGN IFN brut (Etalab 2.0) ; FORMS-T (CC-BY 4.0) ; spec 054 lot 3
G41,33N,1,75.372,4072.1,gvf,102.85,1194.8,33.606,0.15192,fay_herriot,forms_mnt:h_sd+alt_mean+essence+greco;log,2005-2024,IGN IFN brut (Etalab 2.0) ; FORMS-T (CC-BY 4.0) ; spec 054 lot 3
G41,39,1,1.4219,6.4091,gvf,3.5816,1.7982,37.44,0.038928,fay_herriot,forms_mnt:h_sd+alt_mean+essence+greco;log,2005-2024,IGN IFN brut (Etalab 2.0) ; FORMS-T (CC-BY 4.0) ; spec 054 lot 3
G41,41,5,3.1436,14.541,gvf,9.7419,11.509,34.824,0.080259,fay_herriot,forms_mnt:h_sd+alt_mean+essence+greco;log,2005-2024,IGN IFN brut (Etalab 2.0) ; FORMS-T (CC-BY 4.0) ; spec 054 lot 3
G41,49AM,21,4.8586,2.6895,direct,5.1947,1.6455,24.694,0.52985,fay_herriot,forms_mnt:h_sd+alt_mean+essence+greco;log,2005-2024,IGN IFN brut (Etalab 2.0) ; FORMS-T (CC-BY 4.0) ; spec 054 lot 3
G41,49EV,1,0.98629,6.1521,gvf,3.1536,1.3351,36.639,0.019899,fay_herriot,forms_mnt:h_sd+alt_mean+essence+greco;log,2005-2024,IGN IFN brut (Etalab 2.0) ; FORMS-T (CC-BY 4.0) ; spec 054 lot 3
G41,49IA,14,17.765,105.02,direct,8.608,7.0199,30.779,0.27844,fay_herriot,forms_mnt:h_sd+alt_mean+essence+greco;log,2005-2024,IGN IFN brut (Etalab 2.0) ; FORMS-T (CC-BY 4.0) ; spec 054 lot 3
G41,49SN,4,2.1174,4.8631,gvf,4.6642,2.5747,34.402,0.10584,fay_herriot,forms_mnt:h_sd+alt_mean+essence+greco;log,2005-2024,IGN IFN brut (Etalab 2.0) ; FORMS-T (CC-BY 4.0) ; spec 054 lot 3
G41,49SR,1,0.93839,1.7592,gvf,14.094,24.749,35.298,0.060393,fay_herriot,forms_mnt:h_sd+alt_mean+essence+greco;log,2005-2024,IGN IFN brut (Etalab 2.0) ; FORMS-T (CC-BY 4.0) ; spec 054 lot 3
G41,51,1,28.219,13295,gvf,122.29,1966.2,36.259,0.0076317,fay_herriot,forms_mnt:h_sd+alt_mean+essence+greco;log,2005-2024,IGN IFN brut (Etalab 2.0) ; FORMS-T (CC-BY 4.0) ; spec 054 lot 3
G41,52,56,84.041,112.83,direct,84.568,101.85,11.934,0.88935,fay_herriot,forms_mnt:h_sd+alt_mean+essence+greco;log,2005-2024,IGN IFN brut (Etalab 2.0) ; FORMS-T (CC-BY 4.0) ; spec 054 lot 3
G41,53CO,1,36.285,23894,gvf,145.23,2765.8,36.212,0.0070254,fay_herriot,forms_mnt:h_sd+alt_mean+essence+greco;log,2005-2024,IGN IFN brut (Etalab 2.0) ; FORMS-T (CC-BY 4.0) ; spec 054 lot 3
G41,61,180,211.03,302.58,direct,206.19,274.76,8.0392,0.94975,fay_herriot,forms_mnt:h_sd+alt_mean+essence+greco;log,2005-2024,IGN IFN brut (Etalab 2.0) ; FORMS-T (CC-BY 4.0) ; spec 054 lot 3
G41,62,35,112.09,694.83,direct,119.89,560.34,19.744,0.69897,fay_herriot,forms_mnt:h_sd+alt_mean+essence+greco;log,2005-2024,IGN IFN brut (Etalab 2.0) ; FORMS-T (CC-BY 4.0) ; spec 054 lot 3
G41,63,7,62.123,953.87,gvf,98.672,853.43,29.607,0.34189,fay_herriot,forms_mnt:h_sd+alt_mean+essence+greco;log,2005-2024,IGN IFN brut (Etalab 2.0) ; FORMS-T (CC-BY 4.0) ; spec 054 lot 3
G41,64,286,276.73,220.02,direct,274.89,212.48,5.3028,0.97811,fay_herriot,forms_mnt:h_sd+alt_mean+essence+greco;log,2005-2024,IGN IFN brut (Etalab 2.0) ; FORMS-T (CC-BY 4.0) ; spec 054 lot 3
G41,72V,3,20.647,5331.9,gvf,140.04,2774.2,37.612,0.010162,fay_herriot,forms_mnt:h_sd+alt_mean+essence+greco;log,2005-2024,IGN IFN brut (Etalab 2.0) ; FORMS-T (CC-BY 4.0) ; spec 054 lot 3
G41,73,1,40.029,43660,gvf,213.85,6258.1,36.992,0.0046904,fay_herriot,forms_mnt:h_sd+alt_mean+essence+greco;log,2005-2024,IGN IFN brut (Etalab 2.0) ; FORMS-T (CC-BY 4.0) ; spec 054 lot 3
G41,74J,1,81.254,22703,gvf,192.04,5046.4,36.99,0.035997,fay_herriot,forms_mnt:h_sd+alt_mean+essence+greco;log,2005-2024,IGN IFN brut (Etalab 2.0) ; FORMS-T (CC-BY 4.0) ; spec 054 lot 3
G42,02,2,37.237,3892.3,gvf,76.965,739.83,35.341,0.043741,fay_herriot,forms_mnt:h_sd+alt_mean+essence+greco;log,2005-2024,IGN IFN brut (Etalab 2.0) ; FORMS-T (CC-BY 4.0) ; spec 054 lot 3
G42,03,179,62.261,26.382,direct,63.677,26.232,8.0433,0.94966,fay_herriot,forms_mnt:h_sd+alt_mean+essence+greco;log,2005-2024,IGN IFN brut (Etalab 2.0) ; FORMS-T (CC-BY 4.0) ; spec 054 lot 3
G42,04,3,50.813,2465.3,gvf,71.035,590.72,34.215,0.11854,fay_herriot,forms_mnt:h_sd+alt_mean+essence+greco;log,2005-2024,IGN IFN brut (Etalab 2.0) ; FORMS-T (CC-BY 4.0) ; spec 054 lot 3
G42,05,272,45.859,9.6202,direct,46.11,9.3997,6.649,0.9656,fay_herriot,forms_mnt:h_sd+alt_mean+essence+greco;log,2005-2024,IGN IFN brut (Etalab 2.0) ; FORMS-T (CC-BY 4.0) ; spec 054 lot 3
G42,06,54,20.643,8.836,direct,22.189,8.854,13.41,0.86096,fay_herriot,forms_mnt:h_sd+alt_mean+essence+greco;log,2005-2024,IGN IFN brut (Etalab 2.0) ; FORMS-T (CC-BY 4.0) ; spec 054 lot 3
G42,09,148,66.058,68.081,direct,67.141,62.843,11.807,0.89166,fay_herriot,forms_mnt:h_sd+alt_mean+essence+greco;log,2005-2024,IGN IFN brut (Etalab 2.0) ; FORMS-T (CC-BY 4.0) ; spec 054 lot 3
G42,10,357,71.299,21.053,direct,71.201,20.352,6.336,0.96876,fay_herriot,forms_mnt:h_sd+alt_mean+essence+greco;log,2005-2024,IGN IFN brut (Etalab 2.0) ; FORMS-T (CC-BY 4.0) ; spec 054 lot 3
G42,11,18,34.644,86.854,direct,36.662,62.7,21.598,0.63956,fay_herriot,forms_mnt:h_sd+alt_mean+essence+greco;log,2005-2024,IGN IFN brut (Etalab 2.0) ; FORMS-T (CC-BY 4.0) ; spec 054 lot 3
G42,12V,36,22.518,29.936,direct,25.047,25.535,20.175,0.68502,fay_herriot,forms_mnt:h_sd+alt_mean+essence+greco;log,2005-2024,IGN IFN brut (Etalab 2.0) ; FORMS-T (CC-BY 4.0) ; spec 054 lot 3
G42,13G,21,70.489,492.08,direct,71.904,291.86,23.759,0.56456,fay_herriot,forms_mnt:h_sd+alt_mean+essence+greco;log,2005-2024,IGN IFN brut (Etalab 2.0) ; FORMS-T (CC-BY 4.0) ; spec 054 lot 3
G42,14,43,54.751,77.898,direct,55.813,67.609,14.732,0.83168,fay_herriot,forms_mnt:h_sd+alt_mean+essence+greco;log,2005-2024,IGN IFN brut (Etalab 2.0) ; FORMS-T (CC-BY 4.0) ; spec 054 lot 3
G42,15P,7,15.909,94.996,gvf,26.564,69.491,31.381,0.25489,fay_herriot,forms_mnt:h_sd+alt_mean+essence+greco;log,2005-2024,IGN IFN brut (Etalab 2.0) ; FORMS-T (CC-BY 4.0) ; spec 054 lot 3
G42,15S,69,23.939,23.504,direct,26.323,21.678,17.688,0.75792,fay_herriot,forms_mnt:h_sd+alt_mean+essence+greco;log,2005-2024,IGN IFN brut (Etalab 2.0) ; FORMS-T (CC-BY 4.0) ; spec 054 lot 3
G42,16,3,16.55,56.372,gvf,15.664,19.801,28.408,0.3842,fay_herriot,forms_mnt:h_sd+alt_mean+essence+greco;log,2005-2024,IGN IFN brut (Etalab 2.0) ; FORMS-T (CC-BY 4.0) ; spec 054 lot 3
G42,17C,205,40.149,14.677,direct,40.903,14.243,9.2267,0.93378,fay_herriot,forms_mnt:h_sd+alt_mean+essence+greco;log,2005-2024,IGN IFN brut (Etalab 2.0) ; FORMS-T (CC-BY 4.0) ; spec 054 lot 3
G42,17O,1,8.8348,1539.4,gvf,48.213,315.81,36.859,0.0064683,fay_herriot,forms_mnt:h_sd+alt_mean+essence+greco;log,2005-2024,IGN IFN brut (Etalab 2.0) ; FORMS-T (CC-BY 4.0) ; spec 054 lot 3
G42,18C,2,13.009,108.3,gvf,14.184,21.979,33.054,0.16711,fay_herriot,forms_mnt:h_sd+alt_mean+essence+greco;log,2005-2024,IGN IFN brut (Etalab 2.0) ; FORMS-T (CC-BY 4.0) ; spec 054 lot 3
G42,18M,2,33.993,80.262,gvf,27.625,35.527,21.576,0.64895,fay_herriot,forms_mnt:h_sd+alt_mean+essence+greco;log,2005-2024,IGN IFN brut (Etalab 2.0) ; FORMS-T (CC-BY 4.0) ; spec 054 lot 3
G42,19,3,319.88,8271.5,gvf,250.1,3132.5,22.379,0.61366,fay_herriot,forms_mnt:h_sd+alt_mean+essence+greco;log,2005-2024,IGN IFN brut (Etalab 2.0) ; FORMS-T (CC-BY 4.0) ; spec 054 lot 3
G42,20G,12,24.147,32.658,direct,29.138,33.498,19.863,0.69628,fay_herriot,forms_mnt:h_sd+alt_mean+essence+greco;log,2005-2024,IGN IFN brut (Etalab 2.0) ; FORMS-T (CC-BY 4.0) ; spec 054 lot 3
G42,21C,4,15.32,126.98,gvf,20.886,46.038,32.487,0.19181,fay_herriot,forms_mnt:h_sd+alt_mean+essence+greco;log,2005-2024,IGN IFN brut (Etalab 2.0) ; FORMS-T (CC-BY 4.0) ; spec 054 lot 3
G42,21M,14,13.545,27.408,direct,14.688,15.372,26.693,0.46221,fay_herriot,forms_mnt:h_sd+alt_mean+essence+greco;log,2005-2024,IGN IFN brut (Etalab 2.0) ; FORMS-T (CC-BY 4.0) ; spec 054 lot 3
G42,21O,1,16.666,128.82,gvf,19.87,42.075,32.644,0.21682,fay_herriot,forms_mnt:h_sd+alt_mean+essence+greco;log,2005-2024,IGN IFN brut (Etalab 2.0) ; FORMS-T (CC-BY 4.0) ; spec 054 lot 3
G42,22C,3,5.8196,18.874,gvf,10.452,13.85,35.606,0.18726,fay_herriot,forms_mnt:h_sd+alt_mean+essence+greco;log,2005-2024,IGN IFN brut (Etalab 2.0) ; FORMS-T (CC-BY 4.0) ; spec 054 lot 3
G42,22M,121,21.847,6.2619,direct,21.973,5.7578,10.92,0.90729,fay_herriot,forms_mnt:h_sd+alt_mean+essence+greco;log,2005-2024,IGN IFN brut (Etalab 2.0) ; FORMS-T (CC-BY 4.0) ; spec 054 lot 3
G42,23AB,88,11.271,1.9811,direct,11.173,1.7438,11.819,0.89169,fay_herriot,forms_mnt:h_sd+alt_mean+essence+greco;log,2005-2024,IGN IFN brut (Etalab 2.0) ; FORMS-T (CC-BY 4.0) ; spec 054 lot 3
G42,23C,5,5.9538,9.1777,gvf,9.3689,7.8011,29.812,0.33152,fay_herriot,forms_mnt:h_sd+alt_mean+essence+greco;log,2005-2024,IGN IFN brut (Etalab 2.0) ; FORMS-T (CC-BY 4.0) ; spec 054 lot 3
G42,23PC,5,8.9812,10.959,gvf,8.7437,5.1445,25.94,0.48587,fay_herriot,forms_mnt:h_sd+alt_mean+essence+greco;log,2005-2024,IGN IFN brut (Etalab 2.0) ; FORMS-T (CC-BY 4.0) ; spec 054 lot 3
G42,23PD,4,4.6161,8.9816,gvf,10.763,12.236,32.501,0.2335,fay_herriot,forms_mnt:h_sd+alt_mean+essence+greco;log,2005-2024,IGN IFN brut (Etalab 2.0) ; FORMS-T (CC-BY 4.0) ; spec 054 lot 3
G42,23PM,10,14.903,35.054,direct,11.076,8.8363,26.839,0.44859,fay_herriot,forms_mnt:h_sd+alt_mean+essence+greco;log,2005-2024,IGN IFN brut (Etalab 2.0) ; FORMS-T (CC-BY 4.0) ; spec 054 lot 3
G42,23SO,40,6.4667,0.87912,direct,6.8682,0.85803,13.487,0.85931,fay_herriot,forms_mnt:h_sd+alt_mean+essence+greco;log,2005-2024,IGN IFN brut (Etalab 2.0) ; FORMS-T (CC-BY 4.0) ; spec 054 lot 3
G42,24,12,49.843,289.42,direct,49.13,148.9,24.837,0.52431,fay_herriot,forms_mnt:h_sd+alt_mean+essence+greco;log,2005-2024,IGN IFN brut (Etalab 2.0) ; FORMS-T (CC-BY 4.0) ; spec 054 lot 3
G42,25B,1,21.935,1265.7,gvf,56.213,403.08,35.715,0.046539,fay_herriot,forms_mnt:h_sd+alt_mean+essence+greco;log,2005-2024,IGN IFN brut (Etalab 2.0) ; FORMS-T (CC-BY 4.0) ; spec 054 lot 3
G42,25M,12,8.0997,3.0636,direct,9.8647,3.3521,18.56,0.73331,fay_herriot,forms_mnt:h_sd+alt_mean+essence+greco;log,2005-2024,IGN IFN brut (Etalab 2.0) ; FORMS-T (CC-BY 4.0) ; spec 054 lot 3
G42,27C,13,13.462,6.9725,direct,14.48,6.2579,17.276,0.76944,fay_herriot,forms_mnt:h_sd+alt_mean+essence+greco;log,2005-2024,IGN IFN brut (Etalab 2.0) ; FORMS-T (CC-BY 4.0) ; spec 054 lot 3
G42,29AF,1,0.72983,42.5,gvf,6.5644,6.1408,37.75,0.0016067,fay_herriot,forms_mnt:h_sd+alt_mean+essence+greco;log,2005-2024,IGN IFN brut (Etalab 2.0) ; FORMS-T (CC-BY 4.0) ; spec 054 lot 3
G42,31,25,8.5299,4.3927,direct,8.4827,2.9748,20.333,0.68019,fay_herriot,forms_mnt:h_sd+alt_mean+essence+greco;log,2005-2024,IGN IFN brut (Etalab 2.0) ; FORMS-T (CC-BY 4.0) ; spec 054 lot 3
G42,33B,3,45.667,9677,gvf,126.61,2501.6,39.504,0.026927,fay_herriot,forms_mnt:h_sd+alt_mean+essence+greco;log,2005-2024,IGN IFN brut (Etalab 2.0) ; FORMS-T (CC-BY 4.0) ; spec 054 lot 3
G42,33N,9,26.543,452.45,gvf,78.908,689.47,33.276,0.16663,fay_herriot,forms_mnt:h_sd+alt_mean+essence+greco;log,2005-2024,IGN IFN brut (Etalab 2.0) ; FORMS-T (CC-BY 4.0) ; spec 054 lot 3
G42,41,5,9.7407,14.541,gvf,9.7193,6.7021,26.636,0.45588,fay_herriot,forms_mnt:h_sd+alt_mean+essence+greco;log,2005-2024,IGN IFN brut (Etalab 2.0) ; FORMS-T (CC-BY 4.0) ; spec 054 lot 3
G42,49AM,31,3.4949,0.44981,direct,3.7944,0.4139,16.955,0.77712,fay_herriot,forms_mnt:h_sd+alt_mean+essence+greco;log,2005-2024,IGN IFN brut (Etalab 2.0) ; FORMS-T (CC-BY 4.0) ; spec 054 lot 3
G42,49BS,2,4.5062,10.009,gvf,4.3558,2.059,32.943,0.20667,fay_herriot,forms_mnt:h_sd+alt_mean+essence+greco;log,2005-2024,IGN IFN brut (Etalab 2.0) ; FORMS-T (CC-BY 4.0) ; spec 054 lot 3
G42,49IA,11,6.002,1.918,direct,5.9636,1.3506,19.487,0.70689,fay_herriot,forms_mnt:h_sd+alt_mean+essence+greco;log,2005-2024,IGN IFN brut (Etalab 2.0) ; FORMS-T (CC-BY 4.0) ; spec 054 lot 3
G42,49PM,5,4.7511,6.797,gvf,5.5402,2.938,30.939,0.29895,fay_herriot,forms_mnt:h_sd+alt_mean+essence+greco;log,2005-2024,IGN IFN brut (Etalab 2.0) ; FORMS-T (CC-BY 4.0) ; spec 054 lot 3
G42,49PS,5,3.7386,19.245,gvf,5.4597,3.6933,35.2,0.085302,fay_herriot,forms_mnt:h_sd+alt_mean+essence+greco;log,2005-2024,IGN IFN brut (Etalab 2.0) ; FORMS-T (CC-BY 4.0) ; spec 054 lot 3
G42,49SN,7,4.249,2.7789,gvf,4.4477,1.4102,26.7,0.45481,fay_herriot,forms_mnt:h_sd+alt_mean+essence+greco;log,2005-2024,IGN IFN brut (Etalab 2.0) ; FORMS-T (CC-BY 4.0) ; spec 054 lot 3
G42,49SR,1,0.97698,1.7592,gvf,12.661,19.833,35.175,0.065131,fay_herriot,forms_mnt:h_sd+alt_mean+essence+greco;log,2005-2024,IGN IFN brut (Etalab 2.0) ; FORMS-T (CC-BY 4.0) ; spec 054 lot 3
G42,51,31,119.68,460.3,direct,118.02,360.28,16.083,0.79983,fay_herriot,forms_mnt:h_sd+alt_mean+essence+greco;log,2005-2024,IGN IFN brut (Etalab 2.0) ; FORMS-T (CC-BY 4.0) ; spec 054 lot 3
G42,52,453,100.69,23.252,direct,100.29,22.671,4.7475,0.98245,fay_herriot,forms_mnt:h_sd+alt_mean+essence+greco;log,2005-2024,IGN IFN brut (Etalab 2.0) ; FORMS-T (CC-BY 4.0) ; spec 054 lot 3
G42,53CO,15,129.66,2244.3,direct,131.01,1139.4,25.764,0.49028,fay_herriot,forms_mnt:h_sd+alt_mean+essence+greco;log,2005-2024,IGN IFN brut (Etalab 2.0) ; FORMS-T (CC-BY 4.0) ; spec 054 lot 3
G42,54,2,29.371,12433,gvf,121.01,1934.4,36.345,0.0088304,fay_herriot,forms_mnt:h_sd+alt_mean+essence+greco;log,2005-2024,IGN IFN brut (Etalab 2.0) ; FORMS-T (CC-BY 4.0) ; spec 054 lot 3
G42,55,1,41.2,2240.3,gvf,72.58,702.69,36.523,0.088661,fay_herriot,forms_mnt:h_sd+alt_mean+essence+greco;log,2005-2024,IGN IFN brut (Etalab 2.0) ; FORMS-T (CC-BY 4.0) ; spec 054 lot 3
G42,58,1,8.8896,2777.8,gvf,75.619,804.66,37.513,0.0036397,fay_herriot,forms_mnt:h_sd+alt_mean+essence+greco;log,2005-2024,IGN IFN brut (Etalab 2.0) ; FORMS-T (CC-BY 4.0) ; spec 054 lot 3
G42,61,270,258.81,196.48,direct,254.4,185.73,5.3569,0.97767,fay_herriot,forms_mnt:h_sd+alt_mean+essence+greco;log,2005-2024,IGN IFN brut (Etalab 2.0) ; FORMS-T (CC-BY 4.0) ; spec 054 lot 3
G42,62,94,159.67,408.12,direct,155.59,345.63,11.949,0.88914,fay_herriot,forms_mnt:h_sd+alt_mean+essence+greco;log,2005-2024,IGN IFN brut (Etalab 2.0) ; FORMS-T (CC-BY 4.0) ; spec 054 lot 3
G42,63,2,35.303,3338.5,gvf,107.34,1484.7,35.897,0.045742,fay_herriot,forms_mnt:h_sd+alt_mean+essence+greco;log,2005-2024,IGN IFN brut (Etalab 2.0) ; FORMS-T (CC-BY 4.0) ; spec 054 lot 3
G42,64,212,225.68,327.44,direct,223.49,306.18,7.8295,0.95232,fay_herriot,forms_mnt:h_sd+alt_mean+essence+greco;log,2005-2024,IGN IFN brut (Etalab 2.0) ; FORMS-T (CC-BY 4.0) ; spec 054 lot 3
G42,65,16,57.607,319.38,direct,67.069,259.25,24.007,0.57159,fay_herriot,forms_mnt:h_sd+alt_mean+essence+greco;log,2005-2024,IGN IFN brut (Etalab 2.0) ; FORMS-T (CC-BY 4.0) ; spec 054 lot 3
G42,69JO,8,10.552,4.7504,gvf,9.1627,2.7544,18.113,0.75062,fay_herriot,forms_mnt:h_sd+alt_mean+essence+greco;log,2005-2024,IGN IFN brut (Etalab 2.0) ; FORMS-T (CC-BY 4.0) ; spec 054 lot 3
G42,70SE,1,15.296,80.914,gvf,48.639,230.34,31.204,0.27075,fay_herriot,forms_mnt:h_sd+alt_mean+essence+greco;log,2005-2024,IGN IFN brut (Etalab 2.0) ; FORMS-T (CC-BY 4.0) ; spec 054 lot 3
G42,71,1,132.42,1106.1,gvf,101.29,474.15,21.497,0.67055,fay_herriot,forms_mnt:h_sd+alt_mean+essence+greco;log,2005-2024,IGN IFN brut (Etalab 2.0) ; FORMS-T (CC-BY 4.0) ; spec 054 lot 3
G42,72V,10,179.09,4255.8,direct,151.5,1584.6,26.275,0.49178,fay_herriot,forms_mnt:h_sd+alt_mean+essence+greco;log,2005-2024,IGN IFN brut (Etalab 2.0) ; FORMS-T (CC-BY 4.0) ; spec 054 lot 3
G42,73,4,41.089,10915,gvf,188.67,4789.9,36.682,0.019474,fay_herriot,forms_mnt:h_sd+alt_mean+essence+greco;log,2005-2024,IGN IFN brut (Etalab 2.0) ; FORMS-T (CC-BY 4.0) ; spec 054 lot 3
G50,02,741,93.158,10.573,direct,92.958,10.43,3.4742,0.9906,fay_herriot,forms_mnt:h_sd+alt_mean+essence+greco;log,2005-2024,IGN IFN brut (Etalab 2.0) ; FORMS-T (CC-BY 4.0) ; spec 054 lot 3
G50,03,300,125.58,41.106,direct,124.77,39.785,5.0555,0.9801,fay_herriot,forms_mnt:h_sd+alt_mean+essence+greco;log,2005-2024,IGN IFN brut (Etalab 2.0) ; FORMS-T (CC-BY 4.0) ; spec 054 lot 3
G50,04,4,106.06,1849,gvf,83.481,513.59,27.147,0.43856,fay_herriot,forms_mnt:h_sd+alt_mean+essence+greco;log,2005-2024,IGN IFN brut (Etalab 2.0) ; FORMS-T (CC-BY 4.0) ; spec 054 lot 3
G50,05,334,74.414,13.069,direct,73.885,12.657,4.8151,0.98195,fay_herriot,forms_mnt:h_sd+alt_mean+essence+greco;log,2005-2024,IGN IFN brut (Etalab 2.0) ; FORMS-T (CC-BY 4.0) ; spec 054 lot 3
G50,07,3,54.221,649.6,gvf,44.122,167.19,29.305,0.36754,fay_herriot,forms_mnt:h_sd+alt_mean+essence+greco;log,2005-2024,IGN IFN brut (Etalab 2.0) ; FORMS-T (CC-BY 4.0) ; spec 054 lot 3
G50,09,408,93.82,26.5,direct,93.239,25.585,5.4249,0.97709,fay_herriot,forms_mnt:h_sd+alt_mean+essence+greco;log,2005-2024,IGN IFN brut (Etalab 2.0) ; FORMS-T (CC-BY 4.0) ; spec 054 lot 3
G50,10,773,90.239,9.0168,direct,89.97,8.8879,3.3136,0.99145,fay_herriot,forms_mnt:h_sd+alt_mean+essence+greco;log,2005-2024,IGN IFN brut (Etalab 2.0) ; FORMS-T (CC-BY 4.0) ; spec 054 lot 3
G50,11,77,37.248,49.199,direct,37.361,38.975,16.71,0.78359,fay_herriot,forms_mnt:h_sd+alt_mean+essence+greco;log,2005-2024,IGN IFN brut (Etalab 2.0) ; FORMS-T (CC-BY 4.0) ; spec 054 lot 3
G50,12P,3,58.445,563.87,gvf,50.287,187.78,27.25,0.43752,fay_herriot,forms_mnt:h_sd+alt_mean+essence+greco;log,2005-2024,IGN IFN brut (Etalab 2.0) ; FORMS-T (CC-BY 4.0) ; spec 054 lot 3
G50,12V,211,42.176,10.571,direct,41.509,9.7957,7.54,0.95576,fay_herriot,forms_mnt:h_sd+alt_mean+essence+greco;log,2005-2024,IGN IFN brut (Etalab 2.0) ; FORMS-T (CC-BY 4.0) ; spec 054 lot 3
G50,13C,1,21.632,3895.7,gvf,34.957,195.51,39.998,0.015189,fay_herriot,forms_mnt:h_sd+alt_mean+essence+greco;log,2005-2024,IGN IFN brut (Etalab 2.0) ; FORMS-T (CC-BY 4.0) ; spec 054 lot 3
G50,13G,47,40.772,33.983,direct,43.806,33.946,13.3,0.86266,fay_herriot,forms_mnt:h_sd+alt_mean+essence+greco;log,2005-2024,IGN IFN brut (Etalab 2.0) ; FORMS-T (CC-BY 4.0) ; spec 054 lot 3
G50,14,24,57.471,309,direct,57.352,179.86,23.384,0.5785,fay_herriot,forms_mnt:h_sd+alt_mean+essence+greco;log,2005-2024,IGN IFN brut (Etalab 2.0) ; FORMS-T (CC-BY 4.0) ; spec 054 lot 3
G50,15S,3,2.7855,505.68,gvf,32.858,141.86,36.248,0.0019663,fay_herriot,forms_mnt:h_sd+alt_mean+essence+greco;log,2005-2024,IGN IFN brut (Etalab 2.0) ; FORMS-T (CC-BY 4.0) ; spec 054 lot 3
G50,17C,296,43.268,11.5,direct,43.537,11.122,7.6601,0.95434,fay_herriot,forms_mnt:h_sd+alt_mean+essence+greco;log,2005-2024,IGN IFN brut (Etalab 2.0) ; FORMS-T (CC-BY 4.0) ; spec 054 lot 3
G50,18C,9,5.9948,24.067,gvf,11.809,15.351,33.179,0.16089,fay_herriot,forms_mnt:h_sd+alt_mean+essence+greco;log,2005-2024,IGN IFN brut (Etalab 2.0) ; FORMS-T (CC-BY 4.0) ; spec 054 lot 3
G50,18D,2,13.559,422.83,gvf,38.154,215.44,38.471,0.052875,fay_herriot,forms_mnt:h_sd+alt_mean+essence+greco;log,2005-2024,IGN IFN brut (Etalab 2.0) ; FORMS-T (CC-BY 4.0) ; spec 054 lot 3
G50,18M,3,7.9762,53.508,gvf,15.804,30.059,34.69,0.13245,fay_herriot,forms_mnt:h_sd+alt_mean+essence+greco;log,2005-2024,IGN IFN brut (Etalab 2.0) ; FORMS-T (CC-BY 4.0) ; spec 054 lot 3
G50,19,8,118.08,3101.8,gvf,141.83,1662.8,28.752,0.36596,fay_herriot,forms_mnt:h_sd+alt_mean+essence+greco;log,2005-2024,IGN IFN brut (Etalab 2.0) ; FORMS-T (CC-BY 4.0) ; spec 054 lot 3
G50,20G,12,72.798,603.84,direct,56.064,193.18,24.791,0.52984,fay_herriot,forms_mnt:h_sd+alt_mean+essence+greco;log,2005-2024,IGN IFN brut (Etalab 2.0) ; FORMS-T (CC-BY 4.0) ; spec 054 lot 3
G50,20P,13,40.781,119.94,direct,41.033,78.752,21.627,0.64034,fay_herriot,forms_mnt:h_sd+alt_mean+essence+greco;log,2005-2024,IGN IFN brut (Etalab 2.0) ; FORMS-T (CC-BY 4.0) ; spec 054 lot 3
G50,21C,46,12.406,4.3937,direct,13.646,4.367,15.314,0.81811,fay_herriot,forms_mnt:h_sd+alt_mean+essence+greco;log,2005-2024,IGN IFN brut (Etalab 2.0) ; FORMS-T (CC-BY 4.0) ; spec 054 lot 3
G50,21M,8,9.9681,27.197,gvf,12.97,15.287,30.146,0.31932,fay_herriot,forms_mnt:h_sd+alt_mean+essence+greco;log,2005-2024,IGN IFN brut (Etalab 2.0) ; FORMS-T (CC-BY 4.0) ; spec 054 lot 3
G50,22G,1,4.2095,186.54,gvf,11.422,18.361,37.514,0.012051,fay_herriot,forms_mnt:h_sd+alt_mean+essence+greco;log,2005-2024,IGN IFN brut (Etalab 2.0) ; FORMS-T (CC-BY 4.0) ; spec 054 lot 3
G50,22M,218,22.584,2.2003,direct,22.553,2.1244,6.4626,0.96749,fay_herriot,forms_mnt:h_sd+alt_mean+essence+greco;log,2005-2024,IGN IFN brut (Etalab 2.0) ; FORMS-T (CC-BY 4.0) ; spec 054 lot 3
G50,22S,1,4.4592,1027.4,gvf,29.992,150.34,40.883,0.002479,fay_herriot,forms_mnt:h_sd+alt_mean+essence+greco;log,2005-2024,IGN IFN brut (Etalab 2.0) ; FORMS-T (CC-BY 4.0) ; spec 054 lot 3
G50,23AB,27,4.4826,0.65648,direct,5.2417,0.72146,16.204,0.79717,fay_herriot,forms_mnt:h_sd+alt_mean+essence+greco;log,2005-2024,IGN IFN brut (Etalab 2.0) ; FORMS-T (CC-BY 4.0) ; spec 054 lot 3
G50,23C,3,3.2948,15.296,gvf,9.8897,12.059,35.113,0.08352,fay_herriot,forms_mnt:h_sd+alt_mean+essence+greco;log,2005-2024,IGN IFN brut (Etalab 2.0) ; FORMS-T (CC-BY 4.0) ; spec 054 lot 3
G50,23PC,6,9.4055,9.1328,gvf,8.7236,4.4281,24.122,0.55432,fay_herriot,forms_mnt:h_sd+alt_mean+essence+greco;log,2005-2024,IGN IFN brut (Etalab 2.0) ; FORMS-T (CC-BY 4.0) ; spec 054 lot 3
G50,23PD,1,3.1294,35.926,gvf,12.37,20.727,36.804,0.033818,fay_herriot,forms_mnt:h_sd+alt_mean+essence+greco;log,2005-2024,IGN IFN brut (Etalab 2.0) ; FORMS-T (CC-BY 4.0) ; spec 054 lot 3
G50,23PM,26,6.4631,1.0859,direct,6.7144,0.97998,14.744,0.83163,fay_herriot,forms_mnt:h_sd+alt_mean+essence+greco;log,2005-2024,IGN IFN brut (Etalab 2.0) ; FORMS-T (CC-BY 4.0) ; spec 054 lot 3
G50,23SO,6,3.2317,47.247,gvf,8.9813,10.54,36.147,0.0276,fay_herriot,forms_mnt:h_sd+alt_mean+essence+greco;log,2005-2024,IGN IFN brut (Etalab 2.0) ; FORMS-T (CC-BY 4.0) ; spec 054 lot 3
G50,24,59,51.501,43.102,direct,50.733,37.219,12.025,0.88766,fay_herriot,forms_mnt:h_sd+alt_mean+essence+greco;log,2005-2024,IGN IFN brut (Etalab 2.0) ; FORMS-T (CC-BY 4.0) ; spec 054 lot 3
G50,25B,2,37.941,632.86,gvf,50.462,261.73,32.06,0.22605,fay_herriot,forms_mnt:h_sd+alt_mean+essence+greco;log,2005-2024,IGN IFN brut (Etalab 2.0) ; FORMS-T (CC-BY 4.0) ; spec 054 lot 3
G50,25C,11,16.171,20.853,direct,16.51,13.662,22.387,0.61689,fay_herriot,forms_mnt:h_sd+alt_mean+essence+greco;log,2005-2024,IGN IFN brut (Etalab 2.0) ; FORMS-T (CC-BY 4.0) ; spec 054 lot 3
G50,25FR,1,2.6919,3735.6,gvf,57.897,487.82,38.148,0.00024902,fay_herriot,forms_mnt:h_sd+alt_mean+essence+greco;log,2005-2024,IGN IFN brut (Etalab 2.0) ; FORMS-T (CC-BY 4.0) ; spec 054 lot 3
G50,25M,55,15.111,3.9959,direct,15.193,3.5645,12.427,0.88006,fay_herriot,forms_mnt:h_sd+alt_mean+essence+greco;log,2005-2024,IGN IFN brut (Etalab 2.0) ; FORMS-T (CC-BY 4.0) ; spec 054 lot 3
G50,27C,13,15.31,4.5199,direct,15.546,4.0705,12.978,0.86943,fay_herriot,forms_mnt:h_sd+alt_mean+essence+greco;log,2005-2024,IGN IFN brut (Etalab 2.0) ; FORMS-T (CC-BY 4.0) ; spec 054 lot 3
G50,27N,1,109.76,802.58,gvf,76.517,282.39,21.962,0.6584,fay_herriot,forms_mnt:h_sd+alt_mean+essence+greco;log,2005-2024,IGN IFN brut (Etalab 2.0) ; FORMS-T (CC-BY 4.0) ; spec 054 lot 3
G50,31,123,9.3472,1.1366,direct,9.1942,1.0005,10.879,0.908,fay_herriot,forms_mnt:h_sd+alt_mean+essence+greco;log,2005-2024,IGN IFN brut (Etalab 2.0) ; FORMS-T (CC-BY 4.0) ; spec 054 lot 3
G50,33B,1,11.86,29031,gvf,121.18,2366,40.139,0.00062177,fay_herriot,forms_mnt:h_sd+alt_mean+essence+greco;log,2005-2024,IGN IFN brut (Etalab 2.0) ; FORMS-T (CC-BY 4.0) ; spec 054 lot 3
G50,33N,14,93.217,478.5,direct,92.676,335.25,19.757,0.69986,fay_herriot,forms_mnt:h_sd+alt_mean+essence+greco;log,2005-2024,IGN IFN brut (Etalab 2.0) ; FORMS-T (CC-BY 4.0) ; spec 054 lot 3
G50,39,2,3.9091,3.2045,gvf,3.403,1.0024,29.422,0.37976,fay_herriot,forms_mnt:h_sd+alt_mean+essence+greco;log,2005-2024,IGN IFN brut (Etalab 2.0) ; FORMS-T (CC-BY 4.0) ; spec 054 lot 3
G50,41,82,7.5053,0.75552,direct,7.6386,0.71054,11.035,0.90542,fay_herriot,forms_mnt:h_sd+alt_mean+essence+greco;log,2005-2024,IGN IFN brut (Etalab 2.0) ; FORMS-T (CC-BY 4.0) ; spec 054 lot 3
G50,49AA,1,1.1514,5.7211,gvf,13.119,22.143,35.87,0.028892,fay_herriot,forms_mnt:h_sd+alt_mean+essence+greco;log,2005-2024,IGN IFN brut (Etalab 2.0) ; FORMS-T (CC-BY 4.0) ; spec 054 lot 3
G50,49AM,72,3.9266,0.26935,direct,4.0131,0.24826,12.416,0.88024,fay_herriot,forms_mnt:h_sd+alt_mean+essence+greco;log,2005-2024,IGN IFN brut (Etalab 2.0) ; FORMS-T (CC-BY 4.0) ; spec 054 lot 3
G50,49BO,2,10.887,5.9742,gvf,6.9451,1.7756,19.187,0.71812,fay_herriot,forms_mnt:h_sd+alt_mean+essence+greco;log,2005-2024,IGN IFN brut (Etalab 2.0) ; FORMS-T (CC-BY 4.0) ; spec 054 lot 3
G50,49BS,4,1.6777,5.0044,gvf,3.7931,1.8541,35.898,0.067352,fay_herriot,forms_mnt:h_sd+alt_mean+essence+greco;log,2005-2024,IGN IFN brut (Etalab 2.0) ; FORMS-T (CC-BY 4.0) ; spec 054 lot 3
G50,49C,2,1.616,4.645e-05,gvf,1.6165,4.6472e-05,0.42171,0.99986,fay_herriot,forms_mnt:h_sd+alt_mean+essence+greco;log,2005-2024,IGN IFN brut (Etalab 2.0) ; FORMS-T (CC-BY 4.0) ; spec 054 lot 3
G50,49EV,2,1.3765,3.076,gvf,2.5829,0.84272,35.541,0.073297,fay_herriot,forms_mnt:h_sd+alt_mean+essence+greco;log,2005-2024,IGN IFN brut (Etalab 2.0) ; FORMS-T (CC-BY 4.0) ; spec 054 lot 3
G50,49FL,1,3.513,26.404,gvf,5.1892,3.6462,36.798,0.056616,fay_herriot,forms_mnt:h_sd+alt_mean+essence+greco;log,2005-2024,IGN IFN brut (Etalab 2.0) ; FORMS-T (CC-BY 4.0) ; spec 054 lot 3
G50,49IA,178,5.9406,0.40996,direct,5.9002,0.37182,10.335,0.91704,fay_herriot,forms_mnt:h_sd+alt_mean+essence+greco;log,2005-2024,IGN IFN brut (Etalab 2.0) ; FORMS-T (CC-BY 4.0) ; spec 054 lot 3
G50,49PS,3,3.1165,32.074,gvf,5.1679,3.4912,36.156,0.037428,fay_herriot,forms_mnt:h_sd+alt_mean+essence+greco;log,2005-2024,IGN IFN brut (Etalab 2.0) ; FORMS-T (CC-BY 4.0) ; spec 054 lot 3
G50,49SN,12,2.9063,0.56626,direct,3.3258,0.49288,21.109,0.65698,fay_herriot,forms_mnt:h_sd+alt_mean+essence+greco;log,2005-2024,IGN IFN brut (Etalab 2.0) ; FORMS-T (CC-BY 4.0) ; spec 054 lot 3
G50,49SR,1,1.3541,1.7592,gvf,10.696,13.332,34.138,0.11803,fay_herriot,forms_mnt:h_sd+alt_mean+essence+greco;log,2005-2024,IGN IFN brut (Etalab 2.0) ; FORMS-T (CC-BY 4.0) ; spec 054 lot 3
G50,51,6,30.912,2215.9,gvf,97.572,1191.2,35.373,0.052466,fay_herriot,forms_mnt:h_sd+alt_mean+essence+greco;log,2005-2024,IGN IFN brut (Etalab 2.0) ; FORMS-T (CC-BY 4.0) ; spec 054 lot 3
G50,52,103,86.718,89.985,direct,85.629,80.398,10.471,0.91475,fay_herriot,forms_mnt:h_sd+alt_mean+essence+greco;log,2005-2024,IGN IFN brut (Etalab 2.0) ; FORMS-T (CC-BY 4.0) ; spec 054 lot 3
G50,53CO,29,179.98,1142.8,direct,165.89,766.31,16.687,0.78447,fay_herriot,forms_mnt:h_sd+alt_mean+essence+greco;log,2005-2024,IGN IFN brut (Etalab 2.0) ; FORMS-T (CC-BY 4.0) ; spec 054 lot 3
G50,53S,1,76.534,7196,gvf,121.85,2305.4,39.406,0.094628,fay_herriot,forms_mnt:h_sd+alt_mean+essence+greco;log,2005-2024,IGN IFN brut (Etalab 2.0) ; FORMS-T (CC-BY 4.0) ; spec 054 lot 3
G50,54,9,222.33,2762.9,gvf,181.66,1300.5,19.852,0.69672,fay_herriot,forms_mnt:h_sd+alt_mean+essence+greco;log,2005-2024,IGN IFN brut (Etalab 2.0) ; FORMS-T (CC-BY 4.0) ; spec 054 lot 3
G50,56,1,206.14,8074.2,gvf,117.89,1131.3,28.532,0.40325,fay_herriot,forms_mnt:h_sd+alt_mean+essence+greco;log,2005-2024,IGN IFN brut (Etalab 2.0) ; FORMS-T (CC-BY 4.0) ; spec 054 lot 3
G50,61,21,98.713,716.88,direct,103.3,504.27,21.739,0.63574,fay_herriot,forms_mnt:h_sd+alt_mean+essence+greco;log,2005-2024,IGN IFN brut (Etalab 2.0) ; FORMS-T (CC-BY 4.0) ; spec 054 lot 3
G50,62,36,91.332,351.46,direct,97.267,302.16,17.871,0.75293,fay_herriot,forms_mnt:h_sd+alt_mean+essence+greco;log,2005-2024,IGN IFN brut (Etalab 2.0) ; FORMS-T (CC-BY 4.0) ; spec 054 lot 3
G50,63,1,148.58,6677.1,gvf,116.83,1277.9,30.598,0.298,fay_herriot,forms_mnt:h_sd+alt_mean+essence+greco;log,2005-2024,IGN IFN brut (Etalab 2.0) ; FORMS-T (CC-BY 4.0) ; spec 054 lot 3
G50,64,163,216.62,292.1,direct,214.29,272.96,7.7099,0.95376,fay_herriot,forms_mnt:h_sd+alt_mean+essence+greco;log,2005-2024,IGN IFN brut (Etalab 2.0) ; FORMS-T (CC-BY 4.0) ; spec 054 lot 3
G50,65,6,54.747,4996.8,gvf,74.745,733.93,36.245,0.071512,fay_herriot,forms_mnt:h_sd+alt_mean+essence+greco;log,2005-2024,IGN IFN brut (Etalab 2.0) ; FORMS-T (CC-BY 4.0) ; spec 054 lot 3
G50,69JC,13,1.8661,0.10912,direct,2.1047,0.11276,15.955,0.80383,fay_herriot,forms_mnt:h_sd+alt_mean+essence+greco;log,2005-2024,IGN IFN brut (Etalab 2.0) ; FORMS-T (CC-BY 4.0) ; spec 054 lot 3
G50,71,1,22.231,1106.1,gvf,52.101,416.66,39.178,0.05426,fay_herriot,forms_mnt:h_sd+alt_mean+essence+greco;log,2005-2024,IGN IFN brut (Etalab 2.0) ; FORMS-T (CC-BY 4.0) ; spec 054 lot 3
G50,72V,4,117.67,3998.9,gvf,119.33,1365.7,30.969,0.30776,fay_herriot,forms_mnt:h_sd+alt_mean+essence+greco;log,2005-2024,IGN IFN brut (Etalab 2.0) ; FORMS-T (CC-BY 4.0) ; spec 054 lot 3
G50,73,4,176.04,10915,gvf,179.82,3201.2,31.464,0.26717,fay_herriot,forms_mnt:h_sd+alt_mean+essence+greco;log,2005-2024,IGN IFN brut (Etalab 2.0) ; FORMS-T (CC-BY 4.0) ; spec 054 lot 3
G50,74J,4,281.69,5675.7,gvf,233.5,2603.6,21.852,0.64224,fay_herriot,forms_mnt:h_sd+alt_mean+essence+greco;log,2005-2024,IGN IFN brut (Etalab 2.0) ; FORMS-T (CC-BY 4.0) ; spec 054 lot 3
G50,76,1,8.5595,3498.5,gvf,69.25,647.23,36.738,0.0026818,fay_herriot,forms_mnt:h_sd+alt_mean+essence+greco;log,2005-2024,IGN IFN brut (Etalab 2.0) ; FORMS-T (CC-BY 4.0) ; spec 054 lot 3
G60,02,7,60.214,1112.1,gvf,62.526,359.35,30.318,0.2951,fay_herriot,forms_mnt:h_sd+alt_mean+essence+greco;log,2005-2024,IGN IFN brut (Etalab 2.0) ; FORMS-T (CC-BY 4.0) ; spec 054 lot 3
G60,03,26,97.005,608.49,direct,90.063,351.38,20.813,0.66507,fay_herriot,forms_mnt:h_sd+alt_mean+essence+greco;log,2005-2024,IGN IFN brut (Etalab 2.0) ; FORMS-T (CC-BY 4.0) ; spec 054 lot 3
G60,05,382,41.803,5.219,direct,41.828,5.1097,5.4041,0.97727,fay_herriot,forms_mnt:h_sd+alt_mean+essence+greco;log,2005-2024,IGN IFN brut (Etalab 2.0) ; FORMS-T (CC-BY 4.0) ; spec 054 lot 3
G60,06,14,25.377,48.641,direct,26.217,33.332,22.022,0.62963,fay_herriot,forms_mnt:h_sd+alt_mean+essence+greco;log,2005-2024,IGN IFN brut (Etalab 2.0) ; FORMS-T (CC-BY 4.0) ; spec 054 lot 3
G60,09,56,68.631,124.09,direct,67.32,99.447,14.813,0.82976,fay_herriot,forms_mnt:h_sd+alt_mean+essence+greco;log,2005-2024,IGN IFN brut (Etalab 2.0) ; FORMS-T (CC-BY 4.0) ; spec 054 lot 3
G60,10,24,72.715,269.42,direct,66.99,164.76,19.161,0.71591,fay_herriot,forms_mnt:h_sd+alt_mean+essence+greco;log,2005-2024,IGN IFN brut (Etalab 2.0) ; FORMS-T (CC-BY 4.0) ; spec 054 lot 3
G60,12V,4,14.295,385.06,gvf,24.31,72.532,35.033,0.063795,fay_herriot,forms_mnt:h_sd+alt_mean+essence+greco;log,2005-2024,IGN IFN brut (Etalab 2.0) ; FORMS-T (CC-BY 4.0) ; spec 054 lot 3
G60,13G,1,357.39,10074,gvf,179.97,1597.9,22.211,0.61949,fay_herriot,forms_mnt:h_sd+alt_mean+essence+greco;log,2005-2024,IGN IFN brut (Etalab 2.0) ; FORMS-T (CC-BY 4.0) ; spec 054 lot 3
G60,14,2,18.512,1993.5,gvf,47.977,296.72,35.904,0.021596,fay_herriot,forms_mnt:h_sd+alt_mean+essence+greco;log,2005-2024,IGN IFN brut (Etalab 2.0) ; FORMS-T (CC-BY 4.0) ; spec 054 lot 3
G60,15S,2,6.4053,758.52,gvf,28,102.84,36.219,0.0068973,fay_herriot,forms_mnt:h_sd+alt_mean+essence+greco;log,2005-2024,IGN IFN brut (Etalab 2.0) ; FORMS-T (CC-BY 4.0) ; spec 054 lot 3
G60,17C,50,25.82,20.835,direct,28.46,20.446,15.888,0.80425,fay_herriot,forms_mnt:h_sd+alt_mean+essence+greco;log,2005-2024,IGN IFN brut (Etalab 2.0) ; FORMS-T (CC-BY 4.0) ; spec 054 lot 3
G60,17F,2,50.462,218.49,gvf,31.543,55.25,23.565,0.59944,fay_herriot,forms_mnt:h_sd+alt_mean+essence+greco;log,2005-2024,IGN IFN brut (Etalab 2.0) ; FORMS-T (CC-BY 4.0) ; spec 054 lot 3
G60,17O,3,4.134,513.14,gvf,38.549,202.8,36.942,0.0042582,fay_herriot,forms_mnt:h_sd+alt_mean+essence+greco;log,2005-2024,IGN IFN brut (Etalab 2.0) ; FORMS-T (CC-BY 4.0) ; spec 054 lot 3
G60,18C,9,11.748,24.067,gvf,11.617,10.151,27.425,0.42408,fay_herriot,forms_mnt:h_sd+alt_mean+essence+greco;log,2005-2024,IGN IFN brut (Etalab 2.0) ; FORMS-T (CC-BY 4.0) ; spec 054 lot 3
G60,20G,2,31.609,1360.8,gvf,35.404,152.52,34.883,0.086155,fay_herriot,forms_mnt:h_sd+alt_mean+essence+greco;log,2005-2024,IGN IFN brut (Etalab 2.0) ; FORMS-T (CC-BY 4.0) ; spec 054 lot 3
G60,20P,4,24.768,344.77,gvf,33.233,119.03,32.828,0.18598,fay_herriot,forms_mnt:h_sd+alt_mean+essence+greco;log,2005-2024,IGN IFN brut (Etalab 2.0) ; FORMS-T (CC-BY 4.0) ; spec 054 lot 3
G60,21C,32,13.458,14.986,direct,15.065,11.533,22.542,0.60812,fay_herriot,forms_mnt:h_sd+alt_mean+essence+greco;log,2005-2024,IGN IFN brut (Etalab 2.0) ; FORMS-T (CC-BY 4.0) ; spec 054 lot 3
G60,21M,36,7.9911,1.7415,direct,8.6513,1.7017,15.079,0.82482,fay_herriot,forms_mnt:h_sd+alt_mean+essence+greco;log,2005-2024,IGN IFN brut (Etalab 2.0) ; FORMS-T (CC-BY 4.0) ; spec 054 lot 3
G60,21O,10,13.279,15.49,direct,14.559,11.413,23.205,0.59376,fay_herriot,forms_mnt:h_sd+alt_mean+essence+greco;log,2005-2024,IGN IFN brut (Etalab 2.0) ; FORMS-T (CC-BY 4.0) ; spec 054 lot 3
G60,22M,17,11.676,9.6364,direct,13.765,8.7056,21.436,0.64497,fay_herriot,forms_mnt:h_sd+alt_mean+essence+greco;log,2005-2024,IGN IFN brut (Etalab 2.0) ; FORMS-T (CC-BY 4.0) ; spec 054 lot 3
G60,23AB,51,6.4777,1.8595,direct,6.9042,1.5877,18.25,0.74342,fay_herriot,forms_mnt:h_sd+alt_mean+essence+greco;log,2005-2024,IGN IFN brut (Etalab 2.0) ; FORMS-T (CC-BY 4.0) ; spec 054 lot 3
G60,23C,2,5.7548,22.944,gvf,8.6789,8.5345,33.661,0.15636,fay_herriot,forms_mnt:h_sd+alt_mean+essence+greco;log,2005-2024,IGN IFN brut (Etalab 2.0) ; FORMS-T (CC-BY 4.0) ; spec 054 lot 3
G60,23PC,4,3.1293,13.699,gvf,6.3756,4.9544,34.912,0.084071,fay_herriot,forms_mnt:h_sd+alt_mean+essence+greco;log,2005-2024,IGN IFN brut (Etalab 2.0) ; FORMS-T (CC-BY 4.0) ; spec 054 lot 3
G60,23PM,5,6.5834,17.419,gvf,6.8559,4.692,31.595,0.24213,fay_herriot,forms_mnt:h_sd+alt_mean+essence+greco;log,2005-2024,IGN IFN brut (Etalab 2.0) ; FORMS-T (CC-BY 4.0) ; spec 054 lot 3
G60,23SO,1,9.4636,283.48,gvf,7.9762,8.2319,35.971,0.038984,fay_herriot,forms_mnt:h_sd+alt_mean+essence+greco;log,2005-2024,IGN IFN brut (Etalab 2.0) ; FORMS-T (CC-BY 4.0) ; spec 054 lot 3
G60,24,3,129.64,1432.9,gvf,79.946,330.67,22.746,0.60096,fay_herriot,forms_mnt:h_sd+alt_mean+essence+greco;log,2005-2024,IGN IFN brut (Etalab 2.0) ; FORMS-T (CC-BY 4.0) ; spec 054 lot 3
G60,25M,3,22.249,141.91,gvf,15.791,22.489,30.032,0.30936,fay_herriot,forms_mnt:h_sd+alt_mean+essence+greco;log,2005-2024,IGN IFN brut (Etalab 2.0) ; FORMS-T (CC-BY 4.0) ; spec 054 lot 3
G60,27C,2,24.909,60.607,gvf,19.859,22.24,23.747,0.56794,fay_herriot,forms_mnt:h_sd+alt_mean+essence+greco;log,2005-2024,IGN IFN brut (Etalab 2.0) ; FORMS-T (CC-BY 4.0) ; spec 054 lot 3
G60,31,8,5.1065,27.696,gvf,6.5003,4.9403,34.193,0.10785,fay_herriot,forms_mnt:h_sd+alt_mean+essence+greco;log,2005-2024,IGN IFN brut (Etalab 2.0) ; FORMS-T (CC-BY 4.0) ; spec 054 lot 3
G60,33N,10,30.346,15.453,direct,33.861,17.106,12.214,0.88442,fay_herriot,forms_mnt:h_sd+alt_mean+essence+greco;log,2005-2024,IGN IFN brut (Etalab 2.0) ; FORMS-T (CC-BY 4.0) ; spec 054 lot 3
G60,38AU,2,2.8014,18.742,gvf,4.7486,3.0609,36.843,0.051022,fay_herriot,forms_mnt:h_sd+alt_mean+essence+greco;log,2005-2024,IGN IFN brut (Etalab 2.0) ; FORMS-T (CC-BY 4.0) ; spec 054 lot 3
G60,40,1,2.1278,732.15,gvf,9.9512,13.929,37.504,0.00079342,fay_herriot,forms_mnt:h_sd+alt_mean+essence+greco;log,2005-2024,IGN IFN brut (Etalab 2.0) ; FORMS-T (CC-BY 4.0) ; spec 054 lot 3
G60,41,9,3.1795,8.0784,gvf,6.847,5.3241,33.7,0.13844,fay_herriot,forms_mnt:h_sd+alt_mean+essence+greco;log,2005-2024,IGN IFN brut (Etalab 2.0) ; FORMS-T (CC-BY 4.0) ; spec 054 lot 3
G60,49AM,23,3.7775,1.8113,direct,3.9033,0.98363,25.409,0.50288,fay_herriot,forms_mnt:h_sd+alt_mean+essence+greco;log,2005-2024,IGN IFN brut (Etalab 2.0) ; FORMS-T (CC-BY 4.0) ; spec 054 lot 3
G60,49BO,1,2.4123,11.948,gvf,1.9201,0.47164,35.767,0.058857,fay_herriot,forms_mnt:h_sd+alt_mean+essence+greco;log,2005-2024,IGN IFN brut (Etalab 2.0) ; FORMS-T (CC-BY 4.0) ; spec 054 lot 3
G60,49BS,13,3.4038,1.7375,direct,3.4269,0.84964,26.897,0.46127,fay_herriot,forms_mnt:h_sd+alt_mean+essence+greco;log,2005-2024,IGN IFN brut (Etalab 2.0) ; FORMS-T (CC-BY 4.0) ; spec 054 lot 3
G60,49FL,5,5.676,5.2809,gvf,5.0148,1.9408,27.78,0.43926,fay_herriot,forms_mnt:h_sd+alt_mean+essence+greco;log,2005-2024,IGN IFN brut (Etalab 2.0) ; FORMS-T (CC-BY 4.0) ; spec 054 lot 3
G60,49IA,1,1.2416,106.88,gvf,4.6766,2.8941,36.377,0.0018485,fay_herriot,forms_mnt:h_sd+alt_mean+essence+greco;log,2005-2024,IGN IFN brut (Etalab 2.0) ; FORMS-T (CC-BY 4.0) ; spec 054 lot 3
G60,49RC,1,1.1425,84.119,gvf,7.0213,7.5595,39.159,0.0019885,fay_herriot,forms_mnt:h_sd+alt_mean+essence+greco;log,2005-2024,IGN IFN brut (Etalab 2.0) ; FORMS-T (CC-BY 4.0) ; spec 054 lot 3
G60,49SN,1,23.179,19.452,gvf,15.472,6.8162,16.875,0.78005,fay_herriot,forms_mnt:h_sd+alt_mean+essence+greco;log,2005-2024,IGN IFN brut (Etalab 2.0) ; FORMS-T (CC-BY 4.0) ; spec 054 lot 3
G60,52,331,75.197,17.546,direct,74.913,17.012,5.5058,0.9764,fay_herriot,forms_mnt:h_sd+alt_mean+essence+greco;log,2005-2024,IGN IFN brut (Etalab 2.0) ; FORMS-T (CC-BY 4.0) ; spec 054 lot 3
G60,53CO,11,111.05,400.35,direct,109.94,315.17,16.148,0.79819,fay_herriot,forms_mnt:h_sd+alt_mean+essence+greco;log,2005-2024,IGN IFN brut (Etalab 2.0) ; FORMS-T (CC-BY 4.0) ; spec 054 lot 3
G60,53S,1,344.48,7196,gvf,238.56,2623.8,21.471,0.67922,fay_herriot,forms_mnt:h_sd+alt_mean+essence+greco;log,2005-2024,IGN IFN brut (Etalab 2.0) ; FORMS-T (CC-BY 4.0) ; spec 054 lot 3
G60,54,159,134.05,124.96,direct,131.9,115.02,8.1308,0.94863,fay_herriot,forms_mnt:h_sd+alt_mean+essence+greco;log,2005-2024,IGN IFN brut (Etalab 2.0) ; FORMS-T (CC-BY 4.0) ; spec 054 lot 3
G60,57A,1,2.3676,3381,gvf,60.993,549.78,38.443,0.00021283,fay_herriot,forms_mnt:h_sd+alt_mean+essence+greco;log,2005-2024,IGN IFN brut (Etalab 2.0) ; FORMS-T (CC-BY 4.0) ; spec 054 lot 3
G60,58,2,221.95,1388.9,gvf,175.82,727.9,15.345,0.81996,fay_herriot,forms_mnt:h_sd+alt_mean+essence+greco;log,2005-2024,IGN IFN brut (Etalab 2.0) ; FORMS-T (CC-BY 4.0) ; spec 054 lot 3
G60,61,12,39.03,215.3,direct,62.476,266.92,26.15,0.47603,fay_herriot,forms_mnt:h_sd+alt_mean+essence+greco;log,2005-2024,IGN IFN brut (Etalab 2.0) ; FORMS-T (CC-BY 4.0) ; spec 054 lot 3
G60,62,5,82.699,7425.8,gvf,98.85,1151.2,34.324,0.10575,fay_herriot,forms_mnt:h_sd+alt_mean+essence+greco;log,2005-2024,IGN IFN brut (Etalab 2.0) ; FORMS-T (CC-BY 4.0) ; spec 054 lot 3
G60,63,3,57.907,2225.7,gvf,84.093,797.51,33.582,0.16209,fay_herriot,forms_mnt:h_sd+alt_mean+essence+greco;log,2005-2024,IGN IFN brut (Etalab 2.0) ; FORMS-T (CC-BY 4.0) ; spec 054 lot 3
G60,64,7,151.21,7774.6,gvf,148.01,2084,30.844,0.2741,fay_herriot,forms_mnt:h_sd+alt_mean+essence+greco;log,2005-2024,IGN IFN brut (Etalab 2.0) ; FORMS-T (CC-BY 4.0) ; spec 054 lot 3
G60,65,7,19.102,4282.9,gvf,64.721,590.71,37.553,0.010821,fay_herriot,forms_mnt:h_sd+alt_mean+essence+greco;log,2005-2024,IGN IFN brut (Etalab 2.0) ; FORMS-T (CC-BY 4.0) ; spec 054 lot 3
G60,69,1,3.0063,10.951,gvf,44.809,245.03,34.934,0.095819,fay_herriot,forms_mnt:h_sd+alt_mean+essence+greco;log,2005-2024,IGN IFN brut (Etalab 2.0) ; FORMS-T (CC-BY 4.0) ; spec 054 lot 3
G60,69JC,36,2.4945,0.47012,direct,2.6551,0.34227,22.035,0.62957,fay_herriot,forms_mnt:h_sd+alt_mean+essence+greco;log,2005-2024,IGN IFN brut (Etalab 2.0) ; FORMS-T (CC-BY 4.0) ; spec 054 lot 3
G60,69JO,5,1.487,7.6006,gvf,4.5851,2.8485,36.809,0.036011,fay_herriot,forms_mnt:h_sd+alt_mean+essence+greco;log,2005-2024,IGN IFN brut (Etalab 2.0) ; FORMS-T (CC-BY 4.0) ; spec 054 lot 3
G60,71,1,47.846,1106.1,gvf,47.075,274.89,35.22,0.20995,fay_herriot,forms_mnt:h_sd+alt_mean+essence+greco;log,2005-2024,IGN IFN brut (Etalab 2.0) ; FORMS-T (CC-BY 4.0) ; spec 054 lot 3
G70,02,2,16.044,3892.3,gvf,66.578,575.29,36.026,0.00842,fay_herriot,forms_mnt:h_sd+alt_mean+essence+greco;log,2005-2024,IGN IFN brut (Etalab 2.0) ; FORMS-T (CC-BY 4.0) ; spec 054 lot 3
G70,03,66,56.081,70.061,direct,59.369,67.11,13.799,0.85216,fay_herriot,forms_mnt:h_sd+alt_mean+essence+greco;log,2005-2024,IGN IFN brut (Etalab 2.0) ; FORMS-T (CC-BY 4.0) ; spec 054 lot 3
G70,04,1,12.959,7396,gvf,62.648,522.73,36.495,0.002907,fay_herriot,forms_mnt:h_sd+alt_mean+essence+greco;log,2005-2024,IGN IFN brut (Etalab 2.0) ; FORMS-T (CC-BY 4.0) ; spec 054 lot 3
G70,05,162,41.215,13.804,direct,41.461,13.158,8.7489,0.94048,fay_herriot,forms_mnt:h_sd+alt_mean+essence+greco;log,2005-2024,IGN IFN brut (Etalab 2.0) ; FORMS-T (CC-BY 4.0) ; spec 054 lot 3
G70,06,294,34.84,4.9355,direct,34.659,4.742,6.283,0.96931,fay_herriot,forms_mnt:h_sd+alt_mean+essence+greco;log,2005-2024,IGN IFN brut (Etalab 2.0) ; FORMS-T (CC-BY 4.0) ; spec 054 lot 3
G70,09,201,122.17,67.64,direct,119.57,62.629,6.6185,0.96591,fay_herriot,forms_mnt:h_sd+alt_mean+essence+greco;log,2005-2024,IGN IFN brut (Etalab 2.0) ; FORMS-T (CC-BY 4.0) ; spec 054 lot 3
G70,10,504,86.991,14.337,direct,86.475,13.966,4.3216,0.98546,fay_herriot,forms_mnt:h_sd+alt_mean+essence+greco;log,2005-2024,IGN IFN brut (Etalab 2.0) ; FORMS-T (CC-BY 4.0) ; spec 054 lot 3
G70,12V,43,25.203,9.2224,direct,25.355,8.4049,11.434,0.89841,fay_herriot,forms_mnt:h_sd+alt_mean+essence+greco;log,2005-2024,IGN IFN brut (Etalab 2.0) ; FORMS-T (CC-BY 4.0) ; spec 054 lot 3
G70,13G,14,22.727,29.765,direct,31.089,38.73,20.018,0.69023,fay_herriot,forms_mnt:h_sd+alt_mean+essence+greco;log,2005-2024,IGN IFN brut (Etalab 2.0) ; FORMS-T (CC-BY 4.0) ; spec 054 lot 3
G70,14,24,45.025,161.79,direct,47.573,112.51,22.296,0.61669,fay_herriot,forms_mnt:h_sd+alt_mean+essence+greco;log,2005-2024,IGN IFN brut (Etalab 2.0) ; FORMS-T (CC-BY 4.0) ; spec 054 lot 3
G70,15P,1,5.3032,664.97,gvf,26.579,93.841,36.447,0.0054012,fay_herriot,forms_mnt:h_sd+alt_mean+essence+greco;log,2005-2024,IGN IFN brut (Etalab 2.0) ; FORMS-T (CC-BY 4.0) ; spec 054 lot 3
G70,15S,5,19.82,303.41,gvf,28.287,90.16,33.567,0.14255,fay_herriot,forms_mnt:h_sd+alt_mean+essence+greco;log,2005-2024,IGN IFN brut (Etalab 2.0) ; FORMS-T (CC-BY 4.0) ; spec 054 lot 3
G70,17C,58,32.388,29.322,direct,34.355,27.191,15.178,0.82123,fay_herriot,forms_mnt:h_sd+alt_mean+essence+greco;log,2005-2024,IGN IFN brut (Etalab 2.0) ; FORMS-T (CC-BY 4.0) ; spec 054 lot 3
G70,17F,1,8.9699,436.98,gvf,16.333,39.865,38.657,0.023097,fay_herriot,forms_mnt:h_sd+alt_mean+essence+greco;log,2005-2024,IGN IFN brut (Etalab 2.0) ; FORMS-T (CC-BY 4.0) ; spec 054 lot 3
G70,17O,7,42.4,219.92,gvf,41.854,113.34,25.436,0.51212,fay_herriot,forms_mnt:h_sd+alt_mean+essence+greco;log,2005-2024,IGN IFN brut (Etalab 2.0) ; FORMS-T (CC-BY 4.0) ; spec 054 lot 3
G70,18C,2,2.0991,108.3,gvf,12.112,19.241,36.216,0.0051966,fay_herriot,forms_mnt:h_sd+alt_mean+essence+greco;log,2005-2024,IGN IFN brut (Etalab 2.0) ; FORMS-T (CC-BY 4.0) ; spec 054 lot 3
G70,18M,1,34.519,160.52,gvf,23.244,37.245,26.255,0.488,fay_herriot,forms_mnt:h_sd+alt_mean+essence+greco;log,2005-2024,IGN IFN brut (Etalab 2.0) ; FORMS-T (CC-BY 4.0) ; spec 054 lot 3
G70,20P,1,18.739,1379.1,gvf,36.881,175,35.868,0.031658,fay_herriot,forms_mnt:h_sd+alt_mean+essence+greco;log,2005-2024,IGN IFN brut (Etalab 2.0) ; FORMS-T (CC-BY 4.0) ; spec 054 lot 3
G70,21C,2,10.851,253.95,gvf,18.448,42.104,35.174,0.056189,fay_herriot,forms_mnt:h_sd+alt_mean+essence+greco;log,2005-2024,IGN IFN brut (Etalab 2.0) ; FORMS-T (CC-BY 4.0) ; spec 054 lot 3
G70,21M,14,11.741,10.846,direct,12.324,7.5779,22.337,0.62004,fay_herriot,forms_mnt:h_sd+alt_mean+essence+greco;log,2005-2024,IGN IFN brut (Etalab 2.0) ; FORMS-T (CC-BY 4.0) ; spec 054 lot 3
G70,22C,1,17.804,56.621,gvf,12.825,14.189,29.371,0.4182,fay_herriot,forms_mnt:h_sd+alt_mean+essence+greco;log,2005-2024,IGN IFN brut (Etalab 2.0) ; FORMS-T (CC-BY 4.0) ; spec 054 lot 3
G70,22G,1,0.99903,186.54,gvf,10.492,15.705,37.771,0.00068653,fay_herriot,forms_mnt:h_sd+alt_mean+essence+greco;log,2005-2024,IGN IFN brut (Etalab 2.0) ; FORMS-T (CC-BY 4.0) ; spec 054 lot 3
G70,22M,67,17.503,6.2426,direct,17.787,5.5802,13.281,0.86304,fay_herriot,forms_mnt:h_sd+alt_mean+essence+greco;log,2005-2024,IGN IFN brut (Etalab 2.0) ; FORMS-T (CC-BY 4.0) ; spec 054 lot 3
G70,23AB,86,8.8366,1.2887,direct,8.8336,1.1466,12.122,0.8861,fay_herriot,forms_mnt:h_sd+alt_mean+essence+greco;log,2005-2024,IGN IFN brut (Etalab 2.0) ; FORMS-T (CC-BY 4.0) ; spec 054 lot 3
G70,23C,5,4.0363,9.1777,gvf,8.4059,7.7083,33.029,0.18562,fay_herriot,forms_mnt:h_sd+alt_mean+essence+greco;log,2005-2024,IGN IFN brut (Etalab 2.0) ; FORMS-T (CC-BY 4.0) ; spec 054 lot 3
G70,23F,1,1.6804,340.37,gvf,12.791,21.694,36.413,0.0010641,fay_herriot,forms_mnt:h_sd+alt_mean+essence+greco;log,2005-2024,IGN IFN brut (Etalab 2.0) ; FORMS-T (CC-BY 4.0) ; spec 054 lot 3
G70,23PA,1,3.0459,67.664,gvf,10.057,18.311,42.55,0.0173,fay_herriot,forms_mnt:h_sd+alt_mean+essence+greco;log,2005-2024,IGN IFN brut (Etalab 2.0) ; FORMS-T (CC-BY 4.0) ; spec 054 lot 3
G70,23PC,1,5.2615,54.797,gvf,7.0826,6.2638,35.337,0.060918,fay_herriot,forms_mnt:h_sd+alt_mean+essence+greco;log,2005-2024,IGN IFN brut (Etalab 2.0) ; FORMS-T (CC-BY 4.0) ; spec 054 lot 3
G70,23PD,3,1.6425,11.975,gvf,11.161,17.004,36.945,0.028114,fay_herriot,forms_mnt:h_sd+alt_mean+essence+greco;log,2005-2024,IGN IFN brut (Etalab 2.0) ; FORMS-T (CC-BY 4.0) ; spec 054 lot 3
G70,23PM,12,4.2872,0.80398,direct,4.9197,0.79639,18.14,0.7459,fay_herriot,forms_mnt:h_sd+alt_mean+essence+greco;log,2005-2024,IGN IFN brut (Etalab 2.0) ; FORMS-T (CC-BY 4.0) ; spec 054 lot 3
G70,23SO,32,13.617,8.5698,direct,11.984,4.9459,18.557,0.73533,fay_herriot,forms_mnt:h_sd+alt_mean+essence+greco;log,2005-2024,IGN IFN brut (Etalab 2.0) ; FORMS-T (CC-BY 4.0) ; spec 054 lot 3
G70,24,4,21.775,1074.7,gvf,39.591,194.32,35.21,0.053617,fay_herriot,forms_mnt:h_sd+alt_mean+essence+greco;log,2005-2024,IGN IFN brut (Etalab 2.0) ; FORMS-T (CC-BY 4.0) ; spec 054 lot 3
G70,25B,1,2.1532,1265.7,gvf,49.775,332.38,36.627,0.00047013,fay_herriot,forms_mnt:h_sd+alt_mean+essence+greco;log,2005-2024,IGN IFN brut (Etalab 2.0) ; FORMS-T (CC-BY 4.0) ; spec 054 lot 3
G70,25M,7,18.265,60.817,gvf,15.866,19.221,27.633,0.41328,fay_herriot,forms_mnt:h_sd+alt_mean+essence+greco;log,2005-2024,IGN IFN brut (Etalab 2.0) ; FORMS-T (CC-BY 4.0) ; spec 054 lot 3
G70,27C,8,17.678,15.152,gvf,17.095,10.389,18.854,0.7259,fay_herriot,forms_mnt:h_sd+alt_mean+essence+greco;log,2005-2024,IGN IFN brut (Etalab 2.0) ; FORMS-T (CC-BY 4.0) ; spec 054 lot 3
G70,28,1,1.23,316.75,gvf,12.127,24.091,40.473,0.00061287,fay_herriot,forms_mnt:h_sd+alt_mean+essence+greco;log,2005-2024,IGN IFN brut (Etalab 2.0) ; FORMS-T (CC-BY 4.0) ; spec 054 lot 3
G70,29AF,1,8.9267,42.5,gvf,6.1122,4.2211,33.614,0.19404,fay_herriot,forms_mnt:h_sd+alt_mean+essence+greco;log,2005-2024,IGN IFN brut (Etalab 2.0) ; FORMS-T (CC-BY 4.0) ; spec 054 lot 3
G70,31,9,11.606,24.619,gvf,8.6962,5.7772,27.639,0.41263,fay_herriot,forms_mnt:h_sd+alt_mean+essence+greco;log,2005-2024,IGN IFN brut (Etalab 2.0) ; FORMS-T (CC-BY 4.0) ; spec 054 lot 3
G70,33B,1,113.66,29031,gvf,110.48,1842.9,38.856,0.054046,fay_herriot,forms_mnt:h_sd+alt_mean+essence+greco;log,2005-2024,IGN IFN brut (Etalab 2.0) ; FORMS-T (CC-BY 4.0) ; spec 054 lot 3
G70,33G,1,38.8,16754,gvf,115.62,1848,37.179,0.011406,fay_herriot,forms_mnt:h_sd+alt_mean+essence+greco;log,2005-2024,IGN IFN brut (Etalab 2.0) ; FORMS-T (CC-BY 4.0) ; spec 054 lot 3
G70,33N,3,54.808,1357.4,gvf,75.788,593.38,32.142,0.22129,fay_herriot,forms_mnt:h_sd+alt_mean+essence+greco;log,2005-2024,IGN IFN brut (Etalab 2.0) ; FORMS-T (CC-BY 4.0) ; spec 054 lot 3
G70,40,38,18.122,20.831,direct,15.164,10.073,20.93,0.66936,fay_herriot,forms_mnt:h_sd+alt_mean+essence+greco;log,2005-2024,IGN IFN brut (Etalab 2.0) ; FORMS-T (CC-BY 4.0) ; spec 054 lot 3
G70,41,3,1.4261,24.235,gvf,8.0648,8.4976,36.145,0.01066,fay_herriot,forms_mnt:h_sd+alt_mean+essence+greco;log,2005-2024,IGN IFN brut (Etalab 2.0) ; FORMS-T (CC-BY 4.0) ; spec 054 lot 3
G70,49AM,15,4.1769,4.567,direct,4.2462,1.5748,29.554,0.32909,fay_herriot,forms_mnt:h_sd+alt_mean+essence+greco;log,2005-2024,IGN IFN brut (Etalab 2.0) ; FORMS-T (CC-BY 4.0) ; spec 054 lot 3
G70,49BS,3,8.2521,6.6725,gvf,5.802,1.9387,23.998,0.56718,fay_herriot,forms_mnt:h_sd+alt_mean+essence+greco;log,2005-2024,IGN IFN brut (Etalab 2.0) ; FORMS-T (CC-BY 4.0) ; spec 054 lot 3
G70,49EA,2,1.4436,8.7046,gvf,2.8936,1.3772,40.556,0.029826,fay_herriot,forms_mnt:h_sd+alt_mean+essence+greco;log,2005-2024,IGN IFN brut (Etalab 2.0) ; FORMS-T (CC-BY 4.0) ; spec 054 lot 3
G70,49EV,2,1.2926,3.076,gvf,2.3656,0.71425,35.726,0.065199,fay_herriot,forms_mnt:h_sd+alt_mean+essence+greco;log,2005-2024,IGN IFN brut (Etalab 2.0) ; FORMS-T (CC-BY 4.0) ; spec 054 lot 3
G70,49FL,8,2.3288,3.3005,gvf,4.2522,2.1169,34.216,0.17423,fay_herriot,forms_mnt:h_sd+alt_mean+essence+greco;log,2005-2024,IGN IFN brut (Etalab 2.0) ; FORMS-T (CC-BY 4.0) ; spec 054 lot 3
G70,49IA,14,7.7641,3.1702,direct,6.8216,1.7525,19.406,0.70943,fay_herriot,forms_mnt:h_sd+alt_mean+essence+greco;log,2005-2024,IGN IFN brut (Etalab 2.0) ; FORMS-T (CC-BY 4.0) ; spec 054 lot 3
G70,49LN,2,2.7845,148.74,gvf,27.541,121.02,39.944,0.006649,fay_herriot,forms_mnt:h_sd+alt_mean+essence+greco;log,2005-2024,IGN IFN brut (Etalab 2.0) ; FORMS-T (CC-BY 4.0) ; spec 054 lot 3
G70,49MB,1,2.6211,101.71,gvf,12.645,21.036,36.271,0.0085987,fay_herriot,forms_mnt:h_sd+alt_mean+essence+greco;log,2005-2024,IGN IFN brut (Etalab 2.0) ; FORMS-T (CC-BY 4.0) ; spec 054 lot 3
G70,49MN,1,36.444,,gvf,36.444,,,1,direct,forms_mnt:h_sd+alt_mean+essence+greco;log,2005-2024,IGN IFN brut (Etalab 2.0) ; FORMS-T (CC-BY 4.0) ; spec 054 lot 3
G70,49PT,1,2.5059,65.956,gvf,12.569,20.707,36.206,0.012078,fay_herriot,forms_mnt:h_sd+alt_mean+essence+greco;log,2005-2024,IGN IFN brut (Etalab 2.0) ; FORMS-T (CC-BY 4.0) ; spec 054 lot 3
G70,49SN,4,4.1556,4.8631,gvf,3.9878,1.4359,30.049,0.31317,fay_herriot,forms_mnt:h_sd+alt_mean+essence+greco;log,2005-2024,IGN IFN brut (Etalab 2.0) ; FORMS-T (CC-BY 4.0) ; spec 054 lot 3
G70,51,243,129.91,60.702,direct,128.79,58.086,5.9176,0.97275,fay_herriot,forms_mnt:h_sd+alt_mean+essence+greco;log,2005-2024,IGN IFN brut (Etalab 2.0) ; FORMS-T (CC-BY 4.0) ; spec 054 lot 3
G70,52,152,63.711,32.523,direct,63.953,30.885,8.6898,0.94126,fay_herriot,forms_mnt:h_sd+alt_mean+essence+greco;log,2005-2024,IGN IFN brut (Etalab 2.0) ; FORMS-T (CC-BY 4.0) ; spec 054 lot 3
G70,53CA,1,17.651,7363.2,gvf,133.98,3545.1,44.44,0.0054035,fay_herriot,forms_mnt:h_sd+alt_mean+essence+greco;log,2005-2024,IGN IFN brut (Etalab 2.0) ; FORMS-T (CC-BY 4.0) ; spec 054 lot 3
G70,53CO,144,119.44,157.3,direct,118.84,143.75,10.089,0.92092,fay_herriot,forms_mnt:h_sd+alt_mean+essence+greco;log,2005-2024,IGN IFN brut (Etalab 2.0) ; FORMS-T (CC-BY 4.0) ; spec 054 lot 3
G70,53S,5,125.17,1439.2,gvf,121.37,910.96,24.867,0.58295,fay_herriot,forms_mnt:h_sd+alt_mean+essence+greco;log,2005-2024,IGN IFN brut (Etalab 2.0) ; FORMS-T (CC-BY 4.0) ; spec 054 lot 3
G70,54,17,218.5,5195,direct,155.3,1446.6,24.491,0.5413,fay_herriot,forms_mnt:h_sd+alt_mean+essence+greco;log,2005-2024,IGN IFN brut (Etalab 2.0) ; FORMS-T (CC-BY 4.0) ; spec 054 lot 3
G70,55,7,71.98,320.05,gvf,69.618,212.32,20.93,0.67518,fay_herriot,forms_mnt:h_sd+alt_mean+essence+greco;log,2005-2024,IGN IFN brut (Etalab 2.0) ; FORMS-T (CC-BY 4.0) ; spec 054 lot 3
G70,57A,2,7.7707,1690.5,gvf,64.128,603.94,38.322,0.0045656,fay_herriot,forms_mnt:h_sd+alt_mean+essence+greco;log,2005-2024,IGN IFN brut (Etalab 2.0) ; FORMS-T (CC-BY 4.0) ; spec 054 lot 3
G70,58,37,49.681,62.063,direct,51.857,57.491,14.622,0.83624,fay_herriot,forms_mnt:h_sd+alt_mean+essence+greco;log,2005-2024,IGN IFN brut (Etalab 2.0) ; FORMS-T (CC-BY 4.0) ; spec 054 lot 3
G70,61,81,108.67,247.61,direct,107.65,209.77,13.454,0.85962,fay_herriot,forms_mnt:h_sd+alt_mean+essence+greco;log,2005-2024,IGN IFN brut (Etalab 2.0) ; FORMS-T (CC-BY 4.0) ; spec 054 lot 3
G70,62,57,128.3,250.89,direct,125.86,216.5,11.691,0.89389,fay_herriot,forms_mnt:h_sd+alt_mean+essence+greco;log,2005-2024,IGN IFN brut (Etalab 2.0) ; FORMS-T (CC-BY 4.0) ; spec 054 lot 3
G70,63,24,97.463,380.36,direct,97.087,291.62,17.589,0.76228,fay_herriot,forms_mnt:h_sd+alt_mean+essence+greco;log,2005-2024,IGN IFN brut (Etalab 2.0) ; FORMS-T (CC-BY 4.0) ; spec 054 lot 3
G70,64,47,267.19,1533.5,direct,247.31,1129.9,13.592,0.85669,fay_herriot,forms_mnt:h_sd+alt_mean+essence+greco;log,2005-2024,IGN IFN brut (Etalab 2.0) ; FORMS-T (CC-BY 4.0) ; spec 054 lot 3
G70,65,18,177.74,5402.8,direct,104.03,844.11,27.927,0.42884,fay_herriot,forms_mnt:h_sd+alt_mean+essence+greco;log,2005-2024,IGN IFN brut (Etalab 2.0) ; FORMS-T (CC-BY 4.0) ; spec 054 lot 3
G70,69JC,4,1.3006,3.251,gvf,2.9641,1.1104,35.55,0.062627,fay_herriot,forms_mnt:h_sd+alt_mean+essence+greco;log,2005-2024,IGN IFN brut (Etalab 2.0) ; FORMS-T (CC-BY 4.0) ; spec 054 lot 3
G70,69JO,10,4.9295,1.4148,direct,4.974,1.0214,20.319,0.68804,fay_herriot,forms_mnt:h_sd+alt_mean+essence+greco;log,2005-2024,IGN IFN brut (Etalab 2.0) ; FORMS-T (CC-BY 4.0) ; spec 054 lot 3
G70,71,4,29.456,276.53,gvf,42.784,201.05,33.141,0.28718,fay_herriot,forms_mnt:h_sd+alt_mean+essence+greco;log,2005-2024,IGN IFN brut (Etalab 2.0) ; FORMS-T (CC-BY 4.0) ; spec 054 lot 3
G70,72V,5,154.16,3199.1,gvf,129.18,1161.9,26.387,0.48819,fay_herriot,forms_mnt:h_sd+alt_mean+essence+greco;log,2005-2024,IGN IFN brut (Etalab 2.0) ; FORMS-T (CC-BY 4.0) ; spec 054 lot 3
G70,74J,1,6.7675,22703,gvf,151.42,3270.1,37.765,0.00025896,fay_herriot,forms_mnt:h_sd+alt_mean+essence+greco;log,2005-2024,IGN IFN brut (Etalab 2.0) ; FORMS-T (CC-BY 4.0) ; spec 054 lot 3
G80,02,148,77.571,45.191,direct,77.579,42.75,8.428,0.94474,fay_herriot,forms_mnt:h_sd+alt_mean+essence+greco;log,2005-2024,IGN IFN brut (Etalab 2.0) ; FORMS-T (CC-BY 4.0) ; spec 054 lot 3
G80,03,203,77.273,32.159,direct,77.921,31.409,7.1923,0.95974,fay_herriot,forms_mnt:h_sd+alt_mean+essence+greco;log,2005-2024,IGN IFN brut (Etalab 2.0) ; FORMS-T (CC-BY 4.0) ; spec 054 lot 3
G80,04,5,68.866,1479.2,gvf,71.482,477.68,30.575,0.29162,fay_herriot,forms_mnt:h_sd+alt_mean+essence+greco;log,2005-2024,IGN IFN brut (Etalab 2.0) ; FORMS-T (CC-BY 4.0) ; spec 054 lot 3
G80,05,202,47.352,11.645,direct,47.543,11.294,7.0685,0.96113,fay_herriot,forms_mnt:h_sd+alt_mean+essence+greco;log,2005-2024,IGN IFN brut (Etalab 2.0) ; FORMS-T (CC-BY 4.0) ; spec 054 lot 3
G80,06,190,36.914,7.4757,direct,36.786,7.1348,7.2613,0.95902,fay_herriot,forms_mnt:h_sd+alt_mean+essence+greco;log,2005-2024,IGN IFN brut (Etalab 2.0) ; FORMS-T (CC-BY 4.0) ; spec 054 lot 3
G80,07,2,15.751,974.41,gvf,39.806,214.21,36.768,0.031658,fay_herriot,forms_mnt:h_sd+alt_mean+essence+greco;log,2005-2024,IGN IFN brut (Etalab 2.0) ; FORMS-T (CC-BY 4.0) ; spec 054 lot 3
G80,09,308,123.68,55.168,direct,122,52.241,5.9244,0.97268,fay_herriot,forms_mnt:h_sd+alt_mean+essence+greco;log,2005-2024,IGN IFN brut (Etalab 2.0) ; FORMS-T (CC-BY 4.0) ; spec 054 lot 3
G80,10,272,84.727,27.301,direct,84.145,26.167,6.0793,0.97123,fay_herriot,forms_mnt:h_sd+alt_mean+essence+greco;log,2005-2024,IGN IFN brut (Etalab 2.0) ; FORMS-T (CC-BY 4.0) ; spec 054 lot 3
G80,11,1,21.357,2712.9,gvf,39.085,195.85,35.806,0.021132,fay_herriot,forms_mnt:h_sd+alt_mean+essence+greco;log,2005-2024,IGN IFN brut (Etalab 2.0) ; FORMS-T (CC-BY 4.0) ; spec 054 lot 3
G80,12P,1,5.1846,1691.6,gvf,46.688,292.91,36.658,0.0020362,fay_herriot,forms_mnt:h_sd+alt_mean+essence+greco;log,2005-2024,IGN IFN brut (Etalab 2.0) ; FORMS-T (CC-BY 4.0) ; spec 054 lot 3
G80,12V,22,48.019,89.165,direct,43.342,56.093,17.28,0.76855,fay_herriot,forms_mnt:h_sd+alt_mean+essence+greco;log,2005-2024,IGN IFN brut (Etalab 2.0) ; FORMS-T (CC-BY 4.0) ; spec 054 lot 3
G80,13C,1,113.83,3895.7,gvf,51.711,286.09,32.709,0.29927,fay_herriot,forms_mnt:h_sd+alt_mean+essence+greco;log,2005-2024,IGN IFN brut (Etalab 2.0) ; FORMS-T (CC-BY 4.0) ; spec 054 lot 3
G80,13G,10,53.602,171.95,direct,58.893,142.58,20.276,0.68209,fay_herriot,forms_mnt:h_sd+alt_mean+essence+greco;log,2005-2024,IGN IFN brut (Etalab 2.0) ; FORMS-T (CC-BY 4.0) ; spec 054 lot 3
G80,14,10,68.179,322.16,direct,65.173,192.83,21.307,0.64946,fay_herriot,forms_mnt:h_sd+alt_mean+essence+greco;log,2005-2024,IGN IFN brut (Etalab 2.0) ; FORMS-T (CC-BY 4.0) ; spec 054 lot 3
G80,15P,2,26.666,332.49,gvf,29.953,93.153,32.223,0.21545,fay_herriot,forms_mnt:h_sd+alt_mean+essence+greco;log,2005-2024,IGN IFN brut (Etalab 2.0) ; FORMS-T (CC-BY 4.0) ; spec 054 lot 3
G80,15S,6,21.104,252.84,gvf,31.593,106.7,32.695,0.18446,fay_herriot,forms_mnt:h_sd+alt_mean+essence+greco;log,2005-2024,IGN IFN brut (Etalab 2.0) ; FORMS-T (CC-BY 4.0) ; spec 054 lot 3
G80,17C,182,45.496,16.514,direct,45.851,15.808,8.6715,0.9415,fay_herriot,forms_mnt:h_sd+alt_mean+essence+greco;log,2005-2024,IGN IFN brut (Etalab 2.0) ; FORMS-T (CC-BY 4.0) ; spec 054 lot 3
G80,17O,14,16.428,52.961,direct,31.259,78.873,28.411,0.39551,fay_herriot,forms_mnt:h_sd+alt_mean+essence+greco;log,2005-2024,IGN IFN brut (Etalab 2.0) ; FORMS-T (CC-BY 4.0) ; spec 054 lot 3
G80,18C,4,8.1266,54.151,gvf,13.084,19.429,33.688,0.13539,fay_herriot,forms_mnt:h_sd+alt_mean+essence+greco;log,2005-2024,IGN IFN brut (Etalab 2.0) ; FORMS-T (CC-BY 4.0) ; spec 054 lot 3
G80,18D,1,8.7893,845.67,gvf,41.608,269.4,39.447,0.011594,fay_herriot,forms_mnt:h_sd+alt_mean+essence+greco;log,2005-2024,IGN IFN brut (Etalab 2.0) ; FORMS-T (CC-BY 4.0) ; spec 054 lot 3
G80,19,3,120.94,8271.5,gvf,155.98,2595.2,32.66,0.18505,fay_herriot,forms_mnt:h_sd+alt_mean+essence+greco;log,2005-2024,IGN IFN brut (Etalab 2.0) ; FORMS-T (CC-BY 4.0) ; spec 054 lot 3
G80,20G,1,19.65,2721.5,gvf,43.162,243.46,36.151,0.017891,fay_herriot,forms_mnt:h_sd+alt_mean+essence+greco;log,2005-2024,IGN IFN brut (Etalab 2.0) ; FORMS-T (CC-BY 4.0) ; spec 054 lot 3
G80,21C,23,19.531,26.532,direct,20.352,18.831,21.322,0.64864,fay_herriot,forms_mnt:h_sd+alt_mean+essence+greco;log,2005-2024,IGN IFN brut (Etalab 2.0) ; FORMS-T (CC-BY 4.0) ; spec 054 lot 3
G80,21M,28,11.22,15.53,direct,13.096,11.103,25.444,0.50999,fay_herriot,forms_mnt:h_sd+alt_mean+essence+greco;log,2005-2024,IGN IFN brut (Etalab 2.0) ; FORMS-T (CC-BY 4.0) ; spec 054 lot 3
G80,21O,2,5.4318,64.409,gvf,18.936,46.59,36.047,0.055551,fay_herriot,forms_mnt:h_sd+alt_mean+essence+greco;log,2005-2024,IGN IFN brut (Etalab 2.0) ; FORMS-T (CC-BY 4.0) ; spec 054 lot 3
G80,22M,87,28.218,11.664,direct,27.598,10.034,11.478,0.8976,fay_herriot,forms_mnt:h_sd+alt_mean+essence+greco;log,2005-2024,IGN IFN brut (Etalab 2.0) ; FORMS-T (CC-BY 4.0) ; spec 054 lot 3
G80,22S,1,1.3444,1027.4,gvf,31.567,167.05,40.944,0.00022585,fay_herriot,forms_mnt:h_sd+alt_mean+essence+greco;log,2005-2024,IGN IFN brut (Etalab 2.0) ; FORMS-T (CC-BY 4.0) ; spec 054 lot 3
G80,23AB,47,6.9653,0.68891,direct,7.2322,0.67147,11.33,0.90042,fay_herriot,forms_mnt:h_sd+alt_mean+essence+greco;log,2005-2024,IGN IFN brut (Etalab 2.0) ; FORMS-T (CC-BY 4.0) ; spec 054 lot 3
G80,23C,3,3.3198,15.296,gvf,10.318,13.11,35.092,0.084682,fay_herriot,forms_mnt:h_sd+alt_mean+essence+greco;log,2005-2024,IGN IFN brut (Etalab 2.0) ; FORMS-T (CC-BY 4.0) ; spec 054 lot 3
G80,23PC,4,6.3638,13.699,gvf,7.7336,5.7157,30.914,0.27514,fay_herriot,forms_mnt:h_sd+alt_mean+essence+greco;log,2005-2024,IGN IFN brut (Etalab 2.0) ; FORMS-T (CC-BY 4.0) ; spec 054 lot 3
G80,23PD,1,12.058,35.926,gvf,13.056,15.309,29.969,0.34196,fay_herriot,forms_mnt:h_sd+alt_mean+essence+greco;log,2005-2024,IGN IFN brut (Etalab 2.0) ; FORMS-T (CC-BY 4.0) ; spec 054 lot 3
G80,23PM,9,6.3825,9.6772,gvf,7.686,5.0235,29.161,0.35087,fay_herriot,forms_mnt:h_sd+alt_mean+essence+greco;log,2005-2024,IGN IFN brut (Etalab 2.0) ; FORMS-T (CC-BY 4.0) ; spec 054 lot 3
G80,23SO,17,13.531,46.849,direct,10.835,10.358,29.703,0.33414,fay_herriot,forms_mnt:h_sd+alt_mean+essence+greco;log,2005-2024,IGN IFN brut (Etalab 2.0) ; FORMS-T (CC-BY 4.0) ; spec 054 lot 3
G80,24,7,43.692,614.09,gvf,46.196,198.68,30.512,0.28528,fay_herriot,forms_mnt:h_sd+alt_mean+essence+greco;log,2005-2024,IGN IFN brut (Etalab 2.0) ; FORMS-T (CC-BY 4.0) ; spec 054 lot 3
G80,25C,6,17.092,114.68,gvf,17.694,31.395,31.667,0.24647,fay_herriot,forms_mnt:h_sd+alt_mean+essence+greco;log,2005-2024,IGN IFN brut (Etalab 2.0) ; FORMS-T (CC-BY 4.0) ; spec 054 lot 3
G80,25M,23,19.498,17.882,direct,18.666,12.065,18.609,0.7319,fay_herriot,forms_mnt:h_sd+alt_mean+essence+greco;log,2005-2024,IGN IFN brut (Etalab 2.0) ; FORMS-T (CC-BY 4.0) ; spec 054 lot 3
G80,25R,1,0.91305,534.94,gvf,24.478,83.239,37.273,0.00020006,fay_herriot,forms_mnt:h_sd+alt_mean+essence+greco;log,2005-2024,IGN IFN brut (Etalab 2.0) ; FORMS-T (CC-BY 4.0) ; spec 054 lot 3
G80,27C,4,10.579,30.303,gvf,15.195,20.578,29.854,0.32166,fay_herriot,forms_mnt:h_sd+alt_mean+essence+greco;log,2005-2024,IGN IFN brut (Etalab 2.0) ; FORMS-T (CC-BY 4.0) ; spec 054 lot 3
G80,31,71,11.063,2.9711,direct,10.546,2.2784,14.312,0.841,fay_herriot,forms_mnt:h_sd+alt_mean+essence+greco;log,2005-2024,IGN IFN brut (Etalab 2.0) ; FORMS-T (CC-BY 4.0) ; spec 054 lot 3
G80,33G,1,63.313,16754,gvf,132.03,2358.3,36.781,0.029806,fay_herriot,forms_mnt:h_sd+alt_mean+essence+greco;log,2005-2024,IGN IFN brut (Etalab 2.0) ; FORMS-T (CC-BY 4.0) ; spec 054 lot 3
G80,33N,10,46.858,169.12,direct,61.278,183.67,22.116,0.62505,fay_herriot,forms_mnt:h_sd+alt_mean+essence+greco;log,2005-2024,IGN IFN brut (Etalab 2.0) ; FORMS-T (CC-BY 4.0) ; spec 054 lot 3
G80,40,26,21.389,26.322,direct,17.974,13.215,20.226,0.69056,fay_herriot,forms_mnt:h_sd+alt_mean+essence+greco;log,2005-2024,IGN IFN brut (Etalab 2.0) ; FORMS-T (CC-BY 4.0) ; spec 054 lot 3
G80,41,5,7.5842,14.541,gvf,8.7917,6.7041,29.451,0.33684,fay_herriot,forms_mnt:h_sd+alt_mean+essence+greco;log,2005-2024,IGN IFN brut (Etalab 2.0) ; FORMS-T (CC-BY 4.0) ; spec 054 lot 3
G80,49AA,1,3.4023,5.7211,gvf,10.92,12.473,32.341,0.20622,fay_herriot,forms_mnt:h_sd+alt_mean+essence+greco;log,2005-2024,IGN IFN brut (Etalab 2.0) ; FORMS-T (CC-BY 4.0) ; spec 054 lot 3
G80,49AM,42,5.3867,1.1048,direct,5.2803,0.82261,17.177,0.77129,fay_herriot,forms_mnt:h_sd+alt_mean+essence+greco;log,2005-2024,IGN IFN brut (Etalab 2.0) ; FORMS-T (CC-BY 4.0) ; spec 054 lot 3
G80,49BO,3,3.9486,3.9828,gvf,2.7686,0.68097,29.806,0.33451,fay_herriot,forms_mnt:h_sd+alt_mean+essence+greco;log,2005-2024,IGN IFN brut (Etalab 2.0) ; FORMS-T (CC-BY 4.0) ; spec 054 lot 3
G80,49BS,14,1.9876,0.22813,direct,2.5101,0.25744,20.214,0.68979,fay_herriot,forms_mnt:h_sd+alt_mean+essence+greco;log,2005-2024,IGN IFN brut (Etalab 2.0) ; FORMS-T (CC-BY 4.0) ; spec 054 lot 3
G80,49EA,4,1.604,4.3523,gvf,3.2328,1.6292,39.482,0.070553,fay_herriot,forms_mnt:h_sd+alt_mean+essence+greco;log,2005-2024,IGN IFN brut (Etalab 2.0) ; FORMS-T (CC-BY 4.0) ; spec 054 lot 3
G80,49FL,17,6.0675,2.2706,direct,5.9009,1.5104,20.827,0.67552,fay_herriot,forms_mnt:h_sd+alt_mean+essence+greco;log,2005-2024,IGN IFN brut (Etalab 2.0) ; FORMS-T (CC-BY 4.0) ; spec 054 lot 3
G80,49IA,64,7.2115,1.1296,direct,6.9766,0.9083,13.661,0.85531,fay_herriot,forms_mnt:h_sd+alt_mean+essence+greco;log,2005-2024,IGN IFN brut (Etalab 2.0) ; FORMS-T (CC-BY 4.0) ; spec 054 lot 3
G80,49PM,1,4.4891,33.985,gvf,5.676,4.1642,35.952,0.070751,fay_herriot,forms_mnt:h_sd+alt_mean+essence+greco;log,2005-2024,IGN IFN brut (Etalab 2.0) ; FORMS-T (CC-BY 4.0) ; spec 054 lot 3
G80,49PS,3,2.1455,32.074,gvf,5.4312,3.9374,36.535,0.018094,fay_herriot,forms_mnt:h_sd+alt_mean+essence+greco;log,2005-2024,IGN IFN brut (Etalab 2.0) ; FORMS-T (CC-BY 4.0) ; spec 054 lot 3
G80,49SN,7,4.2047,2.7789,gvf,4.372,1.3757,26.828,0.44962,fay_herriot,forms_mnt:h_sd+alt_mean+essence+greco;log,2005-2024,IGN IFN brut (Etalab 2.0) ; FORMS-T (CC-BY 4.0) ; spec 054 lot 3
G80,51,7,42.049,1899.3,gvf,98.464,1142,34.32,0.10677,fay_herriot,forms_mnt:h_sd+alt_mean+essence+greco;log,2005-2024,IGN IFN brut (Etalab 2.0) ; FORMS-T (CC-BY 4.0) ; spec 054 lot 3
G80,52,81,75.631,140.52,direct,76.065,119.7,14.383,0.8394,fay_herriot,forms_mnt:h_sd+alt_mean+essence+greco;log,2005-2024,IGN IFN brut (Etalab 2.0) ; FORMS-T (CC-BY 4.0) ; spec 054 lot 3
G80,53CO,59,183.5,465.42,direct,177.36,393.62,11.186,0.90282,fay_herriot,forms_mnt:h_sd+alt_mean+essence+greco;log,2005-2024,IGN IFN brut (Etalab 2.0) ; FORMS-T (CC-BY 4.0) ; spec 054 lot 3
G80,54,31,145.72,800,direct,139.36,570.84,17.144,0.77315,fay_herriot,forms_mnt:h_sd+alt_mean+essence+greco;log,2005-2024,IGN IFN brut (Etalab 2.0) ; FORMS-T (CC-BY 4.0) ; spec 054 lot 3
G80,57A,2,7.0474,1690.5,gvf,74.021,804.77,38.325,0.0037582,fay_herriot,forms_mnt:h_sd+alt_mean+essence+greco;log,2005-2024,IGN IFN brut (Etalab 2.0) ; FORMS-T (CC-BY 4.0) ; spec 054 lot 3
G80,58,3,24.558,925.92,gvf,68.34,604.6,35.98,0.077181,fay_herriot,forms_mnt:h_sd+alt_mean+essence+greco;log,2005-2024,IGN IFN brut (Etalab 2.0) ; FORMS-T (CC-BY 4.0) ; spec 054 lot 3
G80,61,115,159.04,260.17,direct,155.48,230.71,9.7691,0.92583,fay_herriot,forms_mnt:h_sd+alt_mean+essence+greco;log,2005-2024,IGN IFN brut (Etalab 2.0) ; FORMS-T (CC-BY 4.0) ; spec 054 lot 3
G80,62,138,240.75,273.45,direct,235.13,251.82,6.749,0.96456,fay_herriot,forms_mnt:h_sd+alt_mean+essence+greco;log,2005-2024,IGN IFN brut (Etalab 2.0) ; FORMS-T (CC-BY 4.0) ; spec 054 lot 3
G80,63,6,110.17,1112.8,gvf,110.35,666.32,23.393,0.5834,fay_herriot,forms_mnt:h_sd+alt_mean+essence+greco;log,2005-2024,IGN IFN brut (Etalab 2.0) ; FORMS-T (CC-BY 4.0) ; spec 054 lot 3
G80,64,149,244.07,319.84,direct,241.08,299.86,7.1828,0.95986,fay_herriot,forms_mnt:h_sd+alt_mean+essence+greco;log,2005-2024,IGN IFN brut (Etalab 2.0) ; FORMS-T (CC-BY 4.0) ; spec 054 lot 3
G80,65,17,53.649,346.08,direct,65.185,277.99,25.578,0.51642,fay_herriot,forms_mnt:h_sd+alt_mean+essence+greco;log,2005-2024,IGN IFN brut (Etalab 2.0) ; FORMS-T (CC-BY 4.0) ; spec 054 lot 3
G80,69JC,7,3.5337,1.8577,gvf,3.5756,0.90643,26.627,0.46326,fay_herriot,forms_mnt:h_sd+alt_mean+essence+greco;log,2005-2024,IGN IFN brut (Etalab 2.0) ; FORMS-T (CC-BY 4.0) ; spec 054 lot 3
G80,69JO,3,4.8607,12.668,gvf,5.6453,3.5597,33.421,0.19321,fay_herriot,forms_mnt:h_sd+alt_mean+essence+greco;log,2005-2024,IGN IFN brut (Etalab 2.0) ; FORMS-T (CC-BY 4.0) ; spec 054 lot 3
G80,70SC,3,16.466,143.62,gvf,54.595,321.51,32.843,0.19511,fay_herriot,forms_mnt:h_sd+alt_mean+essence+greco;log,2005-2024,IGN IFN brut (Etalab 2.0) ; FORMS-T (CC-BY 4.0) ; spec 054 lot 3
G80,71,1,14.543,1106.1,gvf,55.497,491.12,39.932,0.023962,fay_herriot,forms_mnt:h_sd+alt_mean+essence+greco;log,2005-2024,IGN IFN brut (Etalab 2.0) ; FORMS-T (CC-BY 4.0) ; spec 054 lot 3
G80,72V,2,19.977,7997.8,gvf,124.41,2196.3,37.671,0.0063665,fay_herriot,forms_mnt:h_sd+alt_mean+essence+greco;log,2005-2024,IGN IFN brut (Etalab 2.0) ; FORMS-T (CC-BY 4.0) ; spec 054 lot 3
G80,73,22,273.23,2211.4,direct,255.24,1589.1,15.618,0.81255,fay_herriot,forms_mnt:h_sd+alt_mean+essence+greco;log,2005-2024,IGN IFN brut (Etalab 2.0) ; FORMS-T (CC-BY 4.0) ; spec 054 lot 3
G80,74J,1,25.788,22703,gvf,173.53,4268.5,37.649,0.0037471,fay_herriot,forms_mnt:h_sd+alt_mean+essence+greco;log,2005-2024,IGN IFN brut (Etalab 2.0) ; FORMS-T (CC-BY 4.0) ; spec 054 lot 3
G90,02,347,73.879,15.815,direct,73.885,15.476,5.3244,0.97793,fay_herriot,forms_mnt:h_sd+alt_mean+essence+greco;log,2005-2024,IGN IFN brut (Etalab 2.0) ; FORMS-T (CC-BY 4.0) ; spec 054 lot 3
G90,03,329,97.423,31.663,direct,97.247,30.765,5.7037,0.97468,fay_herriot,forms_mnt:h_sd+alt_mean+essence+greco;log,2005-2024,IGN IFN brut (Etalab 2.0) ; FORMS-T (CC-BY 4.0) ; spec 054 lot 3
G90,04,12,80.093,514.16,direct,75.731,287.38,22.385,0.61569,fay_herriot,forms_mnt:h_sd+alt_mean+essence+greco;log,2005-2024,IGN IFN brut (Etalab 2.0) ; FORMS-T (CC-BY 4.0) ; spec 054 lot 3
G90,05,132,44.264,13.321,direct,44.541,12.826,8.0407,0.94971,fay_herriot,forms_mnt:h_sd+alt_mean+essence+greco;log,2005-2024,IGN IFN brut (Etalab 2.0) ; FORMS-T (CC-BY 4.0) ; spec 054 lot 3
G90,09,76,57.284,66.775,direct,59.049,61.412,13.271,0.8632,fay_herriot,forms_mnt:h_sd+alt_mean+essence+greco;log,2005-2024,IGN IFN brut (Etalab 2.0) ; FORMS-T (CC-BY 4.0) ; spec 054 lot 3
G90,10,46,40.257,62.729,direct,44.752,59.84,17.285,0.76838,fay_herriot,forms_mnt:h_sd+alt_mean+essence+greco;log,2005-2024,IGN IFN brut (Etalab 2.0) ; FORMS-T (CC-BY 4.0) ; spec 054 lot 3
G90,11,114,35.664,16.519,direct,35.852,15.192,10.871,0.90815,fay_herriot,forms_mnt:h_sd+alt_mean+essence+greco;log,2005-2024,IGN IFN brut (Etalab 2.0) ; FORMS-T (CC-BY 4.0) ; spec 054 lot 3
G90,12V,19,25.948,35.98,direct,26.922,27.517,19.484,0.70613,fay_herriot,forms_mnt:h_sd+alt_mean+essence+greco;log,2005-2024,IGN IFN brut (Etalab 2.0) ; FORMS-T (CC-BY 4.0) ; spec 054 lot 3
G90,13G,29,83.379,306.77,direct,79.362,208.04,18.174,0.74424,fay_herriot,forms_mnt:h_sd+alt_mean+essence+greco;log,2005-2024,IGN IFN brut (Etalab 2.0) ; FORMS-T (CC-BY 4.0) ; spec 054 lot 3
G90,14,77,45.61,43.258,direct,47.07,39.79,13.401,0.86062,fay_herriot,forms_mnt:h_sd+alt_mean+essence+greco;log,2005-2024,IGN IFN brut (Etalab 2.0) ; FORMS-T (CC-BY 4.0) ; spec 054 lot 3
G90,15P,16,37.487,42.637,direct,35.807,31.713,15.727,0.80886,fay_herriot,forms_mnt:h_sd+alt_mean+essence+greco;log,2005-2024,IGN IFN brut (Etalab 2.0) ; FORMS-T (CC-BY 4.0) ; spec 054 lot 3
G90,15S,23,24.683,17.443,direct,26.027,15.937,15.339,0.81768,fay_herriot,forms_mnt:h_sd+alt_mean+essence+greco;log,2005-2024,IGN IFN brut (Etalab 2.0) ; FORMS-T (CC-BY 4.0) ; spec 054 lot 3
G90,17C,204,38.259,12.854,direct,38.898,12.451,9.0716,0.93599,fay_herriot,forms_mnt:h_sd+alt_mean+essence+greco;log,2005-2024,IGN IFN brut (Etalab 2.0) ; FORMS-T (CC-BY 4.0) ; spec 054 lot 3
G90,18C,57,11.056,3.3857,direct,11.447,2.9998,15.131,0.82257,fay_herriot,forms_mnt:h_sd+alt_mean+essence+greco;log,2005-2024,IGN IFN brut (Etalab 2.0) ; FORMS-T (CC-BY 4.0) ; spec 054 lot 3
G90,19,33,111.8,422.5,direct,120.1,387.96,16.401,0.79162,fay_herriot,forms_mnt:h_sd+alt_mean+essence+greco;log,2005-2024,IGN IFN brut (Etalab 2.0) ; FORMS-T (CC-BY 4.0) ; spec 054 lot 3
G90,20G,21,39.641,100.9,direct,40.336,70.545,20.823,0.66664,fay_herriot,forms_mnt:h_sd+alt_mean+essence+greco;log,2005-2024,IGN IFN brut (Etalab 2.0) ; FORMS-T (CC-BY 4.0) ; spec 054 lot 3
G90,20P,18,26.219,23.592,direct,28.882,22.762,16.519,0.78909,fay_herriot,forms_mnt:h_sd+alt_mean+essence+greco;log,2005-2024,IGN IFN brut (Etalab 2.0) ; FORMS-T (CC-BY 4.0) ; spec 054 lot 3
G90,21C,56,14.598,5.683,direct,15.533,5.3485,14.889,0.82802,fay_herriot,forms_mnt:h_sd+alt_mean+essence+greco;log,2005-2024,IGN IFN brut (Etalab 2.0) ; FORMS-T (CC-BY 4.0) ; spec 054 lot 3
G90,22C,1,4.7002,56.621,gvf,10.695,17.501,39.117,0.047708,fay_herriot,forms_mnt:h_sd+alt_mean+essence+greco;log,2005-2024,IGN IFN brut (Etalab 2.0) ; FORMS-T (CC-BY 4.0) ; spec 054 lot 3
G90,22G,1,18.063,186.54,gvf,12.546,18.004,33.82,0.1834,fay_herriot,forms_mnt:h_sd+alt_mean+essence+greco;log,2005-2024,IGN IFN brut (Etalab 2.0) ; FORMS-T (CC-BY 4.0) ; spec 054 lot 3
G90,22M,96,16.013,5.5674,direct,16.728,5.2118,13.647,0.85536,fay_herriot,forms_mnt:h_sd+alt_mean+essence+greco;log,2005-2024,IGN IFN brut (Etalab 2.0) ; FORMS-T (CC-BY 4.0) ; spec 054 lot 3
G90,22S,1,2.5742,1027.4,gvf,30.067,151.41,40.924,0.00082746,fay_herriot,forms_mnt:h_sd+alt_mean+essence+greco;log,2005-2024,IGN IFN brut (Etalab 2.0) ; FORMS-T (CC-BY 4.0) ; spec 054 lot 3
G90,23AB,15,7.2287,5.2138,direct,8.2177,3.8584,23.903,0.56273,fay_herriot,forms_mnt:h_sd+alt_mean+essence+greco;log,2005-2024,IGN IFN brut (Etalab 2.0) ; FORMS-T (CC-BY 4.0) ; spec 054 lot 3
G90,23C,2,9.0193,22.944,gvf,10.292,9.685,30.237,0.31283,fay_herriot,forms_mnt:h_sd+alt_mean+essence+greco;log,2005-2024,IGN IFN brut (Etalab 2.0) ; FORMS-T (CC-BY 4.0) ; spec 054 lot 3
G90,23PC,4,10.287,13.699,gvf,9.0341,5.3609,25.629,0.49794,fay_herriot,forms_mnt:h_sd+alt_mean+essence+greco;log,2005-2024,IGN IFN brut (Etalab 2.0) ; FORMS-T (CC-BY 4.0) ; spec 054 lot 3
G90,23PD,3,9.3953,11.975,gvf,11.091,8.516,26.311,0.48625,fay_herriot,forms_mnt:h_sd+alt_mean+essence+greco;log,2005-2024,IGN IFN brut (Etalab 2.0) ; FORMS-T (CC-BY 4.0) ; spec 054 lot 3
G90,23PM,9,7.768,9.6772,gvf,7.9535,4.5903,26.938,0.44465,fay_herriot,forms_mnt:h_sd+alt_mean+essence+greco;log,2005-2024,IGN IFN brut (Etalab 2.0) ; FORMS-T (CC-BY 4.0) ; spec 054 lot 3
G90,23SO,3,4.199,94.494,gvf,9.0749,10.812,36.233,0.023398,fay_herriot,forms_mnt:h_sd+alt_mean+essence+greco;log,2005-2024,IGN IFN brut (Etalab 2.0) ; FORMS-T (CC-BY 4.0) ; spec 054 lot 3
G90,24,28,51.561,118.23,direct,49.801,82.378,18.225,0.74275,fay_herriot,forms_mnt:h_sd+alt_mean+essence+greco;log,2005-2024,IGN IFN brut (Etalab 2.0) ; FORMS-T (CC-BY 4.0) ; spec 054 lot 3
G90,25B,15,39.237,124.09,direct,44.643,100.41,22.446,0.61435,fay_herriot,forms_mnt:h_sd+alt_mean+essence+greco;log,2005-2024,IGN IFN brut (Etalab 2.0) ; FORMS-T (CC-BY 4.0) ; spec 054 lot 3
G90,25C,3,6.4256,229.37,gvf,16.696,36.62,36.246,0.022591,fay_herriot,forms_mnt:h_sd+alt_mean+essence+greco;log,2005-2024,IGN IFN brut (Etalab 2.0) ; FORMS-T (CC-BY 4.0) ; spec 054 lot 3
G90,25E3,1,2.0411,31.833,gvf,13.658,24.318,36.107,0.016527,fay_herriot,forms_mnt:h_sd+alt_mean+essence+greco;log,2005-2024,IGN IFN brut (Etalab 2.0) ; FORMS-T (CC-BY 4.0) ; spec 054 lot 3
G90,25FR,4,36.607,933.89,gvf,53.938,351.18,34.743,0.15558,fay_herriot,forms_mnt:h_sd+alt_mean+essence+greco;log,2005-2024,IGN IFN brut (Etalab 2.0) ; FORMS-T (CC-BY 4.0) ; spec 054 lot 3
G90,25M,16,19.809,30.939,direct,18.178,16.278,22.196,0.61955,fay_herriot,forms_mnt:h_sd+alt_mean+essence+greco;log,2005-2024,IGN IFN brut (Etalab 2.0) ; FORMS-T (CC-BY 4.0) ; spec 054 lot 3
G90,26E,2,164.56,6655,gvf,168.57,2772.4,31.236,0.34317,fay_herriot,forms_mnt:h_sd+alt_mean+essence+greco;log,2005-2024,IGN IFN brut (Etalab 2.0) ; FORMS-T (CC-BY 4.0) ; spec 054 lot 3
G90,27C,27,15.522,2.8571,direct,15.658,2.6696,10.435,0.91545,fay_herriot,forms_mnt:h_sd+alt_mean+essence+greco;log,2005-2024,IGN IFN brut (Etalab 2.0) ; FORMS-T (CC-BY 4.0) ; spec 054 lot 3
G90,27N,1,15.037,802.58,gvf,36.945,216.53,39.829,0.034914,fay_herriot,forms_mnt:h_sd+alt_mean+essence+greco;log,2005-2024,IGN IFN brut (Etalab 2.0) ; FORMS-T (CC-BY 4.0) ; spec 054 lot 3
G90,29AF,2,9.8509,21.25,gvf,7.3105,4.6337,29.445,0.36963,fay_herriot,forms_mnt:h_sd+alt_mean+essence+greco;log,2005-2024,IGN IFN brut (Etalab 2.0) ; FORMS-T (CC-BY 4.0) ; spec 054 lot 3
G90,29MA,3,54.456,1748.4,gvf,60.898,472.66,35.7,0.17884,fay_herriot,forms_mnt:h_sd+alt_mean+essence+greco;log,2005-2024,IGN IFN brut (Etalab 2.0) ; FORMS-T (CC-BY 4.0) ; spec 054 lot 3
G90,31,29,9.5964,6.1129,direct,8.9461,3.5274,20.994,0.65921,fay_herriot,forms_mnt:h_sd+alt_mean+essence+greco;log,2005-2024,IGN IFN brut (Etalab 2.0) ; FORMS-T (CC-BY 4.0) ; spec 054 lot 3
G90,332G,2,162.77,5544.4,gvf,145.78,1921.4,30.069,0.38028,fay_herriot,forms_mnt:h_sd+alt_mean+essence+greco;log,2005-2024,IGN IFN brut (Etalab 2.0) ; FORMS-T (CC-BY 4.0) ; spec 054 lot 3
G90,33G,1,61.09,16754,gvf,126.16,2158.2,36.824,0.027807,fay_herriot,forms_mnt:h_sd+alt_mean+essence+greco;log,2005-2024,IGN IFN brut (Etalab 2.0) ; FORMS-T (CC-BY 4.0) ; spec 054 lot 3
G90,33N,27,114.26,151.17,direct,112.17,134.12,10.325,0.91727,fay_herriot,forms_mnt:h_sd+alt_mean+essence+greco;log,2005-2024,IGN IFN brut (Etalab 2.0) ; FORMS-T (CC-BY 4.0) ; spec 054 lot 3
G90,39,1,0.97368,6.4091,gvf,3.0583,1.3399,37.849,0.01864,fay_herriot,forms_mnt:h_sd+alt_mean+essence+greco;log,2005-2024,IGN IFN brut (Etalab 2.0) ; FORMS-T (CC-BY 4.0) ; spec 054 lot 3
G90,41,11,3.7635,1.2974,direct,5.4203,1.5895,23.26,0.58364,fay_herriot,forms_mnt:h_sd+alt_mean+essence+greco;log,2005-2024,IGN IFN brut (Etalab 2.0) ; FORMS-T (CC-BY 4.0) ; spec 054 lot 3
G90,49AM,71,4.8945,0.33246,direct,4.876,0.29838,11.203,0.90246,fay_herriot,forms_mnt:h_sd+alt_mean+essence+greco;log,2005-2024,IGN IFN brut (Etalab 2.0) ; FORMS-T (CC-BY 4.0) ; spec 054 lot 3
G90,49BO,2,2.3609,5.9742,gvf,2.2248,0.59769,34.749,0.10698,fay_herriot,forms_mnt:h_sd+alt_mean+essence+greco;log,2005-2024,IGN IFN brut (Etalab 2.0) ; FORMS-T (CC-BY 4.0) ; spec 054 lot 3
G90,49EV,7,1.7239,0.87887,gvf,2.3657,0.52451,30.613,0.30275,fay_herriot,forms_mnt:h_sd+alt_mean+essence+greco;log,2005-2024,IGN IFN brut (Etalab 2.0) ; FORMS-T (CC-BY 4.0) ; spec 054 lot 3
G90,49IA,6,2.1272,17.813,gvf,5.3102,3.6061,35.761,0.031589,fay_herriot,forms_mnt:h_sd+alt_mean+essence+greco;log,2005-2024,IGN IFN brut (Etalab 2.0) ; FORMS-T (CC-BY 4.0) ; spec 054 lot 3
G90,49PM,1,0.87133,33.985,gvf,5.4822,4.191,37.342,0.0028603,fay_herriot,forms_mnt:h_sd+alt_mean+essence+greco;log,2005-2024,IGN IFN brut (Etalab 2.0) ; FORMS-T (CC-BY 4.0) ; spec 054 lot 3
G90,49PS,7,6.093,13.746,gvf,5.4703,2.9812,31.563,0.25749,fay_herriot,forms_mnt:h_sd+alt_mean+essence+greco;log,2005-2024,IGN IFN brut (Etalab 2.0) ; FORMS-T (CC-BY 4.0) ; spec 054 lot 3
G90,49SN,14,2.1949,0.1016,direct,2.4137,0.10605,13.492,0.85893,fay_herriot,forms_mnt:h_sd+alt_mean+essence+greco;log,2005-2024,IGN IFN brut (Etalab 2.0) ; FORMS-T (CC-BY 4.0) ; spec 054 lot 3
G90,51,5,16.437,2659.1,gvf,101.53,1345.1,36.125,0.012878,fay_herriot,forms_mnt:h_sd+alt_mean+essence+greco;log,2005-2024,IGN IFN brut (Etalab 2.0) ; FORMS-T (CC-BY 4.0) ; spec 054 lot 3
G90,52,234,104.6,53.422,direct,103.32,50.252,6.8612,0.96337,fay_herriot,forms_mnt:h_sd+alt_mean+essence+greco;log,2005-2024,IGN IFN brut (Etalab 2.0) ; FORMS-T (CC-BY 4.0) ; spec 054 lot 3
G90,53CO,13,194.08,3587,direct,159.98,1416.2,23.524,0.57416,fay_herriot,forms_mnt:h_sd+alt_mean+essence+greco;log,2005-2024,IGN IFN brut (Etalab 2.0) ; FORMS-T (CC-BY 4.0) ; spec 054 lot 3
G90,54,2,38.615,12433,gvf,112.31,1655.1,36.223,0.015166,fay_herriot,forms_mnt:h_sd+alt_mean+essence+greco;log,2005-2024,IGN IFN brut (Etalab 2.0) ; FORMS-T (CC-BY 4.0) ; spec 054 lot 3
G90,56,1,103.11,8074.2,gvf,83.697,837.9,34.585,0.14463,fay_herriot,forms_mnt:h_sd+alt_mean+essence+greco;log,2005-2024,IGN IFN brut (Etalab 2.0) ; FORMS-T (CC-BY 4.0) ; spec 054 lot 3
G90,61,45,96.834,318.31,direct,99.786,268.97,16.435,0.7909,fay_herriot,forms_mnt:h_sd+alt_mean+essence+greco;log,2005-2024,IGN IFN brut (Etalab 2.0) ; FORMS-T (CC-BY 4.0) ; spec 054 lot 3
G90,62,10,68.147,802.56,direct,93.295,651.02,27.349,0.42627,fay_herriot,forms_mnt:h_sd+alt_mean+essence+greco;log,2005-2024,IGN IFN brut (Etalab 2.0) ; FORMS-T (CC-BY 4.0) ; spec 054 lot 3
G90,64,85,165.64,449.42,direct,166.27,402.85,12.071,0.88686,fay_herriot,forms_mnt:h_sd+alt_mean+essence+greco;log,2005-2024,IGN IFN brut (Etalab 2.0) ; FORMS-T (CC-BY 4.0) ; spec 054 lot 3
G90,65,1,127.53,29981,gvf,79.132,828.91,36.383,0.065118,fay_herriot,forms_mnt:h_sd+alt_mean+essence+greco;log,2005-2024,IGN IFN brut (Etalab 2.0) ; FORMS-T (CC-BY 4.0) ; spec 054 lot 3
G90,67,2,24.904,73.921,gvf,19.223,23.741,25.347,0.51862,fay_herriot,forms_mnt:h_sd+alt_mean+essence+greco;log,2005-2024,IGN IFN brut (Etalab 2.0) ; FORMS-T (CC-BY 4.0) ; spec 054 lot 3
G90,68CE,1,19.892,2315.7,gvf,73.651,1060.8,44.222,0.021469,fay_herriot,forms_mnt:h_sd+alt_mean+essence+greco;log,2005-2024,IGN IFN brut (Etalab 2.0) ; FORMS-T (CC-BY 4.0) ; spec 054 lot 3
G90,69JC,1,1.1003,13.004,gvf,3.399,1.5424,36.539,0.011814,fay_herriot,forms_mnt:h_sd+alt_mean+essence+greco;log,2005-2024,IGN IFN brut (Etalab 2.0) ; FORMS-T (CC-BY 4.0) ; spec 054 lot 3
G90,72N,1,13.702,13345,gvf,69.424,651.23,36.758,0.0018032,fay_herriot,forms_mnt:h_sd+alt_mean+essence+greco;log,2005-2024,IGN IFN brut (Etalab 2.0) ; FORMS-T (CC-BY 4.0) ; spec 054 lot 3
G90,72V,4,13.99,3998.9,gvf,118.45,1992.5,37.684,0.0062457,fay_herriot,forms_mnt:h_sd+alt_mean+essence+greco;log,2005-2024,IGN IFN brut (Etalab 2.0) ; FORMS-T (CC-BY 4.0) ; spec 054 lot 3
G90,73,1,103.95,43660,gvf,178.11,4218.4,36.465,0.030803,fay_herriot,forms_mnt:h_sd+alt_mean+essence+greco;log,2005-2024,IGN IFN brut (Etalab 2.0) ; FORMS-T (CC-BY 4.0) ; spec 054 lot 3
H10,02,26,55.689,298.18,direct,62.867,219.71,23.577,0.57183,fay_herriot,forms_mnt:h_sd+alt_mean+essence+greco;log,2005-2024,IGN IFN brut (Etalab 2.0) ; FORMS-T (CC-BY 4.0) ; spec 054 lot 3
H10,03,153,50.895,20.58,direct,52.629,20.755,8.6564,0.94173,fay_herriot,forms_mnt:h_sd+alt_mean+essence+greco;log,2005-2024,IGN IFN brut (Etalab 2.0) ; FORMS-T (CC-BY 4.0) ; spec 054 lot 3
H10,05,58,40.527,23.576,direct,41.388,22.186,11.381,0.89945,fay_herriot,forms_mnt:h_sd+alt_mean+essence+greco;log,2005-2024,IGN IFN brut (Etalab 2.0) ; FORMS-T (CC-BY 4.0) ; spec 054 lot 3
H10,09,1006,118.15,14.312,direct,117.68,14.088,3.1896,0.99208,fay_herriot,forms_mnt:h_sd+alt_mean+essence+greco;log,2005-2024,IGN IFN brut (Etalab 2.0) ; FORMS-T (CC-BY 4.0) ; spec 054 lot 3
H10,10,51,48.506,56.341,direct,50.591,51.872,14.236,0.84282,fay_herriot,forms_mnt:h_sd+alt_mean+essence+greco;log,2005-2024,IGN IFN brut (Etalab 2.0) ; FORMS-T (CC-BY 4.0) ; spec 054 lot 3
H10,11,102,22.167,4.6611,direct,22.99,4.678,9.4077,0.93121,fay_herriot,forms_mnt:h_sd+alt_mean+essence+greco;log,2005-2024,IGN IFN brut (Etalab 2.0) ; FORMS-T (CC-BY 4.0) ; spec 054 lot 3
H10,12P,1,16.958,2131.1,gvf,43.873,256.29,36.49,0.017031,fay_herriot,forms_mnt:h_sd+alt_mean+essence+greco;log,2005-2024,IGN IFN brut (Etalab 2.0) ; FORMS-T (CC-BY 4.0) ; spec 054 lot 3
H10,12V,37,22.173,7.4506,direct,22.837,7.0899,11.659,0.89443,fay_herriot,forms_mnt:h_sd+alt_mean+essence+greco;log,2005-2024,IGN IFN brut (Etalab 2.0) ; FORMS-T (CC-BY 4.0) ; spec 054 lot 3
H10,13B,25,32.163,65.917,direct,32.931,48.978,21.252,0.66833,fay_herriot,forms_mnt:h_sd+alt_mean+essence+greco;log,2005-2024,IGN IFN brut (Etalab 2.0) ; FORMS-T (CC-BY 4.0) ; spec 054 lot 3
H10,13G,5,28.172,3189.7,gvf,66.683,568.27,35.749,0.03096,fay_herriot,forms_mnt:h_sd+alt_mean+essence+greco;log,2005-2024,IGN IFN brut (Etalab 2.0) ; FORMS-T (CC-BY 4.0) ; spec 054 lot 3
H10,14,6,36.743,434.97,gvf,50.305,237.42,30.63,0.28496,fay_herriot,forms_mnt:h_sd+alt_mean+essence+greco;log,2005-2024,IGN IFN brut (Etalab 2.0) ; FORMS-T (CC-BY 4.0) ; spec 054 lot 3
H10,15P,30,38.961,29.076,direct,37.565,23.662,12.949,0.87019,fay_herriot,forms_mnt:h_sd+alt_mean+essence+greco;log,2005-2024,IGN IFN brut (Etalab 2.0) ; FORMS-T (CC-BY 4.0) ; spec 054 lot 3
H10,15S,406,39.634,4.9972,direct,39.457,4.8366,5.5738,0.97582,fay_herriot,forms_mnt:h_sd+alt_mean+essence+greco;log,2005-2024,IGN IFN brut (Etalab 2.0) ; FORMS-T (CC-BY 4.0) ; spec 054 lot 3
H10,17C,370,52.271,12.212,direct,52.172,11.767,6.5749,0.96636,fay_herriot,forms_mnt:h_sd+alt_mean+essence+greco;log,2005-2024,IGN IFN brut (Etalab 2.0) ; FORMS-T (CC-BY 4.0) ; spec 054 lot 3
H10,18C,3,21.055,43.607,gvf,17.312,16.93,23.768,0.56623,fay_herriot,forms_mnt:h_sd+alt_mean+essence+greco;log,2005-2024,IGN IFN brut (Etalab 2.0) ; FORMS-T (CC-BY 4.0) ; spec 054 lot 3
H10,18M,33,19.748,9.7252,direct,19.361,7.9559,14.568,0.83737,fay_herriot,forms_mnt:h_sd+alt_mean+essence+greco;log,2005-2024,IGN IFN brut (Etalab 2.0) ; FORMS-T (CC-BY 4.0) ; spec 054 lot 3
H10,19,1,31.246,21142,gvf,155.68,3186.4,36.259,0.0058947,fay_herriot,forms_mnt:h_sd+alt_mean+essence+greco;log,2005-2024,IGN IFN brut (Etalab 2.0) ; FORMS-T (CC-BY 4.0) ; spec 054 lot 3
H10,20G,107,46.395,28.501,direct,45.929,25.425,10.979,0.90652,fay_herriot,forms_mnt:h_sd+alt_mean+essence+greco;log,2005-2024,IGN IFN brut (Etalab 2.0) ; FORMS-T (CC-BY 4.0) ; spec 054 lot 3
H10,20P,15,54.778,149.06,direct,50.648,92.943,19.035,0.72105,fay_herriot,forms_mnt:h_sd+alt_mean+essence+greco;log,2005-2024,IGN IFN brut (Etalab 2.0) ; FORMS-T (CC-BY 4.0) ; spec 054 lot 3
H10,21C,68,12.432,1.87,direct,13,1.8734,10.529,0.91388,fay_herriot,forms_mnt:h_sd+alt_mean+essence+greco;log,2005-2024,IGN IFN brut (Etalab 2.0) ; FORMS-T (CC-BY 4.0) ; spec 054 lot 3
H10,21M,1,4.342,295.23,gvf,14.486,28.455,36.824,0.0081331,fay_herriot,forms_mnt:h_sd+alt_mean+essence+greco;log,2005-2024,IGN IFN brut (Etalab 2.0) ; FORMS-T (CC-BY 4.0) ; spec 054 lot 3
H10,21O,157,22.096,2.6797,direct,21.978,2.5508,7.267,0.95901,fay_herriot,forms_mnt:h_sd+alt_mean+essence+greco;log,2005-2024,IGN IFN brut (Etalab 2.0) ; FORMS-T (CC-BY 4.0) ; spec 054 lot 3
H10,22M,65,29.521,16.023,direct,28.388,13.003,12.703,0.87474,fay_herriot,forms_mnt:h_sd+alt_mean+essence+greco;log,2005-2024,IGN IFN brut (Etalab 2.0) ; FORMS-T (CC-BY 4.0) ; spec 054 lot 3
H10,23AB,246,11.567,0.59046,direct,11.498,0.56495,6.5371,0.96677,fay_herriot,forms_mnt:h_sd+alt_mean+essence+greco;log,2005-2024,IGN IFN brut (Etalab 2.0) ; FORMS-T (CC-BY 4.0) ; spec 054 lot 3
H10,23AM,5,6.8068,21.42,gvf,9.6889,14.967,39.929,0.21736,fay_herriot,forms_mnt:h_sd+alt_mean+essence+greco;log,2005-2024,IGN IFN brut (Etalab 2.0) ; FORMS-T (CC-BY 4.0) ; spec 054 lot 3
H10,23PC,5,7.0626,4.3392,gvf,7.3971,2.8881,22.975,0.59612,fay_herriot,forms_mnt:h_sd+alt_mean+essence+greco;log,2005-2024,IGN IFN brut (Etalab 2.0) ; FORMS-T (CC-BY 4.0) ; spec 054 lot 3
H10,23PD,1,6.8146,102.22,gvf,12.491,20.764,36.48,0.055121,fay_herriot,forms_mnt:h_sd+alt_mean+essence+greco;log,2005-2024,IGN IFN brut (Etalab 2.0) ; FORMS-T (CC-BY 4.0) ; spec 054 lot 3
H10,23PM,4,3.3112,19.197,gvf,7.6041,7.159,35.187,0.068324,fay_herriot,forms_mnt:h_sd+alt_mean+essence+greco;log,2005-2024,IGN IFN brut (Etalab 2.0) ; FORMS-T (CC-BY 4.0) ; spec 054 lot 3
H10,23SO,126,14.415,3.8621,direct,13.623,3.0339,12.786,0.87355,fay_herriot,forms_mnt:h_sd+alt_mean+essence+greco;log,2005-2024,IGN IFN brut (Etalab 2.0) ; FORMS-T (CC-BY 4.0) ; spec 054 lot 3
H10,23SS,1,4.0164,,gvf,4.0164,,,1,direct,forms_mnt:h_sd+alt_mean+essence+greco;log,2005-2024,IGN IFN brut (Etalab 2.0) ; FORMS-T (CC-BY 4.0) ; spec 054 lot 3
H10,24,68,39.247,12.477,direct,39.562,11.946,8.7363,0.94066,fay_herriot,forms_mnt:h_sd+alt_mean+essence+greco;log,2005-2024,IGN IFN brut (Etalab 2.0) ; FORMS-T (CC-BY 4.0) ; spec 054 lot 3
H10,25B,2,17.369,271.43,gvf,47.382,263.28,34.245,0.1249,fay_herriot,forms_mnt:h_sd+alt_mean+essence+greco;log,2005-2024,IGN IFN brut (Etalab 2.0) ; FORMS-T (CC-BY 4.0) ; spec 054 lot 3
H10,25D,1,5.2817,13.75,gvf,11.485,13.838,32.39,0.20667,fay_herriot,forms_mnt:h_sd+alt_mean+essence+greco;log,2005-2024,IGN IFN brut (Etalab 2.0) ; FORMS-T (CC-BY 4.0) ; spec 054 lot 3
H10,25M,107,15.768,2.4177,direct,15.767,2.2519,9.5175,0.9296,fay_herriot,forms_mnt:h_sd+alt_mean+essence+greco;log,2005-2024,IGN IFN brut (Etalab 2.0) ; FORMS-T (CC-BY 4.0) ; spec 054 lot 3
H10,27C,3,11.426,69.028,gvf,15.848,26.799,32.666,0.19539,fay_herriot,forms_mnt:h_sd+alt_mean+essence+greco;log,2005-2024,IGN IFN brut (Etalab 2.0) ; FORMS-T (CC-BY 4.0) ; spec 054 lot 3
H10,29AF,3,9.4551,14.167,gvf,7.4355,4.1771,27.487,0.4476,fay_herriot,forms_mnt:h_sd+alt_mean+essence+greco;log,2005-2024,IGN IFN brut (Etalab 2.0) ; FORMS-T (CC-BY 4.0) ; spec 054 lot 3
H10,29MA,1,31.456,5245.1,gvf,61.225,589.17,39.645,0.02365,fay_herriot,forms_mnt:h_sd+alt_mean+essence+greco;log,2005-2024,IGN IFN brut (Etalab 2.0) ; FORMS-T (CC-BY 4.0) ; spec 054 lot 3
H10,31,71,6.3594,1.31,direct,6.6244,1.1415,16.128,0.79855,fay_herriot,forms_mnt:h_sd+alt_mean+essence+greco;log,2005-2024,IGN IFN brut (Etalab 2.0) ; FORMS-T (CC-BY 4.0) ; spec 054 lot 3
H10,33N,2,71.878,1589.3,gvf,84.991,676.76,30.608,0.29448,fay_herriot,forms_mnt:h_sd+alt_mean+essence+greco;log,2005-2024,IGN IFN brut (Etalab 2.0) ; FORMS-T (CC-BY 4.0) ; spec 054 lot 3
H10,37,1,3.2226,6.4228,gvf,10.915,13.061,33.112,0.17193,fay_herriot,forms_mnt:h_sd+alt_mean+essence+greco;log,2005-2024,IGN IFN brut (Etalab 2.0) ; FORMS-T (CC-BY 4.0) ; spec 054 lot 3
H10,38AU,8,1.6652,6.5549,gvf,5.3364,3.8709,36.869,0.05152,fay_herriot,forms_mnt:h_sd+alt_mean+essence+greco;log,2005-2024,IGN IFN brut (Etalab 2.0) ; FORMS-T (CC-BY 4.0) ; spec 054 lot 3
H10,41,1,10.59,112.44,gvf,9.1793,9.8839,34.249,0.11353,fay_herriot,forms_mnt:h_sd+alt_mean+essence+greco;log,2005-2024,IGN IFN brut (Etalab 2.0) ; FORMS-T (CC-BY 4.0) ; spec 054 lot 3
H10,49AE,1,1.4462,67.137,gvf,4.9202,4.192,41.612,0.0039843,fay_herriot,forms_mnt:h_sd+alt_mean+essence+greco;log,2005-2024,IGN IFN brut (Etalab 2.0) ; FORMS-T (CC-BY 4.0) ; spec 054 lot 3
H10,49AM,25,4.3742,0.77042,direct,4.4488,0.61055,17.564,0.76127,fay_herriot,forms_mnt:h_sd+alt_mean+essence+greco;log,2005-2024,IGN IFN brut (Etalab 2.0) ; FORMS-T (CC-BY 4.0) ; spec 054 lot 3
H10,49BS,13,2.0951,0.22898,direct,2.5275,0.24303,19.505,0.7111,fay_herriot,forms_mnt:h_sd+alt_mean+essence+greco;log,2005-2024,IGN IFN brut (Etalab 2.0) ; FORMS-T (CC-BY 4.0) ; spec 054 lot 3
H10,49IA,15,4.3173,1.1854,direct,4.6652,0.93716,20.751,0.66877,fay_herriot,forms_mnt:h_sd+alt_mean+essence+greco;log,2005-2024,IGN IFN brut (Etalab 2.0) ; FORMS-T (CC-BY 4.0) ; spec 054 lot 3
H10,49PM,1,1.1211,3.2247,gvf,5.0945,3.4626,36.526,0.047663,fay_herriot,forms_mnt:h_sd+alt_mean+essence+greco;log,2005-2024,IGN IFN brut (Etalab 2.0) ; FORMS-T (CC-BY 4.0) ; spec 054 lot 3
H10,52,54,51.918,43.863,direct,54.073,42.356,12.036,0.88752,fay_herriot,forms_mnt:h_sd+alt_mean+essence+greco;log,2005-2024,IGN IFN brut (Etalab 2.0) ; FORMS-T (CC-BY 4.0) ; spec 054 lot 3
H10,53CO,1,88.761,7311.5,gvf,118.16,1622.3,34.087,0.12154,fay_herriot,forms_mnt:h_sd+alt_mean+essence+greco;log,2005-2024,IGN IFN brut (Etalab 2.0) ; FORMS-T (CC-BY 4.0) ; spec 054 lot 3
H10,54,5,69.775,2606.7,gvf,103.56,1151,32.759,0.19343,fay_herriot,forms_mnt:h_sd+alt_mean+essence+greco;log,2005-2024,IGN IFN brut (Etalab 2.0) ; FORMS-T (CC-BY 4.0) ; spec 054 lot 3
H10,58,53,62.675,48.291,direct,63.346,45.442,10.642,0.91262,fay_herriot,forms_mnt:h_sd+alt_mean+essence+greco;log,2005-2024,IGN IFN brut (Etalab 2.0) ; FORMS-T (CC-BY 4.0) ; spec 054 lot 3
H10,61,738,158.32,38.368,direct,157.67,37.62,3.8902,0.98822,fay_herriot,forms_mnt:h_sd+alt_mean+essence+greco;log,2005-2024,IGN IFN brut (Etalab 2.0) ; FORMS-T (CC-BY 4.0) ; spec 054 lot 3
H10,62,1135,194.9,33.763,direct,194.22,33.306,2.9714,0.99313,fay_herriot,forms_mnt:h_sd+alt_mean+essence+greco;log,2005-2024,IGN IFN brut (Etalab 2.0) ; FORMS-T (CC-BY 4.0) ; spec 054 lot 3
H10,63,12,110.53,776.53,direct,108.73,512.68,20.824,0.66889,fay_herriot,forms_mnt:h_sd+alt_mean+essence+greco;log,2005-2024,IGN IFN brut (Etalab 2.0) ; FORMS-T (CC-BY 4.0) ; spec 054 lot 3
H10,64,1,103.59,45419,gvf,168.35,3642.4,35.849,0.029443,fay_herriot,forms_mnt:h_sd+alt_mean+essence+greco;log,2005-2024,IGN IFN brut (Etalab 2.0) ; FORMS-T (CC-BY 4.0) ; spec 054 lot 3
H10,67,27,7.7613,1.331,direct,8.5073,1.3817,13.817,0.85319,fay_herriot,forms_mnt:h_sd+alt_mean+essence+greco;log,2005-2024,IGN IFN brut (Etalab 2.0) ; FORMS-T (CC-BY 4.0) ; spec 054 lot 3
H10,69JC,6,3.8417,1.6371,gvf,3.6477,0.81403,24.735,0.53652,fay_herriot,forms_mnt:h_sd+alt_mean+essence+greco;log,2005-2024,IGN IFN brut (Etalab 2.0) ; FORMS-T (CC-BY 4.0) ; spec 054 lot 3
H10,73,1,21.867,34201,gvf,179.99,4473.7,37.161,0.0017919,fay_herriot,forms_mnt:h_sd+alt_mean+essence+greco;log,2005-2024,IGN IFN brut (Etalab 2.0) ; FORMS-T (CC-BY 4.0) ; spec 054 lot 3
H10,74J,1,438.42,23130,gvf,274.24,4935.1,25.617,0.51622,fay_herriot,forms_mnt:h_sd+alt_mean+essence+greco;log,2005-2024,IGN IFN brut (Etalab 2.0) ; FORMS-T (CC-BY 4.0) ; spec 054 lot 3
H21,02,8,22.917,691.47,gvf,69.744,582.14,34.595,0.088856,fay_herriot,forms_mnt:h_sd+alt_mean+essence+greco;log,2005-2024,IGN IFN brut (Etalab 2.0) ; FORMS-T (CC-BY 4.0) ; spec 054 lot 3
H21,03,95,74.972,91.447,direct,77.006,85.874,12.034,0.88754,fay_herriot,forms_mnt:h_sd+alt_mean+essence+greco;log,2005-2024,IGN IFN brut (Etalab 2.0) ; FORMS-T (CC-BY 4.0) ; spec 054 lot 3
H21,05,18,31.362,91.061,direct,38.928,82.589,23.345,0.58105,fay_herriot,forms_mnt:h_sd+alt_mean+essence+greco;log,2005-2024,IGN IFN brut (Etalab 2.0) ; FORMS-T (CC-BY 4.0) ; spec 054 lot 3
H21,09,202,80.222,39.676,direct,79.975,37.671,7.6744,0.95419,fay_herriot,forms_mnt:h_sd+alt_mean+essence+greco;log,2005-2024,IGN IFN brut (Etalab 2.0) ; FORMS-T (CC-BY 4.0) ; spec 054 lot 3
H21,10,112,89.45,55.786,direct,88.106,51.408,8.1378,0.9485,fay_herriot,forms_mnt:h_sd+alt_mean+essence+greco;log,2005-2024,IGN IFN brut (Etalab 2.0) ; FORMS-T (CC-BY 4.0) ; spec 054 lot 3
H21,11,47,24.868,9.2691,direct,26.108,9.1762,11.603,0.89547,fay_herriot,forms_mnt:h_sd+alt_mean+essence+greco;log,2005-2024,IGN IFN brut (Etalab 2.0) ; FORMS-T (CC-BY 4.0) ; spec 054 lot 3
H21,12P,2,10.939,1065.5,gvf,45.948,281.99,36.547,0.014214,fay_herriot,forms_mnt:h_sd+alt_mean+essence+greco;log,2005-2024,IGN IFN brut (Etalab 2.0) ; FORMS-T (CC-BY 4.0) ; spec 054 lot 3
H21,12V,106,37.443,13.231,direct,36.95,12.025,9.385,0.93153,fay_herriot,forms_mnt:h_sd+alt_mean+essence+greco;log,2005-2024,IGN IFN brut (Etalab 2.0) ; FORMS-T (CC-BY 4.0) ; spec 054 lot 3
H21,13B,14,25.06,43.16,direct,28.522,38.733,21.82,0.65137,fay_herriot,forms_mnt:h_sd+alt_mean+essence+greco;log,2005-2024,IGN IFN brut (Etalab 2.0) ; FORMS-T (CC-BY 4.0) ; spec 054 lot 3
H21,13G,6,143.45,2658.1,gvf,101.59,674.3,25.562,0.4985,fay_herriot,forms_mnt:h_sd+alt_mean+essence+greco;log,2005-2024,IGN IFN brut (Etalab 2.0) ; FORMS-T (CC-BY 4.0) ; spec 054 lot 3
H21,14,8,49.732,326.23,gvf,54.678,197.62,25.71,0.49328,fay_herriot,forms_mnt:h_sd+alt_mean+essence+greco;log,2005-2024,IGN IFN brut (Etalab 2.0) ; FORMS-T (CC-BY 4.0) ; spec 054 lot 3
H21,15P,10,26.834,63.826,direct,28.437,43.206,23.114,0.5916,fay_herriot,forms_mnt:h_sd+alt_mean+essence+greco;log,2005-2024,IGN IFN brut (Etalab 2.0) ; FORMS-T (CC-BY 4.0) ; spec 054 lot 3
H21,15S,147,39.126,11.666,direct,38.859,10.882,8.4892,0.94398,fay_herriot,forms_mnt:h_sd+alt_mean+essence+greco;log,2005-2024,IGN IFN brut (Etalab 2.0) ; FORMS-T (CC-BY 4.0) ; spec 054 lot 3
H21,17C,143,71.65,57.929,direct,69.815,50.661,10.195,0.91922,fay_herriot,forms_mnt:h_sd+alt_mean+essence+greco;log,2005-2024,IGN IFN brut (Etalab 2.0) ; FORMS-T (CC-BY 4.0) ; spec 054 lot 3
H21,18C,1,10.988,130.82,gvf,13.733,22.278,34.369,0.10594,fay_herriot,forms_mnt:h_sd+alt_mean+essence+greco;log,2005-2024,IGN IFN brut (Etalab 2.0) ; FORMS-T (CC-BY 4.0) ; spec 054 lot 3
H21,18M,1,13.795,283.97,gvf,17.98,41.691,35.911,0.079229,fay_herriot,forms_mnt:h_sd+alt_mean+essence+greco;log,2005-2024,IGN IFN brut (Etalab 2.0) ; FORMS-T (CC-BY 4.0) ; spec 054 lot 3
H21,20G,18,40.993,46.855,direct,41.48,39.729,15.196,0.82159,fay_herriot,forms_mnt:h_sd+alt_mean+essence+greco;log,2005-2024,IGN IFN brut (Etalab 2.0) ; FORMS-T (CC-BY 4.0) ; spec 054 lot 3
H21,20P,34,42.766,63.37,direct,42.921,50.711,16.591,0.7875,fay_herriot,forms_mnt:h_sd+alt_mean+essence+greco;log,2005-2024,IGN IFN brut (Etalab 2.0) ; FORMS-T (CC-BY 4.0) ; spec 054 lot 3
H21,21C,25,16.678,42.037,direct,19.355,26.402,26.548,0.45935,fay_herriot,forms_mnt:h_sd+alt_mean+essence+greco;log,2005-2024,IGN IFN brut (Etalab 2.0) ; FORMS-T (CC-BY 4.0) ; spec 054 lot 3
H21,21M,1,3.1063,295.23,gvf,15.284,31.827,36.911,0.0041791,fay_herriot,forms_mnt:h_sd+alt_mean+essence+greco;log,2005-2024,IGN IFN brut (Etalab 2.0) ; FORMS-T (CC-BY 4.0) ; spec 054 lot 3
H21,21O,25,17.6,10.19,direct,18.135,8.7537,16.314,0.79606,fay_herriot,forms_mnt:h_sd+alt_mean+essence+greco;log,2005-2024,IGN IFN brut (Etalab 2.0) ; FORMS-T (CC-BY 4.0) ; spec 054 lot 3
H21,22G,1,7.4133,123.18,gvf,11.804,18.793,36.724,0.054185,fay_herriot,forms_mnt:h_sd+alt_mean+essence+greco;log,2005-2024,IGN IFN brut (Etalab 2.0) ; FORMS-T (CC-BY 4.0) ; spec 054 lot 3
H21,22M,49,22.565,10.078,direct,22.585,8.7781,13.119,0.86644,fay_herriot,forms_mnt:h_sd+alt_mean+essence+greco;log,2005-2024,IGN IFN brut (Etalab 2.0) ; FORMS-T (CC-BY 4.0) ; spec 054 lot 3
H21,23AB,27,10.665,2.8845,direct,10.581,2.3891,14.608,0.83507,fay_herriot,forms_mnt:h_sd+alt_mean+essence+greco;log,2005-2024,IGN IFN brut (Etalab 2.0) ; FORMS-T (CC-BY 4.0) ; spec 054 lot 3
H21,23AM,4,16.977,26.776,gvf,14.279,14.448,26.621,0.58022,fay_herriot,forms_mnt:h_sd+alt_mean+essence+greco;log,2005-2024,IGN IFN brut (Etalab 2.0) ; FORMS-T (CC-BY 4.0) ; spec 054 lot 3
H21,23PC,2,5.363,10.848,gvf,7.4484,5.488,31.452,0.25398,fay_herriot,forms_mnt:h_sd+alt_mean+essence+greco;log,2005-2024,IGN IFN brut (Etalab 2.0) ; FORMS-T (CC-BY 4.0) ; spec 054 lot 3
H21,23PM,4,14.385,19.197,gvf,11.536,7.285,23.397,0.58053,fay_herriot,forms_mnt:h_sd+alt_mean+essence+greco;log,2005-2024,IGN IFN brut (Etalab 2.0) ; FORMS-T (CC-BY 4.0) ; spec 054 lot 3
H21,23SO,64,11.636,2.3649,direct,11.384,2.0057,12.44,0.88025,fay_herriot,forms_mnt:h_sd+alt_mean+essence+greco;log,2005-2024,IGN IFN brut (Etalab 2.0) ; FORMS-T (CC-BY 4.0) ; spec 054 lot 3
H21,24,35,41.139,44.21,direct,42.113,38.679,14.768,0.83095,fay_herriot,forms_mnt:h_sd+alt_mean+essence+greco;log,2005-2024,IGN IFN brut (Etalab 2.0) ; FORMS-T (CC-BY 4.0) ; spec 054 lot 3
H21,25B,1,47.445,542.85,gvf,53.789,250.47,29.423,0.34745,fay_herriot,forms_mnt:h_sd+alt_mean+essence+greco;log,2005-2024,IGN IFN brut (Etalab 2.0) ; FORMS-T (CC-BY 4.0) ; spec 054 lot 3
H21,25M,44,14.412,2.8635,direct,14.609,2.6644,11.173,0.90305,fay_herriot,forms_mnt:h_sd+alt_mean+essence+greco;log,2005-2024,IGN IFN brut (Etalab 2.0) ; FORMS-T (CC-BY 4.0) ; spec 054 lot 3
H21,27C,7,12.782,29.584,gvf,15.64,18.824,27.741,0.41491,fay_herriot,forms_mnt:h_sd+alt_mean+essence+greco;log,2005-2024,IGN IFN brut (Etalab 2.0) ; FORMS-T (CC-BY 4.0) ; spec 054 lot 3
H21,29MA,1,5.2621,5245.1,gvf,65.327,689.81,40.204,0.00067741,fay_herriot,forms_mnt:h_sd+alt_mean+essence+greco;log,2005-2024,IGN IFN brut (Etalab 2.0) ; FORMS-T (CC-BY 4.0) ; spec 054 lot 3
H21,31,46,5.8486,0.73903,direct,6.1393,0.69987,13.627,0.85597,fay_herriot,forms_mnt:h_sd+alt_mean+essence+greco;log,2005-2024,IGN IFN brut (Etalab 2.0) ; FORMS-T (CC-BY 4.0) ; spec 054 lot 3
H21,33N,5,70.502,635.73,gvf,82.186,443.48,25.624,0.50098,fay_herriot,forms_mnt:h_sd+alt_mean+essence+greco;log,2005-2024,IGN IFN brut (Etalab 2.0) ; FORMS-T (CC-BY 4.0) ; spec 054 lot 3
H21,37,5,3.931,1.2846,gvf,6.6165,2.2427,22.634,0.60702,fay_herriot,forms_mnt:h_sd+alt_mean+essence+greco;log,2005-2024,IGN IFN brut (Etalab 2.0) ; FORMS-T (CC-BY 4.0) ; spec 054 lot 3
H21,49AM,9,6.8279,1.4332,gvf,6.4136,1.0256,15.79,0.80683,fay_herriot,forms_mnt:h_sd+alt_mean+essence+greco;log,2005-2024,IGN IFN brut (Etalab 2.0) ; FORMS-T (CC-BY 4.0) ; spec 054 lot 3
H21,49IA,4,4.2389,3.1241,gvf,5.0452,1.9203,27.466,0.4248,fay_herriot,forms_mnt:h_sd+alt_mean+essence+greco;log,2005-2024,IGN IFN brut (Etalab 2.0) ; FORMS-T (CC-BY 4.0) ; spec 054 lot 3
H21,49PM,1,1.7205,3.2247,gvf,5.0865,3.2283,35.324,0.10544,fay_herriot,forms_mnt:h_sd+alt_mean+essence+greco;log,2005-2024,IGN IFN brut (Etalab 2.0) ; FORMS-T (CC-BY 4.0) ; spec 054 lot 3
H21,49PS,1,1.013,57.909,gvf,5.5051,4.142,36.969,0.0022703,fay_herriot,forms_mnt:h_sd+alt_mean+essence+greco;log,2005-2024,IGN IFN brut (Etalab 2.0) ; FORMS-T (CC-BY 4.0) ; spec 054 lot 3
H21,49SN,1,8.6337,28.826,gvf,5.3066,2.7977,31.52,0.24927,fay_herriot,forms_mnt:h_sd+alt_mean+essence+greco;log,2005-2024,IGN IFN brut (Etalab 2.0) ; FORMS-T (CC-BY 4.0) ; spec 054 lot 3
H21,52,50,64.8,99.302,direct,66.748,89.347,14.161,0.84447,fay_herriot,forms_mnt:h_sd+alt_mean+essence+greco;log,2005-2024,IGN IFN brut (Etalab 2.0) ; FORMS-T (CC-BY 4.0) ; spec 054 lot 3
H21,53CO,1,64.224,7311.5,gvf,123.32,1879.3,35.152,0.067545,fay_herriot,forms_mnt:h_sd+alt_mean+essence+greco;log,2005-2024,IGN IFN brut (Etalab 2.0) ; FORMS-T (CC-BY 4.0) ; spec 054 lot 3
H21,54,1,71.775,13034,gvf,116.81,1738.9,35.698,0.048301,fay_herriot,forms_mnt:h_sd+alt_mean+essence+greco;log,2005-2024,IGN IFN brut (Etalab 2.0) ; FORMS-T (CC-BY 4.0) ; spec 054 lot 3
H21,58,1,33.003,3708.8,gvf,72.296,711.83,36.904,0.036339,fay_herriot,forms_mnt:h_sd+alt_mean+essence+greco;log,2005-2024,IGN IFN brut (Etalab 2.0) ; FORMS-T (CC-BY 4.0) ; spec 054 lot 3
H21,59,5,25.739,487.39,gvf,62.539,449.33,33.895,0.1486,fay_herriot,forms_mnt:h_sd+alt_mean+essence+greco;log,2005-2024,IGN IFN brut (Etalab 2.0) ; FORMS-T (CC-BY 4.0) ; spec 054 lot 3
H21,61,198,137.88,90.658,direct,137.08,86.511,6.7851,0.96419,fay_herriot,forms_mnt:h_sd+alt_mean+essence+greco;log,2005-2024,IGN IFN brut (Etalab 2.0) ; FORMS-T (CC-BY 4.0) ; spec 054 lot 3
H21,62,458,211.27,84.778,direct,209.62,82.286,4.3274,0.98542,fay_herriot,forms_mnt:h_sd+alt_mean+essence+greco;log,2005-2024,IGN IFN brut (Etalab 2.0) ; FORMS-T (CC-BY 4.0) ; spec 054 lot 3
H21,63,24,104.47,786.77,direct,106.64,536.4,21.718,0.64046,fay_herriot,forms_mnt:h_sd+alt_mean+essence+greco;log,2005-2024,IGN IFN brut (Etalab 2.0) ; FORMS-T (CC-BY 4.0) ; spec 054 lot 3
H21,64,2,82.682,22710,gvf,174.57,3885.3,35.707,0.037215,fay_herriot,forms_mnt:h_sd+alt_mean+essence+greco;log,2005-2024,IGN IFN brut (Etalab 2.0) ; FORMS-T (CC-BY 4.0) ; spec 054 lot 3
H21,67,1,10.755,32.759,gvf,13.677,17.504,30.59,0.31195,fay_herriot,forms_mnt:h_sd+alt_mean+essence+greco;log,2005-2024,IGN IFN brut (Etalab 2.0) ; FORMS-T (CC-BY 4.0) ; spec 054 lot 3
H21,69JC,1,1.9049,9.8226,gvf,3.5097,1.5959,35.994,0.045287,fay_herriot,forms_mnt:h_sd+alt_mean+essence+greco;log,2005-2024,IGN IFN brut (Etalab 2.0) ; FORMS-T (CC-BY 4.0) ; spec 054 lot 3
H22,02,4,89.707,1382.9,gvf,74.481,413.94,27.317,0.42765,fay_herriot,forms_mnt:h_sd+alt_mean+essence+greco;log,2005-2024,IGN IFN brut (Etalab 2.0) ; FORMS-T (CC-BY 4.0) ; spec 054 lot 3
H22,03,35,62.416,76.418,direct,64.428,70.881,13.067,0.86748,fay_herriot,forms_mnt:h_sd+alt_mean+essence+greco;log,2005-2024,IGN IFN brut (Etalab 2.0) ; FORMS-T (CC-BY 4.0) ; spec 054 lot 3
H22,05,8,38.479,158.65,gvf,40.814,98.667,24.337,0.54511,fay_herriot,forms_mnt:h_sd+alt_mean+essence+greco;log,2005-2024,IGN IFN brut (Etalab 2.0) ; FORMS-T (CC-BY 4.0) ; spec 054 lot 3
H22,09,92,111.91,144.46,direct,106.67,120.69,10.299,0.91757,fay_herriot,forms_mnt:h_sd+alt_mean+essence+greco;log,2005-2024,IGN IFN brut (Etalab 2.0) ; FORMS-T (CC-BY 4.0) ; spec 054 lot 3
H22,10,10,50.712,648.9,direct,53.897,251.52,29.426,0.33726,fay_herriot,forms_mnt:h_sd+alt_mean+essence+greco;log,2005-2024,IGN IFN brut (Etalab 2.0) ; FORMS-T (CC-BY 4.0) ; spec 054 lot 3
H22,11,6,16.734,76.143,gvf,26.554,62.7,29.82,0.32076,fay_herriot,forms_mnt:h_sd+alt_mean+essence+greco;log,2005-2024,IGN IFN brut (Etalab 2.0) ; FORMS-T (CC-BY 4.0) ; spec 054 lot 3
H22,12P,1,1.3975,2131.1,gvf,39.095,207.41,36.838,0.00011766,fay_herriot,forms_mnt:h_sd+alt_mean+essence+greco;log,2005-2024,IGN IFN brut (Etalab 2.0) ; FORMS-T (CC-BY 4.0) ; spec 054 lot 3
H22,12V,71,38.635,28.465,direct,36.655,22.389,12.909,0.87069,fay_herriot,forms_mnt:h_sd+alt_mean+essence+greco;log,2005-2024,IGN IFN brut (Etalab 2.0) ; FORMS-T (CC-BY 4.0) ; spec 054 lot 3
H22,13B,22,36.073,112.24,direct,33.624,62.621,23.535,0.59818,fay_herriot,forms_mnt:h_sd+alt_mean+essence+greco;log,2005-2024,IGN IFN brut (Etalab 2.0) ; FORMS-T (CC-BY 4.0) ; spec 054 lot 3
H22,14,1,6.4501,2609.8,gvf,49.787,327.51,36.349,0.0020427,fay_herriot,forms_mnt:h_sd+alt_mean+essence+greco;log,2005-2024,IGN IFN brut (Etalab 2.0) ; FORMS-T (CC-BY 4.0) ; spec 054 lot 3
H22,15P,7,18.4,108.08,gvf,23.409,51.835,30.756,0.28684,fay_herriot,forms_mnt:h_sd+alt_mean+essence+greco;log,2005-2024,IGN IFN brut (Etalab 2.0) ; FORMS-T (CC-BY 4.0) ; spec 054 lot 3
H22,15S,78,33.185,15.919,direct,32.72,13.958,11.418,0.89881,fay_herriot,forms_mnt:h_sd+alt_mean+essence+greco;log,2005-2024,IGN IFN brut (Etalab 2.0) ; FORMS-T (CC-BY 4.0) ; spec 054 lot 3
H22,17C,121,62.136,32.92,direct,60.756,29.563,8.9491,0.93773,fay_herriot,forms_mnt:h_sd+alt_mean+essence+greco;log,2005-2024,IGN IFN brut (Etalab 2.0) ; FORMS-T (CC-BY 4.0) ; spec 054 lot 3
H22,18C,2,9.8833,65.411,gvf,11.433,14.475,33.278,0.1609,fay_herriot,forms_mnt:h_sd+alt_mean+essence+greco;log,2005-2024,IGN IFN brut (Etalab 2.0) ; FORMS-T (CC-BY 4.0) ; spec 054 lot 3
H22,18M,5,6.0789,56.794,gvf,14.281,26.378,35.964,0.077105,fay_herriot,forms_mnt:h_sd+alt_mean+essence+greco;log,2005-2024,IGN IFN brut (Etalab 2.0) ; FORMS-T (CC-BY 4.0) ; spec 054 lot 3
H22,20G,12,37.339,92.991,direct,37.055,61.194,21.111,0.65814,fay_herriot,forms_mnt:h_sd+alt_mean+essence+greco;log,2005-2024,IGN IFN brut (Etalab 2.0) ; FORMS-T (CC-BY 4.0) ; spec 054 lot 3
H22,20P,7,79.796,295.71,gvf,64.717,144.46,18.572,0.73438,fay_herriot,forms_mnt:h_sd+alt_mean+essence+greco;log,2005-2024,IGN IFN brut (Etalab 2.0) ; FORMS-T (CC-BY 4.0) ; spec 054 lot 3
H22,21C,25,11.346,5.1141,direct,12.705,4.9313,17.479,0.76371,fay_herriot,forms_mnt:h_sd+alt_mean+essence+greco;log,2005-2024,IGN IFN brut (Etalab 2.0) ; FORMS-T (CC-BY 4.0) ; spec 054 lot 3
H22,21M,4,25.681,73.807,gvf,18.589,21.297,24.826,0.53432,fay_herriot,forms_mnt:h_sd+alt_mean+essence+greco;log,2005-2024,IGN IFN brut (Etalab 2.0) ; FORMS-T (CC-BY 4.0) ; spec 054 lot 3
H22,21O,28,13.245,7.0052,direct,14.052,6.1276,17.616,0.76278,fay_herriot,forms_mnt:h_sd+alt_mean+essence+greco;log,2005-2024,IGN IFN brut (Etalab 2.0) ; FORMS-T (CC-BY 4.0) ; spec 054 lot 3
H22,22C,1,8.351,56.621,gvf,9.5414,12.472,37.013,0.13656,fay_herriot,forms_mnt:h_sd+alt_mean+essence+greco;log,2005-2024,IGN IFN brut (Etalab 2.0) ; FORMS-T (CC-BY 4.0) ; spec 054 lot 3
H22,22G,10,15.35,12.872,direct,13.551,7.2856,19.919,0.70154,fay_herriot,forms_mnt:h_sd+alt_mean+essence+greco;log,2005-2024,IGN IFN brut (Etalab 2.0) ; FORMS-T (CC-BY 4.0) ; spec 054 lot 3
H22,22M,34,22.576,25.336,direct,21.496,16.681,19,0.72091,fay_herriot,forms_mnt:h_sd+alt_mean+essence+greco;log,2005-2024,IGN IFN brut (Etalab 2.0) ; FORMS-T (CC-BY 4.0) ; spec 054 lot 3
H22,23AB,64,10.488,3.2342,direct,10.08,2.4514,15.533,0.81368,fay_herriot,forms_mnt:h_sd+alt_mean+essence+greco;log,2005-2024,IGN IFN brut (Etalab 2.0) ; FORMS-T (CC-BY 4.0) ; spec 054 lot 3
H22,23AM,4,3.698,26.776,gvf,8.8502,16.106,45.346,0.061545,fay_herriot,forms_mnt:h_sd+alt_mean+essence+greco;log,2005-2024,IGN IFN brut (Etalab 2.0) ; FORMS-T (CC-BY 4.0) ; spec 054 lot 3
H22,23PC,2,4.8644,10.848,gvf,6.4244,4.283,32.214,0.2188,fay_herriot,forms_mnt:h_sd+alt_mean+essence+greco;log,2005-2024,IGN IFN brut (Etalab 2.0) ; FORMS-T (CC-BY 4.0) ; spec 054 lot 3
H22,23PM,4,10.711,19.197,gvf,8.4791,5.3379,27.248,0.43419,fay_herriot,forms_mnt:h_sd+alt_mean+essence+greco;log,2005-2024,IGN IFN brut (Etalab 2.0) ; FORMS-T (CC-BY 4.0) ; spec 054 lot 3
H22,23SO,43,11.298,3.437,direct,10.66,2.5533,14.989,0.82664,fay_herriot,forms_mnt:h_sd+alt_mean+essence+greco;log,2005-2024,IGN IFN brut (Etalab 2.0) ; FORMS-T (CC-BY 4.0) ; spec 054 lot 3
H22,24,37,45.854,48.748,direct,44.801,39.59,14.044,0.84705,fay_herriot,forms_mnt:h_sd+alt_mean+essence+greco;log,2005-2024,IGN IFN brut (Etalab 2.0) ; FORMS-T (CC-BY 4.0) ; spec 054 lot 3
H22,25B,5,13.34,108.57,gvf,38.385,162.93,33.253,0.17386,fay_herriot,forms_mnt:h_sd+alt_mean+essence+greco;log,2005-2024,IGN IFN brut (Etalab 2.0) ; FORMS-T (CC-BY 4.0) ; spec 054 lot 3
H22,25C,1,3.2206,674.34,gvf,14.879,29.972,36.794,0.0019712,fay_herriot,forms_mnt:h_sd+alt_mean+essence+greco;log,2005-2024,IGN IFN brut (Etalab 2.0) ; FORMS-T (CC-BY 4.0) ; spec 054 lot 3
H22,25E5,1,28.381,262.08,gvf,15.61,23.043,30.751,0.28297,fay_herriot,forms_mnt:h_sd+alt_mean+essence+greco;log,2005-2024,IGN IFN brut (Etalab 2.0) ; FORMS-T (CC-BY 4.0) ; spec 054 lot 3
H22,25FR,1,3.1925,3735.6,gvf,50.605,375.18,38.276,0.00035022,fay_herriot,forms_mnt:h_sd+alt_mean+essence+greco;log,2005-2024,IGN IFN brut (Etalab 2.0) ; FORMS-T (CC-BY 4.0) ; spec 054 lot 3
H22,25M,43,12.959,5.6157,direct,13.132,4.6031,16.338,0.79338,fay_herriot,forms_mnt:h_sd+alt_mean+essence+greco;log,2005-2024,IGN IFN brut (Etalab 2.0) ; FORMS-T (CC-BY 4.0) ; spec 054 lot 3
H22,27C,8,19.04,25.886,gvf,17.503,14.272,21.584,0.64263,fay_herriot,forms_mnt:h_sd+alt_mean+essence+greco;log,2005-2024,IGN IFN brut (Etalab 2.0) ; FORMS-T (CC-BY 4.0) ; spec 054 lot 3
H22,29AF,2,14.277,21.25,gvf,9.2092,5.1405,24.62,0.5519,fay_herriot,forms_mnt:h_sd+alt_mean+essence+greco;log,2005-2024,IGN IFN brut (Etalab 2.0) ; FORMS-T (CC-BY 4.0) ; spec 054 lot 3
H22,31,20,3.862,0.74085,direct,4.5276,0.74004,19,0.72107,fay_herriot,forms_mnt:h_sd+alt_mean+essence+greco;log,2005-2024,IGN IFN brut (Etalab 2.0) ; FORMS-T (CC-BY 4.0) ; spec 054 lot 3
H22,33N,4,102.32,794.66,gvf,93.347,423.35,22.042,0.62847,fay_herriot,forms_mnt:h_sd+alt_mean+essence+greco;log,2005-2024,IGN IFN brut (Etalab 2.0) ; FORMS-T (CC-BY 4.0) ; spec 054 lot 3
H22,37,2,1.5201,3.2114,gvf,10.329,12.969,34.865,0.084573,fay_herriot,forms_mnt:h_sd+alt_mean+essence+greco;log,2005-2024,IGN IFN brut (Etalab 2.0) ; FORMS-T (CC-BY 4.0) ; spec 054 lot 3
H22,49AM,5,1.3825,2.5797,gvf,3.7449,1.6836,34.648,0.086866,fay_herriot,forms_mnt:h_sd+alt_mean+essence+greco;log,2005-2024,IGN IFN brut (Etalab 2.0) ; FORMS-T (CC-BY 4.0) ; spec 054 lot 3
H22,49BO,1,11.2,6.0685,gvf,6.9233,1.7156,18.919,0.72633,fay_herriot,forms_mnt:h_sd+alt_mean+essence+greco;log,2005-2024,IGN IFN brut (Etalab 2.0) ; FORMS-T (CC-BY 4.0) ; spec 054 lot 3
H22,49PM,2,1.9223,1.6123,gvf,3.9102,1.6297,32.648,0.22737,fay_herriot,forms_mnt:h_sd+alt_mean+essence+greco;log,2005-2024,IGN IFN brut (Etalab 2.0) ; FORMS-T (CC-BY 4.0) ; spec 054 lot 3
H22,49SN,3,3.3318,9.6085,gvf,3.7053,1.5899,34.03,0.12918,fay_herriot,forms_mnt:h_sd+alt_mean+essence+greco;log,2005-2024,IGN IFN brut (Etalab 2.0) ; FORMS-T (CC-BY 4.0) ; spec 054 lot 3
H22,52,86,68.218,62.951,direct,67.941,56.634,11.077,0.90469,fay_herriot,forms_mnt:h_sd+alt_mean+essence+greco;log,2005-2024,IGN IFN brut (Etalab 2.0) ; FORMS-T (CC-BY 4.0) ; spec 054 lot 3
H22,53CO,1,322.56,7311.5,gvf,218.9,2203.8,21.445,0.6463,fay_herriot,forms_mnt:h_sd+alt_mean+essence+greco;log,2005-2024,IGN IFN brut (Etalab 2.0) ; FORMS-T (CC-BY 4.0) ; spec 054 lot 3
H22,54,3,186.94,4344.6,gvf,137.31,1217.4,25.412,0.50807,fay_herriot,forms_mnt:h_sd+alt_mean+essence+greco;log,2005-2024,IGN IFN brut (Etalab 2.0) ; FORMS-T (CC-BY 4.0) ; spec 054 lot 3
H22,58,32,84.809,160.63,direct,80.98,126.66,13.897,0.85184,fay_herriot,forms_mnt:h_sd+alt_mean+essence+greco;log,2005-2024,IGN IFN brut (Etalab 2.0) ; FORMS-T (CC-BY 4.0) ; spec 054 lot 3
H22,59,33,72.989,162.35,direct,70.493,123.81,15.784,0.80819,fay_herriot,forms_mnt:h_sd+alt_mean+essence+greco;log,2005-2024,IGN IFN brut (Etalab 2.0) ; FORMS-T (CC-BY 4.0) ; spec 054 lot 3
H22,61,115,119.95,131.7,direct,118.33,119.91,9.2544,0.93346,fay_herriot,forms_mnt:h_sd+alt_mean+essence+greco;log,2005-2024,IGN IFN brut (Etalab 2.0) ; FORMS-T (CC-BY 4.0) ; spec 054 lot 3
H22,62,339,145.6,64.842,direct,144.43,62.371,5.468,0.97673,fay_herriot,forms_mnt:h_sd+alt_mean+essence+greco;log,2005-2024,IGN IFN brut (Etalab 2.0) ; FORMS-T (CC-BY 4.0) ; spec 054 lot 3
H22,63,113,109.83,101.02,direct,108.66,93.175,8.8835,0.93877,fay_herriot,forms_mnt:h_sd+alt_mean+essence+greco;log,2005-2024,IGN IFN brut (Etalab 2.0) ; FORMS-T (CC-BY 4.0) ; spec 054 lot 3
H22,67,1,2.8445,32.759,gvf,12.144,19.901,36.735,0.030739,fay_herriot,forms_mnt:h_sd+alt_mean+essence+greco;log,2005-2024,IGN IFN brut (Etalab 2.0) ; FORMS-T (CC-BY 4.0) ; spec 054 lot 3
H30,03,11,35.907,152.73,direct,47.642,141.7,24.986,0.52014,fay_herriot,forms_mnt:h_sd+alt_mean+essence+greco;log,2005-2024,IGN IFN brut (Etalab 2.0) ; FORMS-T (CC-BY 4.0) ; spec 054 lot 3
H30,05,1233,32.023,1.0367,direct,32.051,1.0306,3.1675,0.99219,fay_herriot,forms_mnt:h_sd+alt_mean+essence+greco;log,2005-2024,IGN IFN brut (Etalab 2.0) ; FORMS-T (CC-BY 4.0) ; spec 054 lot 3
H30,06,82,17.897,4.7403,direct,18.373,4.5074,11.555,0.89665,fay_herriot,forms_mnt:h_sd+alt_mean+essence+greco;log,2005-2024,IGN IFN brut (Etalab 2.0) ; FORMS-T (CC-BY 4.0) ; spec 054 lot 3
H30,07,1,5.6444,1948.8,gvf,27.837,109.13,37.526,0.0020947,fay_herriot,forms_mnt:h_sd+alt_mean+essence+greco;log,2005-2024,IGN IFN brut (Etalab 2.0) ; FORMS-T (CC-BY 4.0) ; spec 054 lot 3
H30,09,650,71.054,10.035,direct,70.697,9.7869,4.4251,0.98476,fay_herriot,forms_mnt:h_sd+alt_mean+essence+greco;log,2005-2024,IGN IFN brut (Etalab 2.0) ; FORMS-T (CC-BY 4.0) ; spec 054 lot 3
H30,10,15,28.153,28.016,direct,31.209,27.165,16.7,0.78414,fay_herriot,forms_mnt:h_sd+alt_mean+essence+greco;log,2005-2024,IGN IFN brut (Etalab 2.0) ; FORMS-T (CC-BY 4.0) ; spec 054 lot 3
H30,12V,9,15.919,150.37,gvf,19.986,43.165,32.874,0.17789,fay_herriot,forms_mnt:h_sd+alt_mean+essence+greco;log,2005-2024,IGN IFN brut (Etalab 2.0) ; FORMS-T (CC-BY 4.0) ; spec 054 lot 3
H30,13B,17,25.475,46.512,direct,25.202,31.157,22.149,0.64178,fay_herriot,forms_mnt:h_sd+alt_mean+essence+greco;log,2005-2024,IGN IFN brut (Etalab 2.0) ; FORMS-T (CC-BY 4.0) ; spec 054 lot 3
H30,13G,6,41.062,2658.1,gvf,48.407,286.21,34.948,0.075315,fay_herriot,forms_mnt:h_sd+alt_mean+essence+greco;log,2005-2024,IGN IFN brut (Etalab 2.0) ; FORMS-T (CC-BY 4.0) ; spec 054 lot 3
H30,14,9,13.52,289.98,gvf,37.569,172.78,34.988,0.074882,fay_herriot,forms_mnt:h_sd+alt_mean+essence+greco;log,2005-2024,IGN IFN brut (Etalab 2.0) ; FORMS-T (CC-BY 4.0) ; spec 054 lot 3
H30,15P,5,42.834,151.31,gvf,32.444,53.872,22.623,0.60891,fay_herriot,forms_mnt:h_sd+alt_mean+essence+greco;log,2005-2024,IGN IFN brut (Etalab 2.0) ; FORMS-T (CC-BY 4.0) ; spec 054 lot 3
H30,15S,44,32.119,37.296,direct,30.006,25.598,16.862,0.78031,fay_herriot,forms_mnt:h_sd+alt_mean+essence+greco;log,2005-2024,IGN IFN brut (Etalab 2.0) ; FORMS-T (CC-BY 4.0) ; spec 054 lot 3
H30,17C,50,27.071,33.334,direct,29.031,28.512,18.393,0.73842,fay_herriot,forms_mnt:h_sd+alt_mean+essence+greco;log,2005-2024,IGN IFN brut (Etalab 2.0) ; FORMS-T (CC-BY 4.0) ; spec 054 lot 3
H30,17O,1,1.4016,2053.8,gvf,32.403,144.73,37.127,0.00012281,fay_herriot,forms_mnt:h_sd+alt_mean+essence+greco;log,2005-2024,IGN IFN brut (Etalab 2.0) ; FORMS-T (CC-BY 4.0) ; spec 054 lot 3
H30,18C,6,9.3753,21.804,gvf,9.5204,7.8459,29.421,0.34108,fay_herriot,forms_mnt:h_sd+alt_mean+essence+greco;log,2005-2024,IGN IFN brut (Etalab 2.0) ; FORMS-T (CC-BY 4.0) ; spec 054 lot 3
H30,18M,1,3.1598,283.97,gvf,12.441,21.795,37.524,0.0044944,fay_herriot,forms_mnt:h_sd+alt_mean+essence+greco;log,2005-2024,IGN IFN brut (Etalab 2.0) ; FORMS-T (CC-BY 4.0) ; spec 054 lot 3
H30,20G,24,10.961,3.3531,direct,13.105,3.9703,15.205,0.82146,fay_herriot,forms_mnt:h_sd+alt_mean+essence+greco;log,2005-2024,IGN IFN brut (Etalab 2.0) ; FORMS-T (CC-BY 4.0) ; spec 054 lot 3
H30,20P,9,11.726,230,gvf,27.712,95.285,35.224,0.07129,fay_herriot,forms_mnt:h_sd+alt_mean+essence+greco;log,2005-2024,IGN IFN brut (Etalab 2.0) ; FORMS-T (CC-BY 4.0) ; spec 054 lot 3
H30,21C,105,15.158,5.0566,direct,15.127,4.3189,13.738,0.85369,fay_herriot,forms_mnt:h_sd+alt_mean+essence+greco;log,2005-2024,IGN IFN brut (Etalab 2.0) ; FORMS-T (CC-BY 4.0) ; spec 054 lot 3
H30,21M,42,7.6318,4.0703,direct,8.5319,3.3721,21.523,0.64757,fay_herriot,forms_mnt:h_sd+alt_mean+essence+greco;log,2005-2024,IGN IFN brut (Etalab 2.0) ; FORMS-T (CC-BY 4.0) ; spec 054 lot 3
H30,21O,330,13.669,0.76558,direct,13.676,0.74449,6.3093,0.96908,fay_herriot,forms_mnt:h_sd+alt_mean+essence+greco;log,2005-2024,IGN IFN brut (Etalab 2.0) ; FORMS-T (CC-BY 4.0) ; spec 054 lot 3
H30,22C,1,5.9964,56.621,gvf,7.7863,9.0194,38.57,0.075394,fay_herriot,forms_mnt:h_sd+alt_mean+essence+greco;log,2005-2024,IGN IFN brut (Etalab 2.0) ; FORMS-T (CC-BY 4.0) ; spec 054 lot 3
H30,22M,27,6.0438,2.3643,direct,8.2795,2.978,20.843,0.66486,fay_herriot,forms_mnt:h_sd+alt_mean+essence+greco;log,2005-2024,IGN IFN brut (Etalab 2.0) ; FORMS-T (CC-BY 4.0) ; spec 054 lot 3
H30,23AB,376,7.2196,0.17698,direct,7.2116,0.17226,5.7552,0.97424,fay_herriot,forms_mnt:h_sd+alt_mean+essence+greco;log,2005-2024,IGN IFN brut (Etalab 2.0) ; FORMS-T (CC-BY 4.0) ; spec 054 lot 3
H30,23AM,2,1.7118,53.551,gvf,7.5699,12.804,47.269,0.0069772,fay_herriot,forms_mnt:h_sd+alt_mean+essence+greco;log,2005-2024,IGN IFN brut (Etalab 2.0) ; FORMS-T (CC-BY 4.0) ; spec 054 lot 3
H30,23C,10,5.127,1.4847,direct,5.8283,1.3574,19.99,0.6945,fay_herriot,forms_mnt:h_sd+alt_mean+essence+greco;log,2005-2024,IGN IFN brut (Etalab 2.0) ; FORMS-T (CC-BY 4.0) ; spec 054 lot 3
H30,23PA,5,12.54,13.533,gvf,10.503,6.7037,24.651,0.59871,fay_herriot,forms_mnt:h_sd+alt_mean+essence+greco;log,2005-2024,IGN IFN brut (Etalab 2.0) ; FORMS-T (CC-BY 4.0) ; spec 054 lot 3
H30,23PC,27,5.8465,0.78506,direct,5.8191,0.66445,14.008,0.84827,fay_herriot,forms_mnt:h_sd+alt_mean+essence+greco;log,2005-2024,IGN IFN brut (Etalab 2.0) ; FORMS-T (CC-BY 4.0) ; spec 054 lot 3
H30,23PM,5,6.4447,15.358,gvf,5.9481,3.4732,31.332,0.25775,fay_herriot,forms_mnt:h_sd+alt_mean+essence+greco;log,2005-2024,IGN IFN brut (Etalab 2.0) ; FORMS-T (CC-BY 4.0) ; spec 054 lot 3
H30,23SO,22,12.512,15.16,direct,9.5023,5.1085,23.786,0.57007,fay_herriot,forms_mnt:h_sd+alt_mean+essence+greco;log,2005-2024,IGN IFN brut (Etalab 2.0) ; FORMS-T (CC-BY 4.0) ; spec 054 lot 3
H30,24,29,66.588,235.9,direct,53.799,109.84,19.481,0.70704,fay_herriot,forms_mnt:h_sd+alt_mean+essence+greco;log,2005-2024,IGN IFN brut (Etalab 2.0) ; FORMS-T (CC-BY 4.0) ; spec 054 lot 3
H30,25B,9,17.229,60.317,gvf,28.484,65.919,28.504,0.38723,fay_herriot,forms_mnt:h_sd+alt_mean+essence+greco;log,2005-2024,IGN IFN brut (Etalab 2.0) ; FORMS-T (CC-BY 4.0) ; spec 054 lot 3
H30,25D,2,0.754,6.8752,gvf,9.7937,12.663,36.335,0.010506,fay_herriot,forms_mnt:h_sd+alt_mean+essence+greco;log,2005-2024,IGN IFN brut (Etalab 2.0) ; FORMS-T (CC-BY 4.0) ; spec 054 lot 3
H30,25M,21,16.118,8.8912,direct,14.952,6.0811,16.493,0.78956,fay_herriot,forms_mnt:h_sd+alt_mean+essence+greco;log,2005-2024,IGN IFN brut (Etalab 2.0) ; FORMS-T (CC-BY 4.0) ; spec 054 lot 3
H30,25V,1,2.7473,339.61,gvf,19.966,84.333,45.996,0.0028456,fay_herriot,forms_mnt:h_sd+alt_mean+essence+greco;log,2005-2024,IGN IFN brut (Etalab 2.0) ; FORMS-T (CC-BY 4.0) ; spec 054 lot 3
H30,27C,5,22.759,41.417,gvf,17.961,16.167,22.386,0.61624,fay_herriot,forms_mnt:h_sd+alt_mean+essence+greco;log,2005-2024,IGN IFN brut (Etalab 2.0) ; FORMS-T (CC-BY 4.0) ; spec 054 lot 3
H30,28,2,8.3678,158.38,gvf,9.4677,13.802,39.24,0.053719,fay_herriot,forms_mnt:h_sd+alt_mean+essence+greco;log,2005-2024,IGN IFN brut (Etalab 2.0) ; FORMS-T (CC-BY 4.0) ; spec 054 lot 3
H30,29AF,3,3.3278,14.167,gvf,4.272,2.3627,35.981,0.091217,fay_herriot,forms_mnt:h_sd+alt_mean+essence+greco;log,2005-2024,IGN IFN brut (Etalab 2.0) ; FORMS-T (CC-BY 4.0) ; spec 054 lot 3
H30,31,14,8.2055,13.668,direct,6.4752,3.3581,28.3,0.38744,fay_herriot,forms_mnt:h_sd+alt_mean+essence+greco;log,2005-2024,IGN IFN brut (Etalab 2.0) ; FORMS-T (CC-BY 4.0) ; spec 054 lot 3
H30,32,18,27.271,62.974,direct,18.351,17.462,22.772,0.60261,fay_herriot,forms_mnt:h_sd+alt_mean+essence+greco;log,2005-2024,IGN IFN brut (Etalab 2.0) ; FORMS-T (CC-BY 4.0) ; spec 054 lot 3
H30,33B,5,25.962,5806.2,gvf,85.08,1154.1,39.93,0.014687,fay_herriot,forms_mnt:h_sd+alt_mean+essence+greco;log,2005-2024,IGN IFN brut (Etalab 2.0) ; FORMS-T (CC-BY 4.0) ; spec 054 lot 3
H30,33G,3,50.81,5584.6,gvf,88.923,1046.6,36.381,0.056033,fay_herriot,forms_mnt:h_sd+alt_mean+essence+greco;log,2005-2024,IGN IFN brut (Etalab 2.0) ; FORMS-T (CC-BY 4.0) ; spec 054 lot 3
H30,33N,37,45.379,61.414,direct,48.593,57.698,15.632,0.81151,fay_herriot,forms_mnt:h_sd+alt_mean+essence+greco;log,2005-2024,IGN IFN brut (Etalab 2.0) ; FORMS-T (CC-BY 4.0) ; spec 054 lot 3
H30,37,1,1.1365,6.4228,gvf,9.5263,11.797,36.055,0.025172,fay_herriot,forms_mnt:h_sd+alt_mean+essence+greco;log,2005-2024,IGN IFN brut (Etalab 2.0) ; FORMS-T (CC-BY 4.0) ; spec 054 lot 3
H30,38AL,8,4.3355,16.657,gvf,9.0465,9.4974,34.066,0.12656,fay_herriot,forms_mnt:h_sd+alt_mean+essence+greco;log,2005-2024,IGN IFN brut (Etalab 2.0) ; FORMS-T (CC-BY 4.0) ; spec 054 lot 3
H30,38AU,41,4.5408,0.63151,direct,4.4459,0.50058,15.914,0.80741,fay_herriot,forms_mnt:h_sd+alt_mean+essence+greco;log,2005-2024,IGN IFN brut (Etalab 2.0) ; FORMS-T (CC-BY 4.0) ; spec 054 lot 3
H30,39,1,0.93833,6.4091,gvf,2.1975,0.69803,38.02,0.017334,fay_herriot,forms_mnt:h_sd+alt_mean+essence+greco;log,2005-2024,IGN IFN brut (Etalab 2.0) ; FORMS-T (CC-BY 4.0) ; spec 054 lot 3
H30,40,2,2.9292,202.58,gvf,8.252,9.5807,37.51,0.005409,fay_herriot,forms_mnt:h_sd+alt_mean+essence+greco;log,2005-2024,IGN IFN brut (Etalab 2.0) ; FORMS-T (CC-BY 4.0) ; spec 054 lot 3
H30,41,2,1.9317,56.219,gvf,6.3856,5.3802,36.325,0.0084506,fay_herriot,forms_mnt:h_sd+alt_mean+essence+greco;log,2005-2024,IGN IFN brut (Etalab 2.0) ; FORMS-T (CC-BY 4.0) ; spec 054 lot 3
H30,49AM,50,2.8619,0.13153,direct,2.9135,0.12156,11.967,0.88884,fay_herriot,forms_mnt:h_sd+alt_mean+essence+greco;log,2005-2024,IGN IFN brut (Etalab 2.0) ; FORMS-T (CC-BY 4.0) ; spec 054 lot 3
H30,49BS,20,1.5073,0.03202,direct,1.6065,0.033066,11.319,0.90109,fay_herriot,forms_mnt:h_sd+alt_mean+essence+greco;log,2005-2024,IGN IFN brut (Etalab 2.0) ; FORMS-T (CC-BY 4.0) ; spec 054 lot 3
H30,49IA,4,3.5117,3.1241,gvf,3.7679,1.2417,29.574,0.33637,fay_herriot,forms_mnt:h_sd+alt_mean+essence+greco;log,2005-2024,IGN IFN brut (Etalab 2.0) ; FORMS-T (CC-BY 4.0) ; spec 054 lot 3
H30,49PM,5,3.0527,0.64494,gvf,3.3361,0.51757,21.565,0.64977,fay_herriot,forms_mnt:h_sd+alt_mean+essence+greco;log,2005-2024,IGN IFN brut (Etalab 2.0) ; FORMS-T (CC-BY 4.0) ; spec 054 lot 3
H30,49PS,2,7.5414,28.955,gvf,4.3267,2.0263,32.9,0.20141,fay_herriot,forms_mnt:h_sd+alt_mean+essence+greco;log,2005-2024,IGN IFN brut (Etalab 2.0) ; FORMS-T (CC-BY 4.0) ; spec 054 lot 3
H30,49PT,1,1.2514,65.956,gvf,10,13.306,36.477,0.0030394,fay_herriot,forms_mnt:h_sd+alt_mean+essence+greco;log,2005-2024,IGN IFN brut (Etalab 2.0) ; FORMS-T (CC-BY 4.0) ; spec 054 lot 3
H30,49RP,2,7.7781,4.1086,gvf,8.5032,3.2572,21.225,0.65407,fay_herriot,forms_mnt:h_sd+alt_mean+essence+greco;log,2005-2024,IGN IFN brut (Etalab 2.0) ; FORMS-T (CC-BY 4.0) ; spec 054 lot 3
H30,49SN,2,1.3289,14.413,gvf,3.0329,1.2119,36.299,0.01549,fay_herriot,forms_mnt:h_sd+alt_mean+essence+greco;log,2005-2024,IGN IFN brut (Etalab 2.0) ; FORMS-T (CC-BY 4.0) ; spec 054 lot 3
H30,51,10,26.098,62.923,direct,40.41,89.193,23.371,0.58158,fay_herriot,forms_mnt:h_sd+alt_mean+essence+greco;log,2005-2024,IGN IFN brut (Etalab 2.0) ; FORMS-T (CC-BY 4.0) ; spec 054 lot 3
H30,52,1872,65.953,2.4151,direct,65.892,2.4006,2.3514,0.99569,fay_herriot,forms_mnt:h_sd+alt_mean+essence+greco;log,2005-2024,IGN IFN brut (Etalab 2.0) ; FORMS-T (CC-BY 4.0) ; spec 054 lot 3
H30,53CO,4,33.692,1827.9,gvf,81.968,826.04,35.063,0.073853,fay_herriot,forms_mnt:h_sd+alt_mean+essence+greco;log,2005-2024,IGN IFN brut (Etalab 2.0) ; FORMS-T (CC-BY 4.0) ; spec 054 lot 3
H30,53S,1,7.5971,7196,gvf,91.045,1466.9,42.068,0.0010288,fay_herriot,forms_mnt:h_sd+alt_mean+essence+greco;log,2005-2024,IGN IFN brut (Etalab 2.0) ; FORMS-T (CC-BY 4.0) ; spec 054 lot 3
H30,54,679,82.282,16.88,direct,82.267,16.567,4.9477,0.98095,fay_herriot,forms_mnt:h_sd+alt_mean+essence+greco;log,2005-2024,IGN IFN brut (Etalab 2.0) ; FORMS-T (CC-BY 4.0) ; spec 054 lot 3
H30,57A,26,46.641,137.04,direct,47.983,102.31,21.08,0.67087,fay_herriot,forms_mnt:h_sd+alt_mean+essence+greco;log,2005-2024,IGN IFN brut (Etalab 2.0) ; FORMS-T (CC-BY 4.0) ; spec 054 lot 3
H30,58,42,44.858,91.449,direct,46.311,74.02,18.577,0.73859,fay_herriot,forms_mnt:h_sd+alt_mean+essence+greco;log,2005-2024,IGN IFN brut (Etalab 2.0) ; FORMS-T (CC-BY 4.0) ; spec 054 lot 3
H30,61,219,114.71,88.752,direct,112.65,81.478,8.0128,0.95009,fay_herriot,forms_mnt:h_sd+alt_mean+essence+greco;log,2005-2024,IGN IFN brut (Etalab 2.0) ; FORMS-T (CC-BY 4.0) ; spec 054 lot 3
H30,62,39,68.639,393.41,direct,74.355,283.74,22.654,0.60594,fay_herriot,forms_mnt:h_sd+alt_mean+essence+greco;log,2005-2024,IGN IFN brut (Etalab 2.0) ; FORMS-T (CC-BY 4.0) ; spec 054 lot 3
H30,63,80,102.01,233.41,direct,97.499,183.26,13.885,0.85128,fay_herriot,forms_mnt:h_sd+alt_mean+essence+greco;log,2005-2024,IGN IFN brut (Etalab 2.0) ; FORMS-T (CC-BY 4.0) ; spec 054 lot 3
H30,64,1,3.8149,45419,gvf,122.27,1986.8,36.456,4.1142e-05,fay_herriot,forms_mnt:h_sd+alt_mean+essence+greco;log,2005-2024,IGN IFN brut (Etalab 2.0) ; FORMS-T (CC-BY 4.0) ; spec 054 lot 3
H30,65,16,79.218,1417.6,direct,62.507,344.08,29.676,0.36242,fay_herriot,forms_mnt:h_sd+alt_mean+essence+greco;log,2005-2024,IGN IFN brut (Etalab 2.0) ; FORMS-T (CC-BY 4.0) ; spec 054 lot 3
H30,67,3,7.93,10.92,gvf,9.2571,6.6515,27.86,0.42511,fay_herriot,forms_mnt:h_sd+alt_mean+essence+greco;log,2005-2024,IGN IFN brut (Etalab 2.0) ; FORMS-T (CC-BY 4.0) ; spec 054 lot 3
H30,69,4,6.2897,2.7377,gvf,12.972,7.7333,21.438,0.64979,fay_herriot,forms_mnt:h_sd+alt_mean+essence+greco;log,2005-2024,IGN IFN brut (Etalab 2.0) ; FORMS-T (CC-BY 4.0) ; spec 054 lot 3
H30,69JC,131,2.5619,0.049733,direct,2.556,0.04691,8.4736,0.94427,fay_herriot,forms_mnt:h_sd+alt_mean+essence+greco;log,2005-2024,IGN IFN brut (Etalab 2.0) ; FORMS-T (CC-BY 4.0) ; spec 054 lot 3
H30,69JO,11,2.8974,0.29592,direct,3.103,0.27228,16.816,0.7846,fay_herriot,forms_mnt:h_sd+alt_mean+essence+greco;log,2005-2024,IGN IFN brut (Etalab 2.0) ; FORMS-T (CC-BY 4.0) ; spec 054 lot 3
H30,71,1,31.437,2508.9,gvf,38.635,232.87,39.498,0.048144,fay_herriot,forms_mnt:h_sd+alt_mean+essence+greco;log,2005-2024,IGN IFN brut (Etalab 2.0) ; FORMS-T (CC-BY 4.0) ; spec 054 lot 3
H30,74H,1,214.43,31998,gvf,62.405,444.17,33.772,0.15578,fay_herriot,forms_mnt:h_sd+alt_mean+essence+greco;log,2005-2024,IGN IFN brut (Etalab 2.0) ; FORMS-T (CC-BY 4.0) ; spec 054 lot 3
H41,02,4,43.25,1382.9,gvf,57.019,362.71,33.401,0.14798,fay_herriot,forms_mnt:h_sd+alt_mean+essence+greco;log,2005-2024,IGN IFN brut (Etalab 2.0) ; FORMS-T (CC-BY 4.0) ; spec 054 lot 3
H41,03,49,52.395,73.431,direct,55.503,68.469,14.908,0.8276,fay_herriot,forms_mnt:h_sd+alt_mean+essence+greco;log,2005-2024,IGN IFN brut (Etalab 2.0) ; FORMS-T (CC-BY 4.0) ; spec 054 lot 3
H41,05,158,33.267,7.65,direct,33.6,7.4161,8.1048,0.94892,fay_herriot,forms_mnt:h_sd+alt_mean+essence+greco;log,2005-2024,IGN IFN brut (Etalab 2.0) ; FORMS-T (CC-BY 4.0) ; spec 054 lot 3
H41,06,8,21.768,50.566,gvf,23.635,33.367,24.44,0.54611,fay_herriot,forms_mnt:h_sd+alt_mean+essence+greco;log,2005-2024,IGN IFN brut (Etalab 2.0) ; FORMS-T (CC-BY 4.0) ; spec 054 lot 3
H41,09,143,102.07,85.904,direct,98.615,75.46,8.8088,0.93966,fay_herriot,forms_mnt:h_sd+alt_mean+essence+greco;log,2005-2024,IGN IFN brut (Etalab 2.0) ; FORMS-T (CC-BY 4.0) ; spec 054 lot 3
H41,10,20,54.312,234.69,direct,53.143,140.01,22.265,0.61742,fay_herriot,forms_mnt:h_sd+alt_mean+essence+greco;log,2005-2024,IGN IFN brut (Etalab 2.0) ; FORMS-T (CC-BY 4.0) ; spec 054 lot 3
H41,11,1,59.342,456.86,gvf,42.456,117.85,25.57,0.49742,fay_herriot,forms_mnt:h_sd+alt_mean+essence+greco;log,2005-2024,IGN IFN brut (Etalab 2.0) ; FORMS-T (CC-BY 4.0) ; spec 054 lot 3
H41,12V,24,36.832,47.215,direct,33.538,30.964,16.592,0.78675,fay_herriot,forms_mnt:h_sd+alt_mean+essence+greco;log,2005-2024,IGN IFN brut (Etalab 2.0) ; FORMS-T (CC-BY 4.0) ; spec 054 lot 3
H41,13B,10,22.545,39.4,direct,24.445,30.844,22.719,0.62357,fay_herriot,forms_mnt:h_sd+alt_mean+essence+greco;log,2005-2024,IGN IFN brut (Etalab 2.0) ; FORMS-T (CC-BY 4.0) ; spec 054 lot 3
H41,13G,6,80.622,2658.1,gvf,60.659,366.79,31.573,0.23896,fay_herriot,forms_mnt:h_sd+alt_mean+essence+greco;log,2005-2024,IGN IFN brut (Etalab 2.0) ; FORMS-T (CC-BY 4.0) ; spec 054 lot 3
H41,14,4,24.067,652.46,gvf,43.171,220.27,34.379,0.10233,fay_herriot,forms_mnt:h_sd+alt_mean+essence+greco;log,2005-2024,IGN IFN brut (Etalab 2.0) ; FORMS-T (CC-BY 4.0) ; spec 054 lot 3
H41,15P,1,2.9207,756.57,gvf,23.731,75.28,36.562,0.0014457,fay_herriot,forms_mnt:h_sd+alt_mean+essence+greco;log,2005-2024,IGN IFN brut (Etalab 2.0) ; FORMS-T (CC-BY 4.0) ; spec 054 lot 3
H41,15S,25,32.179,26.85,direct,31.174,21.074,14.726,0.83198,fay_herriot,forms_mnt:h_sd+alt_mean+essence+greco;log,2005-2024,IGN IFN brut (Etalab 2.0) ; FORMS-T (CC-BY 4.0) ; spec 054 lot 3
H41,17C,72,34.16,33.136,direct,35.148,28.847,15.281,0.8189,fay_herriot,forms_mnt:h_sd+alt_mean+essence+greco;log,2005-2024,IGN IFN brut (Etalab 2.0) ; FORMS-T (CC-BY 4.0) ; spec 054 lot 3
H41,17F,4,4.695,109.24,gvf,14.288,30.514,38.661,0.025255,fay_herriot,forms_mnt:h_sd+alt_mean+essence+greco;log,2005-2024,IGN IFN brut (Etalab 2.0) ; FORMS-T (CC-BY 4.0) ; spec 054 lot 3
H41,17O,2,5.7385,1026.9,gvf,36.376,180.9,36.974,0.0041006,fay_herriot,forms_mnt:h_sd+alt_mean+essence+greco;log,2005-2024,IGN IFN brut (Etalab 2.0) ; FORMS-T (CC-BY 4.0) ; spec 054 lot 3
H41,18C,2,27.15,65.411,gvf,18.664,18.509,23.052,0.59133,fay_herriot,forms_mnt:h_sd+alt_mean+essence+greco;log,2005-2024,IGN IFN brut (Etalab 2.0) ; FORMS-T (CC-BY 4.0) ; spec 054 lot 3
H41,18M,1,23.707,283.97,gvf,15.715,27.237,33.21,0.20264,fay_herriot,forms_mnt:h_sd+alt_mean+essence+greco;log,2005-2024,IGN IFN brut (Etalab 2.0) ; FORMS-T (CC-BY 4.0) ; spec 054 lot 3
H41,20G,19,17.365,15.251,direct,20.944,16.105,19.161,0.71742,fay_herriot,forms_mnt:h_sd+alt_mean+essence+greco;log,2005-2024,IGN IFN brut (Etalab 2.0) ; FORMS-T (CC-BY 4.0) ; spec 054 lot 3
H41,20P,5,23.11,414,gvf,31.757,114.76,33.733,0.1421,fay_herriot,forms_mnt:h_sd+alt_mean+essence+greco;log,2005-2024,IGN IFN brut (Etalab 2.0) ; FORMS-T (CC-BY 4.0) ; spec 054 lot 3
H41,21C,68,17.255,7.1947,direct,17.198,6.0409,14.291,0.84161,fay_herriot,forms_mnt:h_sd+alt_mean+essence+greco;log,2005-2024,IGN IFN brut (Etalab 2.0) ; FORMS-T (CC-BY 4.0) ; spec 054 lot 3
H41,21O,84,18.205,7.4067,direct,17.808,6.1053,13.875,0.85176,fay_herriot,forms_mnt:h_sd+alt_mean+essence+greco;log,2005-2024,IGN IFN brut (Etalab 2.0) ; FORMS-T (CC-BY 4.0) ; spec 054 lot 3
H41,22G,2,2.1931,61.589,gvf,9.1961,11.969,37.621,0.0099277,fay_herriot,forms_mnt:h_sd+alt_mean+essence+greco;log,2005-2024,IGN IFN brut (Etalab 2.0) ; FORMS-T (CC-BY 4.0) ; spec 054 lot 3
H41,22M,45,11.217,2.6179,direct,11.933,2.5581,13.404,0.86055,fay_herriot,forms_mnt:h_sd+alt_mean+essence+greco;log,2005-2024,IGN IFN brut (Etalab 2.0) ; FORMS-T (CC-BY 4.0) ; spec 054 lot 3
H41,23AB,81,10.811,1.7796,direct,10.447,1.4923,11.694,0.894,fay_herriot,forms_mnt:h_sd+alt_mean+essence+greco;log,2005-2024,IGN IFN brut (Etalab 2.0) ; FORMS-T (CC-BY 4.0) ; spec 054 lot 3
H41,23AM,2,10.917,53.551,gvf,9.1089,13.127,39.776,0.22226,fay_herriot,forms_mnt:h_sd+alt_mean+essence+greco;log,2005-2024,IGN IFN brut (Etalab 2.0) ; FORMS-T (CC-BY 4.0) ; spec 054 lot 3
H41,23C,1,7.8129,22.404,gvf,8.5475,7.2375,31.474,0.25918,fay_herriot,forms_mnt:h_sd+alt_mean+essence+greco;log,2005-2024,IGN IFN brut (Etalab 2.0) ; FORMS-T (CC-BY 4.0) ; spec 054 lot 3
H41,23PC,2,4.7918,10.848,gvf,6.0235,3.7813,32.283,0.2137,fay_herriot,forms_mnt:h_sd+alt_mean+essence+greco;log,2005-2024,IGN IFN brut (Etalab 2.0) ; FORMS-T (CC-BY 4.0) ; spec 054 lot 3
H41,23PD,2,4.7615,51.108,gvf,10.038,13.403,36.473,0.05389,fay_herriot,forms_mnt:h_sd+alt_mean+essence+greco;log,2005-2024,IGN IFN brut (Etalab 2.0) ; FORMS-T (CC-BY 4.0) ; spec 054 lot 3
H41,23PM,1,28.143,76.789,gvf,15.022,12.66,23.686,0.56978,fay_herriot,forms_mnt:h_sd+alt_mean+essence+greco;log,2005-2024,IGN IFN brut (Etalab 2.0) ; FORMS-T (CC-BY 4.0) ; spec 054 lot 3
H41,23SO,31,12.825,11.329,direct,10.615,5.1421,21.363,0.65086,fay_herriot,forms_mnt:h_sd+alt_mean+essence+greco;log,2005-2024,IGN IFN brut (Etalab 2.0) ; FORMS-T (CC-BY 4.0) ; spec 054 lot 3
H41,24,23,35.236,75.068,direct,35.591,52.493,20.357,0.67987,fay_herriot,forms_mnt:h_sd+alt_mean+essence+greco;log,2005-2024,IGN IFN brut (Etalab 2.0) ; FORMS-T (CC-BY 4.0) ; spec 054 lot 3
H41,25B,2,41.787,271.43,gvf,43.12,134.23,26.869,0.45237,fay_herriot,forms_mnt:h_sd+alt_mean+essence+greco;log,2005-2024,IGN IFN brut (Etalab 2.0) ; FORMS-T (CC-BY 4.0) ; spec 054 lot 3
H41,25FD,1,7.3874,117.21,gvf,11.106,15.43,35.37,0.056414,fay_herriot,forms_mnt:h_sd+alt_mean+essence+greco;log,2005-2024,IGN IFN brut (Etalab 2.0) ; FORMS-T (CC-BY 4.0) ; spec 054 lot 3
H41,25M,23,29.019,60.94,direct,21.577,21.752,21.615,0.63956,fay_herriot,forms_mnt:h_sd+alt_mean+essence+greco;log,2005-2024,IGN IFN brut (Etalab 2.0) ; FORMS-T (CC-BY 4.0) ; spec 054 lot 3
H41,27C,8,15.206,25.886,gvf,14.577,12.94,24.678,0.53423,fay_herriot,forms_mnt:h_sd+alt_mean+essence+greco;log,2005-2024,IGN IFN brut (Etalab 2.0) ; FORMS-T (CC-BY 4.0) ; spec 054 lot 3
H41,28,2,11.366,158.38,gvf,10.835,17.092,38.156,0.094809,fay_herriot,forms_mnt:h_sd+alt_mean+essence+greco;log,2005-2024,IGN IFN brut (Etalab 2.0) ; FORMS-T (CC-BY 4.0) ; spec 054 lot 3
H41,29AF,1,0.6721,42.5,gvf,4.9397,3.4886,37.812,0.0013629,fay_herriot,forms_mnt:h_sd+alt_mean+essence+greco;log,2005-2024,IGN IFN brut (Etalab 2.0) ; FORMS-T (CC-BY 4.0) ; spec 054 lot 3
H41,31,18,7.0164,3.4185,direct,6.7573,2.0762,21.323,0.64902,fay_herriot,forms_mnt:h_sd+alt_mean+essence+greco;log,2005-2024,IGN IFN brut (Etalab 2.0) ; FORMS-T (CC-BY 4.0) ; spec 054 lot 3
H41,32,50,26.113,28.141,direct,21.336,14.342,17.75,0.75677,fay_herriot,forms_mnt:h_sd+alt_mean+essence+greco;log,2005-2024,IGN IFN brut (Etalab 2.0) ; FORMS-T (CC-BY 4.0) ; spec 054 lot 3
H41,33B,3,78.927,9677,gvf,96.322,1364.2,38.345,0.076348,fay_herriot,forms_mnt:h_sd+alt_mean+essence+greco;log,2005-2024,IGN IFN brut (Etalab 2.0) ; FORMS-T (CC-BY 4.0) ; spec 054 lot 3
H41,33N,5,42.213,635.73,gvf,63.638,395.15,31.237,0.26466,fay_herriot,forms_mnt:h_sd+alt_mean+essence+greco;log,2005-2024,IGN IFN brut (Etalab 2.0) ; FORMS-T (CC-BY 4.0) ; spec 054 lot 3
H41,37,1,6.9588,6.4228,gvf,8.9344,5.3017,25.772,0.4919,fay_herriot,forms_mnt:h_sd+alt_mean+essence+greco;log,2005-2024,IGN IFN brut (Etalab 2.0) ; FORMS-T (CC-BY 4.0) ; spec 054 lot 3
H41,38AL,5,12.07,26.651,gvf,11.659,10.469,27.751,0.41241,fay_herriot,forms_mnt:h_sd+alt_mean+essence+greco;log,2005-2024,IGN IFN brut (Etalab 2.0) ; FORMS-T (CC-BY 4.0) ; spec 054 lot 3
H41,38AU,13,10.95,11.779,direct,7.5197,3.3113,24.199,0.56656,fay_herriot,forms_mnt:h_sd+alt_mean+essence+greco;log,2005-2024,IGN IFN brut (Etalab 2.0) ; FORMS-T (CC-BY 4.0) ; spec 054 lot 3
H41,40,1,5.2972,405.16,gvf,9.3364,12.174,37.371,0.0088144,fay_herriot,forms_mnt:h_sd+alt_mean+essence+greco;log,2005-2024,IGN IFN brut (Etalab 2.0) ; FORMS-T (CC-BY 4.0) ; spec 054 lot 3
H41,41,6,7.0596,18.74,gvf,7.2339,5.1306,31.312,0.25456,fay_herriot,forms_mnt:h_sd+alt_mean+essence+greco;log,2005-2024,IGN IFN brut (Etalab 2.0) ; FORMS-T (CC-BY 4.0) ; spec 054 lot 3
H41,49AE,2,1.8926,33.568,gvf,3.9614,2.6812,41.336,0.013517,fay_herriot,forms_mnt:h_sd+alt_mean+essence+greco;log,2005-2024,IGN IFN brut (Etalab 2.0) ; FORMS-T (CC-BY 4.0) ; spec 054 lot 3
H41,49AM,30,3.2568,0.25719,direct,3.3376,0.2281,14.31,0.84116,fay_herriot,forms_mnt:h_sd+alt_mean+essence+greco;log,2005-2024,IGN IFN brut (Etalab 2.0) ; FORMS-T (CC-BY 4.0) ; spec 054 lot 3
H41,49BO,1,5.2461,6.0685,gvf,2.6521,0.5939,29.058,0.36802,fay_herriot,forms_mnt:h_sd+alt_mean+essence+greco;log,2005-2024,IGN IFN brut (Etalab 2.0) ; FORMS-T (CC-BY 4.0) ; spec 054 lot 3
H41,49BS,6,2.2307,0.25804,gvf,2.485,0.23371,19.454,0.71233,fay_herriot,forms_mnt:h_sd+alt_mean+essence+greco;log,2005-2024,IGN IFN brut (Etalab 2.0) ; FORMS-T (CC-BY 4.0) ; spec 054 lot 3
H41,49PB,2,1.5225,0.12373,gvf,2.7483,0.2878,19.52,0.70636,fay_herriot,forms_mnt:h_sd+alt_mean+essence+greco;log,2005-2024,IGN IFN brut (Etalab 2.0) ; FORMS-T (CC-BY 4.0) ; spec 054 lot 3
H41,49PM,3,1.3743,1.0749,gvf,3.5829,1.4464,33.567,0.18409,fay_herriot,forms_mnt:h_sd+alt_mean+essence+greco;log,2005-2024,IGN IFN brut (Etalab 2.0) ; FORMS-T (CC-BY 4.0) ; spec 054 lot 3
H41,49PT,1,0.95113,65.956,gvf,11.33,17.019,36.411,0.0017581,fay_herriot,forms_mnt:h_sd+alt_mean+essence+greco;log,2005-2024,IGN IFN brut (Etalab 2.0) ; FORMS-T (CC-BY 4.0) ; spec 054 lot 3
H41,49RC,1,2.6475,84.119,gvf,6.5724,6.564,38.982,0.010586,fay_herriot,forms_mnt:h_sd+alt_mean+essence+greco;log,2005-2024,IGN IFN brut (Etalab 2.0) ; FORMS-T (CC-BY 4.0) ; spec 054 lot 3
H41,49VV,1,1.0791,,gvf,1.0791,,,1,direct,forms_mnt:h_sd+alt_mean+essence+greco;log,2005-2024,IGN IFN brut (Etalab 2.0) ; FORMS-T (CC-BY 4.0) ; spec 054 lot 3
H41,51,4,42.82,133.73,gvf,54.635,140.64,21.706,0.63775,fay_herriot,forms_mnt:h_sd+alt_mean+essence+greco;log,2005-2024,IGN IFN brut (Etalab 2.0) ; FORMS-T (CC-BY 4.0) ; spec 054 lot 3
H41,52,563,97.935,14.478,direct,97.385,14.154,3.8632,0.98838,fay_herriot,forms_mnt:h_sd+alt_mean+essence+greco;log,2005-2024,IGN IFN brut (Etalab 2.0) ; FORMS-T (CC-BY 4.0) ; spec 054 lot 3
H41,53CO,9,60.917,812.39,gvf,82.991,568.75,28.736,0.36969,fay_herriot,forms_mnt:h_sd+alt_mean+essence+greco;log,2005-2024,IGN IFN brut (Etalab 2.0) ; FORMS-T (CC-BY 4.0) ; spec 054 lot 3
H41,54,55,115.03,493.22,direct,109.43,349.27,17.079,0.77501,fay_herriot,forms_mnt:h_sd+alt_mean+essence+greco;log,2005-2024,IGN IFN brut (Etalab 2.0) ; FORMS-T (CC-BY 4.0) ; spec 054 lot 3
H41,57A,4,10.183,808.75,gvf,55.894,453.32,38.092,0.016195,fay_herriot,forms_mnt:h_sd+alt_mean+essence+greco;log,2005-2024,IGN IFN brut (Etalab 2.0) ; FORMS-T (CC-BY 4.0) ; spec 054 lot 3
H41,58,46,43.219,43.478,direct,45.131,40.76,14.146,0.84654,fay_herriot,forms_mnt:h_sd+alt_mean+essence+greco;log,2005-2024,IGN IFN brut (Etalab 2.0) ; FORMS-T (CC-BY 4.0) ; spec 054 lot 3
H41,59,8,27.837,304.62,gvf,47.267,225.47,31.768,0.24621,fay_herriot,forms_mnt:h_sd+alt_mean+essence+greco;log,2005-2024,IGN IFN brut (Etalab 2.0) ; FORMS-T (CC-BY 4.0) ; spec 054 lot 3
H41,61,189,140.41,124.04,direct,137.54,113.63,7.7501,0.95329,fay_herriot,forms_mnt:h_sd+alt_mean+essence+greco;log,2005-2024,IGN IFN brut (Etalab 2.0) ; FORMS-T (CC-BY 4.0) ; spec 054 lot 3
H41,62,134,66.964,56.802,direct,69.106,55.217,10.753,0.91021,fay_herriot,forms_mnt:h_sd+alt_mean+essence+greco;log,2005-2024,IGN IFN brut (Etalab 2.0) ; FORMS-T (CC-BY 4.0) ; spec 054 lot 3
H41,63,227,146.82,83.41,direct,144.5,78.563,6.134,0.97075,fay_herriot,forms_mnt:h_sd+alt_mean+essence+greco;log,2005-2024,IGN IFN brut (Etalab 2.0) ; FORMS-T (CC-BY 4.0) ; spec 054 lot 3
H41,68CE,2,3.0582,1157.9,gvf,60.98,750.05,44.911,0.0010361,fay_herriot,forms_mnt:h_sd+alt_mean+essence+greco;log,2005-2024,IGN IFN brut (Etalab 2.0) ; FORMS-T (CC-BY 4.0) ; spec 054 lot 3
H41,68EO,1,18.992,133.39,gvf,42.487,179.28,31.515,0.25771,fay_herriot,forms_mnt:h_sd+alt_mean+essence+greco;log,2005-2024,IGN IFN brut (Etalab 2.0) ; FORMS-T (CC-BY 4.0) ; spec 054 lot 3
H41,69JC,25,3.2488,0.42677,direct,3.1299,0.30537,17.656,0.76051,fay_herriot,forms_mnt:h_sd+alt_mean+essence+greco;log,2005-2024,IGN IFN brut (Etalab 2.0) ; FORMS-T (CC-BY 4.0) ; spec 054 lot 3
H41,69JO,13,5.2645,1.2544,direct,5.0547,0.87733,18.531,0.73937,fay_herriot,forms_mnt:h_sd+alt_mean+essence+greco;log,2005-2024,IGN IFN brut (Etalab 2.0) ; FORMS-T (CC-BY 4.0) ; spec 054 lot 3
H42,03,3,13.301,1569.5,gvf,72.591,683.87,36.025,0.014268,fay_herriot,forms_mnt:h_sd+alt_mean+essence+greco;log,2005-2024,IGN IFN brut (Etalab 2.0) ; FORMS-T (CC-BY 4.0) ; spec 054 lot 3
H42,05,16,22.55,35.293,direct,27.834,35.3,21.345,0.64912,fay_herriot,forms_mnt:h_sd+alt_mean+essence+greco;log,2005-2024,IGN IFN brut (Etalab 2.0) ; FORMS-T (CC-BY 4.0) ; spec 054 lot 3
H42,06,1,2.5301,404.53,gvf,26.399,94.47,36.818,0.0020278,fay_herriot,forms_mnt:h_sd+alt_mean+essence+greco;log,2005-2024,IGN IFN brut (Etalab 2.0) ; FORMS-T (CC-BY 4.0) ; spec 054 lot 3
H42,09,23,78.398,525.12,direct,69.819,252.8,22.772,0.60046,fay_herriot,forms_mnt:h_sd+alt_mean+essence+greco;log,2005-2024,IGN IFN brut (Etalab 2.0) ; FORMS-T (CC-BY 4.0) ; spec 054 lot 3
H42,10,3,39.099,1747.2,gvf,50.658,303.46,34.388,0.101,fay_herriot,forms_mnt:h_sd+alt_mean+essence+greco;log,2005-2024,IGN IFN brut (Etalab 2.0) ; FORMS-T (CC-BY 4.0) ; spec 054 lot 3
H42,12V,10,33.283,60.056,direct,30.252,35.185,19.607,0.70313,fay_herriot,forms_mnt:h_sd+alt_mean+essence+greco;log,2005-2024,IGN IFN brut (Etalab 2.0) ; FORMS-T (CC-BY 4.0) ; spec 054 lot 3
H42,13B,7,17.421,182.52,gvf,26.068,82.769,34.9,0.17594,fay_herriot,forms_mnt:h_sd+alt_mean+essence+greco;log,2005-2024,IGN IFN brut (Etalab 2.0) ; FORMS-T (CC-BY 4.0) ; spec 054 lot 3
H42,14,2,58.225,1304.9,gvf,49.51,241.87,31.412,0.25014,fay_herriot,forms_mnt:h_sd+alt_mean+essence+greco;log,2005-2024,IGN IFN brut (Etalab 2.0) ; FORMS-T (CC-BY 4.0) ; spec 054 lot 3
H42,15P,1,6.9687,756.57,gvf,23.949,76.45,36.509,0.0081746,fay_herriot,forms_mnt:h_sd+alt_mean+essence+greco;log,2005-2024,IGN IFN brut (Etalab 2.0) ; FORMS-T (CC-BY 4.0) ; spec 054 lot 3
H42,15S,17,24.251,29.352,direct,25.011,22.702,19.05,0.7201,fay_herriot,forms_mnt:h_sd+alt_mean+essence+greco;log,2005-2024,IGN IFN brut (Etalab 2.0) ; FORMS-T (CC-BY 4.0) ; spec 054 lot 3
H42,17C,29,22.104,33.614,direct,27.338,33.79,21.264,0.65113,fay_herriot,forms_mnt:h_sd+alt_mean+essence+greco;log,2005-2024,IGN IFN brut (Etalab 2.0) ; FORMS-T (CC-BY 4.0) ; spec 054 lot 3
H42,20G,5,52.83,458.44,gvf,41.427,126.84,27.186,0.43875,fay_herriot,forms_mnt:h_sd+alt_mean+essence+greco;log,2005-2024,IGN IFN brut (Etalab 2.0) ; FORMS-T (CC-BY 4.0) ; spec 054 lot 3
H42,20P,2,4.5875,1035,gvf,33.847,152.93,36.537,0.0026041,fay_herriot,forms_mnt:h_sd+alt_mean+essence+greco;log,2005-2024,IGN IFN brut (Etalab 2.0) ; FORMS-T (CC-BY 4.0) ; spec 054 lot 3
H42,21C,7,6.9382,60.992,gvf,15.805,29.894,34.594,0.092018,fay_herriot,forms_mnt:h_sd+alt_mean+essence+greco;log,2005-2024,IGN IFN brut (Etalab 2.0) ; FORMS-T (CC-BY 4.0) ; spec 054 lot 3
H42,21O,21,13.71,16.819,direct,14.587,11.589,23.338,0.5893,fay_herriot,forms_mnt:h_sd+alt_mean+essence+greco;log,2005-2024,IGN IFN brut (Etalab 2.0) ; FORMS-T (CC-BY 4.0) ; spec 054 lot 3
H42,22M,14,10.348,9.5324,direct,12.912,8.8627,23.057,0.59058,fay_herriot,forms_mnt:h_sd+alt_mean+essence+greco;log,2005-2024,IGN IFN brut (Etalab 2.0) ; FORMS-T (CC-BY 4.0) ; spec 054 lot 3
H42,23AB,61,10.311,3.5945,direct,9.7673,2.578,16.438,0.79158,fay_herriot,forms_mnt:h_sd+alt_mean+essence+greco;log,2005-2024,IGN IFN brut (Etalab 2.0) ; FORMS-T (CC-BY 4.0) ; spec 054 lot 3
H42,23AM,1,0.74066,107.1,gvf,8.7774,17.347,47.451,0.00065724,fay_herriot,forms_mnt:h_sd+alt_mean+essence+greco;log,2005-2024,IGN IFN brut (Etalab 2.0) ; FORMS-T (CC-BY 4.0) ; spec 054 lot 3
H42,23C,1,16.138,22.404,gvf,12.748,8.5764,22.973,0.59882,fay_herriot,forms_mnt:h_sd+alt_mean+essence+greco;log,2005-2024,IGN IFN brut (Etalab 2.0) ; FORMS-T (CC-BY 4.0) ; spec 054 lot 3
H42,23PD,1,1.4005,102.22,gvf,10.592,15.875,37.615,0.0024578,fay_herriot,forms_mnt:h_sd+alt_mean+essence+greco;log,2005-2024,IGN IFN brut (Etalab 2.0) ; FORMS-T (CC-BY 4.0) ; spec 054 lot 3
H42,23PM,1,7.4488,76.789,gvf,6.7131,5.4853,34.888,0.084902,fay_herriot,forms_mnt:h_sd+alt_mean+essence+greco;log,2005-2024,IGN IFN brut (Etalab 2.0) ; FORMS-T (CC-BY 4.0) ; spec 054 lot 3
H42,23SO,33,6.2754,2.2403,direct,6.6508,1.7731,20.021,0.69298,fay_herriot,forms_mnt:h_sd+alt_mean+essence+greco;log,2005-2024,IGN IFN brut (Etalab 2.0) ; FORMS-T (CC-BY 4.0) ; spec 054 lot 3
H42,24,15,87.852,824.29,direct,59.291,207.69,24.307,0.54592,fay_herriot,forms_mnt:h_sd+alt_mean+essence+greco;log,2005-2024,IGN IFN brut (Etalab 2.0) ; FORMS-T (CC-BY 4.0) ; spec 054 lot 3
H42,25B,2,3.9774,271.43,gvf,44.177,261.65,36.616,0.0074284,fay_herriot,forms_mnt:h_sd+alt_mean+essence+greco;log,2005-2024,IGN IFN brut (Etalab 2.0) ; FORMS-T (CC-BY 4.0) ; spec 054 lot 3
H42,25C,1,1.309,674.34,gvf,13.99,26.577,36.849,0.00032618,fay_herriot,forms_mnt:h_sd+alt_mean+essence+greco;log,2005-2024,IGN IFN brut (Etalab 2.0) ; FORMS-T (CC-BY 4.0) ; spec 054 lot 3
H42,25D,1,0.70079,13.75,gvf,11.42,17.304,36.426,0.0045651,fay_herriot,forms_mnt:h_sd+alt_mean+essence+greco;log,2005-2024,IGN IFN brut (Etalab 2.0) ; FORMS-T (CC-BY 4.0) ; spec 054 lot 3
H42,25E5,1,36.983,262.08,gvf,18.44,26.755,28.051,0.40124,fay_herriot,forms_mnt:h_sd+alt_mean+essence+greco;log,2005-2024,IGN IFN brut (Etalab 2.0) ; FORMS-T (CC-BY 4.0) ; spec 054 lot 3
H42,25FD,3,12.907,39.07,gvf,12.024,12.3,29.167,0.3538,fay_herriot,forms_mnt:h_sd+alt_mean+essence+greco;log,2005-2024,IGN IFN brut (Etalab 2.0) ; FORMS-T (CC-BY 4.0) ; spec 054 lot 3
H42,25FR,1,8.9136,3735.6,gvf,47.304,327.34,38.247,0.0027236,fay_herriot,forms_mnt:h_sd+alt_mean+essence+greco;log,2005-2024,IGN IFN brut (Etalab 2.0) ; FORMS-T (CC-BY 4.0) ; spec 054 lot 3
H42,25M,8,15.372,42.303,gvf,13.92,14.741,27.582,0.41768,fay_herriot,forms_mnt:h_sd+alt_mean+essence+greco;log,2005-2024,IGN IFN brut (Etalab 2.0) ; FORMS-T (CC-BY 4.0) ; spec 054 lot 3
H42,25XR,1,3.0387,2.1521,gvf,7.1945,4.3933,29.134,0.35522,fay_herriot,forms_mnt:h_sd+alt_mean+essence+greco;log,2005-2024,IGN IFN brut (Etalab 2.0) ; FORMS-T (CC-BY 4.0) ; spec 054 lot 3
H42,33G,2,11.402,8376.9,gvf,105.19,1555.6,37.496,0.0019887,fay_herriot,forms_mnt:h_sd+alt_mean+essence+greco;log,2005-2024,IGN IFN brut (Etalab 2.0) ; FORMS-T (CC-BY 4.0) ; spec 054 lot 3
H42,33N,6,45.043,529.78,gvf,63.387,357.43,29.826,0.32965,fay_herriot,forms_mnt:h_sd+alt_mean+essence+greco;log,2005-2024,IGN IFN brut (Etalab 2.0) ; FORMS-T (CC-BY 4.0) ; spec 054 lot 3
H42,38AL,4,7.7011,33.314,gvf,10.724,12.397,32.833,0.18606,fay_herriot,forms_mnt:h_sd+alt_mean+essence+greco;log,2005-2024,IGN IFN brut (Etalab 2.0) ; FORMS-T (CC-BY 4.0) ; spec 054 lot 3
H42,38AU,5,5.9068,10.488,gvf,5.0152,2.4599,31.273,0.29931,fay_herriot,forms_mnt:h_sd+alt_mean+essence+greco;log,2005-2024,IGN IFN brut (Etalab 2.0) ; FORMS-T (CC-BY 4.0) ; spec 054 lot 3
H42,49AM,3,2.822,4.2995,gvf,3.6365,1.4025,32.566,0.19214,fay_herriot,forms_mnt:h_sd+alt_mean+essence+greco;log,2005-2024,IGN IFN brut (Etalab 2.0) ; FORMS-T (CC-BY 4.0) ; spec 054 lot 3
H42,49EA,1,1.1693,17.409,gvf,2.6456,1.1874,41.188,0.0099832,fay_herriot,forms_mnt:h_sd+alt_mean+essence+greco;log,2005-2024,IGN IFN brut (Etalab 2.0) ; FORMS-T (CC-BY 4.0) ; spec 054 lot 3
H42,49PB,1,2.1774,0.24746,gvf,3.5282,0.46725,19.374,0.711,fay_herriot,forms_mnt:h_sd+alt_mean+essence+greco;log,2005-2024,IGN IFN brut (Etalab 2.0) ; FORMS-T (CC-BY 4.0) ; spec 054 lot 3
H42,49PT,1,1.1912,65.956,gvf,11.495,17.564,36.46,0.0027547,fay_herriot,forms_mnt:h_sd+alt_mean+essence+greco;log,2005-2024,IGN IFN brut (Etalab 2.0) ; FORMS-T (CC-BY 4.0) ; spec 054 lot 3
H42,49RP,1,1.2393,8.2172,gvf,10.977,15.674,36.067,0.023437,fay_herriot,forms_mnt:h_sd+alt_mean+essence+greco;log,2005-2024,IGN IFN brut (Etalab 2.0) ; FORMS-T (CC-BY 4.0) ; spec 054 lot 3
H42,52,247,83.645,25.142,direct,82.941,24.066,5.9147,0.97278,fay_herriot,forms_mnt:h_sd+alt_mean+essence+greco;log,2005-2024,IGN IFN brut (Etalab 2.0) ; FORMS-T (CC-BY 4.0) ; spec 054 lot 3
H42,53CO,1,70.832,7311.5,gvf,98.256,1176.6,34.91,0.080976,fay_herriot,forms_mnt:h_sd+alt_mean+essence+greco;log,2005-2024,IGN IFN brut (Etalab 2.0) ; FORMS-T (CC-BY 4.0) ; spec 054 lot 3
H42,54,22,109.36,1006.7,direct,102.85,547.76,22.756,0.60403,fay_herriot,forms_mnt:h_sd+alt_mean+essence+greco;log,2005-2024,IGN IFN brut (Etalab 2.0) ; FORMS-T (CC-BY 4.0) ; spec 054 lot 3
H42,56,1,36.929,8566.8,gvf,65.504,600.39,37.407,0.020031,fay_herriot,forms_mnt:h_sd+alt_mean+essence+greco;log,2005-2024,IGN IFN brut (Etalab 2.0) ; FORMS-T (CC-BY 4.0) ; spec 054 lot 3
H42,58,118,67.156,35.515,direct,66.606,33.114,8.6396,0.94221,fay_herriot,forms_mnt:h_sd+alt_mean+essence+greco;log,2005-2024,IGN IFN brut (Etalab 2.0) ; FORMS-T (CC-BY 4.0) ; spec 054 lot 3
H42,59,67,31.385,11.147,direct,32.945,11.344,10.224,0.919,fay_herriot,forms_mnt:h_sd+alt_mean+essence+greco;log,2005-2024,IGN IFN brut (Etalab 2.0) ; FORMS-T (CC-BY 4.0) ; spec 054 lot 3
H42,61,98,110.02,213,direct,107.63,180.07,12.468,0.87947,fay_herriot,forms_mnt:h_sd+alt_mean+essence+greco;log,2005-2024,IGN IFN brut (Etalab 2.0) ; FORMS-T (CC-BY 4.0) ; spec 054 lot 3
H42,62,80,83.309,127.61,direct,84.873,116.37,12.71,0.87474,fay_herriot,forms_mnt:h_sd+alt_mean+essence+greco;log,2005-2024,IGN IFN brut (Etalab 2.0) ; FORMS-T (CC-BY 4.0) ; spec 054 lot 3
H42,63,497,137.17,30.297,direct,136.39,29.605,3.9892,0.98762,fay_herriot,forms_mnt:h_sd+alt_mean+essence+greco;log,2005-2024,IGN IFN brut (Etalab 2.0) ; FORMS-T (CC-BY 4.0) ; spec 054 lot 3
H42,69,1,6.6052,10.951,gvf,27.522,66.909,29.721,0.33844,fay_herriot,forms_mnt:h_sd+alt_mean+essence+greco;log,2005-2024,IGN IFN brut (Etalab 2.0) ; FORMS-T (CC-BY 4.0) ; spec 054 lot 3
H42,69JC,8,4.8256,1.2278,gvf,4.1296,0.64872,19.504,0.7089,fay_herriot,forms_mnt:h_sd+alt_mean+essence+greco;log,2005-2024,IGN IFN brut (Etalab 2.0) ; FORMS-T (CC-BY 4.0) ; spec 054 lot 3
H42,69JO,1,6.7208,11.159,gvf,5.2202,2.459,30.039,0.34199,fay_herriot,forms_mnt:h_sd+alt_mean+essence+greco;log,2005-2024,IGN IFN brut (Etalab 2.0) ; FORMS-T (CC-BY 4.0) ; spec 054 lot 3
H42,72V,1,13.026,16671,gvf,98.218,1390.7,37.968,0.0013053,fay_herriot,forms_mnt:h_sd+alt_mean+essence+greco;log,2005-2024,IGN IFN brut (Etalab 2.0) ; FORMS-T (CC-BY 4.0) ; spec 054 lot 3
I11,02,459,91.192,12.482,direct,91.071,12.31,3.8525,0.98845,fay_herriot,forms_mnt:h_sd+alt_mean+essence+greco;log,2005-2024,IGN IFN brut (Etalab 2.0) ; FORMS-T (CC-BY 4.0) ; spec 054 lot 3
I11,03,49,117.72,419.01,direct,114.02,319.85,15.685,0.80941,fay_herriot,forms_mnt:h_sd+alt_mean+essence+greco;log,2005-2024,IGN IFN brut (Etalab 2.0) ; FORMS-T (CC-BY 4.0) ; spec 054 lot 3
I11,04,16,80.364,294.31,direct,79.195,213.64,18.456,0.73806,fay_herriot,forms_mnt:h_sd+alt_mean+essence+greco;log,2005-2024,IGN IFN brut (Etalab 2.0) ; FORMS-T (CC-BY 4.0) ; spec 054 lot 3
I11,05,147,75.712,38.902,direct,74.506,35.842,8.0353,0.9498,fay_herriot,forms_mnt:h_sd+alt_mean+essence+greco;log,2005-2024,IGN IFN brut (Etalab 2.0) ; FORMS-T (CC-BY 4.0) ; spec 054 lot 3
I11,06,1,1.6443,1219.5,gvf,35.463,170.84,36.857,0.00028458,fay_herriot,forms_mnt:h_sd+alt_mean+essence+greco;log,2005-2024,IGN IFN brut (Etalab 2.0) ; FORMS-T (CC-BY 4.0) ; spec 054 lot 3
I11,07,40,33.529,15.774,direct,34.357,15.076,11.301,0.90149,fay_herriot,forms_mnt:h_sd+alt_mean+essence+greco;log,2005-2024,IGN IFN brut (Etalab 2.0) ; FORMS-T (CC-BY 4.0) ; spec 054 lot 3
I11,09,223,99.36,52.932,direct,98.425,49.916,7.1782,0.95992,fay_herriot,forms_mnt:h_sd+alt_mean+essence+greco;log,2005-2024,IGN IFN brut (Etalab 2.0) ; FORMS-T (CC-BY 4.0) ; spec 054 lot 3
I11,10,324,71.178,15.818,direct,71.144,15.439,5.5229,0.97626,fay_herriot,forms_mnt:h_sd+alt_mean+essence+greco;log,2005-2024,IGN IFN brut (Etalab 2.0) ; FORMS-T (CC-BY 4.0) ; spec 054 lot 3
I11,11,18,21.027,29.327,direct,26.497,31.03,21.023,0.65939,fay_herriot,forms_mnt:h_sd+alt_mean+essence+greco;log,2005-2024,IGN IFN brut (Etalab 2.0) ; FORMS-T (CC-BY 4.0) ; spec 054 lot 3
I11,12V,77,38.872,28.538,direct,37.958,23.814,12.856,0.87177,fay_herriot,forms_mnt:h_sd+alt_mean+essence+greco;log,2005-2024,IGN IFN brut (Etalab 2.0) ; FORMS-T (CC-BY 4.0) ; spec 054 lot 3
I11,13G,43,51.814,95.758,direct,56.226,88.85,16.765,0.78261,fay_herriot,forms_mnt:h_sd+alt_mean+essence+greco;log,2005-2024,IGN IFN brut (Etalab 2.0) ; FORMS-T (CC-BY 4.0) ; spec 054 lot 3
I11,14,82,57.764,41.005,direct,58.184,38.082,10.606,0.91265,fay_herriot,forms_mnt:h_sd+alt_mean+essence+greco;log,2005-2024,IGN IFN brut (Etalab 2.0) ; FORMS-T (CC-BY 4.0) ; spec 054 lot 3
I11,15P,3,25.93,86.366,gvf,28.974,55.213,25.646,0.4999,fay_herriot,forms_mnt:h_sd+alt_mean+essence+greco;log,2005-2024,IGN IFN brut (Etalab 2.0) ; FORMS-T (CC-BY 4.0) ; spec 054 lot 3
I11,15S,6,26.744,129.85,gvf,31.951,78.357,27.704,0.41427,fay_herriot,forms_mnt:h_sd+alt_mean+essence+greco;log,2005-2024,IGN IFN brut (Etalab 2.0) ; FORMS-T (CC-BY 4.0) ; spec 054 lot 3
I11,17C,280,52.715,10.712,direct,52.763,10.427,6.12,0.97085,fay_herriot,forms_mnt:h_sd+alt_mean+essence+greco;log,2005-2024,IGN IFN brut (Etalab 2.0) ; FORMS-T (CC-BY 4.0) ; spec 054 lot 3
I11,17O,4,18.908,44.673,gvf,30.5,61.066,25.621,0.50681,fay_herriot,forms_mnt:h_sd+alt_mean+essence+greco;log,2005-2024,IGN IFN brut (Etalab 2.0) ; FORMS-T (CC-BY 4.0) ; spec 054 lot 3
I11,18C,33,9.4633,2.1622,direct,10.153,2.1067,14.296,0.84173,fay_herriot,forms_mnt:h_sd+alt_mean+essence+greco;log,2005-2024,IGN IFN brut (Etalab 2.0) ; FORMS-T (CC-BY 4.0) ; spec 054 lot 3
I11,18D,1,10.195,845.67,gvf,43.359,293.26,39.495,0.015535,fay_herriot,forms_mnt:h_sd+alt_mean+essence+greco;log,2005-2024,IGN IFN brut (Etalab 2.0) ; FORMS-T (CC-BY 4.0) ; spec 054 lot 3
I11,18M,18,12.737,10.068,direct,14.573,9.1807,20.792,0.67417,fay_herriot,forms_mnt:h_sd+alt_mean+essence+greco;log,2005-2024,IGN IFN brut (Etalab 2.0) ; FORMS-T (CC-BY 4.0) ; spec 054 lot 3
I11,19,1,224.34,21142,gvf,183.86,3407.9,31.751,0.23411,fay_herriot,forms_mnt:h_sd+alt_mean+essence+greco;log,2005-2024,IGN IFN brut (Etalab 2.0) ; FORMS-T (CC-BY 4.0) ; spec 054 lot 3
I11,20G,9,33.628,416.27,gvf,42.31,176.38,31.39,0.25861,fay_herriot,forms_mnt:h_sd+alt_mean+essence+greco;log,2005-2024,IGN IFN brut (Etalab 2.0) ; FORMS-T (CC-BY 4.0) ; spec 054 lot 3
I11,20P,24,34.31,44.392,direct,36.586,39.407,17.158,0.77298,fay_herriot,forms_mnt:h_sd+alt_mean+essence+greco;log,2005-2024,IGN IFN brut (Etalab 2.0) ; FORMS-T (CC-BY 4.0) ; spec 054 lot 3
I11,21C,114,23.534,5.3748,direct,23.496,4.9917,9.509,0.92973,fay_herriot,forms_mnt:h_sd+alt_mean+essence+greco;log,2005-2024,IGN IFN brut (Etalab 2.0) ; FORMS-T (CC-BY 4.0) ; spec 054 lot 3
I11,21M,9,19.532,36.881,gvf,17.979,18.34,23.82,0.57049,fay_herriot,forms_mnt:h_sd+alt_mean+essence+greco;log,2005-2024,IGN IFN brut (Etalab 2.0) ; FORMS-T (CC-BY 4.0) ; spec 054 lot 3
I11,21O,1,12.424,155.42,gvf,20.069,49.3,34.987,0.11311,fay_herriot,forms_mnt:h_sd+alt_mean+essence+greco;log,2005-2024,IGN IFN brut (Etalab 2.0) ; FORMS-T (CC-BY 4.0) ; spec 054 lot 3
I11,22M,126,26.486,5.606,direct,26.319,5.22,8.681,0.94141,fay_herriot,forms_mnt:h_sd+alt_mean+essence+greco;log,2005-2024,IGN IFN brut (Etalab 2.0) ; FORMS-T (CC-BY 4.0) ; spec 054 lot 3
I11,22S,1,108.02,1027.4,gvf,66.741,262.16,24.26,0.59321,fay_herriot,forms_mnt:h_sd+alt_mean+essence+greco;log,2005-2024,IGN IFN brut (Etalab 2.0) ; FORMS-T (CC-BY 4.0) ; spec 054 lot 3
I11,23AB,2,3.15,51.943,gvf,10.333,14.016,36.232,0.023942,fay_herriot,forms_mnt:h_sd+alt_mean+essence+greco;log,2005-2024,IGN IFN brut (Etalab 2.0) ; FORMS-T (CC-BY 4.0) ; spec 054 lot 3
I11,23PC,3,6.4607,20.694,gvf,8.197,7.1038,32.516,0.20572,fay_herriot,forms_mnt:h_sd+alt_mean+essence+greco;log,2005-2024,IGN IFN brut (Etalab 2.0) ; FORMS-T (CC-BY 4.0) ; spec 054 lot 3
I11,23PF,1,2.991,64.526,gvf,15.039,29.705,36.24,0.017491,fay_herriot,forms_mnt:h_sd+alt_mean+essence+greco;log,2005-2024,IGN IFN brut (Etalab 2.0) ; FORMS-T (CC-BY 4.0) ; spec 054 lot 3
I11,23PM,7,3.0948,1.1917,gvf,5.2039,1.7453,25.387,0.50786,fay_herriot,forms_mnt:h_sd+alt_mean+essence+greco;log,2005-2024,IGN IFN brut (Etalab 2.0) ; FORMS-T (CC-BY 4.0) ; spec 054 lot 3
I11,23SO,1,1.3294,100.22,gvf,10.1,13.816,36.802,0.0022593,fay_herriot,forms_mnt:h_sd+alt_mean+essence+greco;log,2005-2024,IGN IFN brut (Etalab 2.0) ; FORMS-T (CC-BY 4.0) ; spec 054 lot 3
I11,24,52,41.808,54.28,direct,43.197,46.939,15.86,0.80525,fay_herriot,forms_mnt:h_sd+alt_mean+essence+greco;log,2005-2024,IGN IFN brut (Etalab 2.0) ; FORMS-T (CC-BY 4.0) ; spec 054 lot 3
I11,25B,1,82.901,4139,gvf,63.673,447.82,33.235,0.17574,fay_herriot,forms_mnt:h_sd+alt_mean+essence+greco;log,2005-2024,IGN IFN brut (Etalab 2.0) ; FORMS-T (CC-BY 4.0) ; spec 054 lot 3
I11,25C,36,14.927,6.9641,direct,15.606,6.191,15.944,0.80423,fay_herriot,forms_mnt:h_sd+alt_mean+essence+greco;log,2005-2024,IGN IFN brut (Etalab 2.0) ; FORMS-T (CC-BY 4.0) ; spec 054 lot 3
I11,25M,37,20.044,9.7903,direct,19.587,7.8974,14.347,0.84049,fay_herriot,forms_mnt:h_sd+alt_mean+essence+greco;log,2005-2024,IGN IFN brut (Etalab 2.0) ; FORMS-T (CC-BY 4.0) ; spec 054 lot 3
I11,25R,8,18.412,48.008,gvf,21.905,33.879,26.571,0.47553,fay_herriot,forms_mnt:h_sd+alt_mean+essence+greco;log,2005-2024,IGN IFN brut (Etalab 2.0) ; FORMS-T (CC-BY 4.0) ; spec 054 lot 3
I11,26OC,1,47.232,5145.8,gvf,16.416,34.076,35.56,0.052732,fay_herriot,forms_mnt:h_sd+alt_mean+essence+greco;log,2005-2024,IGN IFN brut (Etalab 2.0) ; FORMS-T (CC-BY 4.0) ; spec 054 lot 3
I11,27C,4,17.784,191.32,gvf,18.689,38.328,33.126,0.1751,fay_herriot,forms_mnt:h_sd+alt_mean+essence+greco;log,2005-2024,IGN IFN brut (Etalab 2.0) ; FORMS-T (CC-BY 4.0) ; spec 054 lot 3
I11,27N,1,32.853,802.58,gvf,40.42,224.49,37.068,0.14725,fay_herriot,forms_mnt:h_sd+alt_mean+essence+greco;log,2005-2024,IGN IFN brut (Etalab 2.0) ; FORMS-T (CC-BY 4.0) ; spec 054 lot 3
I11,29AF,4,4.1739,10.625,gvf,6.1987,4.4832,34.158,0.17392,fay_herriot,forms_mnt:h_sd+alt_mean+essence+greco;log,2005-2024,IGN IFN brut (Etalab 2.0) ; FORMS-T (CC-BY 4.0) ; spec 054 lot 3
I11,29AI,1,0.40486,3913.1,gvf,79.577,1793.8,53.223,5.3785e-06,fay_herriot,forms_mnt:h_sd+alt_mean+essence+greco;log,2005-2024,IGN IFN brut (Etalab 2.0) ; FORMS-T (CC-BY 4.0) ; spec 054 lot 3
I11,29CM,1,33.458,5318.5,gvf,80.608,1295.8,44.658,0.026315,fay_herriot,forms_mnt:h_sd+alt_mean+essence+greco;log,2005-2024,IGN IFN brut (Etalab 2.0) ; FORMS-T (CC-BY 4.0) ; spec 054 lot 3
I11,29MA,1,14.66,5245.1,gvf,67.941,743.79,40.141,0.0052339,fay_herriot,forms_mnt:h_sd+alt_mean+essence+greco;log,2005-2024,IGN IFN brut (Etalab 2.0) ; FORMS-T (CC-BY 4.0) ; spec 054 lot 3
I11,31,156,8.4283,0.63275,direct,8.4376,0.59418,9.1357,0.93513,fay_herriot,forms_mnt:h_sd+alt_mean+essence+greco;log,2005-2024,IGN IFN brut (Etalab 2.0) ; FORMS-T (CC-BY 4.0) ; spec 054 lot 3
I11,33G,1,51.36,16754,gvf,138.57,2647.2,37.13,0.019816,fay_herriot,forms_mnt:h_sd+alt_mean+essence+greco;log,2005-2024,IGN IFN brut (Etalab 2.0) ; FORMS-T (CC-BY 4.0) ; spec 054 lot 3
I11,33N,5,167.29,1224.6,gvf,146.91,713.62,18.184,0.74583,fay_herriot,forms_mnt:h_sd+alt_mean+essence+greco;log,2005-2024,IGN IFN brut (Etalab 2.0) ; FORMS-T (CC-BY 4.0) ; spec 054 lot 3
I11,41,31,8.8316,2.3652,direct,9.0301,2.0148,15.719,0.80895,fay_herriot,forms_mnt:h_sd+alt_mean+essence+greco;log,2005-2024,IGN IFN brut (Etalab 2.0) ; FORMS-T (CC-BY 4.0) ; spec 054 lot 3
I11,42,2,21.541,2233.4,gvf,15.611,31.721,36.077,0.025985,fay_herriot,forms_mnt:h_sd+alt_mean+essence+greco;log,2005-2024,IGN IFN brut (Etalab 2.0) ; FORMS-T (CC-BY 4.0) ; spec 054 lot 3
I11,49AM,61,4.9125,0.41208,direct,4.9419,0.36935,12.298,0.88262,fay_herriot,forms_mnt:h_sd+alt_mean+essence+greco;log,2005-2024,IGN IFN brut (Etalab 2.0) ; FORMS-T (CC-BY 4.0) ; spec 054 lot 3
I11,49BO,2,1.2566,3.0342,gvf,2.3269,0.69379,35.796,0.062639,fay_herriot,forms_mnt:h_sd+alt_mean+essence+greco;log,2005-2024,IGN IFN brut (Etalab 2.0) ; FORMS-T (CC-BY 4.0) ; spec 054 lot 3
I11,49BS,9,5.7542,8.354,gvf,4.8279,2.1001,30.017,0.33728,fay_herriot,forms_mnt:h_sd+alt_mean+essence+greco;log,2005-2024,IGN IFN brut (Etalab 2.0) ; FORMS-T (CC-BY 4.0) ; spec 054 lot 3
I11,49IA,54,5.0131,1.03,direct,5.237,0.86024,17.71,0.75805,fay_herriot,forms_mnt:h_sd+alt_mean+essence+greco;log,2005-2024,IGN IFN brut (Etalab 2.0) ; FORMS-T (CC-BY 4.0) ; spec 054 lot 3
I11,49LN,1,2.0725,297.47,gvf,33.594,182.04,40.163,0.0018506,fay_herriot,forms_mnt:h_sd+alt_mean+essence+greco;log,2005-2024,IGN IFN brut (Etalab 2.0) ; FORMS-T (CC-BY 4.0) ; spec 054 lot 3
I11,49PS,2,1.4381,28.955,gvf,5.7114,4.4342,36.869,0.009088,fay_herriot,forms_mnt:h_sd+alt_mean+essence+greco;log,2005-2024,IGN IFN brut (Etalab 2.0) ; FORMS-T (CC-BY 4.0) ; spec 054 lot 3
I11,49RC,1,4.5051,84.119,gvf,8.8401,11.643,38.599,0.030049,fay_herriot,forms_mnt:h_sd+alt_mean+essence+greco;log,2005-2024,IGN IFN brut (Etalab 2.0) ; FORMS-T (CC-BY 4.0) ; spec 054 lot 3
I11,49SN,6,6.902,8.0718,gvf,5.5638,2.3167,27.357,0.43111,fay_herriot,forms_mnt:h_sd+alt_mean+essence+greco;log,2005-2024,IGN IFN brut (Etalab 2.0) ; FORMS-T (CC-BY 4.0) ; spec 054 lot 3
I11,51,5,51.946,816.7,gvf,90.269,754.95,30.438,0.29787,fay_herriot,forms_mnt:h_sd+alt_mean+essence+greco;log,2005-2024,IGN IFN brut (Etalab 2.0) ; FORMS-T (CC-BY 4.0) ; spec 054 lot 3
I11,52,13,85.364,517.61,direct,84.17,327.32,21.495,0.64383,fay_herriot,forms_mnt:h_sd+alt_mean+essence+greco;log,2005-2024,IGN IFN brut (Etalab 2.0) ; FORMS-T (CC-BY 4.0) ; spec 054 lot 3
I11,53CO,15,169.97,1165.5,direct,160.96,802.47,17.6,0.76092,fay_herriot,forms_mnt:h_sd+alt_mean+essence+greco;log,2005-2024,IGN IFN brut (Etalab 2.0) ; FORMS-T (CC-BY 4.0) ; spec 054 lot 3
I11,54,3,208.74,5853.4,gvf,160.81,1739.3,25.934,0.48872,fay_herriot,forms_mnt:h_sd+alt_mean+essence+greco;log,2005-2024,IGN IFN brut (Etalab 2.0) ; FORMS-T (CC-BY 4.0) ; spec 054 lot 3
I11,56,3,202.84,2855.6,gvf,151.73,1078.5,21.644,0.64912,fay_herriot,forms_mnt:h_sd+alt_mean+essence+greco;log,2005-2024,IGN IFN brut (Etalab 2.0) ; FORMS-T (CC-BY 4.0) ; spec 054 lot 3
I11,61,14,101.99,1418.6,direct,112.18,848.41,25.964,0.48494,fay_herriot,forms_mnt:h_sd+alt_mean+essence+greco;log,2005-2024,IGN IFN brut (Etalab 2.0) ; FORMS-T (CC-BY 4.0) ; spec 054 lot 3
I11,62,10,114.36,1734.1,direct,121.73,984.35,25.774,0.49196,fay_herriot,forms_mnt:h_sd+alt_mean+essence+greco;log,2005-2024,IGN IFN brut (Etalab 2.0) ; FORMS-T (CC-BY 4.0) ; spec 054 lot 3
I11,63,2,122.95,12483,gvf,116.72,1598.7,34.255,0.13457,fay_herriot,forms_mnt:h_sd+alt_mean+essence+greco;log,2005-2024,IGN IFN brut (Etalab 2.0) ; FORMS-T (CC-BY 4.0) ; spec 054 lot 3
I11,64,26,156.72,1403.1,direct,165.77,1098.3,19.991,0.69211,fay_herriot,forms_mnt:h_sd+alt_mean+essence+greco;log,2005-2024,IGN IFN brut (Etalab 2.0) ; FORMS-T (CC-BY 4.0) ; spec 054 lot 3
I11,67,1,35.437,147.84,gvf,24.199,37.5,25.306,0.52169,fay_herriot,forms_mnt:h_sd+alt_mean+essence+greco;log,2005-2024,IGN IFN brut (Etalab 2.0) ; FORMS-T (CC-BY 4.0) ; spec 054 lot 3
I11,68CL,1,54.183,17011,gvf,83.292,1140,40.536,0.02168,fay_herriot,forms_mnt:h_sd+alt_mean+essence+greco;log,2005-2024,IGN IFN brut (Etalab 2.0) ; FORMS-T (CC-BY 4.0) ; spec 054 lot 3
I11,68TG,1,206.86,13701,gvf,196.12,4587.9,34.536,0.28624,fay_herriot,forms_mnt:h_sd+alt_mean+essence+greco;log,2005-2024,IGN IFN brut (Etalab 2.0) ; FORMS-T (CC-BY 4.0) ; spec 054 lot 3
I11,69JC,2,1.9638,2.4819,gvf,3.391,1.2946,33.554,0.16634,fay_herriot,forms_mnt:h_sd+alt_mean+essence+greco;log,2005-2024,IGN IFN brut (Etalab 2.0) ; FORMS-T (CC-BY 4.0) ; spec 054 lot 3
I11,73,2,291.89,17101,gvf,230.99,4383.8,28.663,0.39015,fay_herriot,forms_mnt:h_sd+alt_mean+essence+greco;log,2005-2024,IGN IFN brut (Etalab 2.0) ; FORMS-T (CC-BY 4.0) ; spec 054 lot 3
I11,74J,2,355.41,11565,gvf,269.6,4076.4,23.682,0.58376,fay_herriot,forms_mnt:h_sd+alt_mean+essence+greco;log,2005-2024,IGN IFN brut (Etalab 2.0) ; FORMS-T (CC-BY 4.0) ; spec 054 lot 3
I12,02,46,52.243,58.776,direct,55.431,56.866,13.604,0.85637,fay_herriot,forms_mnt:h_sd+alt_mean+essence+greco;log,2005-2024,IGN IFN brut (Etalab 2.0) ; FORMS-T (CC-BY 4.0) ; spec 054 lot 3
I12,03,43,66.199,180.42,direct,72.55,165.03,17.707,0.75721,fay_herriot,forms_mnt:h_sd+alt_mean+essence+greco;log,2005-2024,IGN IFN brut (Etalab 2.0) ; FORMS-T (CC-BY 4.0) ; spec 054 lot 3
I12,05,171,55.46,17.499,direct,55.367,16.722,7.3857,0.95757,fay_herriot,forms_mnt:h_sd+alt_mean+essence+greco;log,2005-2024,IGN IFN brut (Etalab 2.0) ; FORMS-T (CC-BY 4.0) ; spec 054 lot 3
I12,06,34,27.988,32.12,direct,29.426,27.273,17.748,0.75795,fay_herriot,forms_mnt:h_sd+alt_mean+essence+greco;log,2005-2024,IGN IFN brut (Etalab 2.0) ; FORMS-T (CC-BY 4.0) ; spec 054 lot 3
I12,09,312,111.06,36.903,direct,110.11,35.468,5.4088,0.97723,fay_herriot,forms_mnt:h_sd+alt_mean+essence+greco;log,2005-2024,IGN IFN brut (Etalab 2.0) ; FORMS-T (CC-BY 4.0) ; spec 054 lot 3
I12,10,56,75.312,153.97,direct,73.921,122.98,15.002,0.82548,fay_herriot,forms_mnt:h_sd+alt_mean+essence+greco;log,2005-2024,IGN IFN brut (Etalab 2.0) ; FORMS-T (CC-BY 4.0) ; spec 054 lot 3
I12,12V,36,31.374,28.903,direct,31.363,23.618,15.496,0.81388,fay_herriot,forms_mnt:h_sd+alt_mean+essence+greco;log,2005-2024,IGN IFN brut (Etalab 2.0) ; FORMS-T (CC-BY 4.0) ; spec 054 lot 3
I12,13G,8,37.406,290.62,gvf,56.628,258.64,28.4,0.38203,fay_herriot,forms_mnt:h_sd+alt_mean+essence+greco;log,2005-2024,IGN IFN brut (Etalab 2.0) ; FORMS-T (CC-BY 4.0) ; spec 054 lot 3
I12,14,20,85.417,219.03,direct,80.105,157.02,15.643,0.8105,fay_herriot,forms_mnt:h_sd+alt_mean+essence+greco;log,2005-2024,IGN IFN brut (Etalab 2.0) ; FORMS-T (CC-BY 4.0) ; spec 054 lot 3
I12,15P,3,28.518,86.366,gvf,29.787,52.611,24.351,0.54733,fay_herriot,forms_mnt:h_sd+alt_mean+essence+greco;log,2005-2024,IGN IFN brut (Etalab 2.0) ; FORMS-T (CC-BY 4.0) ; spec 054 lot 3
I12,15S,11,27.993,160.62,direct,32.195,83.384,28.364,0.38515,fay_herriot,forms_mnt:h_sd+alt_mean+essence+greco;log,2005-2024,IGN IFN brut (Etalab 2.0) ; FORMS-T (CC-BY 4.0) ; spec 054 lot 3
I12,17C,116,61.456,39.072,direct,60.76,35.406,9.7931,0.92544,fay_herriot,forms_mnt:h_sd+alt_mean+essence+greco;log,2005-2024,IGN IFN brut (Etalab 2.0) ; FORMS-T (CC-BY 4.0) ; spec 054 lot 3
I12,17O,1,19.122,178.69,gvf,39.863,170.46,32.752,0.20807,fay_herriot,forms_mnt:h_sd+alt_mean+essence+greco;log,2005-2024,IGN IFN brut (Etalab 2.0) ; FORMS-T (CC-BY 4.0) ; spec 054 lot 3
I12,18C,12,7.1629,3.3294,direct,9.037,3.5574,20.871,0.66429,fay_herriot,forms_mnt:h_sd+alt_mean+essence+greco;log,2005-2024,IGN IFN brut (Etalab 2.0) ; FORMS-T (CC-BY 4.0) ; spec 054 lot 3
I12,18M,3,2.4916,129.39,gvf,18.443,47.562,37.393,0.0061227,fay_herriot,forms_mnt:h_sd+alt_mean+essence+greco;log,2005-2024,IGN IFN brut (Etalab 2.0) ; FORMS-T (CC-BY 4.0) ; spec 054 lot 3
I12,20G,3,24.861,1248.8,gvf,42.938,231.46,35.432,0.059751,fay_herriot,forms_mnt:h_sd+alt_mean+essence+greco;log,2005-2024,IGN IFN brut (Etalab 2.0) ; FORMS-T (CC-BY 4.0) ; spec 054 lot 3
I12,20P,29,33.11,55.866,direct,35.932,47.633,19.208,0.71589,fay_herriot,forms_mnt:h_sd+alt_mean+essence+greco;log,2005-2024,IGN IFN brut (Etalab 2.0) ; FORMS-T (CC-BY 4.0) ; spec 054 lot 3
I12,21C,46,18.229,7.5425,direct,18.789,6.837,13.917,0.84978,fay_herriot,forms_mnt:h_sd+alt_mean+essence+greco;log,2005-2024,IGN IFN brut (Etalab 2.0) ; FORMS-T (CC-BY 4.0) ; spec 054 lot 3
I12,21M,11,14.605,11.619,direct,14.9,8.6501,19.739,0.70214,fay_herriot,forms_mnt:h_sd+alt_mean+essence+greco;log,2005-2024,IGN IFN brut (Etalab 2.0) ; FORMS-T (CC-BY 4.0) ; spec 054 lot 3
I12,21O,22,13.278,9.5486,direct,15.146,8.9462,19.749,0.70334,fay_herriot,forms_mnt:h_sd+alt_mean+essence+greco;log,2005-2024,IGN IFN brut (Etalab 2.0) ; FORMS-T (CC-BY 4.0) ; spec 054 lot 3
I12,22M,72,30.521,28.597,direct,28.914,20.809,15.777,0.80705,fay_herriot,forms_mnt:h_sd+alt_mean+essence+greco;log,2005-2024,IGN IFN brut (Etalab 2.0) ; FORMS-T (CC-BY 4.0) ; spec 054 lot 3
I12,23AB,37,11.067,4.0596,direct,10.909,3.1641,16.306,0.79483,fay_herriot,forms_mnt:h_sd+alt_mean+essence+greco;log,2005-2024,IGN IFN brut (Etalab 2.0) ; FORMS-T (CC-BY 4.0) ; spec 054 lot 3
I12,23C,1,16.21,92.879,gvf,12.71,15.857,31.331,0.26647,fay_herriot,forms_mnt:h_sd+alt_mean+essence+greco;log,2005-2024,IGN IFN brut (Etalab 2.0) ; FORMS-T (CC-BY 4.0) ; spec 054 lot 3
I12,23PC,2,4.8771,31.04,gvf,8.0485,7.8615,34.837,0.089582,fay_herriot,forms_mnt:h_sd+alt_mean+essence+greco;log,2005-2024,IGN IFN brut (Etalab 2.0) ; FORMS-T (CC-BY 4.0) ; spec 054 lot 3
I12,23PM,7,4.6387,1.1917,gvf,5.5927,1.2236,19.779,0.69865,fay_herriot,forms_mnt:h_sd+alt_mean+essence+greco;log,2005-2024,IGN IFN brut (Etalab 2.0) ; FORMS-T (CC-BY 4.0) ; spec 054 lot 3
I12,23SO,17,10.077,2.8971,direct,10.034,2.3729,15.352,0.81821,fay_herriot,forms_mnt:h_sd+alt_mean+essence+greco;log,2005-2024,IGN IFN brut (Etalab 2.0) ; FORMS-T (CC-BY 4.0) ; spec 054 lot 3
I12,24,13,55.675,119.28,direct,53.792,86.192,17.259,0.76941,fay_herriot,forms_mnt:h_sd+alt_mean+essence+greco;log,2005-2024,IGN IFN brut (Etalab 2.0) ; FORMS-T (CC-BY 4.0) ; spec 054 lot 3
I12,25C,1,43.468,252.28,gvf,27.865,52.207,25.93,0.49023,fay_herriot,forms_mnt:h_sd+alt_mean+essence+greco;log,2005-2024,IGN IFN brut (Etalab 2.0) ; FORMS-T (CC-BY 4.0) ; spec 054 lot 3
I12,25M,26,10.634,4.9768,direct,11.955,4.7168,18.166,0.74474,fay_herriot,forms_mnt:h_sd+alt_mean+essence+greco;log,2005-2024,IGN IFN brut (Etalab 2.0) ; FORMS-T (CC-BY 4.0) ; spec 054 lot 3
I12,27C,4,31.536,191.32,gvf,22.767,40.871,28.08,0.40028,fay_herriot,forms_mnt:h_sd+alt_mean+essence+greco;log,2005-2024,IGN IFN brut (Etalab 2.0) ; FORMS-T (CC-BY 4.0) ; spec 054 lot 3
I12,31,48,7.9088,4.2927,direct,8.0478,2.9227,21.243,0.65169,fay_herriot,forms_mnt:h_sd+alt_mean+essence+greco;log,2005-2024,IGN IFN brut (Etalab 2.0) ; FORMS-T (CC-BY 4.0) ; spec 054 lot 3
I12,33N,4,38.401,1530.8,gvf,87.842,917.97,34.492,0.11008,fay_herriot,forms_mnt:h_sd+alt_mean+essence+greco;log,2005-2024,IGN IFN brut (Etalab 2.0) ; FORMS-T (CC-BY 4.0) ; spec 054 lot 3
I12,40,3,13.751,31.77,gvf,12.955,12.899,27.723,0.43318,fay_herriot,forms_mnt:h_sd+alt_mean+essence+greco;log,2005-2024,IGN IFN brut (Etalab 2.0) ; FORMS-T (CC-BY 4.0) ; spec 054 lot 3
I12,41,13,9.283,27.911,direct,9.5244,8.5377,30.678,0.28389,fay_herriot,forms_mnt:h_sd+alt_mean+essence+greco;log,2005-2024,IGN IFN brut (Etalab 2.0) ; FORMS-T (CC-BY 4.0) ; spec 054 lot 3
I12,49AM,26,5.4919,1.1703,direct,5.3768,0.86643,17.312,0.76794,fay_herriot,forms_mnt:h_sd+alt_mean+essence+greco;log,2005-2024,IGN IFN brut (Etalab 2.0) ; FORMS-T (CC-BY 4.0) ; spec 054 lot 3
I12,49BS,14,3.7401,0.50162,direct,3.8522,0.42379,16.899,0.78169,fay_herriot,forms_mnt:h_sd+alt_mean+essence+greco;log,2005-2024,IGN IFN brut (Etalab 2.0) ; FORMS-T (CC-BY 4.0) ; spec 054 lot 3
I12,49FL,3,9.0824,8.3574,gvf,7.369,3.2509,24.467,0.55896,fay_herriot,forms_mnt:h_sd+alt_mean+essence+greco;log,2005-2024,IGN IFN brut (Etalab 2.0) ; FORMS-T (CC-BY 4.0) ; spec 054 lot 3
I12,49IA,6,12.596,15.677,gvf,9.0061,4.5987,23.811,0.56511,fay_herriot,forms_mnt:h_sd+alt_mean+essence+greco;log,2005-2024,IGN IFN brut (Etalab 2.0) ; FORMS-T (CC-BY 4.0) ; spec 054 lot 3
I12,49PS,3,2.4497,19.303,gvf,5.434,3.8745,36.224,0.038385,fay_herriot,forms_mnt:h_sd+alt_mean+essence+greco;log,2005-2024,IGN IFN brut (Etalab 2.0) ; FORMS-T (CC-BY 4.0) ; spec 054 lot 3
I12,49SN,2,4.8992,24.216,gvf,4.6174,2.5108,34.317,0.1129,fay_herriot,forms_mnt:h_sd+alt_mean+essence+greco;log,2005-2024,IGN IFN brut (Etalab 2.0) ; FORMS-T (CC-BY 4.0) ; spec 054 lot 3
I12,52,114,86.627,69.858,direct,86.131,64.501,9.3244,0.9324,fay_herriot,forms_mnt:h_sd+alt_mean+essence+greco;log,2005-2024,IGN IFN brut (Etalab 2.0) ; FORMS-T (CC-BY 4.0) ; spec 054 lot 3
I12,53CO,5,216.6,5331.4,gvf,171.2,1794.1,24.741,0.53049,fay_herriot,forms_mnt:h_sd+alt_mean+essence+greco;log,2005-2024,IGN IFN brut (Etalab 2.0) ; FORMS-T (CC-BY 4.0) ; spec 054 lot 3
I12,54,12,114.73,999.29,direct,117.22,666.13,22.019,0.62845,fay_herriot,forms_mnt:h_sd+alt_mean+essence+greco;log,2005-2024,IGN IFN brut (Etalab 2.0) ; FORMS-T (CC-BY 4.0) ; spec 054 lot 3
I12,58,28,53.449,105.83,direct,57.762,98.164,17.153,0.77609,fay_herriot,forms_mnt:h_sd+alt_mean+essence+greco;log,2005-2024,IGN IFN brut (Etalab 2.0) ; FORMS-T (CC-BY 4.0) ; spec 054 lot 3
I12,61,237,191.26,130.72,direct,188.82,124.07,5.899,0.97292,fay_herriot,forms_mnt:h_sd+alt_mean+essence+greco;log,2005-2024,IGN IFN brut (Etalab 2.0) ; FORMS-T (CC-BY 4.0) ; spec 054 lot 3
I12,62,27,99.082,621.76,direct,107.1,491.67,20.703,0.66968,fay_herriot,forms_mnt:h_sd+alt_mean+essence+greco;log,2005-2024,IGN IFN brut (Etalab 2.0) ; FORMS-T (CC-BY 4.0) ; spec 054 lot 3
I12,63,2,178.12,12483,gvf,125.79,1600.8,31.807,0.24605,fay_herriot,forms_mnt:h_sd+alt_mean+essence+greco;log,2005-2024,IGN IFN brut (Etalab 2.0) ; FORMS-T (CC-BY 4.0) ; spec 054 lot 3
I12,64,3,254.71,15063,gvf,205.43,3557.7,29.035,0.35611,fay_herriot,forms_mnt:h_sd+alt_mean+essence+greco;log,2005-2024,IGN IFN brut (Etalab 2.0) ; FORMS-T (CC-BY 4.0) ; spec 054 lot 3
I12,65,1,5.5081,18111,gvf,81.437,948.65,37.821,0.00021505,fay_herriot,forms_mnt:h_sd+alt_mean+essence+greco;log,2005-2024,IGN IFN brut (Etalab 2.0) ; FORMS-T (CC-BY 4.0) ; spec 054 lot 3
I12,69JC,14,2.3193,0.16124,direct,2.5294,0.1572,15.675,0.81073,fay_herriot,forms_mnt:h_sd+alt_mean+essence+greco;log,2005-2024,IGN IFN brut (Etalab 2.0) ; FORMS-T (CC-BY 4.0) ; spec 054 lot 3
I13,02,2,16.571,2587.1,gvf,65.914,564.9,36.059,0.013445,fay_herriot,forms_mnt:h_sd+alt_mean+essence+greco;log,2005-2024,IGN IFN brut (Etalab 2.0) ; FORMS-T (CC-BY 4.0) ; spec 054 lot 3
I13,03,4,42.075,2039.6,gvf,76.842,698.16,34.386,0.10027,fay_herriot,forms_mnt:h_sd+alt_mean+essence+greco;log,2005-2024,IGN IFN brut (Etalab 2.0) ; FORMS-T (CC-BY 4.0) ; spec 054 lot 3
I13,05,106,44.201,18.643,direct,44.283,17.457,9.4352,0.93083,fay_herriot,forms_mnt:h_sd+alt_mean+essence+greco;log,2005-2024,IGN IFN brut (Etalab 2.0) ; FORMS-T (CC-BY 4.0) ; spec 054 lot 3
I13,06,116,32.958,10.777,direct,32.681,9.8778,9.617,0.92827,fay_herriot,forms_mnt:h_sd+alt_mean+essence+greco;log,2005-2024,IGN IFN brut (Etalab 2.0) ; FORMS-T (CC-BY 4.0) ; spec 054 lot 3
I13,09,37,91.395,361.72,direct,83.8,229.01,18.059,0.7478,fay_herriot,forms_mnt:h_sd+alt_mean+essence+greco;log,2005-2024,IGN IFN brut (Etalab 2.0) ; FORMS-T (CC-BY 4.0) ; spec 054 lot 3
I13,10,16,72.653,511.8,direct,65.751,241.68,23.644,0.56976,fay_herriot,forms_mnt:h_sd+alt_mean+essence+greco;log,2005-2024,IGN IFN brut (Etalab 2.0) ; FORMS-T (CC-BY 4.0) ; spec 054 lot 3
I13,13G,2,42.17,1162.5,gvf,58.421,375.47,33.168,0.16417,fay_herriot,forms_mnt:h_sd+alt_mean+essence+greco;log,2005-2024,IGN IFN brut (Etalab 2.0) ; FORMS-T (CC-BY 4.0) ; spec 054 lot 3
I13,15S,2,38.248,389.55,gvf,32.402,93.103,29.779,0.32533,fay_herriot,forms_mnt:h_sd+alt_mean+essence+greco;log,2005-2024,IGN IFN brut (Etalab 2.0) ; FORMS-T (CC-BY 4.0) ; spec 054 lot 3
I13,17C,19,16.862,10.45,direct,20.968,12.638,16.954,0.77747,fay_herriot,forms_mnt:h_sd+alt_mean+essence+greco;log,2005-2024,IGN IFN brut (Etalab 2.0) ; FORMS-T (CC-BY 4.0) ; spec 054 lot 3
I13,17O,2,9.4484,89.346,gvf,34.813,146.74,34.797,0.11371,fay_herriot,forms_mnt:h_sd+alt_mean+essence+greco;log,2005-2024,IGN IFN brut (Etalab 2.0) ; FORMS-T (CC-BY 4.0) ; spec 054 lot 3
I13,20P,2,11.234,1152.9,gvf,36.959,180.19,36.321,0.013861,fay_herriot,forms_mnt:h_sd+alt_mean+essence+greco;log,2005-2024,IGN IFN brut (Etalab 2.0) ; FORMS-T (CC-BY 4.0) ; spec 054 lot 3
I13,21C,20,23.944,65.603,direct,21.459,28.259,24.772,0.52877,fay_herriot,forms_mnt:h_sd+alt_mean+essence+greco;log,2005-2024,IGN IFN brut (Etalab 2.0) ; FORMS-T (CC-BY 4.0) ; spec 054 lot 3
I13,21M,28,15.713,15.097,direct,14.888,9.3757,20.567,0.6774,fay_herriot,forms_mnt:h_sd+alt_mean+essence+greco;log,2005-2024,IGN IFN brut (Etalab 2.0) ; FORMS-T (CC-BY 4.0) ; spec 054 lot 3
I13,22M,7,7.1014,212.86,gvf,19.045,46.36,35.751,0.029524,fay_herriot,forms_mnt:h_sd+alt_mean+essence+greco;log,2005-2024,IGN IFN brut (Etalab 2.0) ; FORMS-T (CC-BY 4.0) ; spec 054 lot 3
I13,23AB,21,6.562,2.5302,direct,7.1906,2.1164,20.232,0.68605,fay_herriot,forms_mnt:h_sd+alt_mean+essence+greco;log,2005-2024,IGN IFN brut (Etalab 2.0) ; FORMS-T (CC-BY 4.0) ; spec 054 lot 3
I13,23C,4,6.5712,23.22,gvf,9.1503,9.1007,32.968,0.19276,fay_herriot,forms_mnt:h_sd+alt_mean+essence+greco;log,2005-2024,IGN IFN brut (Etalab 2.0) ; FORMS-T (CC-BY 4.0) ; spec 054 lot 3
I13,23PM,4,5.4354,2.0856,gvf,6.0478,1.6898,21.494,0.64525,fay_herriot,forms_mnt:h_sd+alt_mean+essence+greco;log,2005-2024,IGN IFN brut (Etalab 2.0) ; FORMS-T (CC-BY 4.0) ; spec 054 lot 3
I13,24,1,69.762,2754,gvf,45.074,217.61,32.728,0.18495,fay_herriot,forms_mnt:h_sd+alt_mean+essence+greco;log,2005-2024,IGN IFN brut (Etalab 2.0) ; FORMS-T (CC-BY 4.0) ; spec 054 lot 3
I13,25M,1,18.482,301.97,gvf,14.791,25.163,33.915,0.12683,fay_herriot,forms_mnt:h_sd+alt_mean+essence+greco;log,2005-2024,IGN IFN brut (Etalab 2.0) ; FORMS-T (CC-BY 4.0) ; spec 054 lot 3
I13,31,3,18.116,92.818,gvf,9.491,8.1126,30.01,0.31225,fay_herriot,forms_mnt:h_sd+alt_mean+essence+greco;log,2005-2024,IGN IFN brut (Etalab 2.0) ; FORMS-T (CC-BY 4.0) ; spec 054 lot 3
I13,33N,2,87.703,3061.5,gvf,83.989,710.54,31.737,0.24391,fay_herriot,forms_mnt:h_sd+alt_mean+essence+greco;log,2005-2024,IGN IFN brut (Etalab 2.0) ; FORMS-T (CC-BY 4.0) ; spec 054 lot 3
I13,40,13,9.9595,8.1671,direct,10.181,5.4066,22.84,0.6093,fay_herriot,forms_mnt:h_sd+alt_mean+essence+greco;log,2005-2024,IGN IFN brut (Etalab 2.0) ; FORMS-T (CC-BY 4.0) ; spec 054 lot 3
I13,41,5,6.8857,28.277,gvf,7.9419,6.8619,32.984,0.17715,fay_herriot,forms_mnt:h_sd+alt_mean+essence+greco;log,2005-2024,IGN IFN brut (Etalab 2.0) ; FORMS-T (CC-BY 4.0) ; spec 054 lot 3
I13,49AM,18,3.7886,0.5759,direct,3.8973,0.4675,17.544,0.76192,fay_herriot,forms_mnt:h_sd+alt_mean+essence+greco;log,2005-2024,IGN IFN brut (Etalab 2.0) ; FORMS-T (CC-BY 4.0) ; spec 054 lot 3
I13,49BS,20,6.879,3.8526,direct,5.3763,1.4894,22.7,0.61197,fay_herriot,forms_mnt:h_sd+alt_mean+essence+greco;log,2005-2024,IGN IFN brut (Etalab 2.0) ; FORMS-T (CC-BY 4.0) ; spec 054 lot 3
I13,49FL,15,3.407,0.44866,direct,3.6904,0.41698,17.498,0.76863,fay_herriot,forms_mnt:h_sd+alt_mean+essence+greco;log,2005-2024,IGN IFN brut (Etalab 2.0) ; FORMS-T (CC-BY 4.0) ; spec 054 lot 3
I13,49IA,3,6.9144,31.354,gvf,5.2348,3.0366,33.289,0.16373,fay_herriot,forms_mnt:h_sd+alt_mean+essence+greco;log,2005-2024,IGN IFN brut (Etalab 2.0) ; FORMS-T (CC-BY 4.0) ; spec 054 lot 3
I13,49RA,1,1.219,17.443,gvf,7.3911,10.576,44,0.01082,fay_herriot,forms_mnt:h_sd+alt_mean+essence+greco;log,2005-2024,IGN IFN brut (Etalab 2.0) ; FORMS-T (CC-BY 4.0) ; spec 054 lot 3
I13,49RC,2,5.5024,42.06,gvf,7.2625,7.346,37.32,0.084608,fay_herriot,forms_mnt:h_sd+alt_mean+essence+greco;log,2005-2024,IGN IFN brut (Etalab 2.0) ; FORMS-T (CC-BY 4.0) ; spec 054 lot 3
I13,51,3,129.25,1361.2,gvf,114.31,661.34,22.496,0.61178,fay_herriot,forms_mnt:h_sd+alt_mean+essence+greco;log,2005-2024,IGN IFN brut (Etalab 2.0) ; FORMS-T (CC-BY 4.0) ; spec 054 lot 3
I13,52,20,35.438,97.446,direct,45.232,99.999,22.108,0.62333,fay_herriot,forms_mnt:h_sd+alt_mean+essence+greco;log,2005-2024,IGN IFN brut (Etalab 2.0) ; FORMS-T (CC-BY 4.0) ; spec 054 lot 3
I13,53CO,8,63.001,3332.1,gvf,103.53,1230.7,33.884,0.13266,fay_herriot,forms_mnt:h_sd+alt_mean+essence+greco;log,2005-2024,IGN IFN brut (Etalab 2.0) ; FORMS-T (CC-BY 4.0) ; spec 054 lot 3
I13,53S,1,18.553,7196,gvf,114.59,2306.7,41.913,0.0061046,fay_herriot,forms_mnt:h_sd+alt_mean+essence+greco;log,2005-2024,IGN IFN brut (Etalab 2.0) ; FORMS-T (CC-BY 4.0) ; spec 054 lot 3
I13,54,55,106.85,374.96,direct,106.15,297.52,16.25,0.79631,fay_herriot,forms_mnt:h_sd+alt_mean+essence+greco;log,2005-2024,IGN IFN brut (Etalab 2.0) ; FORMS-T (CC-BY 4.0) ; spec 054 lot 3
I13,55,2,76.338,1120.2,gvf,69.157,403.51,29.046,0.40048,fay_herriot,forms_mnt:h_sd+alt_mean+essence+greco;log,2005-2024,IGN IFN brut (Etalab 2.0) ; FORMS-T (CC-BY 4.0) ; spec 054 lot 3
I13,57A,2,10.881,1690.5,gvf,63.523,592.84,38.33,0.0089122,fay_herriot,forms_mnt:h_sd+alt_mean+essence+greco;log,2005-2024,IGN IFN brut (Etalab 2.0) ; FORMS-T (CC-BY 4.0) ; spec 054 lot 3
I13,61,10,114.85,1233.8,direct,108.93,652.23,23.445,0.57855,fay_herriot,forms_mnt:h_sd+alt_mean+essence+greco;log,2005-2024,IGN IFN brut (Etalab 2.0) ; FORMS-T (CC-BY 4.0) ; spec 054 lot 3
I13,64,5,408.5,9037.7,gvf,306.57,3617.7,19.619,0.70333,fay_herriot,forms_mnt:h_sd+alt_mean+essence+greco;log,2005-2024,IGN IFN brut (Etalab 2.0) ; FORMS-T (CC-BY 4.0) ; spec 054 lot 3
I13,65,9,150.26,2012.3,gvf,109.46,660.97,23.486,0.59028,fay_herriot,forms_mnt:h_sd+alt_mean+essence+greco;log,2005-2024,IGN IFN brut (Etalab 2.0) ; FORMS-T (CC-BY 4.0) ; spec 054 lot 3
I13,66,1,25.258,2381.4,gvf,61.197,493.2,36.29,0.033254,fay_herriot,forms_mnt:h_sd+alt_mean+essence+greco;log,2005-2024,IGN IFN brut (Etalab 2.0) ; FORMS-T (CC-BY 4.0) ; spec 054 lot 3
I13,69JC,5,3.5558,0.99276,gvf,3.3843,0.57111,22.33,0.62054,fay_herriot,forms_mnt:h_sd+alt_mean+essence+greco;log,2005-2024,IGN IFN brut (Etalab 2.0) ; FORMS-T (CC-BY 4.0) ; spec 054 lot 3
I13,69JO,5,2.4111,5.0031,gvf,4.593,2.5709,34.909,0.12983,fay_herriot,forms_mnt:h_sd+alt_mean+essence+greco;log,2005-2024,IGN IFN brut (Etalab 2.0) ; FORMS-T (CC-BY 4.0) ; spec 054 lot 3
I21,02,260,65.523,15.798,direct,66.024,15.606,5.9833,0.97214,fay_herriot,forms_mnt:h_sd+alt_mean+essence+greco;log,2005-2024,IGN IFN brut (Etalab 2.0) ; FORMS-T (CC-BY 4.0) ; spec 054 lot 3
I21,03,154,63.705,32.138,direct,65.595,32.143,8.6431,0.94191,fay_herriot,forms_mnt:h_sd+alt_mean+essence+greco;log,2005-2024,IGN IFN brut (Etalab 2.0) ; FORMS-T (CC-BY 4.0) ; spec 054 lot 3
I21,04,10,117.92,3213.2,direct,92.222,723.12,29.159,0.35721,fay_herriot,forms_mnt:h_sd+alt_mean+essence+greco;log,2005-2024,IGN IFN brut (Etalab 2.0) ; FORMS-T (CC-BY 4.0) ; spec 054 lot 3
I21,05,200,53.274,15.833,direct,53.471,15.306,7.3168,0.95836,fay_herriot,forms_mnt:h_sd+alt_mean+essence+greco;log,2005-2024,IGN IFN brut (Etalab 2.0) ; FORMS-T (CC-BY 4.0) ; spec 054 lot 3
I21,06,2,13.936,609.76,gvf,36.138,169.9,36.069,0.039288,fay_herriot,forms_mnt:h_sd+alt_mean+essence+greco;log,2005-2024,IGN IFN brut (Etalab 2.0) ; FORMS-T (CC-BY 4.0) ; spec 054 lot 3
I21,07,27,44.832,31.496,direct,44.901,28.456,11.88,0.89123,fay_herriot,forms_mnt:h_sd+alt_mean+essence+greco;log,2005-2024,IGN IFN brut (Etalab 2.0) ; FORMS-T (CC-BY 4.0) ; spec 054 lot 3
I21,09,1266,150.34,12.368,direct,149.97,12.255,2.3343,0.99576,fay_herriot,forms_mnt:h_sd+alt_mean+essence+greco;log,2005-2024,IGN IFN brut (Etalab 2.0) ; FORMS-T (CC-BY 4.0) ; spec 054 lot 3
I21,10,293,77.142,21.778,direct,77.05,21.14,5.9673,0.97229,fay_herriot,forms_mnt:h_sd+alt_mean+essence+greco;log,2005-2024,IGN IFN brut (Etalab 2.0) ; FORMS-T (CC-BY 4.0) ; spec 054 lot 3
I21,11,10,16.736,7.4822,direct,19.758,8.6769,14.909,0.82778,fay_herriot,forms_mnt:h_sd+alt_mean+essence+greco;log,2005-2024,IGN IFN brut (Etalab 2.0) ; FORMS-T (CC-BY 4.0) ; spec 054 lot 3
I21,12P,5,26.564,426.21,gvf,46.204,236.65,33.294,0.17532,fay_herriot,forms_mnt:h_sd+alt_mean+essence+greco;log,2005-2024,IGN IFN brut (Etalab 2.0) ; FORMS-T (CC-BY 4.0) ; spec 054 lot 3
I21,12V,263,41.056,7.1753,direct,40.815,6.87,6.4218,0.96791,fay_herriot,forms_mnt:h_sd+alt_mean+essence+greco;log,2005-2024,IGN IFN brut (Etalab 2.0) ; FORMS-T (CC-BY 4.0) ; spec 054 lot 3
I21,13B,2,42.443,689.15,gvf,40.786,182.51,33.123,0.2513,fay_herriot,forms_mnt:h_sd+alt_mean+essence+greco;log,2005-2024,IGN IFN brut (Etalab 2.0) ; FORMS-T (CC-BY 4.0) ; spec 054 lot 3
I21,13G,73,40.062,24.377,direct,43.096,25.305,11.673,0.89422,fay_herriot,forms_mnt:h_sd+alt_mean+essence+greco;log,2005-2024,IGN IFN brut (Etalab 2.0) ; FORMS-T (CC-BY 4.0) ; spec 054 lot 3
I21,14,65,70.776,85.171,direct,70.254,74.388,12.277,0.88307,fay_herriot,forms_mnt:h_sd+alt_mean+essence+greco;log,2005-2024,IGN IFN brut (Etalab 2.0) ; FORMS-T (CC-BY 4.0) ; spec 054 lot 3
I21,15P,11,15.045,16.314,direct,20.227,19.204,21.666,0.6405,fay_herriot,forms_mnt:h_sd+alt_mean+essence+greco;log,2005-2024,IGN IFN brut (Etalab 2.0) ; FORMS-T (CC-BY 4.0) ; spec 054 lot 3
I21,15S,15,23.339,19.631,direct,26.024,19.2,16.837,0.78084,fay_herriot,forms_mnt:h_sd+alt_mean+essence+greco;log,2005-2024,IGN IFN brut (Etalab 2.0) ; FORMS-T (CC-BY 4.0) ; spec 054 lot 3
I21,17C,474,53.171,8.2842,direct,53.265,8.1329,5.354,0.97769,fay_herriot,forms_mnt:h_sd+alt_mean+essence+greco;log,2005-2024,IGN IFN brut (Etalab 2.0) ; FORMS-T (CC-BY 4.0) ; spec 054 lot 3
I21,17O,1,14.221,178.69,gvf,44.686,237.91,34.518,0.12688,fay_herriot,forms_mnt:h_sd+alt_mean+essence+greco;log,2005-2024,IGN IFN brut (Etalab 2.0) ; FORMS-T (CC-BY 4.0) ; spec 054 lot 3
I21,18C,13,22.837,29.903,direct,20.312,16.524,20.013,0.69131,fay_herriot,forms_mnt:h_sd+alt_mean+essence+greco;log,2005-2024,IGN IFN brut (Etalab 2.0) ; FORMS-T (CC-BY 4.0) ; spec 054 lot 3
I21,18M,49,14.216,10.055,direct,15.721,9.1093,19.199,0.72072,fay_herriot,forms_mnt:h_sd+alt_mean+essence+greco;log,2005-2024,IGN IFN brut (Etalab 2.0) ; FORMS-T (CC-BY 4.0) ; spec 054 lot 3
I21,19,2,446.26,10571,gvf,343.92,4484.2,19.471,0.70752,fay_herriot,forms_mnt:h_sd+alt_mean+essence+greco;log,2005-2024,IGN IFN brut (Etalab 2.0) ; FORMS-T (CC-BY 4.0) ; spec 054 lot 3
I21,20G,85,50.186,48.266,direct,49.967,41.883,12.952,0.87014,fay_herriot,forms_mnt:h_sd+alt_mean+essence+greco;log,2005-2024,IGN IFN brut (Etalab 2.0) ; FORMS-T (CC-BY 4.0) ; spec 054 lot 3
I21,20P,76,49.174,41.216,direct,49.058,36.394,12.297,0.88281,fay_herriot,forms_mnt:h_sd+alt_mean+essence+greco;log,2005-2024,IGN IFN brut (Etalab 2.0) ; FORMS-T (CC-BY 4.0) ; spec 054 lot 3
I21,21C,129,17.347,2.0599,direct,17.647,2.0269,8.0676,0.94939,fay_herriot,forms_mnt:h_sd+alt_mean+essence+greco;log,2005-2024,IGN IFN brut (Etalab 2.0) ; FORMS-T (CC-BY 4.0) ; spec 054 lot 3
I21,21M,12,19.454,29.631,direct,18.505,17.068,22.326,0.6212,fay_herriot,forms_mnt:h_sd+alt_mean+essence+greco;log,2005-2024,IGN IFN brut (Etalab 2.0) ; FORMS-T (CC-BY 4.0) ; spec 054 lot 3
I21,21O,7,10.473,22.202,gvf,16.76,23.172,28.721,0.38813,fay_herriot,forms_mnt:h_sd+alt_mean+essence+greco;log,2005-2024,IGN IFN brut (Etalab 2.0) ; FORMS-T (CC-BY 4.0) ; spec 054 lot 3
I21,22G,1,6.5643,433.02,gvf,13.312,25.078,37.62,0.012617,fay_herriot,forms_mnt:h_sd+alt_mean+essence+greco;log,2005-2024,IGN IFN brut (Etalab 2.0) ; FORMS-T (CC-BY 4.0) ; spec 054 lot 3
I21,22M,147,31.678,14.803,direct,30.936,12.697,11.519,0.89696,fay_herriot,forms_mnt:h_sd+alt_mean+essence+greco;log,2005-2024,IGN IFN brut (Etalab 2.0) ; FORMS-T (CC-BY 4.0) ; spec 054 lot 3
I21,23AB,32,10.148,3.6998,direct,10.382,3.0567,16.841,0.78137,fay_herriot,forms_mnt:h_sd+alt_mean+essence+greco;log,2005-2024,IGN IFN brut (Etalab 2.0) ; FORMS-T (CC-BY 4.0) ; spec 054 lot 3
I21,23PC,1,18.486,62.081,gvf,12.305,11.692,27.787,0.41412,fay_herriot,forms_mnt:h_sd+alt_mean+essence+greco;log,2005-2024,IGN IFN brut (Etalab 2.0) ; FORMS-T (CC-BY 4.0) ; spec 054 lot 3
I21,23PD,3,2.0387,34.072,gvf,14.621,29.78,37.324,0.015422,fay_herriot,forms_mnt:h_sd+alt_mean+essence+greco;log,2005-2024,IGN IFN brut (Etalab 2.0) ; FORMS-T (CC-BY 4.0) ; spec 054 lot 3
I21,23PM,7,5.6448,1.1917,gvf,6.3357,1.1729,17.094,0.77443,fay_herriot,forms_mnt:h_sd+alt_mean+essence+greco;log,2005-2024,IGN IFN brut (Etalab 2.0) ; FORMS-T (CC-BY 4.0) ; spec 054 lot 3
I21,23SO,43,10.241,3.4251,direct,10.341,2.8148,16.224,0.79725,fay_herriot,forms_mnt:h_sd+alt_mean+essence+greco;log,2005-2024,IGN IFN brut (Etalab 2.0) ; FORMS-T (CC-BY 4.0) ; spec 054 lot 3
I21,24,33,28.753,9.8424,direct,30.253,9.9956,10.451,0.91515,fay_herriot,forms_mnt:h_sd+alt_mean+essence+greco;log,2005-2024,IGN IFN brut (Etalab 2.0) ; FORMS-T (CC-BY 4.0) ; spec 054 lot 3
I21,25C,18,15.819,13.386,direct,16.906,10.973,19.593,0.7059,fay_herriot,forms_mnt:h_sd+alt_mean+essence+greco;log,2005-2024,IGN IFN brut (Etalab 2.0) ; FORMS-T (CC-BY 4.0) ; spec 054 lot 3
I21,25M,98,15.129,3.4721,direct,15.442,3.2451,11.666,0.89434,fay_herriot,forms_mnt:h_sd+alt_mean+essence+greco;log,2005-2024,IGN IFN brut (Etalab 2.0) ; FORMS-T (CC-BY 4.0) ; spec 054 lot 3
I21,25R,3,18.104,128.02,gvf,24.557,62.242,32.127,0.2474,fay_herriot,forms_mnt:h_sd+alt_mean+essence+greco;log,2005-2024,IGN IFN brut (Etalab 2.0) ; FORMS-T (CC-BY 4.0) ; spec 054 lot 3
I21,27C,15,32.466,67.559,direct,27.627,33.096,20.824,0.66703,fay_herriot,forms_mnt:h_sd+alt_mean+essence+greco;log,2005-2024,IGN IFN brut (Etalab 2.0) ; FORMS-T (CC-BY 4.0) ; spec 054 lot 3
I21,29AF,2,3.1369,21.25,gvf,6.8104,6.2522,36.715,0.056121,fay_herriot,forms_mnt:h_sd+alt_mean+essence+greco;log,2005-2024,IGN IFN brut (Etalab 2.0) ; FORMS-T (CC-BY 4.0) ; spec 054 lot 3
I21,29LI,1,231.55,16801,gvf,35.379,117.23,30.604,0.29065,fay_herriot,forms_mnt:h_sd+alt_mean+essence+greco;log,2005-2024,IGN IFN brut (Etalab 2.0) ; FORMS-T (CC-BY 4.0) ; spec 054 lot 3
I21,31,354,13.877,1.0495,direct,13.639,0.97366,7.2349,0.95928,fay_herriot,forms_mnt:h_sd+alt_mean+essence+greco;log,2005-2024,IGN IFN brut (Etalab 2.0) ; FORMS-T (CC-BY 4.0) ; spec 054 lot 3
I21,33N,4,66.381,1530.8,gvf,93.561,850.14,31.164,0.26987,fay_herriot,forms_mnt:h_sd+alt_mean+essence+greco;log,2005-2024,IGN IFN brut (Etalab 2.0) ; FORMS-T (CC-BY 4.0) ; spec 054 lot 3
I21,37,1,577.85,27526,gvf,143.49,1050.1,22.583,0.60902,fay_herriot,forms_mnt:h_sd+alt_mean+essence+greco;log,2005-2024,IGN IFN brut (Etalab 2.0) ; FORMS-T (CC-BY 4.0) ; spec 054 lot 3
I21,41,3,10.442,47.129,gvf,10.489,11.187,31.888,0.22903,fay_herriot,forms_mnt:h_sd+alt_mean+essence+greco;log,2005-2024,IGN IFN brut (Etalab 2.0) ; FORMS-T (CC-BY 4.0) ; spec 054 lot 3
I21,42,1,59.165,4466.8,gvf,18.426,41.027,34.763,0.091425,fay_herriot,forms_mnt:h_sd+alt_mean+essence+greco;log,2005-2024,IGN IFN brut (Etalab 2.0) ; FORMS-T (CC-BY 4.0) ; spec 054 lot 3
I21,49AE,2,10.754,33.568,gvf,6.9771,5.4001,33.306,0.30671,fay_herriot,forms_mnt:h_sd+alt_mean+essence+greco;log,2005-2024,IGN IFN brut (Etalab 2.0) ; FORMS-T (CC-BY 4.0) ; spec 054 lot 3
I21,49AM,91,6.2379,0.47254,direct,6.1676,0.42305,10.546,0.91359,fay_herriot,forms_mnt:h_sd+alt_mean+essence+greco;log,2005-2024,IGN IFN brut (Etalab 2.0) ; FORMS-T (CC-BY 4.0) ; spec 054 lot 3
I21,49BS,93,8.0593,0.97255,direct,7.6136,0.78455,11.634,0.89557,fay_herriot,forms_mnt:h_sd+alt_mean+essence+greco;log,2005-2024,IGN IFN brut (Etalab 2.0) ; FORMS-T (CC-BY 4.0) ; spec 054 lot 3
I21,49IA,64,7.1623,1.7917,direct,6.9819,1.3494,16.638,0.78615,fay_herriot,forms_mnt:h_sd+alt_mean+essence+greco;log,2005-2024,IGN IFN brut (Etalab 2.0) ; FORMS-T (CC-BY 4.0) ; spec 054 lot 3
I21,49PS,1,1.8296,57.909,gvf,6.0688,5.0088,36.878,0.0073674,fay_herriot,forms_mnt:h_sd+alt_mean+essence+greco;log,2005-2024,IGN IFN brut (Etalab 2.0) ; FORMS-T (CC-BY 4.0) ; spec 054 lot 3
I21,49RC,4,5.3984,21.03,gvf,8.7659,9.8036,35.719,0.15106,fay_herriot,forms_mnt:h_sd+alt_mean+essence+greco;log,2005-2024,IGN IFN brut (Etalab 2.0) ; FORMS-T (CC-BY 4.0) ; spec 054 lot 3
I21,49RP,1,1.1267,8.2172,gvf,15.553,31.631,36.16,0.019452,fay_herriot,forms_mnt:h_sd+alt_mean+essence+greco;log,2005-2024,IGN IFN brut (Etalab 2.0) ; FORMS-T (CC-BY 4.0) ; spec 054 lot 3
I21,49SN,15,7.1006,2.9996,direct,6.3551,1.6637,20.296,0.68337,fay_herriot,forms_mnt:h_sd+alt_mean+essence+greco;log,2005-2024,IGN IFN brut (Etalab 2.0) ; FORMS-T (CC-BY 4.0) ; spec 054 lot 3
I21,49SR,2,2.184,0.76139,gvf,6.6724,3.2389,26.972,0.44579,fay_herriot,forms_mnt:h_sd+alt_mean+essence+greco;log,2005-2024,IGN IFN brut (Etalab 2.0) ; FORMS-T (CC-BY 4.0) ; spec 054 lot 3
I21,52,48,86.671,137.52,direct,86.695,120.83,12.68,0.87521,fay_herriot,forms_mnt:h_sd+alt_mean+essence+greco;log,2005-2024,IGN IFN brut (Etalab 2.0) ; FORMS-T (CC-BY 4.0) ; spec 054 lot 3
I21,53CO,19,218.39,2468.8,direct,193.47,1394.9,19.305,0.71269,fay_herriot,forms_mnt:h_sd+alt_mean+essence+greco;log,2005-2024,IGN IFN brut (Etalab 2.0) ; FORMS-T (CC-BY 4.0) ; spec 054 lot 3
I21,54,3,132.58,5853.4,gvf,132.64,1683.9,30.937,0.27828,fay_herriot,forms_mnt:h_sd+alt_mean+essence+greco;log,2005-2024,IGN IFN brut (Etalab 2.0) ; FORMS-T (CC-BY 4.0) ; spec 054 lot 3
I21,58,28,63.994,193.79,direct,68.526,166.99,18.858,0.73071,fay_herriot,forms_mnt:h_sd+alt_mean+essence+greco;log,2005-2024,IGN IFN brut (Etalab 2.0) ; FORMS-T (CC-BY 4.0) ; spec 054 lot 3
I21,61,465,167.5,45.99,direct,166.97,45.141,4.0239,0.9874,fay_herriot,forms_mnt:h_sd+alt_mean+essence+greco;log,2005-2024,IGN IFN brut (Etalab 2.0) ; FORMS-T (CC-BY 4.0) ; spec 054 lot 3
I21,62,52,179.61,656.59,direct,173.06,528.63,13.286,0.86318,fay_herriot,forms_mnt:h_sd+alt_mean+essence+greco;log,2005-2024,IGN IFN brut (Etalab 2.0) ; FORMS-T (CC-BY 4.0) ; spec 054 lot 3
I21,63,9,154.98,2774,gvf,138.68,1203.8,25.018,0.52648,fay_herriot,forms_mnt:h_sd+alt_mean+essence+greco;log,2005-2024,IGN IFN brut (Etalab 2.0) ; FORMS-T (CC-BY 4.0) ; spec 054 lot 3
I21,64,22,221.54,1888.3,direct,216.15,1393.8,17.273,0.76944,fay_herriot,forms_mnt:h_sd+alt_mean+essence+greco;log,2005-2024,IGN IFN brut (Etalab 2.0) ; FORMS-T (CC-BY 4.0) ; spec 054 lot 3
I21,67,4,12.667,36.96,gvf,15.242,20.232,29.511,0.3579,fay_herriot,forms_mnt:h_sd+alt_mean+essence+greco;log,2005-2024,IGN IFN brut (Etalab 2.0) ; FORMS-T (CC-BY 4.0) ; spec 054 lot 3
I21,69JC,3,2.4717,1.6546,gvf,3.428,1.0651,30.106,0.32162,fay_herriot,forms_mnt:h_sd+alt_mean+essence+greco;log,2005-2024,IGN IFN brut (Etalab 2.0) ; FORMS-T (CC-BY 4.0) ; spec 054 lot 3
I21,73,6,153.46,5700.2,gvf,188.68,3139.9,29.698,0.34663,fay_herriot,forms_mnt:h_sd+alt_mean+essence+greco;log,2005-2024,IGN IFN brut (Etalab 2.0) ; FORMS-T (CC-BY 4.0) ; spec 054 lot 3
I21,74H,2,164.21,15999,gvf,91.762,933.65,33.299,0.1779,fay_herriot,forms_mnt:h_sd+alt_mean+essence+greco;log,2005-2024,IGN IFN brut (Etalab 2.0) ; FORMS-T (CC-BY 4.0) ; spec 054 lot 3
I21,74J,2,417.84,11565,gvf,321.65,4700.4,21.315,0.65968,fay_herriot,forms_mnt:h_sd+alt_mean+essence+greco;log,2005-2024,IGN IFN brut (Etalab 2.0) ; FORMS-T (CC-BY 4.0) ; spec 054 lot 3
I22,02,1,23.328,5174.2,gvf,64.219,537.79,36.111,0.013325,fay_herriot,forms_mnt:h_sd+alt_mean+essence+greco;log,2005-2024,IGN IFN brut (Etalab 2.0) ; FORMS-T (CC-BY 4.0) ; spec 054 lot 3
I22,03,32,60.434,96.192,direct,63.342,88.138,14.821,0.8298,fay_herriot,forms_mnt:h_sd+alt_mean+essence+greco;log,2005-2024,IGN IFN brut (Etalab 2.0) ; FORMS-T (CC-BY 4.0) ; spec 054 lot 3
I22,05,121,43.824,23.024,direct,43.838,21.134,10.487,0.91461,fay_herriot,forms_mnt:h_sd+alt_mean+essence+greco;log,2005-2024,IGN IFN brut (Etalab 2.0) ; FORMS-T (CC-BY 4.0) ; spec 054 lot 3
I22,06,89,32.145,14.274,direct,31.76,12.655,11.201,0.90286,fay_herriot,forms_mnt:h_sd+alt_mean+essence+greco;log,2005-2024,IGN IFN brut (Etalab 2.0) ; FORMS-T (CC-BY 4.0) ; spec 054 lot 3
I22,08S,2,15.974,666.99,gvf,27.937,111.06,37.723,0.04682,fay_herriot,forms_mnt:h_sd+alt_mean+essence+greco;log,2005-2024,IGN IFN brut (Etalab 2.0) ; FORMS-T (CC-BY 4.0) ; spec 054 lot 3
I22,09,85,95.525,122.28,direct,91.813,102.59,11.032,0.9055,fay_herriot,forms_mnt:h_sd+alt_mean+essence+greco;log,2005-2024,IGN IFN brut (Etalab 2.0) ; FORMS-T (CC-BY 4.0) ; spec 054 lot 3
I22,10,62,101.47,149.25,direct,95.509,119.18,11.43,0.89857,fay_herriot,forms_mnt:h_sd+alt_mean+essence+greco;log,2005-2024,IGN IFN brut (Etalab 2.0) ; FORMS-T (CC-BY 4.0) ; spec 054 lot 3
I22,12P,1,2.2096,2131.1,gvf,39.25,209.91,36.912,0.00029409,fay_herriot,forms_mnt:h_sd+alt_mean+essence+greco;log,2005-2024,IGN IFN brut (Etalab 2.0) ; FORMS-T (CC-BY 4.0) ; spec 054 lot 3
I22,12V,55,32.16,22.694,direct,31.148,18.267,13.722,0.85405,fay_herriot,forms_mnt:h_sd+alt_mean+essence+greco;log,2005-2024,IGN IFN brut (Etalab 2.0) ; FORMS-T (CC-BY 4.0) ; spec 054 lot 3
I22,13G,10,34.304,35.46,direct,38.195,35.836,15.673,0.80992,fay_herriot,forms_mnt:h_sd+alt_mean+essence+greco;log,2005-2024,IGN IFN brut (Etalab 2.0) ; FORMS-T (CC-BY 4.0) ; spec 054 lot 3
I22,14,8,23.963,531.66,gvf,45.89,244.78,34.093,0.12179,fay_herriot,forms_mnt:h_sd+alt_mean+essence+greco;log,2005-2024,IGN IFN brut (Etalab 2.0) ; FORMS-T (CC-BY 4.0) ; spec 054 lot 3
I22,15P,1,12.685,259.1,gvf,24.573,75.144,35.277,0.073855,fay_herriot,forms_mnt:h_sd+alt_mean+essence+greco;log,2005-2024,IGN IFN brut (Etalab 2.0) ; FORMS-T (CC-BY 4.0) ; spec 054 lot 3
I22,15S,4,4.0863,194.77,gvf,28.381,106.05,36.284,0.010888,fay_herriot,forms_mnt:h_sd+alt_mean+essence+greco;log,2005-2024,IGN IFN brut (Etalab 2.0) ; FORMS-T (CC-BY 4.0) ; spec 054 lot 3
I22,17C,82,30.26,20.249,direct,31.919,19.305,13.765,0.85308,fay_herriot,forms_mnt:h_sd+alt_mean+essence+greco;log,2005-2024,IGN IFN brut (Etalab 2.0) ; FORMS-T (CC-BY 4.0) ; spec 054 lot 3
I22,17O,5,18.849,35.739,gvf,26.2,40.008,24.142,0.56074,fay_herriot,forms_mnt:h_sd+alt_mean+essence+greco;log,2005-2024,IGN IFN brut (Etalab 2.0) ; FORMS-T (CC-BY 4.0) ; spec 054 lot 3
I22,18C,1,23.611,164.49,gvf,14.57,19.482,30.295,0.30321,fay_herriot,forms_mnt:h_sd+alt_mean+essence+greco;log,2005-2024,IGN IFN brut (Etalab 2.0) ; FORMS-T (CC-BY 4.0) ; spec 054 lot 3
I22,18M,1,19.708,388.18,gvf,15.843,31.167,35.238,0.11385,fay_herriot,forms_mnt:h_sd+alt_mean+essence+greco;log,2005-2024,IGN IFN brut (Etalab 2.0) ; FORMS-T (CC-BY 4.0) ; spec 054 lot 3
I22,20P,11,19.811,51.465,direct,26.95,48.222,25.767,0.49474,fay_herriot,forms_mnt:h_sd+alt_mean+essence+greco;log,2005-2024,IGN IFN brut (Etalab 2.0) ; FORMS-T (CC-BY 4.0) ; spec 054 lot 3
I22,21C,2,11.118,236.95,gvf,17.822,39.36,35.203,0.062783,fay_herriot,forms_mnt:h_sd+alt_mean+essence+greco;log,2005-2024,IGN IFN brut (Etalab 2.0) ; FORMS-T (CC-BY 4.0) ; spec 054 lot 3
I22,21M,9,5.0203,36.881,gvf,11.942,17.863,35.392,0.08067,fay_herriot,forms_mnt:h_sd+alt_mean+essence+greco;log,2005-2024,IGN IFN brut (Etalab 2.0) ; FORMS-T (CC-BY 4.0) ; spec 054 lot 3
I22,21O,8,11.411,19.427,gvf,14.169,14.487,26.863,0.46253,fay_herriot,forms_mnt:h_sd+alt_mean+essence+greco;log,2005-2024,IGN IFN brut (Etalab 2.0) ; FORMS-T (CC-BY 4.0) ; spec 054 lot 3
I22,22M,33,13.393,6.6398,direct,14.487,6.0719,17.009,0.77623,fay_herriot,forms_mnt:h_sd+alt_mean+essence+greco;log,2005-2024,IGN IFN brut (Etalab 2.0) ; FORMS-T (CC-BY 4.0) ; spec 054 lot 3
I22,23AB,17,5.1365,1.5907,direct,6.0362,1.5187,20.416,0.68048,fay_herriot,forms_mnt:h_sd+alt_mean+essence+greco;log,2005-2024,IGN IFN brut (Etalab 2.0) ; FORMS-T (CC-BY 4.0) ; spec 054 lot 3
I22,23PC,1,3.9939,62.081,gvf,6.8525,6.109,36.069,0.031939,fay_herriot,forms_mnt:h_sd+alt_mean+essence+greco;log,2005-2024,IGN IFN brut (Etalab 2.0) ; FORMS-T (CC-BY 4.0) ; spec 054 lot 3
I22,23PM,3,4.1885,2.7807,gvf,5.6144,2.2881,26.942,0.44754,fay_herriot,forms_mnt:h_sd+alt_mean+essence+greco;log,2005-2024,IGN IFN brut (Etalab 2.0) ; FORMS-T (CC-BY 4.0) ; spec 054 lot 3
I22,23SO,17,3.9595,0.6345,direct,4.703,0.69022,17.665,0.76035,fay_herriot,forms_mnt:h_sd+alt_mean+essence+greco;log,2005-2024,IGN IFN brut (Etalab 2.0) ; FORMS-T (CC-BY 4.0) ; spec 054 lot 3
I22,24,10,79.295,1130.3,direct,52.86,213.2,27.623,0.41666,fay_herriot,forms_mnt:h_sd+alt_mean+essence+greco;log,2005-2024,IGN IFN brut (Etalab 2.0) ; FORMS-T (CC-BY 4.0) ; spec 054 lot 3
I22,25B,2,12.037,2069.5,gvf,47.567,303.83,36.644,0.0089091,fay_herriot,forms_mnt:h_sd+alt_mean+essence+greco;log,2005-2024,IGN IFN brut (Etalab 2.0) ; FORMS-T (CC-BY 4.0) ; spec 054 lot 3
I22,25C,1,1.0485,252.28,gvf,14.968,30.449,36.866,0.00055924,fay_herriot,forms_mnt:h_sd+alt_mean+essence+greco;log,2005-2024,IGN IFN brut (Etalab 2.0) ; FORMS-T (CC-BY 4.0) ; spec 054 lot 3
I22,25M,26,17.599,8.7567,direct,16.861,6.6274,15.268,0.81955,fay_herriot,forms_mnt:h_sd+alt_mean+essence+greco;log,2005-2024,IGN IFN brut (Etalab 2.0) ; FORMS-T (CC-BY 4.0) ; spec 054 lot 3
I22,27C,1,10.562,765.28,gvf,15.013,29.675,36.285,0.018373,fay_herriot,forms_mnt:h_sd+alt_mean+essence+greco;log,2005-2024,IGN IFN brut (Etalab 2.0) ; FORMS-T (CC-BY 4.0) ; spec 054 lot 3
I22,28,1,9.5883,316.75,gvf,11.648,21.435,39.749,0.035929,fay_herriot,forms_mnt:h_sd+alt_mean+essence+greco;log,2005-2024,IGN IFN brut (Etalab 2.0) ; FORMS-T (CC-BY 4.0) ; spec 054 lot 3
I22,31,32,8.0986,2.8793,direct,7.7631,1.988,18.162,0.74521,fay_herriot,forms_mnt:h_sd+alt_mean+essence+greco;log,2005-2024,IGN IFN brut (Etalab 2.0) ; FORMS-T (CC-BY 4.0) ; spec 054 lot 3
I22,33B,1,35.942,29031,gvf,105.91,1811.4,40.186,0.0056813,fay_herriot,forms_mnt:h_sd+alt_mean+essence+greco;log,2005-2024,IGN IFN brut (Etalab 2.0) ; FORMS-T (CC-BY 4.0) ; spec 054 lot 3
I22,33N,8,96.38,765.39,gvf,89.735,412.52,22.634,0.60913,fay_herriot,forms_mnt:h_sd+alt_mean+essence+greco;log,2005-2024,IGN IFN brut (Etalab 2.0) ; FORMS-T (CC-BY 4.0) ; spec 054 lot 3
I22,40,1,5.0264,95.309,gvf,9.9762,13.598,36.963,0.032917,fay_herriot,forms_mnt:h_sd+alt_mean+essence+greco;log,2005-2024,IGN IFN brut (Etalab 2.0) ; FORMS-T (CC-BY 4.0) ; spec 054 lot 3
I22,49AM,4,5.3126,8.1311,gvf,4.4674,1.81,30.115,0.30829,fay_herriot,forms_mnt:h_sd+alt_mean+essence+greco;log,2005-2024,IGN IFN brut (Etalab 2.0) ; FORMS-T (CC-BY 4.0) ; spec 054 lot 3
I22,49BS,3,1.603,25.062,gvf,3.4967,1.6876,37.151,0.012994,fay_herriot,forms_mnt:h_sd+alt_mean+essence+greco;log,2005-2024,IGN IFN brut (Etalab 2.0) ; FORMS-T (CC-BY 4.0) ; spec 054 lot 3
I22,49EA,1,1.8045,17.409,gvf,2.8254,1.3331,40.865,0.023454,fay_herriot,forms_mnt:h_sd+alt_mean+essence+greco;log,2005-2024,IGN IFN brut (Etalab 2.0) ; FORMS-T (CC-BY 4.0) ; spec 054 lot 3
I22,49IA,4,10.247,23.516,gvf,6.3321,3.3585,28.942,0.36441,fay_herriot,forms_mnt:h_sd+alt_mean+essence+greco;log,2005-2024,IGN IFN brut (Etalab 2.0) ; FORMS-T (CC-BY 4.0) ; spec 054 lot 3
I22,49PM,1,1.6867,33.985,gvf,4.7862,3.1977,37.361,0.010635,fay_herriot,forms_mnt:h_sd+alt_mean+essence+greco;log,2005-2024,IGN IFN brut (Etalab 2.0) ; FORMS-T (CC-BY 4.0) ; spec 054 lot 3
I22,49SN,1,1.5378,48.431,gvf,3.7597,1.8832,36.5,0.0062308,fay_herriot,forms_mnt:h_sd+alt_mean+essence+greco;log,2005-2024,IGN IFN brut (Etalab 2.0) ; FORMS-T (CC-BY 4.0) ; spec 054 lot 3
I22,51,2,40.428,2041.7,gvf,84.631,865.25,34.757,0.093205,fay_herriot,forms_mnt:h_sd+alt_mean+essence+greco;log,2005-2024,IGN IFN brut (Etalab 2.0) ; FORMS-T (CC-BY 4.0) ; spec 054 lot 3
I22,52,135,91.416,70.883,direct,89.56,63.941,8.9284,0.93804,fay_herriot,forms_mnt:h_sd+alt_mean+essence+greco;log,2005-2024,IGN IFN brut (Etalab 2.0) ; FORMS-T (CC-BY 4.0) ; spec 054 lot 3
I22,53CO,8,74.396,3332.1,gvf,101.36,1121.4,33.037,0.17579,fay_herriot,forms_mnt:h_sd+alt_mean+essence+greco;log,2005-2024,IGN IFN brut (Etalab 2.0) ; FORMS-T (CC-BY 4.0) ; spec 054 lot 3
I22,53S,4,70.767,1799,gvf,99.456,1196.7,34.783,0.26332,fay_herriot,forms_mnt:h_sd+alt_mean+essence+greco;log,2005-2024,IGN IFN brut (Etalab 2.0) ; FORMS-T (CC-BY 4.0) ; spec 054 lot 3
I22,54,7,63.729,2508.6,gvf,92.75,950.76,33.245,0.17211,fay_herriot,forms_mnt:h_sd+alt_mean+essence+greco;log,2005-2024,IGN IFN brut (Etalab 2.0) ; FORMS-T (CC-BY 4.0) ; spec 054 lot 3
I22,55,1,37.492,2240.3,gvf,60.388,498.59,36.976,0.074557,fay_herriot,forms_mnt:h_sd+alt_mean+essence+greco;log,2005-2024,IGN IFN brut (Etalab 2.0) ; FORMS-T (CC-BY 4.0) ; spec 054 lot 3
I22,58,250,98.318,30.101,direct,97.264,28.834,5.5208,0.97632,fay_herriot,forms_mnt:h_sd+alt_mean+essence+greco;log,2005-2024,IGN IFN brut (Etalab 2.0) ; FORMS-T (CC-BY 4.0) ; spec 054 lot 3
I22,61,66,109.6,265.26,direct,107.84,220.42,13.767,0.85325,fay_herriot,forms_mnt:h_sd+alt_mean+essence+greco;log,2005-2024,IGN IFN brut (Etalab 2.0) ; FORMS-T (CC-BY 4.0) ; spec 054 lot 3
I22,62,16,52.569,467.23,direct,77.248,444.87,27.304,0.43164,fay_herriot,forms_mnt:h_sd+alt_mean+essence+greco;log,2005-2024,IGN IFN brut (Etalab 2.0) ; FORMS-T (CC-BY 4.0) ; spec 054 lot 3
I22,63,6,102.1,4161,gvf,94.859,917.48,31.932,0.2434,fay_herriot,forms_mnt:h_sd+alt_mean+essence+greco;log,2005-2024,IGN IFN brut (Etalab 2.0) ; FORMS-T (CC-BY 4.0) ; spec 054 lot 3
I22,64,1,329.41,45188,gvf,180.99,3305.6,31.766,0.23567,fay_herriot,forms_mnt:h_sd+alt_mean+essence+greco;log,2005-2024,IGN IFN brut (Etalab 2.0) ; FORMS-T (CC-BY 4.0) ; spec 054 lot 3
I22,65,7,58.088,2587.3,gvf,65.831,525.39,34.818,0.14344,fay_herriot,forms_mnt:h_sd+alt_mean+essence+greco;log,2005-2024,IGN IFN brut (Etalab 2.0) ; FORMS-T (CC-BY 4.0) ; spec 054 lot 3
I22,66,1,11.978,2381.4,gvf,60.39,494.18,36.811,0.0076764,fay_herriot,forms_mnt:h_sd+alt_mean+essence+greco;log,2005-2024,IGN IFN brut (Etalab 2.0) ; FORMS-T (CC-BY 4.0) ; spec 054 lot 3
I22,67,1,2.4172,147.84,gvf,12.665,22.371,37.344,0.0050488,fay_herriot,forms_mnt:h_sd+alt_mean+essence+greco;log,2005-2024,IGN IFN brut (Etalab 2.0) ; FORMS-T (CC-BY 4.0) ; spec 054 lot 3
I22,69JC,5,2.5197,0.99276,gvf,2.786,0.56606,27.005,0.45091,fay_herriot,forms_mnt:h_sd+alt_mean+essence+greco;log,2005-2024,IGN IFN brut (Etalab 2.0) ; FORMS-T (CC-BY 4.0) ; spec 054 lot 3
I22,69JO,3,5.5167,8.3385,gvf,5.0898,2.4293,30.622,0.3191,fay_herriot,forms_mnt:h_sd+alt_mean+essence+greco;log,2005-2024,IGN IFN brut (Etalab 2.0) ; FORMS-T (CC-BY 4.0) ; spec 054 lot 3
J10,03,3,101.78,927.44,gvf,85.241,387.23,23.085,0.58921,fay_herriot,forms_mnt:h_sd+alt_mean+essence+greco;log,2005-2024,IGN IFN brut (Etalab 2.0) ; FORMS-T (CC-BY 4.0) ; spec 054 lot 3
J10,05,518,37.032,3.117,direct,37.022,3.0628,4.7271,0.98261,fay_herriot,forms_mnt:h_sd+alt_mean+essence+greco;log,2005-2024,IGN IFN brut (Etalab 2.0) ; FORMS-T (CC-BY 4.0) ; spec 054 lot 3
J10,06,797,26.658,0.84394,direct,26.628,0.83472,3.4311,0.99084,fay_herriot,forms_mnt:h_sd+alt_mean+essence+greco;log,2005-2024,IGN IFN brut (Etalab 2.0) ; FORMS-T (CC-BY 4.0) ; spec 054 lot 3
J10,08S,1,70.831,1321.3,gvf,34.051,110.72,30.901,0.32775,fay_herriot,forms_mnt:h_sd+alt_mean+essence+greco;log,2005-2024,IGN IFN brut (Etalab 2.0) ; FORMS-T (CC-BY 4.0) ; spec 054 lot 3
J10,09,2,59.702,2628.3,gvf,53.173,315.68,33.414,0.14831,fay_herriot,forms_mnt:h_sd+alt_mean+essence+greco;log,2005-2024,IGN IFN brut (Etalab 2.0) ; FORMS-T (CC-BY 4.0) ; spec 054 lot 3
J10,10,15,25.405,16.282,direct,28.04,16.649,14.552,0.83579,fay_herriot,forms_mnt:h_sd+alt_mean+essence+greco;log,2005-2024,IGN IFN brut (Etalab 2.0) ; FORMS-T (CC-BY 4.0) ; spec 054 lot 3
J10,13G,4,23.201,521.65,gvf,45.78,243.47,34.084,0.11699,fay_herriot,forms_mnt:h_sd+alt_mean+essence+greco;log,2005-2024,IGN IFN brut (Etalab 2.0) ; FORMS-T (CC-BY 4.0) ; spec 054 lot 3
J10,14,15,61.14,291.45,direct,52.895,137.32,22.154,0.62219,fay_herriot,forms_mnt:h_sd+alt_mean+essence+greco;log,2005-2024,IGN IFN brut (Etalab 2.0) ; FORMS-T (CC-BY 4.0) ; spec 054 lot 3
J10,15P,1,11.734,1201.9,gvf,21.306,60.023,36.363,0.014497,fay_herriot,forms_mnt:h_sd+alt_mean+essence+greco;log,2005-2024,IGN IFN brut (Etalab 2.0) ; FORMS-T (CC-BY 4.0) ; spec 054 lot 3
J10,16,4,15.879,44.325,gvf,12.348,11.546,27.518,0.42211,fay_herriot,forms_mnt:h_sd+alt_mean+essence+greco;log,2005-2024,IGN IFN brut (Etalab 2.0) ; FORMS-T (CC-BY 4.0) ; spec 054 lot 3
J10,17C,9,34.962,265.69,gvf,35.678,104.33,28.629,0.37136,fay_herriot,forms_mnt:h_sd+alt_mean+essence+greco;log,2005-2024,IGN IFN brut (Etalab 2.0) ; FORMS-T (CC-BY 4.0) ; spec 054 lot 3
J10,17F,2,8.5488,29.323,gvf,11.935,15.921,33.433,0.24243,fay_herriot,forms_mnt:h_sd+alt_mean+essence+greco;log,2005-2024,IGN IFN brut (Etalab 2.0) ; FORMS-T (CC-BY 4.0) ; spec 054 lot 3
J10,17O,22,31.174,48.596,direct,31.702,36.871,19.154,0.71972,fay_herriot,forms_mnt:h_sd+alt_mean+essence+greco;log,2005-2024,IGN IFN brut (Etalab 2.0) ; FORMS-T (CC-BY 4.0) ; spec 054 lot 3
J10,18C,14,14.115,18.332,direct,12.12,7.9793,23.307,0.58254,fay_herriot,forms_mnt:h_sd+alt_mean+essence+greco;log,2005-2024,IGN IFN brut (Etalab 2.0) ; FORMS-T (CC-BY 4.0) ; spec 054 lot 3
J10,19,1,260.86,24899,gvf,142.14,1963.2,31.173,0.25976,fay_herriot,forms_mnt:h_sd+alt_mean+essence+greco;log,2005-2024,IGN IFN brut (Etalab 2.0) ; FORMS-T (CC-BY 4.0) ; spec 054 lot 3
J10,20G,4,34.426,159.29,gvf,32.322,70.181,25.918,0.48859,fay_herriot,forms_mnt:h_sd+alt_mean+essence+greco;log,2005-2024,IGN IFN brut (Etalab 2.0) ; FORMS-T (CC-BY 4.0) ; spec 054 lot 3
J10,21C,17,10.197,3.7784,direct,11.146,3.5403,16.882,0.77941,fay_herriot,forms_mnt:h_sd+alt_mean+essence+greco;log,2005-2024,IGN IFN brut (Etalab 2.0) ; FORMS-T (CC-BY 4.0) ; spec 054 lot 3
J10,21M,64,7.6012,1.0787,direct,7.9376,1.0352,12.818,0.87305,fay_herriot,forms_mnt:h_sd+alt_mean+essence+greco;log,2005-2024,IGN IFN brut (Etalab 2.0) ; FORMS-T (CC-BY 4.0) ; spec 054 lot 3
J10,21O,5,11.827,70.068,gvf,13.653,20.254,32.964,0.20403,fay_herriot,forms_mnt:h_sd+alt_mean+essence+greco;log,2005-2024,IGN IFN brut (Etalab 2.0) ; FORMS-T (CC-BY 4.0) ; spec 054 lot 3
J10,22M,5,16.489,31.284,gvf,16.152,16.023,24.783,0.52739,fay_herriot,forms_mnt:h_sd+alt_mean+essence+greco;log,2005-2024,IGN IFN brut (Etalab 2.0) ; FORMS-T (CC-BY 4.0) ; spec 054 lot 3
J10,23AB,10,3.3985,0.62035,direct,4.2168,0.68266,19.594,0.70507,fay_herriot,forms_mnt:h_sd+alt_mean+essence+greco;log,2005-2024,IGN IFN brut (Etalab 2.0) ; FORMS-T (CC-BY 4.0) ; spec 054 lot 3
J10,23C,3,5.3737,8.9852,gvf,7.0999,4.7672,30.752,0.29211,fay_herriot,forms_mnt:h_sd+alt_mean+essence+greco;log,2005-2024,IGN IFN brut (Etalab 2.0) ; FORMS-T (CC-BY 4.0) ; spec 054 lot 3
J10,23F,1,15.227,340.37,gvf,10.606,13.706,34.906,0.080431,fay_herriot,forms_mnt:h_sd+alt_mean+essence+greco;log,2005-2024,IGN IFN brut (Etalab 2.0) ; FORMS-T (CC-BY 4.0) ; spec 054 lot 3
J10,23PA,4,1.6041,19.354,gvf,8.0099,11.59,42.502,0.016785,fay_herriot,forms_mnt:h_sd+alt_mean+essence+greco;log,2005-2024,IGN IFN brut (Etalab 2.0) ; FORMS-T (CC-BY 4.0) ; spec 054 lot 3
J10,23PC,3,7.5518,6.6418,gvf,6.6544,2.7604,24.967,0.52438,fay_herriot,forms_mnt:h_sd+alt_mean+essence+greco;log,2005-2024,IGN IFN brut (Etalab 2.0) ; FORMS-T (CC-BY 4.0) ; spec 054 lot 3
J10,23PD,3,2.7075,34.072,gvf,9.1445,11.479,37.051,0.026884,fay_herriot,forms_mnt:h_sd+alt_mean+essence+greco;log,2005-2024,IGN IFN brut (Etalab 2.0) ; FORMS-T (CC-BY 4.0) ; spec 054 lot 3
J10,23PM,6,4.5699,1.1858,gvf,4.9439,0.97375,19.96,0.69338,fay_herriot,forms_mnt:h_sd+alt_mean+essence+greco;log,2005-2024,IGN IFN brut (Etalab 2.0) ; FORMS-T (CC-BY 4.0) ; spec 054 lot 3
J10,23SO,3,8.3937,79.648,gvf,6.8893,5.7434,34.786,0.102,fay_herriot,forms_mnt:h_sd+alt_mean+essence+greco;log,2005-2024,IGN IFN brut (Etalab 2.0) ; FORMS-T (CC-BY 4.0) ; spec 054 lot 3
J10,24,1,1.4168,71683,gvf,32.831,142.1,36.309,3.5955e-06,fay_herriot,forms_mnt:h_sd+alt_mean+essence+greco;log,2005-2024,IGN IFN brut (Etalab 2.0) ; FORMS-T (CC-BY 4.0) ; spec 054 lot 3
J10,25B,2,18.869,4849.2,gvf,39.681,210.17,36.534,0.0093398,fay_herriot,forms_mnt:h_sd+alt_mean+essence+greco;log,2005-2024,IGN IFN brut (Etalab 2.0) ; FORMS-T (CC-BY 4.0) ; spec 054 lot 3
J10,25D,1,9.2043,13.75,gvf,9.788,7.0044,27.039,0.44169,fay_herriot,forms_mnt:h_sd+alt_mean+essence+greco;log,2005-2024,IGN IFN brut (Etalab 2.0) ; FORMS-T (CC-BY 4.0) ; spec 054 lot 3
J10,25M,1,4.5791,549.91,gvf,11.465,17.263,36.239,0.0048723,fay_herriot,forms_mnt:h_sd+alt_mean+essence+greco;log,2005-2024,IGN IFN brut (Etalab 2.0) ; FORMS-T (CC-BY 4.0) ; spec 054 lot 3
J10,27C,5,7.1166,4.4304,gvf,8.9528,4.2409,23.002,0.59479,fay_herriot,forms_mnt:h_sd+alt_mean+essence+greco;log,2005-2024,IGN IFN brut (Etalab 2.0) ; FORMS-T (CC-BY 4.0) ; spec 054 lot 3
J10,28,5,2.5528,64.811,gvf,9.5704,14.71,40.075,0.012746,fay_herriot,forms_mnt:h_sd+alt_mean+essence+greco;log,2005-2024,IGN IFN brut (Etalab 2.0) ; FORMS-T (CC-BY 4.0) ; spec 054 lot 3
J10,29AF,3,1.3782,24.354,gvf,4.4208,2.7741,37.676,0.0099159,fay_herriot,forms_mnt:h_sd+alt_mean+essence+greco;log,2005-2024,IGN IFN brut (Etalab 2.0) ; FORMS-T (CC-BY 4.0) ; spec 054 lot 3
J10,29AI,1,8.4717,3913.1,gvf,52.607,779.4,53.069,0.0023495,fay_herriot,forms_mnt:h_sd+alt_mean+essence+greco;log,2005-2024,IGN IFN brut (Etalab 2.0) ; FORMS-T (CC-BY 4.0) ; spec 054 lot 3
J10,29EN,6,12.682,45.978,gvf,20.009,39.539,31.425,0.30996,fay_herriot,forms_mnt:h_sd+alt_mean+essence+greco;log,2005-2024,IGN IFN brut (Etalab 2.0) ; FORMS-T (CC-BY 4.0) ; spec 054 lot 3
J10,31,4,5.9432,14.293,gvf,5.7514,3.2895,31.535,0.24088,fay_herriot,forms_mnt:h_sd+alt_mean+essence+greco;log,2005-2024,IGN IFN brut (Etalab 2.0) ; FORMS-T (CC-BY 4.0) ; spec 054 lot 3
J10,33B,10,218.13,8482.9,direct,129.05,1427.8,29.281,0.41867,fay_herriot,forms_mnt:h_sd+alt_mean+essence+greco;log,2005-2024,IGN IFN brut (Etalab 2.0) ; FORMS-T (CC-BY 4.0) ; spec 054 lot 3
J10,33G,5,78.927,1584.4,gvf,88.56,710.43,30.097,0.33548,fay_herriot,forms_mnt:h_sd+alt_mean+essence+greco;log,2005-2024,IGN IFN brut (Etalab 2.0) ; FORMS-T (CC-BY 4.0) ; spec 054 lot 3
J10,33N,8,187.7,1329.6,gvf,148.34,648.85,17.171,0.77285,fay_herriot,forms_mnt:h_sd+alt_mean+essence+greco;log,2005-2024,IGN IFN brut (Etalab 2.0) ; FORMS-T (CC-BY 4.0) ; spec 054 lot 3
J10,38AU,1,1.2772,37.484,gvf,4.1275,2.4432,37.87,0.0055568,fay_herriot,forms_mnt:h_sd+alt_mean+essence+greco;log,2005-2024,IGN IFN brut (Etalab 2.0) ; FORMS-T (CC-BY 4.0) ; spec 054 lot 3
J10,39,2,3.4402,3.2045,gvf,2.6008,0.64737,30.937,0.32167,fay_herriot,forms_mnt:h_sd+alt_mean+essence+greco;log,2005-2024,IGN IFN brut (Etalab 2.0) ; FORMS-T (CC-BY 4.0) ; spec 054 lot 3
J10,40,150,9.1405,0.72857,direct,9.0965,0.67976,9.0636,0.93641,fay_herriot,forms_mnt:h_sd+alt_mean+essence+greco;log,2005-2024,IGN IFN brut (Etalab 2.0) ; FORMS-T (CC-BY 4.0) ; spec 054 lot 3
J10,41,9,3.0863,1.4536,gvf,4.6583,1.5416,26.653,0.45694,fay_herriot,forms_mnt:h_sd+alt_mean+essence+greco;log,2005-2024,IGN IFN brut (Etalab 2.0) ; FORMS-T (CC-BY 4.0) ; spec 054 lot 3
J10,49AM,17,3.1691,0.3044,direct,3.2176,0.25515,15.699,0.80903,fay_herriot,forms_mnt:h_sd+alt_mean+essence+greco;log,2005-2024,IGN IFN brut (Etalab 2.0) ; FORMS-T (CC-BY 4.0) ; spec 054 lot 3
J10,49BS,11,2.0863,0.28903,direct,2.3427,0.24737,21.23,0.65914,fay_herriot,forms_mnt:h_sd+alt_mean+essence+greco;log,2005-2024,IGN IFN brut (Etalab 2.0) ; FORMS-T (CC-BY 4.0) ; spec 054 lot 3
J10,49CS,3,13.618,235.83,gvf,10.545,13.377,34.685,0.091715,fay_herriot,forms_mnt:h_sd+alt_mean+essence+greco;log,2005-2024,IGN IFN brut (Etalab 2.0) ; FORMS-T (CC-BY 4.0) ; spec 054 lot 3
J10,49FL,101,3.0978,0.13315,direct,3.1658,0.12705,11.259,0.90248,fay_herriot,forms_mnt:h_sd+alt_mean+essence+greco;log,2005-2024,IGN IFN brut (Etalab 2.0) ; FORMS-T (CC-BY 4.0) ; spec 054 lot 3
J10,49IA,1,0.98073,60.23,gvf,3.9755,2.0983,36.437,0.0020463,fay_herriot,forms_mnt:h_sd+alt_mean+essence+greco;log,2005-2024,IGN IFN brut (Etalab 2.0) ; FORMS-T (CC-BY 4.0) ; spec 054 lot 3
J10,49LN,4,8.8067,35.231,gvf,18.247,39.831,34.588,0.22037,fay_herriot,forms_mnt:h_sd+alt_mean+essence+greco;log,2005-2024,IGN IFN brut (Etalab 2.0) ; FORMS-T (CC-BY 4.0) ; spec 054 lot 3
J10,49PL,1,4.6876,18.936,gvf,9.2814,9.9187,33.932,0.12968,fay_herriot,forms_mnt:h_sd+alt_mean+essence+greco;log,2005-2024,IGN IFN brut (Etalab 2.0) ; FORMS-T (CC-BY 4.0) ; spec 054 lot 3
J10,49PM,8,4.0121,4.146,gvf,4.0148,1.4687,30.186,0.33268,fay_herriot,forms_mnt:h_sd+alt_mean+essence+greco;log,2005-2024,IGN IFN brut (Etalab 2.0) ; FORMS-T (CC-BY 4.0) ; spec 054 lot 3
J10,49PT,18,4.4576,5.9758,direct,8.0037,5.9065,30.365,0.29921,fay_herriot,forms_mnt:h_sd+alt_mean+essence+greco;log,2005-2024,IGN IFN brut (Etalab 2.0) ; FORMS-T (CC-BY 4.0) ; spec 054 lot 3
J10,49RA,2,1.8042,11.744,gvf,5.8155,6.2937,43.139,0.034367,fay_herriot,forms_mnt:h_sd+alt_mean+essence+greco;log,2005-2024,IGN IFN brut (Etalab 2.0) ; FORMS-T (CC-BY 4.0) ; spec 054 lot 3
J10,51,21,87.656,331.38,direct,84.501,232.59,18.048,0.74857,fay_herriot,forms_mnt:h_sd+alt_mean+essence+greco;log,2005-2024,IGN IFN brut (Etalab 2.0) ; FORMS-T (CC-BY 4.0) ; spec 054 lot 3
J10,52,23,34.345,44.789,direct,38.158,42.921,17.169,0.77178,fay_herriot,forms_mnt:h_sd+alt_mean+essence+greco;log,2005-2024,IGN IFN brut (Etalab 2.0) ; FORMS-T (CC-BY 4.0) ; spec 054 lot 3
J10,53CO,5,106.7,1238.1,gvf,98.612,581.64,24.457,0.54146,fay_herriot,forms_mnt:h_sd+alt_mean+essence+greco;log,2005-2024,IGN IFN brut (Etalab 2.0) ; FORMS-T (CC-BY 4.0) ; spec 054 lot 3
J10,53S,12,60.518,268.06,direct,70.79,265.43,23.014,0.63693,fay_herriot,forms_mnt:h_sd+alt_mean+essence+greco;log,2005-2024,IGN IFN brut (Etalab 2.0) ; FORMS-T (CC-BY 4.0) ; spec 054 lot 3
J10,54,20,105.46,1401.5,direct,93.777,571.48,25.492,0.50469,fay_herriot,forms_mnt:h_sd+alt_mean+essence+greco;log,2005-2024,IGN IFN brut (Etalab 2.0) ; FORMS-T (CC-BY 4.0) ; spec 054 lot 3
J10,55,21,50.508,88.797,direct,50.837,73.055,16.813,0.78673,fay_herriot,forms_mnt:h_sd+alt_mean+essence+greco;log,2005-2024,IGN IFN brut (Etalab 2.0) ; FORMS-T (CC-BY 4.0) ; spec 054 lot 3
J10,57A,145,38.164,12.116,direct,38.885,11.916,8.8772,0.93915,fay_herriot,forms_mnt:h_sd+alt_mean+essence+greco;log,2005-2024,IGN IFN brut (Etalab 2.0) ; FORMS-T (CC-BY 4.0) ; spec 054 lot 3
J10,57B,3,11.977,1535,gvf,49.879,334.09,36.645,0.011858,fay_herriot,forms_mnt:h_sd+alt_mean+essence+greco;log,2005-2024,IGN IFN brut (Etalab 2.0) ; FORMS-T (CC-BY 4.0) ; spec 054 lot 3
J10,65,16,53.875,611.97,direct,55.052,258.9,29.228,0.3785,fay_herriot,forms_mnt:h_sd+alt_mean+essence+greco;log,2005-2024,IGN IFN brut (Etalab 2.0) ; FORMS-T (CC-BY 4.0) ; spec 054 lot 3
J10,66,2,10.467,1373.7,gvf,49.935,335.45,36.678,0.010137,fay_herriot,forms_mnt:h_sd+alt_mean+essence+greco;log,2005-2024,IGN IFN brut (Etalab 2.0) ; FORMS-T (CC-BY 4.0) ; spec 054 lot 3
J10,68CE,1,1.7702,2315.7,gvf,55.203,615.82,44.953,0.00017372,fay_herriot,forms_mnt:h_sd+alt_mean+essence+greco;log,2005-2024,IGN IFN brut (Etalab 2.0) ; FORMS-T (CC-BY 4.0) ; spec 054 lot 3
J10,68CL,1,35.024,17011,gvf,55.59,515.07,40.826,0.0091747,fay_herriot,forms_mnt:h_sd+alt_mean+essence+greco;log,2005-2024,IGN IFN brut (Etalab 2.0) ; FORMS-T (CC-BY 4.0) ; spec 054 lot 3
J10,68CM,1,16.286,3229.4,gvf,50.142,338.13,36.673,0.010435,fay_herriot,forms_mnt:h_sd+alt_mean+essence+greco;log,2005-2024,IGN IFN brut (Etalab 2.0) ; FORMS-T (CC-BY 4.0) ; spec 054 lot 3
J10,69JC,4,1.2664,3.6625,gvf,2.4208,0.75127,35.805,0.05323,fay_herriot,forms_mnt:h_sd+alt_mean+essence+greco;log,2005-2024,IGN IFN brut (Etalab 2.0) ; FORMS-T (CC-BY 4.0) ; spec 054 lot 3
J10,69JO,143,4.4274,0.11663,direct,4.4108,0.1111,7.5569,0.95571,fay_herriot,forms_mnt:h_sd+alt_mean+essence+greco;log,2005-2024,IGN IFN brut (Etalab 2.0) ; FORMS-T (CC-BY 4.0) ; spec 054 lot 3
J10,70SC,1,2.0113,430.86,gvf,50.543,346.94,36.852,0.0012041,fay_herriot,forms_mnt:h_sd+alt_mean+essence+greco;log,2005-2024,IGN IFN brut (Etalab 2.0) ; FORMS-T (CC-BY 4.0) ; spec 054 lot 3
J21,05,91,26.339,9.0424,direct,27.017,8.6604,10.893,0.90785,fay_herriot,forms_mnt:h_sd+alt_mean+essence+greco;log,2005-2024,IGN IFN brut (Etalab 2.0) ; FORMS-T (CC-BY 4.0) ; spec 054 lot 3
J21,06,168,28.44,4.7785,direct,28.142,4.4837,7.5242,0.95601,fay_herriot,forms_mnt:h_sd+alt_mean+essence+greco;log,2005-2024,IGN IFN brut (Etalab 2.0) ; FORMS-T (CC-BY 4.0) ; spec 054 lot 3
J21,08S,53,47.136,34.449,direct,43.556,26.697,11.863,0.89226,fay_herriot,forms_mnt:h_sd+alt_mean+essence+greco;log,2005-2024,IGN IFN brut (Etalab 2.0) ; FORMS-T (CC-BY 4.0) ; spec 054 lot 3
J21,10,21,84.775,269.92,direct,73.095,156.19,17.098,0.77369,fay_herriot,forms_mnt:h_sd+alt_mean+essence+greco;log,2005-2024,IGN IFN brut (Etalab 2.0) ; FORMS-T (CC-BY 4.0) ; spec 054 lot 3
J21,13G,6,71.439,347.77,gvf,62.062,173.23,21.207,0.6533,fay_herriot,forms_mnt:h_sd+alt_mean+essence+greco;log,2005-2024,IGN IFN brut (Etalab 2.0) ; FORMS-T (CC-BY 4.0) ; spec 054 lot 3
J21,14,6,17.178,535.55,gvf,37.474,173.19,35.118,0.066075,fay_herriot,forms_mnt:h_sd+alt_mean+essence+greco;log,2005-2024,IGN IFN brut (Etalab 2.0) ; FORMS-T (CC-BY 4.0) ; spec 054 lot 3
J21,16,4,14.14,44.325,gvf,11.186,10.404,28.835,0.36677,fay_herriot,forms_mnt:h_sd+alt_mean+essence+greco;log,2005-2024,IGN IFN brut (Etalab 2.0) ; FORMS-T (CC-BY 4.0) ; spec 054 lot 3
J21,17C,5,61.783,478.24,gvf,46.212,137.11,25.339,0.50614,fay_herriot,forms_mnt:h_sd+alt_mean+essence+greco;log,2005-2024,IGN IFN brut (Etalab 2.0) ; FORMS-T (CC-BY 4.0) ; spec 054 lot 3
J21,17O,9,27.287,162.9,gvf,29.844,75.189,29.055,0.36985,fay_herriot,forms_mnt:h_sd+alt_mean+essence+greco;log,2005-2024,IGN IFN brut (Etalab 2.0) ; FORMS-T (CC-BY 4.0) ; spec 054 lot 3
J21,18C,4,13.162,65.597,gvf,10.165,10.143,31.332,0.25325,fay_herriot,forms_mnt:h_sd+alt_mean+essence+greco;log,2005-2024,IGN IFN brut (Etalab 2.0) ; FORMS-T (CC-BY 4.0) ; spec 054 lot 3
J21,19,3,215.34,8299.8,gvf,144.98,1600.1,27.59,0.41772,fay_herriot,forms_mnt:h_sd+alt_mean+essence+greco;log,2005-2024,IGN IFN brut (Etalab 2.0) ; FORMS-T (CC-BY 4.0) ; spec 054 lot 3
J21,20P,1,8.6768,2388.3,gvf,28.588,108.87,36.497,0.0040313,fay_herriot,forms_mnt:h_sd+alt_mean+essence+greco;log,2005-2024,IGN IFN brut (Etalab 2.0) ; FORMS-T (CC-BY 4.0) ; spec 054 lot 3
J21,21C,3,6.7433,43.105,gvf,13.239,20.294,34.028,0.1193,fay_herriot,forms_mnt:h_sd+alt_mean+essence+greco;log,2005-2024,IGN IFN brut (Etalab 2.0) ; FORMS-T (CC-BY 4.0) ; spec 054 lot 3
J21,21M,5,24.912,24.347,gvf,20.196,12.436,17.462,0.76597,fay_herriot,forms_mnt:h_sd+alt_mean+essence+greco;log,2005-2024,IGN IFN brut (Etalab 2.0) ; FORMS-T (CC-BY 4.0) ; spec 054 lot 3
J21,22C,1,3.4288,56.621,gvf,7.5574,9.0366,39.777,0.025968,fay_herriot,forms_mnt:h_sd+alt_mean+essence+greco;log,2005-2024,IGN IFN brut (Etalab 2.0) ; FORMS-T (CC-BY 4.0) ; spec 054 lot 3
J21,22M,1,14.964,156.42,gvf,14.995,24.91,33.284,0.15527,fay_herriot,forms_mnt:h_sd+alt_mean+essence+greco;log,2005-2024,IGN IFN brut (Etalab 2.0) ; FORMS-T (CC-BY 4.0) ; spec 054 lot 3
J21,23C,1,0.99164,26.956,gvf,7.4982,7.591,36.745,0.0046623,fay_herriot,forms_mnt:h_sd+alt_mean+essence+greco;log,2005-2024,IGN IFN brut (Etalab 2.0) ; FORMS-T (CC-BY 4.0) ; spec 054 lot 3
J21,23PD,1,0.81107,102.22,gvf,8.97,11.373,37.597,0.00082569,fay_herriot,forms_mnt:h_sd+alt_mean+essence+greco;log,2005-2024,IGN IFN brut (Etalab 2.0) ; FORMS-T (CC-BY 4.0) ; spec 054 lot 3
J21,25B,3,108.74,3232.8,gvf,53.153,255.41,30.067,0.31958,fay_herriot,forms_mnt:h_sd+alt_mean+essence+greco;log,2005-2024,IGN IFN brut (Etalab 2.0) ; FORMS-T (CC-BY 4.0) ; spec 054 lot 3
J21,25M,2,7.0071,274.95,gvf,10.837,15.151,35.919,0.022416,fay_herriot,forms_mnt:h_sd+alt_mean+essence+greco;log,2005-2024,IGN IFN brut (Etalab 2.0) ; FORMS-T (CC-BY 4.0) ; spec 054 lot 3
J21,25XR,1,0.96402,2.1521,gvf,8.6473,9.3988,35.453,0.052536,fay_herriot,forms_mnt:h_sd+alt_mean+essence+greco;log,2005-2024,IGN IFN brut (Etalab 2.0) ; FORMS-T (CC-BY 4.0) ; spec 054 lot 3
J21,28,4,16.514,81.014,gvf,11.02,12.949,32.655,0.30179,fay_herriot,forms_mnt:h_sd+alt_mean+essence+greco;log,2005-2024,IGN IFN brut (Etalab 2.0) ; FORMS-T (CC-BY 4.0) ; spec 054 lot 3
J21,29MI,1,25.541,803.24,gvf,10.694,13.72,34.637,0.094434,fay_herriot,forms_mnt:h_sd+alt_mean+essence+greco;log,2005-2024,IGN IFN brut (Etalab 2.0) ; FORMS-T (CC-BY 4.0) ; spec 054 lot 3
J21,31,2,6.3234,28.587,gvf,5.5394,3.4167,33.369,0.15226,fay_herriot,forms_mnt:h_sd+alt_mean+essence+greco;log,2005-2024,IGN IFN brut (Etalab 2.0) ; FORMS-T (CC-BY 4.0) ; spec 054 lot 3
J21,33N,7,62.965,1519.5,gvf,63.222,398.05,31.557,0.25095,fay_herriot,forms_mnt:h_sd+alt_mean+essence+greco;log,2005-2024,IGN IFN brut (Etalab 2.0) ; FORMS-T (CC-BY 4.0) ; spec 054 lot 3
J21,40,5,19.553,55.86,gvf,12.194,10.671,26.788,0.46775,fay_herriot,forms_mnt:h_sd+alt_mean+essence+greco;log,2005-2024,IGN IFN brut (Etalab 2.0) ; FORMS-T (CC-BY 4.0) ; spec 054 lot 3
J21,49AM,2,4.9218,4.5887,gvf,3.8511,1.1527,27.878,0.404,fay_herriot,forms_mnt:h_sd+alt_mean+essence+greco;log,2005-2024,IGN IFN brut (Etalab 2.0) ; FORMS-T (CC-BY 4.0) ; spec 054 lot 3
J21,49EA,3,1.2052,13.474,gvf,2.233,0.8373,40.978,0.013653,fay_herriot,forms_mnt:h_sd+alt_mean+essence+greco;log,2005-2024,IGN IFN brut (Etalab 2.0) ; FORMS-T (CC-BY 4.0) ; spec 054 lot 3
J21,49FA,3,7.5328,10.482,gvf,8.7796,5.9623,27.812,0.41006,fay_herriot,forms_mnt:h_sd+alt_mean+essence+greco;log,2005-2024,IGN IFN brut (Etalab 2.0) ; FORMS-T (CC-BY 4.0) ; spec 054 lot 3
J21,49FL,4,3.1846,13.457,gvf,3.6319,1.7202,36.113,0.088229,fay_herriot,forms_mnt:h_sd+alt_mean+essence+greco;log,2005-2024,IGN IFN brut (Etalab 2.0) ; FORMS-T (CC-BY 4.0) ; spec 054 lot 3
J21,49IA,3,4.0063,20.077,gvf,3.8088,1.7459,34.691,0.093095,fay_herriot,forms_mnt:h_sd+alt_mean+essence+greco;log,2005-2024,IGN IFN brut (Etalab 2.0) ; FORMS-T (CC-BY 4.0) ; spec 054 lot 3
J21,49LN,1,2.5877,140.93,gvf,21.036,70.517,39.92,0.0060641,fay_herriot,forms_mnt:h_sd+alt_mean+essence+greco;log,2005-2024,IGN IFN brut (Etalab 2.0) ; FORMS-T (CC-BY 4.0) ; spec 054 lot 3
J21,49PT,1,0.89932,78.035,gvf,9.735,12.576,36.428,0.001329,fay_herriot,forms_mnt:h_sd+alt_mean+essence+greco;log,2005-2024,IGN IFN brut (Etalab 2.0) ; FORMS-T (CC-BY 4.0) ; spec 054 lot 3
J21,49RA,3,2.7152,7.829,gvf,5.3128,4.7311,40.941,0.10787,fay_herriot,forms_mnt:h_sd+alt_mean+essence+greco;log,2005-2024,IGN IFN brut (Etalab 2.0) ; FORMS-T (CC-BY 4.0) ; spec 054 lot 3
J21,49SN,1,0.96957,28.826,gvf,2.9675,1.1715,36.474,0.0041701,fay_herriot,forms_mnt:h_sd+alt_mean+essence+greco;log,2005-2024,IGN IFN brut (Etalab 2.0) ; FORMS-T (CC-BY 4.0) ; spec 054 lot 3
J21,51,1,53.16,4063.8,gvf,70.235,599.94,34.874,0.081972,fay_herriot,forms_mnt:h_sd+alt_mean+essence+greco;log,2005-2024,IGN IFN brut (Etalab 2.0) ; FORMS-T (CC-BY 4.0) ; spec 054 lot 3
J21,52,3,8.5982,830.52,gvf,50.733,334.71,36.062,0.011301,fay_herriot,forms_mnt:h_sd+alt_mean+essence+greco;log,2005-2024,IGN IFN brut (Etalab 2.0) ; FORMS-T (CC-BY 4.0) ; spec 054 lot 3
J21,55,9,58.333,225.2,gvf,55.159,139.7,21.428,0.65988,fay_herriot,forms_mnt:h_sd+alt_mean+essence+greco;log,2005-2024,IGN IFN brut (Etalab 2.0) ; FORMS-T (CC-BY 4.0) ; spec 054 lot 3
J21,57A,3,48.217,1127.2,gvf,49.095,271.99,33.592,0.20938,fay_herriot,forms_mnt:h_sd+alt_mean+essence+greco;log,2005-2024,IGN IFN brut (Etalab 2.0) ; FORMS-T (CC-BY 4.0) ; spec 054 lot 3
J21,65,6,35.983,574.61,gvf,48.598,255.84,32.913,0.2244,fay_herriot,forms_mnt:h_sd+alt_mean+essence+greco;log,2005-2024,IGN IFN brut (Etalab 2.0) ; FORMS-T (CC-BY 4.0) ; spec 054 lot 3
J21,68CL,1,7.4908,17011,gvf,53.013,473.8,41.059,0.00042338,fay_herriot,forms_mnt:h_sd+alt_mean+essence+greco;log,2005-2024,IGN IFN brut (Etalab 2.0) ; FORMS-T (CC-BY 4.0) ; spec 054 lot 3
J21,69JO,14,2.8859,0.62755,direct,3.2152,0.50827,22.174,0.63019,fay_herriot,forms_mnt:h_sd+alt_mean+essence+greco;log,2005-2024,IGN IFN brut (Etalab 2.0) ; FORMS-T (CC-BY 4.0) ; spec 054 lot 3
J22,02,2,34.22,3106.4,gvf,54.704,375.26,35.412,0.046169,fay_herriot,forms_mnt:h_sd+alt_mean+essence+greco;log,2005-2024,IGN IFN brut (Etalab 2.0) ; FORMS-T (CC-BY 4.0) ; spec 054 lot 3
J22,03,21,52.783,93.422,direct,55.704,82.942,16.349,0.79293,fay_herriot,forms_mnt:h_sd+alt_mean+essence+greco;log,2005-2024,IGN IFN brut (Etalab 2.0) ; FORMS-T (CC-BY 4.0) ; spec 054 lot 3
J22,05,488,50.491,5.6627,direct,50.243,5.5148,4.674,0.98299,fay_herriot,forms_mnt:h_sd+alt_mean+essence+greco;log,2005-2024,IGN IFN brut (Etalab 2.0) ; FORMS-T (CC-BY 4.0) ; spec 054 lot 3
J22,06,508,23.987,1.1748,direct,23.994,1.158,4.4849,0.98435,fay_herriot,forms_mnt:h_sd+alt_mean+essence+greco;log,2005-2024,IGN IFN brut (Etalab 2.0) ; FORMS-T (CC-BY 4.0) ; spec 054 lot 3
J22,08S,1,32.47,1321.3,gvf,25.319,85.332,36.485,0.092931,fay_herriot,forms_mnt:h_sd+alt_mean+essence+greco;log,2005-2024,IGN IFN brut (Etalab 2.0) ; FORMS-T (CC-BY 4.0) ; spec 054 lot 3
J22,09,63,67.148,92.969,direct,65.151,75.684,13.353,0.86164,fay_herriot,forms_mnt:h_sd+alt_mean+essence+greco;log,2005-2024,IGN IFN brut (Etalab 2.0) ; FORMS-T (CC-BY 4.0) ; spec 054 lot 3
J22,10,20,93.82,828.11,direct,70.666,274.08,23.428,0.57714,fay_herriot,forms_mnt:h_sd+alt_mean+essence+greco;log,2005-2024,IGN IFN brut (Etalab 2.0) ; FORMS-T (CC-BY 4.0) ; spec 054 lot 3
J22,11,2,11.722,1120.5,gvf,28.121,102.67,36.033,0.015501,fay_herriot,forms_mnt:h_sd+alt_mean+essence+greco;log,2005-2024,IGN IFN brut (Etalab 2.0) ; FORMS-T (CC-BY 4.0) ; spec 054 lot 3
J22,13G,8,39.644,260.82,gvf,46.142,156.61,27.121,0.43621,fay_herriot,forms_mnt:h_sd+alt_mean+essence+greco;log,2005-2024,IGN IFN brut (Etalab 2.0) ; FORMS-T (CC-BY 4.0) ; spec 054 lot 3
J22,14,32,55.315,131.08,direct,51.987,87.496,17.993,0.74983,fay_herriot,forms_mnt:h_sd+alt_mean+essence+greco;log,2005-2024,IGN IFN brut (Etalab 2.0) ; FORMS-T (CC-BY 4.0) ; spec 054 lot 3
J22,15P,6,32.505,200.31,gvf,25.941,52.939,28.048,0.4038,fay_herriot,forms_mnt:h_sd+alt_mean+essence+greco;log,2005-2024,IGN IFN brut (Etalab 2.0) ; FORMS-T (CC-BY 4.0) ; spec 054 lot 3
J22,15S,5,48.575,420.77,gvf,32.953,82.622,27.583,0.41862,fay_herriot,forms_mnt:h_sd+alt_mean+essence+greco;log,2005-2024,IGN IFN brut (Etalab 2.0) ; FORMS-T (CC-BY 4.0) ; spec 054 lot 3
J22,16,5,24.358,35.46,gvf,18.727,14.466,20.31,0.68239,fay_herriot,forms_mnt:h_sd+alt_mean+essence+greco;log,2005-2024,IGN IFN brut (Etalab 2.0) ; FORMS-T (CC-BY 4.0) ; spec 054 lot 3
J22,17C,37,42.808,76.467,direct,41.415,54.351,17.801,0.75473,fay_herriot,forms_mnt:h_sd+alt_mean+essence+greco;log,2005-2024,IGN IFN brut (Etalab 2.0) ; FORMS-T (CC-BY 4.0) ; spec 054 lot 3
J22,17F,8,8.3587,7.3308,gvf,10.458,6.8757,25.074,0.55031,fay_herriot,forms_mnt:h_sd+alt_mean+essence+greco;log,2005-2024,IGN IFN brut (Etalab 2.0) ; FORMS-T (CC-BY 4.0) ; spec 054 lot 3
J22,17O,81,27.004,14.923,direct,27.905,13.876,13.349,0.86254,fay_herriot,forms_mnt:h_sd+alt_mean+essence+greco;log,2005-2024,IGN IFN brut (Etalab 2.0) ; FORMS-T (CC-BY 4.0) ; spec 054 lot 3
J22,18C,38,15.832,8.5589,direct,14.421,5.6474,16.479,0.78993,fay_herriot,forms_mnt:h_sd+alt_mean+essence+greco;log,2005-2024,IGN IFN brut (Etalab 2.0) ; FORMS-T (CC-BY 4.0) ; spec 054 lot 3
J22,19,6,247.88,4149.9,gvf,192.48,1657.2,21.15,0.65532,fay_herriot,forms_mnt:h_sd+alt_mean+essence+greco;log,2005-2024,IGN IFN brut (Etalab 2.0) ; FORMS-T (CC-BY 4.0) ; spec 054 lot 3
J22,20G,14,24.051,49.377,direct,26.796,37.478,22.847,0.60068,fay_herriot,forms_mnt:h_sd+alt_mean+essence+greco;log,2005-2024,IGN IFN brut (Etalab 2.0) ; FORMS-T (CC-BY 4.0) ; spec 054 lot 3
J22,20P,2,47.039,1194.2,gvf,33.86,122.89,32.74,0.19219,fay_herriot,forms_mnt:h_sd+alt_mean+essence+greco;log,2005-2024,IGN IFN brut (Etalab 2.0) ; FORMS-T (CC-BY 4.0) ; spec 054 lot 3
J22,21C,30,12.217,4.5978,direct,12.842,4.1196,15.805,0.80651,fay_herriot,forms_mnt:h_sd+alt_mean+essence+greco;log,2005-2024,IGN IFN brut (Etalab 2.0) ; FORMS-T (CC-BY 4.0) ; spec 054 lot 3
J22,21M,24,8.8516,8.2059,direct,9.7894,5.6825,24.351,0.55077,fay_herriot,forms_mnt:h_sd+alt_mean+essence+greco;log,2005-2024,IGN IFN brut (Etalab 2.0) ; FORMS-T (CC-BY 4.0) ; spec 054 lot 3
J22,21O,40,19.587,10.606,direct,18.609,7.9911,15.19,0.82283,fay_herriot,forms_mnt:h_sd+alt_mean+essence+greco;log,2005-2024,IGN IFN brut (Etalab 2.0) ; FORMS-T (CC-BY 4.0) ; spec 054 lot 3
J22,22M,17,6.5278,2.5237,direct,8.7225,3.1089,20.214,0.68435,fay_herriot,forms_mnt:h_sd+alt_mean+essence+greco;log,2005-2024,IGN IFN brut (Etalab 2.0) ; FORMS-T (CC-BY 4.0) ; spec 054 lot 3
J22,23A,14,7.2559,1.1264,direct,7.6642,1.0829,13.578,0.85717,fay_herriot,forms_mnt:h_sd+alt_mean+essence+greco;log,2005-2024,IGN IFN brut (Etalab 2.0) ; FORMS-T (CC-BY 4.0) ; spec 054 lot 3
J22,23AB,49,5.6002,2.3679,direct,6.1829,1.8489,21.992,0.62972,fay_herriot,forms_mnt:h_sd+alt_mean+essence+greco;log,2005-2024,IGN IFN brut (Etalab 2.0) ; FORMS-T (CC-BY 4.0) ; spec 054 lot 3
J22,23AM,1,2.362,78.337,gvf,8.0012,14.291,47.247,0.0090621,fay_herriot,forms_mnt:h_sd+alt_mean+essence+greco;log,2005-2024,IGN IFN brut (Etalab 2.0) ; FORMS-T (CC-BY 4.0) ; spec 054 lot 3
J22,23C,10,4.2365,1.6984,direct,5.6212,1.7637,23.626,0.57572,fay_herriot,forms_mnt:h_sd+alt_mean+essence+greco;log,2005-2024,IGN IFN brut (Etalab 2.0) ; FORMS-T (CC-BY 4.0) ; spec 054 lot 3
J22,23F,2,12.573,170.19,gvf,10.835,13.888,34.393,0.10656,fay_herriot,forms_mnt:h_sd+alt_mean+essence+greco;log,2005-2024,IGN IFN brut (Etalab 2.0) ; FORMS-T (CC-BY 4.0) ; spec 054 lot 3
J22,23PA,5,6.7042,15.483,gvf,7.989,7.8791,35.136,0.27153,fay_herriot,forms_mnt:h_sd+alt_mean+essence+greco;log,2005-2024,IGN IFN brut (Etalab 2.0) ; FORMS-T (CC-BY 4.0) ; spec 054 lot 3
J22,23PC,6,6.7569,3.3209,gvf,6.4712,1.9753,21.719,0.63837,fay_herriot,forms_mnt:h_sd+alt_mean+essence+greco;log,2005-2024,IGN IFN brut (Etalab 2.0) ; FORMS-T (CC-BY 4.0) ; spec 054 lot 3
J22,23PD,2,33.466,51.108,gvf,24.25,20.333,18.595,0.7378,fay_herriot,forms_mnt:h_sd+alt_mean+essence+greco;log,2005-2024,IGN IFN brut (Etalab 2.0) ; FORMS-T (CC-BY 4.0) ; spec 054 lot 3
J22,23PM,2,1.5895,3.5573,gvf,5.4669,3.6373,34.886,0.08357,fay_herriot,forms_mnt:h_sd+alt_mean+essence+greco;log,2005-2024,IGN IFN brut (Etalab 2.0) ; FORMS-T (CC-BY 4.0) ; spec 054 lot 3
J22,23SO,4,12.191,59.736,gvf,7.9875,6.4692,31.843,0.24211,fay_herriot,forms_mnt:h_sd+alt_mean+essence+greco;log,2005-2024,IGN IFN brut (Etalab 2.0) ; FORMS-T (CC-BY 4.0) ; spec 054 lot 3
J22,24,6,193.92,11947,gvf,56.131,293.72,30.532,0.28782,fay_herriot,forms_mnt:h_sd+alt_mean+essence+greco;log,2005-2024,IGN IFN brut (Etalab 2.0) ; FORMS-T (CC-BY 4.0) ; spec 054 lot 3
J22,25B,3,40.503,3232.8,gvf,41.34,215.65,35.522,0.061172,fay_herriot,forms_mnt:h_sd+alt_mean+essence+greco;log,2005-2024,IGN IFN brut (Etalab 2.0) ; FORMS-T (CC-BY 4.0) ; spec 054 lot 3
J22,25FR,1,1.7908,3735.6,gvf,43.717,279.72,38.257,0.00011022,fay_herriot,forms_mnt:h_sd+alt_mean+essence+greco;log,2005-2024,IGN IFN brut (Etalab 2.0) ; FORMS-T (CC-BY 4.0) ; spec 054 lot 3
J22,25M,3,1.8203,183.3,gvf,11.879,18.578,36.284,0.0023158,fay_herriot,forms_mnt:h_sd+alt_mean+essence+greco;log,2005-2024,IGN IFN brut (Etalab 2.0) ; FORMS-T (CC-BY 4.0) ; spec 054 lot 3
J22,25V,1,18.513,339.61,gvf,20.906,78.256,42.314,0.11472,fay_herriot,forms_mnt:h_sd+alt_mean+essence+greco;log,2005-2024,IGN IFN brut (Etalab 2.0) ; FORMS-T (CC-BY 4.0) ; spec 054 lot 3
J22,27C,2,7.7766,11.076,gvf,10.514,8.5469,27.806,0.41214,fay_herriot,forms_mnt:h_sd+alt_mean+essence+greco;log,2005-2024,IGN IFN brut (Etalab 2.0) ; FORMS-T (CC-BY 4.0) ; spec 054 lot 3
J22,28,10,10.201,18.495,direct,10.133,8.8605,29.375,0.41944,fay_herriot,forms_mnt:h_sd+alt_mean+essence+greco;log,2005-2024,IGN IFN brut (Etalab 2.0) ; FORMS-T (CC-BY 4.0) ; spec 054 lot 3
J22,29AF,4,8.784,18.265,gvf,5.8021,3.0175,29.939,0.35166,fay_herriot,forms_mnt:h_sd+alt_mean+essence+greco;log,2005-2024,IGN IFN brut (Etalab 2.0) ; FORMS-T (CC-BY 4.0) ; spec 054 lot 3
J22,29EN,6,28.453,45.978,gvf,27.493,31.285,20.345,0.69334,fay_herriot,forms_mnt:h_sd+alt_mean+essence+greco;log,2005-2024,IGN IFN brut (Etalab 2.0) ; FORMS-T (CC-BY 4.0) ; spec 054 lot 3
J22,31,8,6.1013,7.1466,gvf,5.9776,2.7936,27.961,0.40078,fay_herriot,forms_mnt:h_sd+alt_mean+essence+greco;log,2005-2024,IGN IFN brut (Etalab 2.0) ; FORMS-T (CC-BY 4.0) ; spec 054 lot 3
J22,33B,28,137.76,2201.4,direct,113.5,880.5,26.143,0.52538,fay_herriot,forms_mnt:h_sd+alt_mean+essence+greco;log,2005-2024,IGN IFN brut (Etalab 2.0) ; FORMS-T (CC-BY 4.0) ; spec 054 lot 3
J22,33G,22,112.69,464.69,direct,109.06,345.76,17.049,0.77822,fay_herriot,forms_mnt:h_sd+alt_mean+essence+greco;log,2005-2024,IGN IFN brut (Etalab 2.0) ; FORMS-T (CC-BY 4.0) ; spec 054 lot 3
J22,33N,35,86.828,410.93,direct,81.083,255.16,19.701,0.702,fay_herriot,forms_mnt:h_sd+alt_mean+essence+greco;log,2005-2024,IGN IFN brut (Etalab 2.0) ; FORMS-T (CC-BY 4.0) ; spec 054 lot 3
J22,38AU,2,2.6323,18.742,gvf,4.209,2.4288,37.026,0.045319,fay_herriot,forms_mnt:h_sd+alt_mean+essence+greco;log,2005-2024,IGN IFN brut (Etalab 2.0) ; FORMS-T (CC-BY 4.0) ; spec 054 lot 3
J22,40,82,9.7561,2.0211,direct,9.6109,1.7057,13.589,0.8581,fay_herriot,forms_mnt:h_sd+alt_mean+essence+greco;log,2005-2024,IGN IFN brut (Etalab 2.0) ; FORMS-T (CC-BY 4.0) ; spec 054 lot 3
J22,41,18,4.4323,1.104,direct,5.0544,1.0092,19.876,0.69558,fay_herriot,forms_mnt:h_sd+alt_mean+essence+greco;log,2005-2024,IGN IFN brut (Etalab 2.0) ; FORMS-T (CC-BY 4.0) ; spec 054 lot 3
J22,49AA,2,3.8338,2.8605,gvf,7.0932,3.9756,28.11,0.3975,fay_herriot,forms_mnt:h_sd+alt_mean+essence+greco;log,2005-2024,IGN IFN brut (Etalab 2.0) ; FORMS-T (CC-BY 4.0) ; spec 054 lot 3
J22,49AE,1,4.1448,67.137,gvf,3.7554,2.357,40.881,0.031812,fay_herriot,forms_mnt:h_sd+alt_mean+essence+greco;log,2005-2024,IGN IFN brut (Etalab 2.0) ; FORMS-T (CC-BY 4.0) ; spec 054 lot 3
J22,49AM,36,3.5209,0.39918,direct,3.5276,0.32206,16.088,0.7995,fay_herriot,forms_mnt:h_sd+alt_mean+essence+greco;log,2005-2024,IGN IFN brut (Etalab 2.0) ; FORMS-T (CC-BY 4.0) ; spec 054 lot 3
J22,49BS,15,1.8476,0.060352,direct,1.9621,0.060464,12.532,0.87897,fay_herriot,forms_mnt:h_sd+alt_mean+essence+greco;log,2005-2024,IGN IFN brut (Etalab 2.0) ; FORMS-T (CC-BY 4.0) ; spec 054 lot 3
J22,49FA,2,1.1924,15.723,gvf,10.381,14.145,36.231,0.011478,fay_herriot,forms_mnt:h_sd+alt_mean+essence+greco;log,2005-2024,IGN IFN brut (Etalab 2.0) ; FORMS-T (CC-BY 4.0) ; spec 054 lot 3
J22,49FL,36,4.2392,0.45276,direct,4.2006,0.37935,14.662,0.83597,fay_herriot,forms_mnt:h_sd+alt_mean+essence+greco;log,2005-2024,IGN IFN brut (Etalab 2.0) ; FORMS-T (CC-BY 4.0) ; spec 054 lot 3
J22,49IA,7,6.6364,8.6043,gvf,4.9848,1.9681,28.144,0.39659,fay_herriot,forms_mnt:h_sd+alt_mean+essence+greco;log,2005-2024,IGN IFN brut (Etalab 2.0) ; FORMS-T (CC-BY 4.0) ; spec 054 lot 3
J22,49LN,11,14.286,17.244,direct,17.325,16.819,23.672,0.60313,fay_herriot,forms_mnt:h_sd+alt_mean+essence+greco;log,2005-2024,IGN IFN brut (Etalab 2.0) ; FORMS-T (CC-BY 4.0) ; spec 054 lot 3
J22,49OB,1,1.8405,,gvf,1.8405,,,1,direct,forms_mnt:h_sd+alt_mean+essence+greco;log,2005-2024,IGN IFN brut (Etalab 2.0) ; FORMS-T (CC-BY 4.0) ; spec 054 lot 3
J22,49PL,3,1.0311,6.312,gvf,10.132,13.338,36.047,0.021169,fay_herriot,forms_mnt:h_sd+alt_mean+essence+greco;log,2005-2024,IGN IFN brut (Etalab 2.0) ; FORMS-T (CC-BY 4.0) ; spec 054 lot 3
J22,49PM,11,6.4541,4.0551,direct,5.3408,1.6445,24.011,0.56878,fay_herriot,forms_mnt:h_sd+alt_mean+essence+greco;log,2005-2024,IGN IFN brut (Etalab 2.0) ; FORMS-T (CC-BY 4.0) ; spec 054 lot 3
J22,49PS,5,4.2574,11.582,gvf,4.0235,1.8271,33.596,0.16733,fay_herriot,forms_mnt:h_sd+alt_mean+essence+greco;log,2005-2024,IGN IFN brut (Etalab 2.0) ; FORMS-T (CC-BY 4.0) ; spec 054 lot 3
J22,49PT,2,1.3407,39.018,gvf,10.516,14.601,36.336,0.0058809,fay_herriot,forms_mnt:h_sd+alt_mean+essence+greco;log,2005-2024,IGN IFN brut (Etalab 2.0) ; FORMS-T (CC-BY 4.0) ; spec 054 lot 3
J22,49RA,3,6.3892,7.829,gvf,6.3239,4.033,31.756,0.40102,fay_herriot,forms_mnt:h_sd+alt_mean+essence+greco;log,2005-2024,IGN IFN brut (Etalab 2.0) ; FORMS-T (CC-BY 4.0) ; spec 054 lot 3
J22,49SN,3,2.6426,9.6085,gvf,3.193,1.2413,34.894,0.085359,fay_herriot,forms_mnt:h_sd+alt_mean+essence+greco;log,2005-2024,IGN IFN brut (Etalab 2.0) ; FORMS-T (CC-BY 4.0) ; spec 054 lot 3
J22,49TA,1,2.0995,,gvf,2.0995,,,1,direct,forms_mnt:h_sd+alt_mean+essence+greco;log,2005-2024,IGN IFN brut (Etalab 2.0) ; FORMS-T (CC-BY 4.0) ; spec 054 lot 3
J22,49TG,2,19.112,90.112,gvf,13.006,14.617,29.396,0.34231,fay_herriot,forms_mnt:h_sd+alt_mean+essence+greco;log,2005-2024,IGN IFN brut (Etalab 2.0) ; FORMS-T (CC-BY 4.0) ; spec 054 lot 3
J22,51,24,53.449,83.139,direct,57.381,78.634,15.454,0.81523,fay_herriot,forms_mnt:h_sd+alt_mean+essence+greco;log,2005-2024,IGN IFN brut (Etalab 2.0) ; FORMS-T (CC-BY 4.0) ; spec 054 lot 3
J22,52,123,35.73,10.8,direct,36.754,10.739,8.9162,0.93819,fay_herriot,forms_mnt:h_sd+alt_mean+essence+greco;log,2005-2024,IGN IFN brut (Etalab 2.0) ; FORMS-T (CC-BY 4.0) ; spec 054 lot 3
J22,53CO,9,64.076,687.81,gvf,79.153,464.27,27.222,0.4339,fay_herriot,forms_mnt:h_sd+alt_mean+essence+greco;log,2005-2024,IGN IFN brut (Etalab 2.0) ; FORMS-T (CC-BY 4.0) ; spec 054 lot 3
J22,53S,2,29.232,1277.2,gvf,87.839,1226.9,39.877,0.079115,fay_herriot,forms_mnt:h_sd+alt_mean+essence+greco;log,2005-2024,IGN IFN brut (Etalab 2.0) ; FORMS-T (CC-BY 4.0) ; spec 054 lot 3
J22,54,57,58.379,101.92,direct,62.838,96.586,15.64,0.8111,fay_herriot,forms_mnt:h_sd+alt_mean+essence+greco;log,2005-2024,IGN IFN brut (Etalab 2.0) ; FORMS-T (CC-BY 4.0) ; spec 054 lot 3
J22,55,64,45.352,23.073,direct,45.988,22.085,10.219,0.91966,fay_herriot,forms_mnt:h_sd+alt_mean+essence+greco;log,2005-2024,IGN IFN brut (Etalab 2.0) ; FORMS-T (CC-BY 4.0) ; spec 054 lot 3
J22,57A,312,51.131,8.1445,direct,51.192,7.9974,5.5243,0.97631,fay_herriot,forms_mnt:h_sd+alt_mean+essence+greco;log,2005-2024,IGN IFN brut (Etalab 2.0) ; FORMS-T (CC-BY 4.0) ; spec 054 lot 3
J22,61,5,34.518,6330.3,gvf,82.63,885.13,36.005,0.023598,fay_herriot,forms_mnt:h_sd+alt_mean+essence+greco;log,2005-2024,IGN IFN brut (Etalab 2.0) ; FORMS-T (CC-BY 4.0) ; spec 054 lot 3
J22,62,1,302.14,32317,gvf,123.16,1464.3,31.07,0.26617,fay_herriot,forms_mnt:h_sd+alt_mean+essence+greco;log,2005-2024,IGN IFN brut (Etalab 2.0) ; FORMS-T (CC-BY 4.0) ; spec 054 lot 3
J22,64,1,154.28,45419,gvf,130.79,2120.2,35.206,0.063046,fay_herriot,forms_mnt:h_sd+alt_mean+essence+greco;log,2005-2024,IGN IFN brut (Etalab 2.0) ; FORMS-T (CC-BY 4.0) ; spec 054 lot 3
J22,65,12,34.77,177.28,direct,45.585,150.88,26.946,0.46686,fay_herriot,forms_mnt:h_sd+alt_mean+essence+greco;log,2005-2024,IGN IFN brut (Etalab 2.0) ; FORMS-T (CC-BY 4.0) ; spec 054 lot 3
J22,66,11,37.166,421.05,direct,47.431,211.79,30.683,0.29639,fay_herriot,forms_mnt:h_sd+alt_mean+essence+greco;log,2005-2024,IGN IFN brut (Etalab 2.0) ; FORMS-T (CC-BY 4.0) ; spec 054 lot 3
J22,67,2,7.2996,73.921,gvf,10.605,14.26,35.607,0.084716,fay_herriot,forms_mnt:h_sd+alt_mean+essence+greco;log,2005-2024,IGN IFN brut (Etalab 2.0) ; FORMS-T (CC-BY 4.0) ; spec 054 lot 3
J22,68CA,1,97.586,2002.1,gvf,66.461,365.21,28.755,0.37917,fay_herriot,forms_mnt:h_sd+alt_mean+essence+greco;log,2005-2024,IGN IFN brut (Etalab 2.0) ; FORMS-T (CC-BY 4.0) ; spec 054 lot 3
J22,68CE,2,3.1802,1157.9,gvf,57.035,656.54,44.925,0.0011203,fay_herriot,forms_mnt:h_sd+alt_mean+essence+greco;log,2005-2024,IGN IFN brut (Etalab 2.0) ; FORMS-T (CC-BY 4.0) ; spec 054 lot 3
J22,68CL,1,39.743,17011,gvf,57.578,550.7,40.757,0.011782,fay_herriot,forms_mnt:h_sd+alt_mean+essence+greco;log,2005-2024,IGN IFN brut (Etalab 2.0) ; FORMS-T (CC-BY 4.0) ; spec 054 lot 3
J22,69,1,1.6125,10.951,gvf,47.414,296.21,36.299,0.029585,fay_herriot,forms_mnt:h_sd+alt_mean+essence+greco;log,2005-2024,IGN IFN brut (Etalab 2.0) ; FORMS-T (CC-BY 4.0) ; spec 054 lot 3
J22,69JC,13,1.5407,0.026592,direct,1.6068,0.026729,10.175,0.91976,fay_herriot,forms_mnt:h_sd+alt_mean+essence+greco;log,2005-2024,IGN IFN brut (Etalab 2.0) ; FORMS-T (CC-BY 4.0) ; spec 054 lot 3
J22,69JO,35,3.027,0.18139,direct,3.1637,0.17389,13.181,0.86642,fay_herriot,forms_mnt:h_sd+alt_mean+essence+greco;log,2005-2024,IGN IFN brut (Etalab 2.0) ; FORMS-T (CC-BY 4.0) ; spec 054 lot 3
J22,70SC,1,3.2974,430.86,gvf,52.094,367.8,36.814,0.0032299,fay_herriot,forms_mnt:h_sd+alt_mean+essence+greco;log,2005-2024,IGN IFN brut (Etalab 2.0) ; FORMS-T (CC-BY 4.0) ; spec 054 lot 3
J22,71,4,40.663,627.24,gvf,41.133,197.2,34.14,0.25289,fay_herriot,forms_mnt:h_sd+alt_mean+essence+greco;log,2005-2024,IGN IFN brut (Etalab 2.0) ; FORMS-T (CC-BY 4.0) ; spec 054 lot 3
J22,76,1,10.468,3498.5,gvf,52.224,369.33,36.799,0.0040054,fay_herriot,forms_mnt:h_sd+alt_mean+essence+greco;log,2005-2024,IGN IFN brut (Etalab 2.0) ; FORMS-T (CC-BY 4.0) ; spec 054 lot 3
J23,02,1,13.25,6212.8,gvf,56.6,420.01,36.209,0.0036155,fay_herriot,forms_mnt:h_sd+alt_mean+essence+greco;log,2005-2024,IGN IFN brut (Etalab 2.0) ; FORMS-T (CC-BY 4.0) ; spec 054 lot 3
J23,03,1,43.565,2782.3,gvf,67.037,542.21,34.735,0.080532,fay_herriot,forms_mnt:h_sd+alt_mean+essence+greco;log,2005-2024,IGN IFN brut (Etalab 2.0) ; FORMS-T (CC-BY 4.0) ; spec 054 lot 3
J23,05,1032,30.201,1.2179,direct,30.276,1.2117,3.6357,0.98971,fay_herriot,forms_mnt:h_sd+alt_mean+essence+greco;log,2005-2024,IGN IFN brut (Etalab 2.0) ; FORMS-T (CC-BY 4.0) ; spec 054 lot 3
J23,06,1034,18.68,0.47309,direct,18.736,0.47119,3.6637,0.98955,fay_herriot,forms_mnt:h_sd+alt_mean+essence+greco;log,2005-2024,IGN IFN brut (Etalab 2.0) ; FORMS-T (CC-BY 4.0) ; spec 054 lot 3
J23,08S,4,18.366,330.33,gvf,24.204,75.79,35.968,0.11591,fay_herriot,forms_mnt:h_sd+alt_mean+essence+greco;log,2005-2024,IGN IFN brut (Etalab 2.0) ; FORMS-T (CC-BY 4.0) ; spec 054 lot 3
J23,09,4,83.857,1314.2,gvf,65.23,328.62,27.791,0.40726,fay_herriot,forms_mnt:h_sd+alt_mean+essence+greco;log,2005-2024,IGN IFN brut (Etalab 2.0) ; FORMS-T (CC-BY 4.0) ; spec 054 lot 3
J23,14,8,29.714,401.66,gvf,40.278,166.26,32.013,0.22013,fay_herriot,forms_mnt:h_sd+alt_mean+essence+greco;log,2005-2024,IGN IFN brut (Etalab 2.0) ; FORMS-T (CC-BY 4.0) ; spec 054 lot 3
J23,15S,1,8.9106,2103.8,gvf,25.212,83.804,36.31,0.0048226,fay_herriot,forms_mnt:h_sd+alt_mean+essence+greco;log,2005-2024,IGN IFN brut (Etalab 2.0) ; FORMS-T (CC-BY 4.0) ; spec 054 lot 3
J23,16,1,6.3316,177.3,gvf,10.661,14.656,35.91,0.028214,fay_herriot,forms_mnt:h_sd+alt_mean+essence+greco;log,2005-2024,IGN IFN brut (Etalab 2.0) ; FORMS-T (CC-BY 4.0) ; spec 054 lot 3
J23,17C,2,11.131,1195.6,gvf,37.424,181.58,36.007,0.013131,fay_herriot,forms_mnt:h_sd+alt_mean+essence+greco;log,2005-2024,IGN IFN brut (Etalab 2.0) ; FORMS-T (CC-BY 4.0) ; spec 054 lot 3
J23,17F,2,1.0179,29.323,gvf,13.823,29.193,39.088,0.0045168,fay_herriot,forms_mnt:h_sd+alt_mean+essence+greco;log,2005-2024,IGN IFN brut (Etalab 2.0) ; FORMS-T (CC-BY 4.0) ; spec 054 lot 3
J23,17O,22,49.202,146.35,direct,44.064,81.574,20.497,0.6799,fay_herriot,forms_mnt:h_sd+alt_mean+essence+greco;log,2005-2024,IGN IFN brut (Etalab 2.0) ; FORMS-T (CC-BY 4.0) ; spec 054 lot 3
J23,18C,20,12.689,13.819,direct,11.681,7.1092,22.825,0.59938,fay_herriot,forms_mnt:h_sd+alt_mean+essence+greco;log,2005-2024,IGN IFN brut (Etalab 2.0) ; FORMS-T (CC-BY 4.0) ; spec 054 lot 3
J23,18D,1,6.7116,845.67,gvf,30.701,148.27,39.662,0.006793,fay_herriot,forms_mnt:h_sd+alt_mean+essence+greco;log,2005-2024,IGN IFN brut (Etalab 2.0) ; FORMS-T (CC-BY 4.0) ; spec 054 lot 3
J23,19,1,322.87,24899,gvf,170.52,2475.9,29.181,0.34962,fay_herriot,forms_mnt:h_sd+alt_mean+essence+greco;log,2005-2024,IGN IFN brut (Etalab 2.0) ; FORMS-T (CC-BY 4.0) ; spec 054 lot 3
J23,20G,1,5.2657,637.16,gvf,31.735,134.16,36.499,0.0055568,fay_herriot,forms_mnt:h_sd+alt_mean+essence+greco;log,2005-2024,IGN IFN brut (Etalab 2.0) ; FORMS-T (CC-BY 4.0) ; spec 054 lot 3
J23,20P,3,2.7401,796.1,gvf,31.743,134.49,36.534,0.0012095,fay_herriot,forms_mnt:h_sd+alt_mean+essence+greco;log,2005-2024,IGN IFN brut (Etalab 2.0) ; FORMS-T (CC-BY 4.0) ; spec 054 lot 3
J23,21C,17,13.535,15.063,direct,14.476,10.616,22.509,0.60964,fay_herriot,forms_mnt:h_sd+alt_mean+essence+greco;log,2005-2024,IGN IFN brut (Etalab 2.0) ; FORMS-T (CC-BY 4.0) ; spec 054 lot 3
J23,21M,64,6.7488,1.5422,direct,7.5099,1.5309,16.476,0.79132,fay_herriot,forms_mnt:h_sd+alt_mean+essence+greco;log,2005-2024,IGN IFN brut (Etalab 2.0) ; FORMS-T (CC-BY 4.0) ; spec 054 lot 3
J23,21O,18,16.025,35.16,direct,15.444,16.456,26.266,0.48396,fay_herriot,forms_mnt:h_sd+alt_mean+essence+greco;log,2005-2024,IGN IFN brut (Etalab 2.0) ; FORMS-T (CC-BY 4.0) ; spec 054 lot 3
J23,22M,3,1.7145,52.139,gvf,16.356,34.925,36.132,0.0071869,fay_herriot,forms_mnt:h_sd+alt_mean+essence+greco;log,2005-2024,IGN IFN brut (Etalab 2.0) ; FORMS-T (CC-BY 4.0) ; spec 054 lot 3
J23,23A,4,9.7329,5.8371,gvf,10.074,4.2747,20.524,0.67573,fay_herriot,forms_mnt:h_sd+alt_mean+essence+greco;log,2005-2024,IGN IFN brut (Etalab 2.0) ; FORMS-T (CC-BY 4.0) ; spec 054 lot 3
J23,23AB,7,3.2032,10.968,gvf,6.7967,5.5081,34.531,0.10723,fay_herriot,forms_mnt:h_sd+alt_mean+essence+greco;log,2005-2024,IGN IFN brut (Etalab 2.0) ; FORMS-T (CC-BY 4.0) ; spec 054 lot 3
J23,23C,15,7.0622,3.2579,direct,7.4844,2.4728,21.01,0.66281,fay_herriot,forms_mnt:h_sd+alt_mean+essence+greco;log,2005-2024,IGN IFN brut (Etalab 2.0) ; FORMS-T (CC-BY 4.0) ; spec 054 lot 3
J23,23F,1,72.29,340.37,gvf,38.153,63.661,20.913,0.66346,fay_herriot,forms_mnt:h_sd+alt_mean+essence+greco;log,2005-2024,IGN IFN brut (Etalab 2.0) ; FORMS-T (CC-BY 4.0) ; spec 054 lot 3
J23,23PA,5,5.4203,15.483,gvf,7.909,8.7382,37.376,0.19591,fay_herriot,forms_mnt:h_sd+alt_mean+essence+greco;log,2005-2024,IGN IFN brut (Etalab 2.0) ; FORMS-T (CC-BY 4.0) ; spec 054 lot 3
J23,23PC,2,4.3715,9.9627,gvf,5.7088,3.4727,32.643,0.19763,fay_herriot,forms_mnt:h_sd+alt_mean+essence+greco;log,2005-2024,IGN IFN brut (Etalab 2.0) ; FORMS-T (CC-BY 4.0) ; spec 054 lot 3
J23,23PM,1,1.0125,7.1147,gvf,6.0196,4.7344,36.147,0.018167,fay_herriot,forms_mnt:h_sd+alt_mean+essence+greco;log,2005-2024,IGN IFN brut (Etalab 2.0) ; FORMS-T (CC-BY 4.0) ; spec 054 lot 3
J23,23SO,1,8.8504,238.95,gvf,7.1591,6.6447,36.006,0.040392,fay_herriot,forms_mnt:h_sd+alt_mean+essence+greco;log,2005-2024,IGN IFN brut (Etalab 2.0) ; FORMS-T (CC-BY 4.0) ; spec 054 lot 3
J23,24,1,5.3594,71683,gvf,34.577,157.58,36.304,5.1448e-05,fay_herriot,forms_mnt:h_sd+alt_mean+essence+greco;log,2005-2024,IGN IFN brut (Etalab 2.0) ; FORMS-T (CC-BY 4.0) ; spec 054 lot 3
J23,25B,3,46.855,3232.8,gvf,42.454,222.61,35.144,0.080205,fay_herriot,forms_mnt:h_sd+alt_mean+essence+greco;log,2005-2024,IGN IFN brut (Etalab 2.0) ; FORMS-T (CC-BY 4.0) ; spec 054 lot 3
J23,26OC,1,93.486,5145.8,gvf,15.923,27.488,32.927,0.17904,fay_herriot,forms_mnt:h_sd+alt_mean+essence+greco;log,2005-2024,IGN IFN brut (Etalab 2.0) ; FORMS-T (CC-BY 4.0) ; spec 054 lot 3
J23,27C,2,4.5385,11.076,gvf,10.75,12.371,32.719,0.19276,fay_herriot,forms_mnt:h_sd+alt_mean+essence+greco;log,2005-2024,IGN IFN brut (Etalab 2.0) ; FORMS-T (CC-BY 4.0) ; spec 054 lot 3
J23,28,13,3.7179,0.94479,direct,5.2888,1.3656,22.095,0.65261,fay_herriot,forms_mnt:h_sd+alt_mean+essence+greco;log,2005-2024,IGN IFN brut (Etalab 2.0) ; FORMS-T (CC-BY 4.0) ; spec 054 lot 3
J23,29AF,3,3.1094,24.354,gvf,4.6171,2.8957,36.856,0.048504,fay_herriot,forms_mnt:h_sd+alt_mean+essence+greco;log,2005-2024,IGN IFN brut (Etalab 2.0) ; FORMS-T (CC-BY 4.0) ; spec 054 lot 3
J23,31,3,8.9984,19.058,gvf,6.9192,4.0461,29.071,0.35298,fay_herriot,forms_mnt:h_sd+alt_mean+essence+greco;log,2005-2024,IGN IFN brut (Etalab 2.0) ; FORMS-T (CC-BY 4.0) ; spec 054 lot 3
J23,33B,14,90.881,1337.2,direct,92.131,694.51,28.604,0.4423,fay_herriot,forms_mnt:h_sd+alt_mean+essence+greco;log,2005-2024,IGN IFN brut (Etalab 2.0) ; FORMS-T (CC-BY 4.0) ; spec 054 lot 3
J23,33G,13,69.226,506.19,direct,81.306,399.21,24.574,0.54865,fay_herriot,forms_mnt:h_sd+alt_mean+essence+greco;log,2005-2024,IGN IFN brut (Etalab 2.0) ; FORMS-T (CC-BY 4.0) ; spec 054 lot 3
J23,33N,24,88.756,343.55,direct,83.622,230.41,18.152,0.74647,fay_herriot,forms_mnt:h_sd+alt_mean+essence+greco;log,2005-2024,IGN IFN brut (Etalab 2.0) ; FORMS-T (CC-BY 4.0) ; spec 054 lot 3
J23,39,2,0.88045,3.2045,gvf,2.3277,0.76968,37.69,0.030125,fay_herriot,forms_mnt:h_sd+alt_mean+essence+greco;log,2005-2024,IGN IFN brut (Etalab 2.0) ; FORMS-T (CC-BY 4.0) ; spec 054 lot 3
J23,40,20,4.4753,0.86376,direct,5.3235,0.93662,18.18,0.74857,fay_herriot,forms_mnt:h_sd+alt_mean+essence+greco;log,2005-2024,IGN IFN brut (Etalab 2.0) ; FORMS-T (CC-BY 4.0) ; spec 054 lot 3
J23,41,7,1.8585,1.8689,gvf,5.389,3.0962,32.652,0.1918,fay_herriot,forms_mnt:h_sd+alt_mean+essence+greco;log,2005-2024,IGN IFN brut (Etalab 2.0) ; FORMS-T (CC-BY 4.0) ; spec 054 lot 3
J23,49AE,1,1.0439,67.137,gvf,3.7958,2.5008,41.661,0.0020797,fay_herriot,forms_mnt:h_sd+alt_mean+essence+greco;log,2005-2024,IGN IFN brut (Etalab 2.0) ; FORMS-T (CC-BY 4.0) ; spec 054 lot 3
J23,49AM,6,3.065,1.5296,gvf,3.3609,0.82248,26.984,0.44091,fay_herriot,forms_mnt:h_sd+alt_mean+essence+greco;log,2005-2024,IGN IFN brut (Etalab 2.0) ; FORMS-T (CC-BY 4.0) ; spec 054 lot 3
J23,49BS,1,0.85642,1.6446,gvf,2.8804,1.0898,36.243,0.054162,fay_herriot,forms_mnt:h_sd+alt_mean+essence+greco;log,2005-2024,IGN IFN brut (Etalab 2.0) ; FORMS-T (CC-BY 4.0) ; spec 054 lot 3
J23,49CS,1,67.675,707.49,gvf,24.872,44.214,26.734,0.45391,fay_herriot,forms_mnt:h_sd+alt_mean+essence+greco;log,2005-2024,IGN IFN brut (Etalab 2.0) ; FORMS-T (CC-BY 4.0) ; spec 054 lot 3
J23,49EA,1,3.377,40.422,gvf,2.5226,1.0398,40.424,0.03496,fay_herriot,forms_mnt:h_sd+alt_mean+essence+greco;log,2005-2024,IGN IFN brut (Etalab 2.0) ; FORMS-T (CC-BY 4.0) ; spec 054 lot 3
J23,49EV,1,2.0695,4.182,gvf,2.0818,0.52362,34.76,0.11622,fay_herriot,forms_mnt:h_sd+alt_mean+essence+greco;log,2005-2024,IGN IFN brut (Etalab 2.0) ; FORMS-T (CC-BY 4.0) ; spec 054 lot 3
J23,49FA,1,0.73395,31.446,gvf,10.76,15.341,36.402,0.0021948,fay_herriot,forms_mnt:h_sd+alt_mean+essence+greco;log,2005-2024,IGN IFN brut (Etalab 2.0) ; FORMS-T (CC-BY 4.0) ; spec 054 lot 3
J23,49FL,54,2.8779,0.2022,direct,3.0426,0.19374,14.467,0.84024,fay_herriot,forms_mnt:h_sd+alt_mean+essence+greco;log,2005-2024,IGN IFN brut (Etalab 2.0) ; FORMS-T (CC-BY 4.0) ; spec 054 lot 3
J23,49IA,2,1.2175,30.115,gvf,4.1669,2.2946,36.353,0.0062802,fay_herriot,forms_mnt:h_sd+alt_mean+essence+greco;log,2005-2024,IGN IFN brut (Etalab 2.0) ; FORMS-T (CC-BY 4.0) ; spec 054 lot 3
J23,49LN,1,33.034,140.93,gvf,27.916,56.492,26.924,0.49856,fay_herriot,forms_mnt:h_sd+alt_mean+essence+greco;log,2005-2024,IGN IFN brut (Etalab 2.0) ; FORMS-T (CC-BY 4.0) ; spec 054 lot 3
J23,49PM,1,1.0379,33.168,gvf,4.2057,2.4743,37.402,0.0041532,fay_herriot,forms_mnt:h_sd+alt_mean+essence+greco;log,2005-2024,IGN IFN brut (Etalab 2.0) ; FORMS-T (CC-BY 4.0) ; spec 054 lot 3
J23,49PT,5,3.3467,15.607,gvf,9.803,11.655,34.826,0.084373,fay_herriot,forms_mnt:h_sd+alt_mean+essence+greco;log,2005-2024,IGN IFN brut (Etalab 2.0) ; FORMS-T (CC-BY 4.0) ; spec 054 lot 3
J23,49TG,1,1.8675,180.22,gvf,10.777,15.384,36.397,0.0024786,fay_herriot,forms_mnt:h_sd+alt_mean+essence+greco;log,2005-2024,IGN IFN brut (Etalab 2.0) ; FORMS-T (CC-BY 4.0) ; spec 054 lot 3
J23,51,104,46.91,27.62,direct,49.183,27.746,10.71,0.91096,fay_herriot,forms_mnt:h_sd+alt_mean+essence+greco;log,2005-2024,IGN IFN brut (Etalab 2.0) ; FORMS-T (CC-BY 4.0) ; spec 054 lot 3
J23,52,114,29.389,7.218,direct,30.615,7.3661,8.8651,0.93889,fay_herriot,forms_mnt:h_sd+alt_mean+essence+greco;log,2005-2024,IGN IFN brut (Etalab 2.0) ; FORMS-T (CC-BY 4.0) ; spec 054 lot 3
J23,53CO,1,4.8746,6190.3,gvf,94.494,1184,36.415,0.00049264,fay_herriot,forms_mnt:h_sd+alt_mean+essence+greco;log,2005-2024,IGN IFN brut (Etalab 2.0) ; FORMS-T (CC-BY 4.0) ; spec 054 lot 3
J23,54,59,55.222,66.332,direct,59.043,65.265,13.683,0.85514,fay_herriot,forms_mnt:h_sd+alt_mean+essence+greco;log,2005-2024,IGN IFN brut (Etalab 2.0) ; FORMS-T (CC-BY 4.0) ; spec 054 lot 3
J23,55,17,52.201,172.46,direct,53.059,125.31,21.098,0.66984,fay_herriot,forms_mnt:h_sd+alt_mean+essence+greco;log,2005-2024,IGN IFN brut (Etalab 2.0) ; FORMS-T (CC-BY 4.0) ; spec 054 lot 3
J23,57A,1131,65.212,3.4017,direct,65.141,3.3762,2.8208,0.99381,fay_herriot,forms_mnt:h_sd+alt_mean+essence+greco;log,2005-2024,IGN IFN brut (Etalab 2.0) ; FORMS-T (CC-BY 4.0) ; spec 054 lot 3
J23,57B,12,66.612,465.63,direct,60.331,215.85,24.352,0.55028,fay_herriot,forms_mnt:h_sd+alt_mean+essence+greco;log,2005-2024,IGN IFN brut (Etalab 2.0) ; FORMS-T (CC-BY 4.0) ; spec 054 lot 3
J23,65,11,12.679,17.529,direct,25.64,40.791,24.91,0.54077,fay_herriot,forms_mnt:h_sd+alt_mean+essence+greco;log,2005-2024,IGN IFN brut (Etalab 2.0) ; FORMS-T (CC-BY 4.0) ; spec 054 lot 3
J23,66,5,17.39,549.49,gvf,49.627,311.63,35.571,0.066,fay_herriot,forms_mnt:h_sd+alt_mean+essence+greco;log,2005-2024,IGN IFN brut (Etalab 2.0) ; FORMS-T (CC-BY 4.0) ; spec 054 lot 3
J23,67,4,26.897,36.96,gvf,20.941,16.426,19.354,0.71536,fay_herriot,forms_mnt:h_sd+alt_mean+essence+greco;log,2005-2024,IGN IFN brut (Etalab 2.0) ; FORMS-T (CC-BY 4.0) ; spec 054 lot 3
J23,68CA,2,5.8832,1001.1,gvf,52.926,379.05,36.786,0.0044199,fay_herriot,forms_mnt:h_sd+alt_mean+essence+greco;log,2005-2024,IGN IFN brut (Etalab 2.0) ; FORMS-T (CC-BY 4.0) ; spec 054 lot 3
J23,68CB,1,1.2546,,gvf,1.2546,,,1,direct,forms_mnt:h_sd+alt_mean+essence+greco;log,2005-2024,IGN IFN brut (Etalab 2.0) ; FORMS-T (CC-BY 4.0) ; spec 054 lot 3
J23,68CE,1,1.4648,2315.7,gvf,58.155,683.67,44.961,0.00011897,fay_herriot,forms_mnt:h_sd+alt_mean+essence+greco;log,2005-2024,IGN IFN brut (Etalab 2.0) ; FORMS-T (CC-BY 4.0) ; spec 054 lot 3
J23,69JC,26,2.9356,0.17872,direct,2.8932,0.1507,13.417,0.86094,fay_herriot,forms_mnt:h_sd+alt_mean+essence+greco;log,2005-2024,IGN IFN brut (Etalab 2.0) ; FORMS-T (CC-BY 4.0) ; spec 054 lot 3
J23,69JO,99,3.0741,0.081657,direct,3.1391,0.080264,9.0252,0.93695,fay_herriot,forms_mnt:h_sd+alt_mean+essence+greco;log,2005-2024,IGN IFN brut (Etalab 2.0) ; FORMS-T (CC-BY 4.0) ; spec 054 lot 3
J23,70SC,1,37.14,430.86,gvf,48.068,219.11,30.794,0.29133,fay_herriot,forms_mnt:h_sd+alt_mean+essence+greco;log,2005-2024,IGN IFN brut (Etalab 2.0) ; FORMS-T (CC-BY 4.0) ; spec 054 lot 3
J23,72V,1,11.346,16671,gvf,91.959,1217,37.935,0.00099064,fay_herriot,forms_mnt:h_sd+alt_mean+essence+greco;log,2005-2024,IGN IFN brut (Etalab 2.0) ; FORMS-T (CC-BY 4.0) ; spec 054 lot 3
J24,05,62,31.558,13.874,direct,32.34,13.183,11.227,0.90212,fay_herriot,forms_mnt:h_sd+alt_mean+essence+greco;log,2005-2024,IGN IFN brut (Etalab 2.0) ; FORMS-T (CC-BY 4.0) ; spec 054 lot 3
J24,06,57,31.074,37.601,direct,29.854,26.963,17.394,0.7673,fay_herriot,forms_mnt:h_sd+alt_mean+essence+greco;log,2005-2024,IGN IFN brut (Etalab 2.0) ; FORMS-T (CC-BY 4.0) ; spec 054 lot 3
J24,07,1,8.0706,1948.8,gvf,31.476,138.85,37.436,0.0042732,fay_herriot,forms_mnt:h_sd+alt_mean+essence+greco;log,2005-2024,IGN IFN brut (Etalab 2.0) ; FORMS-T (CC-BY 4.0) ; spec 054 lot 3
J24,08S,2,25.1,660.66,gvf,26.3,90.314,36.135,0.10909,fay_herriot,forms_mnt:h_sd+alt_mean+essence+greco;log,2005-2024,IGN IFN brut (Etalab 2.0) ; FORMS-T (CC-BY 4.0) ; spec 054 lot 3
J24,10,1,9.7698,7419.1,gvf,51.297,345.62,36.242,0.0016492,fay_herriot,forms_mnt:h_sd+alt_mean+essence+greco;log,2005-2024,IGN IFN brut (Etalab 2.0) ; FORMS-T (CC-BY 4.0) ; spec 054 lot 3
J24,13G,1,36.777,2086.6,gvf,53.873,352.88,34.869,0.076836,fay_herriot,forms_mnt:h_sd+alt_mean+essence+greco;log,2005-2024,IGN IFN brut (Etalab 2.0) ; FORMS-T (CC-BY 4.0) ; spec 054 lot 3
J24,14,3,20.852,1071.1,gvf,44.468,248.2,35.429,0.049542,fay_herriot,forms_mnt:h_sd+alt_mean+essence+greco;log,2005-2024,IGN IFN brut (Etalab 2.0) ; FORMS-T (CC-BY 4.0) ; spec 054 lot 3
J24,17C,2,6.1183,1195.6,gvf,39.785,207.23,36.183,0.0040041,fay_herriot,forms_mnt:h_sd+alt_mean+essence+greco;log,2005-2024,IGN IFN brut (Etalab 2.0) ; FORMS-T (CC-BY 4.0) ; spec 054 lot 3
J24,17F,3,8.9901,19.549,gvf,12.419,14.605,30.773,0.34678,fay_herriot,forms_mnt:h_sd+alt_mean+essence+greco;log,2005-2024,IGN IFN brut (Etalab 2.0) ; FORMS-T (CC-BY 4.0) ; spec 054 lot 3
J24,17O,3,3.5991,488.69,gvf,36.456,181.64,36.969,0.003392,fay_herriot,forms_mnt:h_sd+alt_mean+essence+greco;log,2005-2024,IGN IFN brut (Etalab 2.0) ; FORMS-T (CC-BY 4.0) ; spec 054 lot 3
J24,21C,3,20.376,43.105,gvf,18.763,20.462,24.108,0.55292,fay_herriot,forms_mnt:h_sd+alt_mean+essence+greco;log,2005-2024,IGN IFN brut (Etalab 2.0) ; FORMS-T (CC-BY 4.0) ; spec 054 lot 3
J24,21O,8,12.959,43.792,gvf,14.752,19.726,30.106,0.32994,fay_herriot,forms_mnt:h_sd+alt_mean+essence+greco;log,2005-2024,IGN IFN brut (Etalab 2.0) ; FORMS-T (CC-BY 4.0) ; spec 054 lot 3
J24,23AB,2,7.335,38.389,gvf,7.7617,6.8083,33.617,0.15251,fay_herriot,forms_mnt:h_sd+alt_mean+essence+greco;log,2005-2024,IGN IFN brut (Etalab 2.0) ; FORMS-T (CC-BY 4.0) ; spec 054 lot 3
J24,23C,2,6.9813,13.478,gvf,8.2039,6.1353,30.192,0.3171,fay_herriot,forms_mnt:h_sd+alt_mean+essence+greco;log,2005-2024,IGN IFN brut (Etalab 2.0) ; FORMS-T (CC-BY 4.0) ; spec 054 lot 3
J24,23PA,1,14.614,77.414,gvf,10.334,13.415,35.444,0.26158,fay_herriot,forms_mnt:h_sd+alt_mean+essence+greco;log,2005-2024,IGN IFN brut (Etalab 2.0) ; FORMS-T (CC-BY 4.0) ; spec 054 lot 3
J24,28,9,27.746,36.006,gvf,21.571,17.115,19.178,0.733,fay_herriot,forms_mnt:h_sd+alt_mean+essence+greco;log,2005-2024,IGN IFN brut (Etalab 2.0) ; FORMS-T (CC-BY 4.0) ; spec 054 lot 3
J24,29AI,1,31.458,3913.1,gvf,57.515,890.18,51.875,0.031451,fay_herriot,forms_mnt:h_sd+alt_mean+essence+greco;log,2005-2024,IGN IFN brut (Etalab 2.0) ; FORMS-T (CC-BY 4.0) ; spec 054 lot 3
J24,29FI,1,2.3126,,gvf,2.3126,,,1,direct,forms_mnt:h_sd+alt_mean+essence+greco;log,2005-2024,IGN IFN brut (Etalab 2.0) ; FORMS-T (CC-BY 4.0) ; spec 054 lot 3
J24,29MI,1,58.926,803.24,gvf,20.499,35.491,29.062,0.35694,fay_herriot,forms_mnt:h_sd+alt_mean+essence+greco;log,2005-2024,IGN IFN brut (Etalab 2.0) ; FORMS-T (CC-BY 4.0) ; spec 054 lot 3
J24,31,1,7.9202,57.173,gvf,6.4975,4.8619,33.936,0.12349,fay_herriot,forms_mnt:h_sd+alt_mean+essence+greco;log,2005-2024,IGN IFN brut (Etalab 2.0) ; FORMS-T (CC-BY 4.0) ; spec 054 lot 3
J24,32,29,25.405,39.477,direct,19.621,16.137,20.473,0.67735,fay_herriot,forms_mnt:h_sd+alt_mean+essence+greco;log,2005-2024,IGN IFN brut (Etalab 2.0) ; FORMS-T (CC-BY 4.0) ; spec 054 lot 3
J24,33N,2,27.287,5318.2,gvf,72.662,696.74,36.327,0.01766,fay_herriot,forms_mnt:h_sd+alt_mean+essence+greco;log,2005-2024,IGN IFN brut (Etalab 2.0) ; FORMS-T (CC-BY 4.0) ; spec 054 lot 3
J24,40,6,6.9578,46.55,gvf,9.0784,10.107,35.019,0.1178,fay_herriot,forms_mnt:h_sd+alt_mean+essence+greco;log,2005-2024,IGN IFN brut (Etalab 2.0) ; FORMS-T (CC-BY 4.0) ; spec 054 lot 3
J24,49LN,3,8.2567,46.975,gvf,20.928,57.43,36.211,0.15708,fay_herriot,forms_mnt:h_sd+alt_mean+essence+greco;log,2005-2024,IGN IFN brut (Etalab 2.0) ; FORMS-T (CC-BY 4.0) ; spec 054 lot 3
J24,49PM,1,1.45,33.168,gvf,4.4184,2.7211,37.334,0.0080731,fay_herriot,forms_mnt:h_sd+alt_mean+essence+greco;log,2005-2024,IGN IFN brut (Etalab 2.0) ; FORMS-T (CC-BY 4.0) ; spec 054 lot 3
J24,49RA,1,0.9292,23.487,gvf,6.6684,8.6216,44.033,0.0046981,fay_herriot,forms_mnt:h_sd+alt_mean+essence+greco;log,2005-2024,IGN IFN brut (Etalab 2.0) ; FORMS-T (CC-BY 4.0) ; spec 054 lot 3
J24,51,24,36.973,38.504,direct,42.865,42.722,15.248,0.8201,fay_herriot,forms_mnt:h_sd+alt_mean+essence+greco;log,2005-2024,IGN IFN brut (Etalab 2.0) ; FORMS-T (CC-BY 4.0) ; spec 054 lot 3
J24,52,28,34.021,61.146,direct,40.233,61.044,19.42,0.7085,fay_herriot,forms_mnt:h_sd+alt_mean+essence+greco;log,2005-2024,IGN IFN brut (Etalab 2.0) ; FORMS-T (CC-BY 4.0) ; spec 054 lot 3
J24,54,5,40.843,1483.3,gvf,83.331,808.91,34.13,0.12619,fay_herriot,forms_mnt:h_sd+alt_mean+essence+greco;log,2005-2024,IGN IFN brut (Etalab 2.0) ; FORMS-T (CC-BY 4.0) ; spec 054 lot 3
J24,57A,65,72.567,53.261,direct,71.355,48.236,9.7333,0.92698,fay_herriot,forms_mnt:h_sd+alt_mean+essence+greco;log,2005-2024,IGN IFN brut (Etalab 2.0) ; FORMS-T (CC-BY 4.0) ; spec 054 lot 3
J24,62,1,6.6851,32317,gvf,95.272,1203.4,36.412,0.00017753,fay_herriot,forms_mnt:h_sd+alt_mean+essence+greco;log,2005-2024,IGN IFN brut (Etalab 2.0) ; FORMS-T (CC-BY 4.0) ; spec 054 lot 3
J24,66,1,11.115,2747.5,gvf,55.807,421.04,36.768,0.0057411,fay_herriot,forms_mnt:h_sd+alt_mean+essence+greco;log,2005-2024,IGN IFN brut (Etalab 2.0) ; FORMS-T (CC-BY 4.0) ; spec 054 lot 3
J24,69JC,1,4.7766,14.65,gvf,3.0489,1.0431,33.498,0.16665,fay_herriot,forms_mnt:h_sd+alt_mean+essence+greco;log,2005-2024,IGN IFN brut (Etalab 2.0) ; FORMS-T (CC-BY 4.0) ; spec 054 lot 3
J24,69JO,11,4.5928,3.602,direct,4.5482,1.5995,27.807,0.42921,fay_herriot,forms_mnt:h_sd+alt_mean+essence+greco;log,2005-2024,IGN IFN brut (Etalab 2.0) ; FORMS-T (CC-BY 4.0) ; spec 054 lot 3
J30,05,126,27.464,7.53,direct,28.02,7.2886,9.6349,0.92786,fay_herriot,forms_mnt:h_sd+alt_mean+essence+greco;log,2005-2024,IGN IFN brut (Etalab 2.0) ; FORMS-T (CC-BY 4.0) ; spec 054 lot 3
J30,06,104,25.991,6.4535,direct,25.804,5.9423,9.4469,0.93075,fay_herriot,forms_mnt:h_sd+alt_mean+essence+greco;log,2005-2024,IGN IFN brut (Etalab 2.0) ; FORMS-T (CC-BY 4.0) ; spec 054 lot 3
J30,08S,375,37.985,3.3671,direct,37.666,3.2609,4.7943,0.98215,fay_herriot,forms_mnt:h_sd+alt_mean+essence+greco;log,2005-2024,IGN IFN brut (Etalab 2.0) ; FORMS-T (CC-BY 4.0) ; spec 054 lot 3
J30,09,1,6.2067,5256.6,gvf,51.681,350.99,36.251,0.00094012,fay_herriot,forms_mnt:h_sd+alt_mean+essence+greco;log,2005-2024,IGN IFN brut (Etalab 2.0) ; FORMS-T (CC-BY 4.0) ; spec 054 lot 3
J30,10,14,56.628,304.29,direct,51.861,148.37,23.487,0.57504,fay_herriot,forms_mnt:h_sd+alt_mean+essence+greco;log,2005-2024,IGN IFN brut (Etalab 2.0) ; FORMS-T (CC-BY 4.0) ; spec 054 lot 3
J30,13G,3,32.208,695.53,gvf,46.415,237.64,33.213,0.16073,fay_herriot,forms_mnt:h_sd+alt_mean+essence+greco;log,2005-2024,IGN IFN brut (Etalab 2.0) ; FORMS-T (CC-BY 4.0) ; spec 054 lot 3
J30,14,3,13.054,1071.1,gvf,40.46,212.03,35.989,0.020019,fay_herriot,forms_mnt:h_sd+alt_mean+essence+greco;log,2005-2024,IGN IFN brut (Etalab 2.0) ; FORMS-T (CC-BY 4.0) ; spec 054 lot 3
J30,16,1,10.33,177.3,gvf,10.22,12.852,35.078,0.071734,fay_herriot,forms_mnt:h_sd+alt_mean+essence+greco;log,2005-2024,IGN IFN brut (Etalab 2.0) ; FORMS-T (CC-BY 4.0) ; spec 054 lot 3
J30,17O,10,24.562,62.174,direct,27.972,46.106,24.275,0.55474,fay_herriot,forms_mnt:h_sd+alt_mean+essence+greco;log,2005-2024,IGN IFN brut (Etalab 2.0) ; FORMS-T (CC-BY 4.0) ; spec 054 lot 3
J30,18C,7,14.677,37.484,gvf,11.59,10.107,27.429,0.4246,fay_herriot,forms_mnt:h_sd+alt_mean+essence+greco;log,2005-2024,IGN IFN brut (Etalab 2.0) ; FORMS-T (CC-BY 4.0) ; spec 054 lot 3
J30,19,1,21.75,24899,gvf,113.68,1704.5,36.317,0.0024336,fay_herriot,forms_mnt:h_sd+alt_mean+essence+greco;log,2005-2024,IGN IFN brut (Etalab 2.0) ; FORMS-T (CC-BY 4.0) ; spec 054 lot 3
J30,22M,3,3.3503,52.139,gvf,15.047,28.969,35.77,0.026899,fay_herriot,forms_mnt:h_sd+alt_mean+essence+greco;log,2005-2024,IGN IFN brut (Etalab 2.0) ; FORMS-T (CC-BY 4.0) ; spec 054 lot 3
J30,23C,2,2.062,13.478,gvf,7.511,7.3411,36.073,0.03893,fay_herriot,forms_mnt:h_sd+alt_mean+essence+greco;log,2005-2024,IGN IFN brut (Etalab 2.0) ; FORMS-T (CC-BY 4.0) ; spec 054 lot 3
J30,23F,2,12.231,170.19,gvf,10.4,12.871,34.497,0.10142,fay_herriot,forms_mnt:h_sd+alt_mean+essence+greco;log,2005-2024,IGN IFN brut (Etalab 2.0) ; FORMS-T (CC-BY 4.0) ; spec 054 lot 3
J30,23PC,1,1.0882,19.925,gvf,5.6797,4.2844,36.444,0.0075733,fay_herriot,forms_mnt:h_sd+alt_mean+essence+greco;log,2005-2024,IGN IFN brut (Etalab 2.0) ; FORMS-T (CC-BY 4.0) ; spec 054 lot 3
J30,27C,1,4.4298,22.152,gvf,11.212,15.023,34.571,0.10213,fay_herriot,forms_mnt:h_sd+alt_mean+essence+greco;log,2005-2024,IGN IFN brut (Etalab 2.0) ; FORMS-T (CC-BY 4.0) ; spec 054 lot 3
J30,28,3,5.6323,108.02,gvf,9.4856,14.035,39.495,0.036339,fay_herriot,forms_mnt:h_sd+alt_mean+essence+greco;log,2005-2024,IGN IFN brut (Etalab 2.0) ; FORMS-T (CC-BY 4.0) ; spec 054 lot 3
J30,29MI,5,15.411,160.65,gvf,10.904,13.21,33.331,0.15954,fay_herriot,forms_mnt:h_sd+alt_mean+essence+greco;log,2005-2024,IGN IFN brut (Etalab 2.0) ; FORMS-T (CC-BY 4.0) ; spec 054 lot 3
J30,31,1,27.139,57.173,gvf,15.03,11.044,22.11,0.62322,fay_herriot,forms_mnt:h_sd+alt_mean+essence+greco;log,2005-2024,IGN IFN brut (Etalab 2.0) ; FORMS-T (CC-BY 4.0) ; spec 054 lot 3
J30,33B,2,18.917,25152,gvf,87.621,1234.4,40.098,0.0018236,fay_herriot,forms_mnt:h_sd+alt_mean+essence+greco;log,2005-2024,IGN IFN brut (Etalab 2.0) ; FORMS-T (CC-BY 4.0) ; spec 054 lot 3
J30,33G,3,105.33,2640.6,gvf,97.332,837.81,29.738,0.35043,fay_herriot,forms_mnt:h_sd+alt_mean+essence+greco;log,2005-2024,IGN IFN brut (Etalab 2.0) ; FORMS-T (CC-BY 4.0) ; spec 054 lot 3
J30,33N,3,40.984,3545.5,gvf,64.4,524.08,35.548,0.057344,fay_herriot,forms_mnt:h_sd+alt_mean+essence+greco;log,2005-2024,IGN IFN brut (Etalab 2.0) ; FORMS-T (CC-BY 4.0) ; spec 054 lot 3
J30,36,2,11.846,5238.3,gvf,73.524,1218.4,47.474,0.0034279,fay_herriot,forms_mnt:h_sd+alt_mean+essence+greco;log,2005-2024,IGN IFN brut (Etalab 2.0) ; FORMS-T (CC-BY 4.0) ; spec 054 lot 3
J30,40,103,13.276,6.6295,direct,11.975,4.2608,17.237,0.77345,fay_herriot,forms_mnt:h_sd+alt_mean+essence+greco;log,2005-2024,IGN IFN brut (Etalab 2.0) ; FORMS-T (CC-BY 4.0) ; spec 054 lot 3
J30,49AM,2,1.207,4.5887,gvf,3.2739,1.3541,35.543,0.039171,fay_herriot,forms_mnt:h_sd+alt_mean+essence+greco;log,2005-2024,IGN IFN brut (Etalab 2.0) ; FORMS-T (CC-BY 4.0) ; spec 054 lot 3
J30,49EA,23,3.8078,2.0406,direct,2.9616,0.69095,28.067,0.47708,fay_herriot,forms_mnt:h_sd+alt_mean+essence+greco;log,2005-2024,IGN IFN brut (Etalab 2.0) ; FORMS-T (CC-BY 4.0) ; spec 054 lot 3
J30,49FL,11,15.05,65.768,direct,5.8437,3.3046,31.108,0.30661,fay_herriot,forms_mnt:h_sd+alt_mean+essence+greco;log,2005-2024,IGN IFN brut (Etalab 2.0) ; FORMS-T (CC-BY 4.0) ; spec 054 lot 3
J30,49IA,1,1.8166,60.23,gvf,3.9404,2.0511,36.346,0.0069862,fay_herriot,forms_mnt:h_sd+alt_mean+essence+greco;log,2005-2024,IGN IFN brut (Etalab 2.0) ; FORMS-T (CC-BY 4.0) ; spec 054 lot 3
J30,49LN,1,2.3409,140.93,gvf,22.03,77.417,39.94,0.0049681,fay_herriot,forms_mnt:h_sd+alt_mean+essence+greco;log,2005-2024,IGN IFN brut (Etalab 2.0) ; FORMS-T (CC-BY 4.0) ; spec 054 lot 3
J30,49MB,1,13.215,101.71,gvf,10.698,12.388,32.899,0.18065,fay_herriot,forms_mnt:h_sd+alt_mean+essence+greco;log,2005-2024,IGN IFN brut (Etalab 2.0) ; FORMS-T (CC-BY 4.0) ; spec 054 lot 3
J30,49RA,1,16.191,23.487,gvf,10.785,7.4501,25.308,0.58901,fay_herriot,forms_mnt:h_sd+alt_mean+essence+greco;log,2005-2024,IGN IFN brut (Etalab 2.0) ; FORMS-T (CC-BY 4.0) ; spec 054 lot 3
J30,51,141,47.845,21.577,direct,49.352,21.441,9.3824,0.93161,fay_herriot,forms_mnt:h_sd+alt_mean+essence+greco;log,2005-2024,IGN IFN brut (Etalab 2.0) ; FORMS-T (CC-BY 4.0) ; spec 054 lot 3
J30,52,1,10.552,2491.6,gvf,53.631,376.12,36.161,0.0057051,fay_herriot,forms_mnt:h_sd+alt_mean+essence+greco;log,2005-2024,IGN IFN brut (Etalab 2.0) ; FORMS-T (CC-BY 4.0) ; spec 054 lot 3
J30,55,25,48.725,129.77,direct,49.607,98.602,20.017,0.70142,fay_herriot,forms_mnt:h_sd+alt_mean+essence+greco;log,2005-2024,IGN IFN brut (Etalab 2.0) ; FORMS-T (CC-BY 4.0) ; spec 054 lot 3
J30,57A,36,40.905,40.063,direct,42.423,37.132,14.364,0.84283,fay_herriot,forms_mnt:h_sd+alt_mean+essence+greco;log,2005-2024,IGN IFN brut (Etalab 2.0) ; FORMS-T (CC-BY 4.0) ; spec 054 lot 3
J30,65,1,2.8083,3447.7,gvf,55.382,438.05,37.791,0.00029364,fay_herriot,forms_mnt:h_sd+alt_mean+essence+greco;log,2005-2024,IGN IFN brut (Etalab 2.0) ; FORMS-T (CC-BY 4.0) ; spec 054 lot 3
J30,69JO,7,4.3112,1.9312,gvf,4.1883,1.0506,24.472,0.55274,fay_herriot,forms_mnt:h_sd+alt_mean+essence+greco;log,2005-2024,IGN IFN brut (Etalab 2.0) ; FORMS-T (CC-BY 4.0) ; spec 054 lot 3
J40,03,3,31.378,927.44,gvf,61.132,431.65,33.986,0.11996,fay_herriot,forms_mnt:h_sd+alt_mean+essence+greco;log,2005-2024,IGN IFN brut (Etalab 2.0) ; FORMS-T (CC-BY 4.0) ; spec 054 lot 3
J40,05,658,37.633,2.6294,direct,37.624,2.5918,4.279,0.98575,fay_herriot,forms_mnt:h_sd+alt_mean+essence+greco;log,2005-2024,IGN IFN brut (Etalab 2.0) ; FORMS-T (CC-BY 4.0) ; spec 054 lot 3
J40,06,347,22.597,1.9362,direct,22.632,1.8895,6.0736,0.97132,fay_herriot,forms_mnt:h_sd+alt_mean+essence+greco;log,2005-2024,IGN IFN brut (Etalab 2.0) ; FORMS-T (CC-BY 4.0) ; spec 054 lot 3
J40,09,36,38.662,120,direct,43.583,94.785,22.339,0.6153,fay_herriot,forms_mnt:h_sd+alt_mean+essence+greco;log,2005-2024,IGN IFN brut (Etalab 2.0) ; FORMS-T (CC-BY 4.0) ; spec 054 lot 3
J40,10,5,58.888,1483.8,gvf,49.458,246.42,31.74,0.23082,fay_herriot,forms_mnt:h_sd+alt_mean+essence+greco;log,2005-2024,IGN IFN brut (Etalab 2.0) ; FORMS-T (CC-BY 4.0) ; spec 054 lot 3
J40,13G,1,9.7338,2086.6,gvf,50.26,331.66,36.235,0.0057966,fay_herriot,forms_mnt:h_sd+alt_mean+essence+greco;log,2005-2024,IGN IFN brut (Etalab 2.0) ; FORMS-T (CC-BY 4.0) ; spec 054 lot 3
J40,14,4,6.5505,803.32,gvf,41.676,228.31,36.255,0.0068119,fay_herriot,forms_mnt:h_sd+alt_mean+essence+greco;log,2005-2024,IGN IFN brut (Etalab 2.0) ; FORMS-T (CC-BY 4.0) ; spec 054 lot 3
J40,15S,2,1.2178,1051.9,gvf,24.356,78.687,36.42,0.00018099,fay_herriot,forms_mnt:h_sd+alt_mean+essence+greco;log,2005-2024,IGN IFN brut (Etalab 2.0) ; FORMS-T (CC-BY 4.0) ; spec 054 lot 3
J40,17C,1,26.755,2391.2,gvf,36.156,165.49,35.58,0.037016,fay_herriot,forms_mnt:h_sd+alt_mean+essence+greco;log,2005-2024,IGN IFN brut (Etalab 2.0) ; FORMS-T (CC-BY 4.0) ; spec 054 lot 3
J40,17F,1,6.2863,58.646,gvf,12.661,22.386,37.369,0.079631,fay_herriot,forms_mnt:h_sd+alt_mean+essence+greco;log,2005-2024,IGN IFN brut (Etalab 2.0) ; FORMS-T (CC-BY 4.0) ; spec 054 lot 3
J40,17O,8,37.896,183.26,gvf,35.652,84.183,25.735,0.50156,fay_herriot,forms_mnt:h_sd+alt_mean+essence+greco;log,2005-2024,IGN IFN brut (Etalab 2.0) ; FORMS-T (CC-BY 4.0) ; spec 054 lot 3
J40,18C,10,6.4196,1.4353,direct,7.0451,1.3696,16.611,0.78664,fay_herriot,forms_mnt:h_sd+alt_mean+essence+greco;log,2005-2024,IGN IFN brut (Etalab 2.0) ; FORMS-T (CC-BY 4.0) ; spec 054 lot 3
J40,20G,3,9.6205,212.39,gvf,28.983,106.47,35.603,0.052991,fay_herriot,forms_mnt:h_sd+alt_mean+essence+greco;log,2005-2024,IGN IFN brut (Etalab 2.0) ; FORMS-T (CC-BY 4.0) ; spec 054 lot 3
J40,20P,1,1.636,2388.3,gvf,30.606,125.33,36.578,0.00014388,fay_herriot,forms_mnt:h_sd+alt_mean+essence+greco;log,2005-2024,IGN IFN brut (Etalab 2.0) ; FORMS-T (CC-BY 4.0) ; spec 054 lot 3
J40,21C,35,9.0814,2.3106,direct,9.9894,2.3071,15.205,0.82089,fay_herriot,forms_mnt:h_sd+alt_mean+essence+greco;log,2005-2024,IGN IFN brut (Etalab 2.0) ; FORMS-T (CC-BY 4.0) ; spec 054 lot 3
J40,21M,39,7.8498,2.6356,direct,8.5073,2.3589,18.054,0.75013,fay_herriot,forms_mnt:h_sd+alt_mean+essence+greco;log,2005-2024,IGN IFN brut (Etalab 2.0) ; FORMS-T (CC-BY 4.0) ; spec 054 lot 3
J40,21O,26,14.752,7.0811,direct,14.669,5.678,16.244,0.79782,fay_herriot,forms_mnt:h_sd+alt_mean+essence+greco;log,2005-2024,IGN IFN brut (Etalab 2.0) ; FORMS-T (CC-BY 4.0) ; spec 054 lot 3
J40,22G,1,2.5792,433.02,gvf,8.5135,10.385,37.853,0.0019688,fay_herriot,forms_mnt:h_sd+alt_mean+essence+greco;log,2005-2024,IGN IFN brut (Etalab 2.0) ; FORMS-T (CC-BY 4.0) ; spec 054 lot 3
J40,22M,6,4.5107,26.07,gvf,14.248,24.246,34.559,0.091084,fay_herriot,forms_mnt:h_sd+alt_mean+essence+greco;log,2005-2024,IGN IFN brut (Etalab 2.0) ; FORMS-T (CC-BY 4.0) ; spec 054 lot 3
J40,23AB,50,5.7531,1.2918,direct,6.053,1.1087,17.396,0.76689,fay_herriot,forms_mnt:h_sd+alt_mean+essence+greco;log,2005-2024,IGN IFN brut (Etalab 2.0) ; FORMS-T (CC-BY 4.0) ; spec 054 lot 3
J40,23AM,1,0.74267,78.337,gvf,7.8949,14.092,47.549,0.00090325,fay_herriot,forms_mnt:h_sd+alt_mean+essence+greco;log,2005-2024,IGN IFN brut (Etalab 2.0) ; FORMS-T (CC-BY 4.0) ; spec 054 lot 3
J40,23C,9,4.1563,2.9951,gvf,6.0843,2.8227,27.614,0.42548,fay_herriot,forms_mnt:h_sd+alt_mean+essence+greco;log,2005-2024,IGN IFN brut (Etalab 2.0) ; FORMS-T (CC-BY 4.0) ; spec 054 lot 3
J40,23F,1,26.84,340.37,gvf,12.744,16.86,32.219,0.21369,fay_herriot,forms_mnt:h_sd+alt_mean+essence+greco;log,2005-2024,IGN IFN brut (Etalab 2.0) ; FORMS-T (CC-BY 4.0) ; spec 054 lot 3
J40,23PA,4,11.289,19.354,gvf,9.5809,7.9117,29.358,0.45816,fay_herriot,forms_mnt:h_sd+alt_mean+essence+greco;log,2005-2024,IGN IFN brut (Etalab 2.0) ; FORMS-T (CC-BY 4.0) ; spec 054 lot 3
J40,23PC,6,5.8997,3.3209,gvf,5.8841,1.9314,23.618,0.57371,fay_herriot,forms_mnt:h_sd+alt_mean+essence+greco;log,2005-2024,IGN IFN brut (Etalab 2.0) ; FORMS-T (CC-BY 4.0) ; spec 054 lot 3
J40,23PM,3,2.1709,2.3716,gvf,4.8689,2.4997,32.472,0.20329,fay_herriot,forms_mnt:h_sd+alt_mean+essence+greco;log,2005-2024,IGN IFN brut (Etalab 2.0) ; FORMS-T (CC-BY 4.0) ; spec 054 lot 3
J40,24,4,70.955,17921,gvf,34.146,148.38,35.674,0.034817,fay_herriot,forms_mnt:h_sd+alt_mean+essence+greco;log,2005-2024,IGN IFN brut (Etalab 2.0) ; FORMS-T (CC-BY 4.0) ; spec 054 lot 3
J40,25B,1,299.62,9698.4,gvf,120.05,865.68,24.509,0.54308,fay_herriot,forms_mnt:h_sd+alt_mean+essence+greco;log,2005-2024,IGN IFN brut (Etalab 2.0) ; FORMS-T (CC-BY 4.0) ; spec 054 lot 3
J40,26E,1,41.214,13310,gvf,123.76,2402.5,39.605,0.016123,fay_herriot,forms_mnt:h_sd+alt_mean+essence+greco;log,2005-2024,IGN IFN brut (Etalab 2.0) ; FORMS-T (CC-BY 4.0) ; spec 054 lot 3
J40,28,5,4.977,64.811,gvf,9.551,14.062,39.263,0.04678,fay_herriot,forms_mnt:h_sd+alt_mean+essence+greco;log,2005-2024,IGN IFN brut (Etalab 2.0) ; FORMS-T (CC-BY 4.0) ; spec 054 lot 3
J40,29AF,2,2.5803,36.531,gvf,4.4728,2.8013,37.42,0.022867,fay_herriot,forms_mnt:h_sd+alt_mean+essence+greco;log,2005-2024,IGN IFN brut (Etalab 2.0) ; FORMS-T (CC-BY 4.0) ; spec 054 lot 3
J40,31,2,5.1783,28.587,gvf,5.6994,3.8137,34.264,0.1075,fay_herriot,forms_mnt:h_sd+alt_mean+essence+greco;log,2005-2024,IGN IFN brut (Etalab 2.0) ; FORMS-T (CC-BY 4.0) ; spec 054 lot 3
J40,32,12,34.406,451.53,direct,14.066,19.517,31.407,0.25185,fay_herriot,forms_mnt:h_sd+alt_mean+essence+greco;log,2005-2024,IGN IFN brut (Etalab 2.0) ; FORMS-T (CC-BY 4.0) ; spec 054 lot 3
J40,33B,5,183.33,10061,gvf,111.06,1307.2,32.555,0.3002,fay_herriot,forms_mnt:h_sd+alt_mean+essence+greco;log,2005-2024,IGN IFN brut (Etalab 2.0) ; FORMS-T (CC-BY 4.0) ; spec 054 lot 3
J40,33G,2,39.591,3961,gvf,91.136,1105,36.475,0.048355,fay_herriot,forms_mnt:h_sd+alt_mean+essence+greco;log,2005-2024,IGN IFN brut (Etalab 2.0) ; FORMS-T (CC-BY 4.0) ; spec 054 lot 3
J40,33N,5,74.745,2127.3,gvf,69.241,476.92,31.54,0.25218,fay_herriot,forms_mnt:h_sd+alt_mean+essence+greco;log,2005-2024,IGN IFN brut (Etalab 2.0) ; FORMS-T (CC-BY 4.0) ; spec 054 lot 3
J40,37,1,1.0712,27526,gvf,10.409,14.403,36.46,5.3527e-06,fay_herriot,forms_mnt:h_sd+alt_mean+essence+greco;log,2005-2024,IGN IFN brut (Etalab 2.0) ; FORMS-T (CC-BY 4.0) ; spec 054 lot 3
J40,39,1,0.95993,6.4091,gvf,2.2709,0.7435,37.971,0.018127,fay_herriot,forms_mnt:h_sd+alt_mean+essence+greco;log,2005-2024,IGN IFN brut (Etalab 2.0) ; FORMS-T (CC-BY 4.0) ; spec 054 lot 3
J40,40,11,8.4493,2.8142,direct,8.4806,2.2179,17.561,0.76511,fay_herriot,forms_mnt:h_sd+alt_mean+essence+greco;log,2005-2024,IGN IFN brut (Etalab 2.0) ; FORMS-T (CC-BY 4.0) ; spec 054 lot 3
J40,41,5,2.6985,2.6164,gvf,5.2573,2.6827,31.155,0.26328,fay_herriot,forms_mnt:h_sd+alt_mean+essence+greco;log,2005-2024,IGN IFN brut (Etalab 2.0) ; FORMS-T (CC-BY 4.0) ; spec 054 lot 3
J40,49AM,17,2.437,0.1887,direct,2.6148,0.1751,16.003,0.80164,fay_herriot,forms_mnt:h_sd+alt_mean+essence+greco;log,2005-2024,IGN IFN brut (Etalab 2.0) ; FORMS-T (CC-BY 4.0) ; spec 054 lot 3
J40,49BS,3,1.1155,0.54821,gvf,2.3807,0.60188,32.587,0.22569,fay_herriot,forms_mnt:h_sd+alt_mean+essence+greco;log,2005-2024,IGN IFN brut (Etalab 2.0) ; FORMS-T (CC-BY 4.0) ; spec 054 lot 3
J40,49FL,4,2.5472,13.457,gvf,3.8233,1.9777,36.782,0.058299,fay_herriot,forms_mnt:h_sd+alt_mean+essence+greco;log,2005-2024,IGN IFN brut (Etalab 2.0) ; FORMS-T (CC-BY 4.0) ; spec 054 lot 3
J40,49IA,3,6.2067,20.077,gvf,4.3967,2.0517,32.578,0.19768,fay_herriot,forms_mnt:h_sd+alt_mean+essence+greco;log,2005-2024,IGN IFN brut (Etalab 2.0) ; FORMS-T (CC-BY 4.0) ; spec 054 lot 3
J40,49LN,1,14.38,140.93,gvf,21.123,58.426,36.187,0.15854,fay_herriot,forms_mnt:h_sd+alt_mean+essence+greco;log,2005-2024,IGN IFN brut (Etalab 2.0) ; FORMS-T (CC-BY 4.0) ; spec 054 lot 3
J40,49PS,1,0.73628,57.909,gvf,3.8822,2.0636,37.003,0.0012006,fay_herriot,forms_mnt:h_sd+alt_mean+essence+greco;log,2005-2024,IGN IFN brut (Etalab 2.0) ; FORMS-T (CC-BY 4.0) ; spec 054 lot 3
J40,49RC,1,0.90149,84.119,gvf,6.0563,5.6504,39.249,0.001239,fay_herriot,forms_mnt:h_sd+alt_mean+essence+greco;log,2005-2024,IGN IFN brut (Etalab 2.0) ; FORMS-T (CC-BY 4.0) ; spec 054 lot 3
J40,49RP,1,0.74921,8.2172,gvf,10.174,13.636,36.296,0.008695,fay_herriot,forms_mnt:h_sd+alt_mean+essence+greco;log,2005-2024,IGN IFN brut (Etalab 2.0) ; FORMS-T (CC-BY 4.0) ; spec 054 lot 3
J40,51,60,81.818,142.46,direct,81.077,120.64,13.547,0.85783,fay_herriot,forms_mnt:h_sd+alt_mean+essence+greco;log,2005-2024,IGN IFN brut (Etalab 2.0) ; FORMS-T (CC-BY 4.0) ; spec 054 lot 3
J40,52,241,53.398,16.247,direct,53.472,15.618,7.3908,0.95751,fay_herriot,forms_mnt:h_sd+alt_mean+essence+greco;log,2005-2024,IGN IFN brut (Etalab 2.0) ; FORMS-T (CC-BY 4.0) ; spec 054 lot 3
J40,53S,3,32.512,851.45,gvf,81.538,973.86,38.273,0.13749,fay_herriot,forms_mnt:h_sd+alt_mean+essence+greco;log,2005-2024,IGN IFN brut (Etalab 2.0) ; FORMS-T (CC-BY 4.0) ; spec 054 lot 3
J40,54,83,59.746,74.463,direct,62.69,70.974,13.439,0.86025,fay_herriot,forms_mnt:h_sd+alt_mean+essence+greco;log,2005-2024,IGN IFN brut (Etalab 2.0) ; FORMS-T (CC-BY 4.0) ; spec 054 lot 3
J40,55,3,23.156,675.6,gvf,48.878,316.59,36.403,0.092484,fay_herriot,forms_mnt:h_sd+alt_mean+essence+greco;log,2005-2024,IGN IFN brut (Etalab 2.0) ; FORMS-T (CC-BY 4.0) ; spec 054 lot 3
J40,57A,210,62.464,13.869,direct,62.175,13.423,5.8926,0.97306,fay_herriot,forms_mnt:h_sd+alt_mean+essence+greco;log,2005-2024,IGN IFN brut (Etalab 2.0) ; FORMS-T (CC-BY 4.0) ; spec 054 lot 3
J40,57B,1,71.89,4604.9,gvf,53.617,339.49,34.364,0.12596,fay_herriot,forms_mnt:h_sd+alt_mean+essence+greco;log,2005-2024,IGN IFN brut (Etalab 2.0) ; FORMS-T (CC-BY 4.0) ; spec 054 lot 3
J40,58,10,69.546,434.06,direct,61.909,211.39,23.485,0.58861,fay_herriot,forms_mnt:h_sd+alt_mean+essence+greco;log,2005-2024,IGN IFN brut (Etalab 2.0) ; FORMS-T (CC-BY 4.0) ; spec 054 lot 3
J40,65,24,31.394,84.71,direct,39.736,85.039,23.207,0.59902,fay_herriot,forms_mnt:h_sd+alt_mean+essence+greco;log,2005-2024,IGN IFN brut (Etalab 2.0) ; FORMS-T (CC-BY 4.0) ; spec 054 lot 3
J40,67,2,3.1052,73.921,gvf,10.518,15.174,37.034,0.016473,fay_herriot,forms_mnt:h_sd+alt_mean+essence+greco;log,2005-2024,IGN IFN brut (Etalab 2.0) ; FORMS-T (CC-BY 4.0) ; spec 054 lot 3
J40,69JC,33,3.7291,0.88311,direct,3.2854,0.4677,20.816,0.66908,fay_herriot,forms_mnt:h_sd+alt_mean+essence+greco;log,2005-2024,IGN IFN brut (Etalab 2.0) ; FORMS-T (CC-BY 4.0) ; spec 054 lot 3
J40,69JO,47,3.834,0.33303,direct,3.8756,0.29347,13.978,0.85002,fay_herriot,forms_mnt:h_sd+alt_mean+essence+greco;log,2005-2024,IGN IFN brut (Etalab 2.0) ; FORMS-T (CC-BY 4.0) ; spec 054 lot 3
K11,05,5,35.685,414.4,gvf,47.774,217.09,30.841,0.28293,fay_herriot,forms_mnt:h_sd+alt_mean+essence+greco;log,2005-2024,IGN IFN brut (Etalab 2.0) ; FORMS-T (CC-BY 4.0) ; spec 054 lot 3
K11,06,324,54.835,11.816,direct,54.091,11.179,6.1812,0.9703,fay_herriot,forms_mnt:h_sd+alt_mean+essence+greco;log,2005-2024,IGN IFN brut (Etalab 2.0) ; FORMS-T (CC-BY 4.0) ; spec 054 lot 3
K11,08S,95,33.693,15.224,direct,33.813,14.104,11.107,0.90543,fay_herriot,forms_mnt:h_sd+alt_mean+essence+greco;log,2005-2024,IGN IFN brut (Etalab 2.0) ; FORMS-T (CC-BY 4.0) ; spec 054 lot 3
K11,10,5,62.704,2030.6,gvf,66.939,476.31,32.604,0.19912,fay_herriot,forms_mnt:h_sd+alt_mean+essence+greco;log,2005-2024,IGN IFN brut (Etalab 2.0) ; FORMS-T (CC-BY 4.0) ; spec 054 lot 3
K11,13C,1,16.614,4889.9,gvf,37.457,228.67,40.371,0.007196,fay_herriot,forms_mnt:h_sd+alt_mean+essence+greco;log,2005-2024,IGN IFN brut (Etalab 2.0) ; FORMS-T (CC-BY 4.0) ; spec 054 lot 3
K11,13G,11,81.953,605.67,direct,78.379,331.59,23.233,0.58743,fay_herriot,forms_mnt:h_sd+alt_mean+essence+greco;log,2005-2024,IGN IFN brut (Etalab 2.0) ; FORMS-T (CC-BY 4.0) ; spec 054 lot 3
K11,17F,26,12.193,12.98,direct,14.745,12.21,23.698,0.59528,fay_herriot,forms_mnt:h_sd+alt_mean+essence+greco;log,2005-2024,IGN IFN brut (Etalab 2.0) ; FORMS-T (CC-BY 4.0) ; spec 054 lot 3
K11,17O,1,4.9975,2053.8,gvf,48.429,327.23,37.353,0.001559,fay_herriot,forms_mnt:h_sd+alt_mean+essence+greco;log,2005-2024,IGN IFN brut (Etalab 2.0) ; FORMS-T (CC-BY 4.0) ; spec 054 lot 3
K11,18C,1,0.75981,377.75,gvf,14.38,27.87,36.713,0.0001962,fay_herriot,forms_mnt:h_sd+alt_mean+essence+greco;log,2005-2024,IGN IFN brut (Etalab 2.0) ; FORMS-T (CC-BY 4.0) ; spec 054 lot 3
K11,21M,1,7.4079,70.684,gvf,14.666,26.912,35.371,0.090652,fay_herriot,forms_mnt:h_sd+alt_mean+essence+greco;log,2005-2024,IGN IFN brut (Etalab 2.0) ; FORMS-T (CC-BY 4.0) ; spec 054 lot 3
K11,21O,1,8.4533,513.44,gvf,20.472,58.066,37.221,0.017557,fay_herriot,forms_mnt:h_sd+alt_mean+essence+greco;log,2005-2024,IGN IFN brut (Etalab 2.0) ; FORMS-T (CC-BY 4.0) ; spec 054 lot 3
K11,22M,4,21.74,87.226,gvf,22.576,39.578,27.866,0.41028,fay_herriot,forms_mnt:h_sd+alt_mean+essence+greco;log,2005-2024,IGN IFN brut (Etalab 2.0) ; FORMS-T (CC-BY 4.0) ; spec 054 lot 3
K11,23F,2,9.1528,170.19,gvf,14.647,27.205,35.61,0.059449,fay_herriot,forms_mnt:h_sd+alt_mean+essence+greco;log,2005-2024,IGN IFN brut (Etalab 2.0) ; FORMS-T (CC-BY 4.0) ; spec 054 lot 3
K11,23PA,4,5.3299,16.916,gvf,10.454,15.852,38.084,0.17738,fay_herriot,forms_mnt:h_sd+alt_mean+essence+greco;log,2005-2024,IGN IFN brut (Etalab 2.0) ; FORMS-T (CC-BY 4.0) ; spec 054 lot 3
K11,23PM,1,4.0875,22.88,gvf,8.1315,8.151,35.11,0.085726,fay_herriot,forms_mnt:h_sd+alt_mean+essence+greco;log,2005-2024,IGN IFN brut (Etalab 2.0) ; FORMS-T (CC-BY 4.0) ; spec 054 lot 3
K11,25C,3,41.63,121.67,gvf,31.112,45.05,21.574,0.64652,fay_herriot,forms_mnt:h_sd+alt_mean+essence+greco;log,2005-2024,IGN IFN brut (Etalab 2.0) ; FORMS-T (CC-BY 4.0) ; spec 054 lot 3
K11,28,75,13.734,4.4861,direct,13.82,4.001,14.473,0.84372,fay_herriot,forms_mnt:h_sd+alt_mean+essence+greco;log,2005-2024,IGN IFN brut (Etalab 2.0) ; FORMS-T (CC-BY 4.0) ; spec 054 lot 3
K11,29MI,1,12.744,803.24,gvf,15.025,29.714,36.281,0.025305,fay_herriot,forms_mnt:h_sd+alt_mean+essence+greco;log,2005-2024,IGN IFN brut (Etalab 2.0) ; FORMS-T (CC-BY 4.0) ; spec 054 lot 3
K11,33N,1,98.756,8307.6,gvf,97.938,1130.9,34.337,0.13099,fay_herriot,forms_mnt:h_sd+alt_mean+essence+greco;log,2005-2024,IGN IFN brut (Etalab 2.0) ; FORMS-T (CC-BY 4.0) ; spec 054 lot 3
K11,36,2,121.63,5238.3,gvf,112.48,1861.2,38.357,0.26612,fay_herriot,forms_mnt:h_sd+alt_mean+essence+greco;log,2005-2024,IGN IFN brut (Etalab 2.0) ; FORMS-T (CC-BY 4.0) ; spec 054 lot 3
K11,40,207,13.97,2.5753,direct,13.82,2.3082,10.994,0.9068,fay_herriot,forms_mnt:h_sd+alt_mean+essence+greco;log,2005-2024,IGN IFN brut (Etalab 2.0) ; FORMS-T (CC-BY 4.0) ; spec 054 lot 3
K11,49AM,3,2.7812,9.3135,gvf,4.7582,2.7283,34.714,0.096362,fay_herriot,forms_mnt:h_sd+alt_mean+essence+greco;log,2005-2024,IGN IFN brut (Etalab 2.0) ; FORMS-T (CC-BY 4.0) ; spec 054 lot 3
K11,49EA,59,3.3547,0.23971,direct,3.3722,0.21707,13.816,0.85772,fay_herriot,forms_mnt:h_sd+alt_mean+essence+greco;log,2005-2024,IGN IFN brut (Etalab 2.0) ; FORMS-T (CC-BY 4.0) ; spec 054 lot 3
K11,49FA,3,2.9869,10.482,gvf,12.863,20.073,34.829,0.098521,fay_herriot,forms_mnt:h_sd+alt_mean+essence+greco;log,2005-2024,IGN IFN brut (Etalab 2.0) ; FORMS-T (CC-BY 4.0) ; spec 054 lot 3
K11,49FL,83,7.4583,1.1177,direct,7.189,0.91449,13.302,0.86469,fay_herriot,forms_mnt:h_sd+alt_mean+essence+greco;log,2005-2024,IGN IFN brut (Etalab 2.0) ; FORMS-T (CC-BY 4.0) ; spec 054 lot 3
K11,49IA,4,32.625,94.009,gvf,16.2,14.035,23.126,0.59247,fay_herriot,forms_mnt:h_sd+alt_mean+essence+greco;log,2005-2024,IGN IFN brut (Etalab 2.0) ; FORMS-T (CC-BY 4.0) ; spec 054 lot 3
K11,49LN,1,85.873,297.47,gvf,68.282,152.22,18.069,0.76094,fay_herriot,forms_mnt:h_sd+alt_mean+essence+greco;log,2005-2024,IGN IFN brut (Etalab 2.0) ; FORMS-T (CC-BY 4.0) ; spec 054 lot 3
K11,49PL,13,2.0603,0.1699,direct,3.3069,0.33802,17.581,0.76236,fay_herriot,forms_mnt:h_sd+alt_mean+essence+greco;log,2005-2024,IGN IFN brut (Etalab 2.0) ; FORMS-T (CC-BY 4.0) ; spec 054 lot 3
K11,49PS,1,1.038,57.909,gvf,5.6161,4.3817,37.272,0.0023835,fay_herriot,forms_mnt:h_sd+alt_mean+essence+greco;log,2005-2024,IGN IFN brut (Etalab 2.0) ; FORMS-T (CC-BY 4.0) ; spec 054 lot 3
K11,49TF,1,46.761,,gvf,46.761,,,1,direct,forms_mnt:h_sd+alt_mean+essence+greco;log,2005-2024,IGN IFN brut (Etalab 2.0) ; FORMS-T (CC-BY 4.0) ; spec 054 lot 3
K11,51,61,122,322.51,direct,120.39,270.72,13.667,0.85561,fay_herriot,forms_mnt:h_sd+alt_mean+essence+greco;log,2005-2024,IGN IFN brut (Etalab 2.0) ; FORMS-T (CC-BY 4.0) ; spec 054 lot 3
K11,53CO,4,51.474,18061,gvf,129.65,2222.6,36.363,0.018488,fay_herriot,forms_mnt:h_sd+alt_mean+essence+greco;log,2005-2024,IGN IFN brut (Etalab 2.0) ; FORMS-T (CC-BY 4.0) ; spec 054 lot 3
K11,56,1,16.47,8566.8,gvf,85.878,1064.6,37.993,0.0040494,fay_herriot,forms_mnt:h_sd+alt_mean+essence+greco;log,2005-2024,IGN IFN brut (Etalab 2.0) ; FORMS-T (CC-BY 4.0) ; spec 054 lot 3
K11,57A,1,12.204,3381,gvf,75.438,846.58,38.569,0.0056241,fay_herriot,forms_mnt:h_sd+alt_mean+essence+greco;log,2005-2024,IGN IFN brut (Etalab 2.0) ; FORMS-T (CC-BY 4.0) ; spec 054 lot 3
K11,57B,1,34.416,4346.3,gvf,72.586,703.1,36.53,0.03381,fay_herriot,forms_mnt:h_sd+alt_mean+essence+greco;log,2005-2024,IGN IFN brut (Etalab 2.0) ; FORMS-T (CC-BY 4.0) ; spec 054 lot 3
K11,68CE,13,15.191,31.507,direct,36.015,111.46,29.315,0.48468,fay_herriot,forms_mnt:h_sd+alt_mean+essence+greco;log,2005-2024,IGN IFN brut (Etalab 2.0) ; FORMS-T (CC-BY 4.0) ; spec 054 lot 3
K11,68PM,1,10.31,52497,gvf,74.468,767.54,37.203,0.00025994,fay_herriot,forms_mnt:h_sd+alt_mean+essence+greco;log,2005-2024,IGN IFN brut (Etalab 2.0) ; FORMS-T (CC-BY 4.0) ; spec 054 lot 3
K11,69,2,2.5122,5.4754,gvf,48.129,276.81,34.569,0.12892,fay_herriot,forms_mnt:h_sd+alt_mean+essence+greco;log,2005-2024,IGN IFN brut (Etalab 2.0) ; FORMS-T (CC-BY 4.0) ; spec 054 lot 3
K11,69JO,16,6.9053,2.8293,direct,6.5955,1.8284,20.502,0.68394,fay_herriot,forms_mnt:h_sd+alt_mean+essence+greco;log,2005-2024,IGN IFN brut (Etalab 2.0) ; FORMS-T (CC-BY 4.0) ; spec 054 lot 3
K12,03,2,27.528,4860.2,gvf,113.11,1677.9,36.212,0.019627,fay_herriot,forms_mnt:h_sd+alt_mean+essence+greco;log,2005-2024,IGN IFN brut (Etalab 2.0) ; FORMS-T (CC-BY 4.0) ; spec 054 lot 3
K12,05,45,43.948,72.752,direct,47.905,67.56,17.158,0.77319,fay_herriot,forms_mnt:h_sd+alt_mean+essence+greco;log,2005-2024,IGN IFN brut (Etalab 2.0) ; FORMS-T (CC-BY 4.0) ; spec 054 lot 3
K12,06,270,69.501,19.648,direct,68.409,18.491,6.2859,0.96929,fay_herriot,forms_mnt:h_sd+alt_mean+essence+greco;log,2005-2024,IGN IFN brut (Etalab 2.0) ; FORMS-T (CC-BY 4.0) ; spec 054 lot 3
K12,08S,1,16.595,1648.5,gvf,41.138,248.21,38.297,0.021,fay_herriot,forms_mnt:h_sd+alt_mean+essence+greco;log,2005-2024,IGN IFN brut (Etalab 2.0) ; FORMS-T (CC-BY 4.0) ; spec 054 lot 3
K12,09,100,158.04,271.61,direct,151.47,230.8,10.03,0.92192,fay_herriot,forms_mnt:h_sd+alt_mean+essence+greco;log,2005-2024,IGN IFN brut (Etalab 2.0) ; FORMS-T (CC-BY 4.0) ; spec 054 lot 3
K12,10,82,90.551,126.76,direct,89.54,111.15,11.775,0.89254,fay_herriot,forms_mnt:h_sd+alt_mean+essence+greco;log,2005-2024,IGN IFN brut (Etalab 2.0) ; FORMS-T (CC-BY 4.0) ; spec 054 lot 3
K12,12V,20,55.188,151.33,direct,49.636,89.376,19.046,0.721,fay_herriot,forms_mnt:h_sd+alt_mean+essence+greco;log,2005-2024,IGN IFN brut (Etalab 2.0) ; FORMS-T (CC-BY 4.0) ; spec 054 lot 3
K12,13C,4,50.584,1222.5,gvf,46.27,264.75,35.165,0.21183,fay_herriot,forms_mnt:h_sd+alt_mean+essence+greco;log,2005-2024,IGN IFN brut (Etalab 2.0) ; FORMS-T (CC-BY 4.0) ; spec 054 lot 3
K12,13G,24,97.93,474.34,direct,95.119,327.22,19.017,0.72192,fay_herriot,forms_mnt:h_sd+alt_mean+essence+greco;log,2005-2024,IGN IFN brut (Etalab 2.0) ; FORMS-T (CC-BY 4.0) ; spec 054 lot 3
K12,14,1,46.174,5557.4,gvf,71.782,659.87,35.786,0.046947,fay_herriot,forms_mnt:h_sd+alt_mean+essence+greco;log,2005-2024,IGN IFN brut (Etalab 2.0) ; FORMS-T (CC-BY 4.0) ; spec 054 lot 3
K12,15S,6,14.912,350.64,gvf,39.152,190.52,35.254,0.075303,fay_herriot,forms_mnt:h_sd+alt_mean+essence+greco;log,2005-2024,IGN IFN brut (Etalab 2.0) ; FORMS-T (CC-BY 4.0) ; spec 054 lot 3
K12,17C,1,24.735,4943.9,gvf,62.639,516.55,36.284,0.015642,fay_herriot,forms_mnt:h_sd+alt_mean+essence+greco;log,2005-2024,IGN IFN brut (Etalab 2.0) ; FORMS-T (CC-BY 4.0) ; spec 054 lot 3
K12,17F,72,14.371,7.2589,direct,15.955,7.3272,16.965,0.78509,fay_herriot,forms_mnt:h_sd+alt_mean+essence+greco;log,2005-2024,IGN IFN brut (Etalab 2.0) ; FORMS-T (CC-BY 4.0) ; spec 054 lot 3
K12,17O,1,26.389,2053.8,gvf,56.377,424.67,36.553,0.041722,fay_herriot,forms_mnt:h_sd+alt_mean+essence+greco;log,2005-2024,IGN IFN brut (Etalab 2.0) ; FORMS-T (CC-BY 4.0) ; spec 054 lot 3
K12,20G,1,23.068,2678.4,gvf,52.467,365.68,36.447,0.024875,fay_herriot,forms_mnt:h_sd+alt_mean+essence+greco;log,2005-2024,IGN IFN brut (Etalab 2.0) ; FORMS-T (CC-BY 4.0) ; spec 054 lot 3
K12,21M,8,9.698,8.8355,gvf,12.834,9.2418,23.687,0.57749,fay_herriot,forms_mnt:h_sd+alt_mean+essence+greco;log,2005-2024,IGN IFN brut (Etalab 2.0) ; FORMS-T (CC-BY 4.0) ; spec 054 lot 3
K12,21O,1,9.8912,513.44,gvf,24.392,81.803,37.079,0.023883,fay_herriot,forms_mnt:h_sd+alt_mean+essence+greco;log,2005-2024,IGN IFN brut (Etalab 2.0) ; FORMS-T (CC-BY 4.0) ; spec 054 lot 3
K12,22M,4,11.862,87.226,gvf,24.012,63.505,33.187,0.1716,fay_herriot,forms_mnt:h_sd+alt_mean+essence+greco;log,2005-2024,IGN IFN brut (Etalab 2.0) ; FORMS-T (CC-BY 4.0) ; spec 054 lot 3
K12,23F,1,6.2703,340.37,gvf,17.813,42.244,36.487,0.014615,fay_herriot,forms_mnt:h_sd+alt_mean+essence+greco;log,2005-2024,IGN IFN brut (Etalab 2.0) ; FORMS-T (CC-BY 4.0) ; spec 054 lot 3
K12,23PA,1,11.472,67.664,gvf,13.833,26.838,37.452,0.19983,fay_herriot,forms_mnt:h_sd+alt_mean+essence+greco;log,2005-2024,IGN IFN brut (Etalab 2.0) ; FORMS-T (CC-BY 4.0) ; spec 054 lot 3
K12,23PC,2,10.665,31.04,gvf,10.34,9.7299,30.167,0.31997,fay_herriot,forms_mnt:h_sd+alt_mean+essence+greco;log,2005-2024,IGN IFN brut (Etalab 2.0) ; FORMS-T (CC-BY 4.0) ; spec 054 lot 3
K12,23PD,2,3.1601,51.108,gvf,15.986,35.788,37.421,0.024475,fay_herriot,forms_mnt:h_sd+alt_mean+essence+greco;log,2005-2024,IGN IFN brut (Etalab 2.0) ; FORMS-T (CC-BY 4.0) ; spec 054 lot 3
K12,23PM,7,3.5673,3.2685,gvf,7.2798,4.7045,29.794,0.33329,fay_herriot,forms_mnt:h_sd+alt_mean+essence+greco;log,2005-2024,IGN IFN brut (Etalab 2.0) ; FORMS-T (CC-BY 4.0) ; spec 054 lot 3
K12,23SO,4,5.6327,59.736,gvf,11.309,16.411,35.821,0.063844,fay_herriot,forms_mnt:h_sd+alt_mean+essence+greco;log,2005-2024,IGN IFN brut (Etalab 2.0) ; FORMS-T (CC-BY 4.0) ; spec 054 lot 3
K12,24,4,18.204,902.08,gvf,54.87,385.06,35.763,0.045044,fay_herriot,forms_mnt:h_sd+alt_mean+essence+greco;log,2005-2024,IGN IFN brut (Etalab 2.0) ; FORMS-T (CC-BY 4.0) ; spec 054 lot 3
K12,25B,2,19.433,2069.5,gvf,68.31,624.93,36.596,0.022894,fay_herriot,forms_mnt:h_sd+alt_mean+essence+greco;log,2005-2024,IGN IFN brut (Etalab 2.0) ; FORMS-T (CC-BY 4.0) ; spec 054 lot 3
K12,25C,4,15.315,91.249,gvf,20.039,40.865,31.901,0.24814,fay_herriot,forms_mnt:h_sd+alt_mean+essence+greco;log,2005-2024,IGN IFN brut (Etalab 2.0) ; FORMS-T (CC-BY 4.0) ; spec 054 lot 3
K12,27C,4,9.2239,85.383,gvf,19.996,47.908,34.615,0.11343,fay_herriot,forms_mnt:h_sd+alt_mean+essence+greco;log,2005-2024,IGN IFN brut (Etalab 2.0) ; FORMS-T (CC-BY 4.0) ; spec 054 lot 3
K12,28,2,10.883,166.02,gvf,16.498,40.282,38.47,0.083917,fay_herriot,forms_mnt:h_sd+alt_mean+essence+greco;log,2005-2024,IGN IFN brut (Etalab 2.0) ; FORMS-T (CC-BY 4.0) ; spec 054 lot 3
K12,29AF,1,10.359,42.5,gvf,8.4213,7.5825,32.699,0.24483,fay_herriot,forms_mnt:h_sd+alt_mean+essence+greco;log,2005-2024,IGN IFN brut (Etalab 2.0) ; FORMS-T (CC-BY 4.0) ; spec 054 lot 3
K12,31,1,0.88978,179.68,gvf,10.007,13.423,36.612,0.00056546,fay_herriot,forms_mnt:h_sd+alt_mean+essence+greco;log,2005-2024,IGN IFN brut (Etalab 2.0) ; FORMS-T (CC-BY 4.0) ; spec 054 lot 3
K12,33N,1,30.295,8307.6,gvf,115.08,1785.6,36.72,0.013987,fay_herriot,forms_mnt:h_sd+alt_mean+essence+greco;log,2005-2024,IGN IFN brut (Etalab 2.0) ; FORMS-T (CC-BY 4.0) ; spec 054 lot 3
K12,40,156,16.194,3.3672,direct,16.073,3.0454,10.857,0.90909,fay_herriot,forms_mnt:h_sd+alt_mean+essence+greco;log,2005-2024,IGN IFN brut (Etalab 2.0) ; FORMS-T (CC-BY 4.0) ; spec 054 lot 3
K12,49AM,20,3.0153,0.47484,direct,3.6863,0.51096,19.391,0.71086,fay_herriot,forms_mnt:h_sd+alt_mean+essence+greco;log,2005-2024,IGN IFN brut (Etalab 2.0) ; FORMS-T (CC-BY 4.0) ; spec 054 lot 3
K12,49EA,36,3.4645,0.30703,direct,3.5731,0.28667,14.985,0.83388,fay_herriot,forms_mnt:h_sd+alt_mean+essence+greco;log,2005-2024,IGN IFN brut (Etalab 2.0) ; FORMS-T (CC-BY 4.0) ; spec 054 lot 3
K12,49FL,20,7.276,2.6982,direct,7.1417,1.9341,19.474,0.71585,fay_herriot,forms_mnt:h_sd+alt_mean+essence+greco;log,2005-2024,IGN IFN brut (Etalab 2.0) ; FORMS-T (CC-BY 4.0) ; spec 054 lot 3
K12,49IA,28,12.316,12.245,direct,9.913,4.9728,22.496,0.61397,fay_herriot,forms_mnt:h_sd+alt_mean+essence+greco;log,2005-2024,IGN IFN brut (Etalab 2.0) ; FORMS-T (CC-BY 4.0) ; spec 054 lot 3
K12,49PL,1,21.344,23.609,gvf,20.353,15.534,19.365,0.71246,fay_herriot,forms_mnt:h_sd+alt_mean+essence+greco;log,2005-2024,IGN IFN brut (Etalab 2.0) ; FORMS-T (CC-BY 4.0) ; spec 054 lot 3
K12,49PS,1,0.79778,57.909,gvf,6.7404,6.3214,37.301,0.0014092,fay_herriot,forms_mnt:h_sd+alt_mean+essence+greco;log,2005-2024,IGN IFN brut (Etalab 2.0) ; FORMS-T (CC-BY 4.0) ; spec 054 lot 3
K12,49SN,2,5.5411,14.413,gvf,5.527,3.2214,32.473,0.21479,fay_herriot,forms_mnt:h_sd+alt_mean+essence+greco;log,2005-2024,IGN IFN brut (Etalab 2.0) ; FORMS-T (CC-BY 4.0) ; spec 054 lot 3
K12,51,169,191.91,220.43,direct,188.82,204.39,7.5714,0.95546,fay_herriot,forms_mnt:h_sd+alt_mean+essence+greco;log,2005-2024,IGN IFN brut (Etalab 2.0) ; FORMS-T (CC-BY 4.0) ; spec 054 lot 3
K12,53CO,239,277.87,314.48,direct,273.1,294.91,6.2881,0.96926,fay_herriot,forms_mnt:h_sd+alt_mean+essence+greco;log,2005-2024,IGN IFN brut (Etalab 2.0) ; FORMS-T (CC-BY 4.0) ; spec 054 lot 3
K12,61,13,32.785,147.27,direct,70.234,335.94,26.096,0.48378,fay_herriot,forms_mnt:h_sd+alt_mean+essence+greco;log,2005-2024,IGN IFN brut (Etalab 2.0) ; FORMS-T (CC-BY 4.0) ; spec 054 lot 3
K12,64,1,40.655,45419,gvf,218.1,6385.8,36.639,0.0046509,fay_herriot,forms_mnt:h_sd+alt_mean+essence+greco;log,2005-2024,IGN IFN brut (Etalab 2.0) ; FORMS-T (CC-BY 4.0) ; spec 054 lot 3
K12,67,1,3.0292,147.84,gvf,18.392,47.604,37.514,0.0079065,fay_herriot,forms_mnt:h_sd+alt_mean+essence+greco;log,2005-2024,IGN IFN brut (Etalab 2.0) ; FORMS-T (CC-BY 4.0) ; spec 054 lot 3
K12,69JO,15,11.984,10.332,direct,9.9601,4.7618,21.909,0.6409,fay_herriot,forms_mnt:h_sd+alt_mean+essence+greco;log,2005-2024,IGN IFN brut (Etalab 2.0) ; FORMS-T (CC-BY 4.0) ; spec 054 lot 3
K13,05,51,33.637,21.57,direct,36.284,21.984,12.922,0.87072,fay_herriot,forms_mnt:h_sd+alt_mean+essence+greco;log,2005-2024,IGN IFN brut (Etalab 2.0) ; FORMS-T (CC-BY 4.0) ; spec 054 lot 3
K13,06,307,53.712,14.726,direct,53.06,13.857,7.0156,0.96177,fay_herriot,forms_mnt:h_sd+alt_mean+essence+greco;log,2005-2024,IGN IFN brut (Etalab 2.0) ; FORMS-T (CC-BY 4.0) ; spec 054 lot 3
K13,07,1,24.314,1948.8,gvf,46.056,290.48,37.006,0.03749,fay_herriot,forms_mnt:h_sd+alt_mean+essence+greco;log,2005-2024,IGN IFN brut (Etalab 2.0) ; FORMS-T (CC-BY 4.0) ; spec 054 lot 3
K13,08S,77,42.089,24.636,direct,41.823,22.309,11.293,0.90228,fay_herriot,forms_mnt:h_sd+alt_mean+essence+greco;log,2005-2024,IGN IFN brut (Etalab 2.0) ; FORMS-T (CC-BY 4.0) ; spec 054 lot 3
K13,09,30,189.5,893.48,direct,166.78,583.64,14.486,0.83767,fay_herriot,forms_mnt:h_sd+alt_mean+essence+greco;log,2005-2024,IGN IFN brut (Etalab 2.0) ; FORMS-T (CC-BY 4.0) ; spec 054 lot 3
K13,10,117,101.9,87.78,direct,100.13,79.724,8.9173,0.93823,fay_herriot,forms_mnt:h_sd+alt_mean+essence+greco;log,2005-2024,IGN IFN brut (Etalab 2.0) ; FORMS-T (CC-BY 4.0) ; spec 054 lot 3
K13,13C,45,65.644,110.23,direct,61.066,83.245,14.941,0.83388,fay_herriot,forms_mnt:h_sd+alt_mean+essence+greco;log,2005-2024,IGN IFN brut (Etalab 2.0) ; FORMS-T (CC-BY 4.0) ; spec 054 lot 3
K13,13G,11,41.226,114.75,direct,52.455,123.59,21.194,0.6554,fay_herriot,forms_mnt:h_sd+alt_mean+essence+greco;log,2005-2024,IGN IFN brut (Etalab 2.0) ; FORMS-T (CC-BY 4.0) ; spec 054 lot 3
K13,14,2,10.176,2778.7,gvf,68.36,624.74,36.563,0.004762,fay_herriot,forms_mnt:h_sd+alt_mean+essence+greco;log,2005-2024,IGN IFN brut (Etalab 2.0) ; FORMS-T (CC-BY 4.0) ; spec 054 lot 3
K13,17C,2,55.471,2472,gvf,59.168,401.08,33.848,0.13781,fay_herriot,forms_mnt:h_sd+alt_mean+essence+greco;log,2005-2024,IGN IFN brut (Etalab 2.0) ; FORMS-T (CC-BY 4.0) ; spec 054 lot 3
K13,17F,85,15.585,4.3742,direct,16.259,4.2769,12.72,0.877,fay_herriot,forms_mnt:h_sd+alt_mean+essence+greco;log,2005-2024,IGN IFN brut (Etalab 2.0) ; FORMS-T (CC-BY 4.0) ; spec 054 lot 3
K13,18C,1,7.415,377.75,gvf,15.991,33.754,36.331,0.018346,fay_herriot,forms_mnt:h_sd+alt_mean+essence+greco;log,2005-2024,IGN IFN brut (Etalab 2.0) ; FORMS-T (CC-BY 4.0) ; spec 054 lot 3
K13,21M,4,12.217,17.671,gvf,14.596,13.616,25.282,0.52028,fay_herriot,forms_mnt:h_sd+alt_mean+essence+greco;log,2005-2024,IGN IFN brut (Etalab 2.0) ; FORMS-T (CC-BY 4.0) ; spec 054 lot 3
K13,22C,1,13.712,56.621,gvf,13.525,19.757,32.865,0.29891,fay_herriot,forms_mnt:h_sd+alt_mean+essence+greco;log,2005-2024,IGN IFN brut (Etalab 2.0) ; FORMS-T (CC-BY 4.0) ; spec 054 lot 3
K13,22M,3,23.454,116.3,gvf,25.086,51.562,28.624,0.37784,fay_herriot,forms_mnt:h_sd+alt_mean+essence+greco;log,2005-2024,IGN IFN brut (Etalab 2.0) ; FORMS-T (CC-BY 4.0) ; spec 054 lot 3
K13,23AB,2,3.0423,69.927,gvf,11.433,17.525,36.614,0.016712,fay_herriot,forms_mnt:h_sd+alt_mean+essence+greco;log,2005-2024,IGN IFN brut (Etalab 2.0) ; FORMS-T (CC-BY 4.0) ; spec 054 lot 3
K13,23C,6,7.4088,15.48,gvf,11.01,11.244,30.455,0.31286,fay_herriot,forms_mnt:h_sd+alt_mean+essence+greco;log,2005-2024,IGN IFN brut (Etalab 2.0) ; FORMS-T (CC-BY 4.0) ; spec 054 lot 3
K13,23F,2,15.416,170.19,gvf,16.76,31.921,33.711,0.15205,fay_herriot,forms_mnt:h_sd+alt_mean+essence+greco;log,2005-2024,IGN IFN brut (Etalab 2.0) ; FORMS-T (CC-BY 4.0) ; spec 054 lot 3
K13,23PA,4,3.8546,16.916,gvf,11.993,23.348,40.291,0.10135,fay_herriot,forms_mnt:h_sd+alt_mean+essence+greco;log,2005-2024,IGN IFN brut (Etalab 2.0) ; FORMS-T (CC-BY 4.0) ; spec 054 lot 3
K13,23PM,4,6.8439,5.7199,gvf,8.1443,4.2607,25.345,0.51254,fay_herriot,forms_mnt:h_sd+alt_mean+essence+greco;log,2005-2024,IGN IFN brut (Etalab 2.0) ; FORMS-T (CC-BY 4.0) ; spec 054 lot 3
K13,24,1,65.725,3608.3,gvf,55.749,358.84,33.98,0.13324,fay_herriot,forms_mnt:h_sd+alt_mean+essence+greco;log,2005-2024,IGN IFN brut (Etalab 2.0) ; FORMS-T (CC-BY 4.0) ; spec 054 lot 3
K13,25C,3,14.317,121.67,gvf,19.304,41.572,33.401,0.17785,fay_herriot,forms_mnt:h_sd+alt_mean+essence+greco;log,2005-2024,IGN IFN brut (Etalab 2.0) ; FORMS-T (CC-BY 4.0) ; spec 054 lot 3
K13,25M,1,79.393,549.91,gvf,44.582,105.13,22.998,0.59544,fay_herriot,forms_mnt:h_sd+alt_mean+essence+greco;log,2005-2024,IGN IFN brut (Etalab 2.0) ; FORMS-T (CC-BY 4.0) ; spec 054 lot 3
K13,27C,1,18.667,341.53,gvf,20.506,50.156,34.536,0.11583,fay_herriot,forms_mnt:h_sd+alt_mean+essence+greco;log,2005-2024,IGN IFN brut (Etalab 2.0) ; FORMS-T (CC-BY 4.0) ; spec 054 lot 3
K13,28,12,14.16,32.274,direct,15.218,19.107,28.725,0.44374,fay_herriot,forms_mnt:h_sd+alt_mean+essence+greco;log,2005-2024,IGN IFN brut (Etalab 2.0) ; FORMS-T (CC-BY 4.0) ; spec 054 lot 3
K13,31,1,38.285,179.68,gvf,19.305,23.87,25.308,0.51158,fay_herriot,forms_mnt:h_sd+alt_mean+essence+greco;log,2005-2024,IGN IFN brut (Etalab 2.0) ; FORMS-T (CC-BY 4.0) ; spec 054 lot 3
K13,32,21,24.085,37.579,direct,21.435,20.133,20.933,0.66467,fay_herriot,forms_mnt:h_sd+alt_mean+essence+greco;log,2005-2024,IGN IFN brut (Etalab 2.0) ; FORMS-T (CC-BY 4.0) ; spec 054 lot 3
K13,33N,2,130.77,4153.8,gvf,116.98,1197.8,29.585,0.34582,fay_herriot,forms_mnt:h_sd+alt_mean+essence+greco;log,2005-2024,IGN IFN brut (Etalab 2.0) ; FORMS-T (CC-BY 4.0) ; spec 054 lot 3
K13,36,5,69.96,2095.3,gvf,108.17,1834.1,39.593,0.23073,fay_herriot,forms_mnt:h_sd+alt_mean+essence+greco;log,2005-2024,IGN IFN brut (Etalab 2.0) ; FORMS-T (CC-BY 4.0) ; spec 054 lot 3
K13,40,175,14.669,2.2542,direct,14.62,2.0866,9.8808,0.92457,fay_herriot,forms_mnt:h_sd+alt_mean+essence+greco;log,2005-2024,IGN IFN brut (Etalab 2.0) ; FORMS-T (CC-BY 4.0) ; spec 054 lot 3
K13,49AM,23,6.0076,1.9138,direct,5.9103,1.3271,19.491,0.70773,fay_herriot,forms_mnt:h_sd+alt_mean+essence+greco;log,2005-2024,IGN IFN brut (Etalab 2.0) ; FORMS-T (CC-BY 4.0) ; spec 054 lot 3
K13,49BS,3,3.0555,16.151,gvf,4.7005,2.8973,36.212,0.069096,fay_herriot,forms_mnt:h_sd+alt_mean+essence+greco;log,2005-2024,IGN IFN brut (Etalab 2.0) ; FORMS-T (CC-BY 4.0) ; spec 054 lot 3
K13,49EA,49,4.1492,0.33379,direct,4.1189,0.29755,13.243,0.86881,fay_herriot,forms_mnt:h_sd+alt_mean+essence+greco;log,2005-2024,IGN IFN brut (Etalab 2.0) ; FORMS-T (CC-BY 4.0) ; spec 054 lot 3
K13,49FA,1,1.0478,31.446,gvf,16.803,37.931,36.654,0.004463,fay_herriot,forms_mnt:h_sd+alt_mean+essence+greco;log,2005-2024,IGN IFN brut (Etalab 2.0) ; FORMS-T (CC-BY 4.0) ; spec 054 lot 3
K13,49FL,29,4.2965,1.177,direct,4.9059,1.0714,21.099,0.6682,fay_herriot,forms_mnt:h_sd+alt_mean+essence+greco;log,2005-2024,IGN IFN brut (Etalab 2.0) ; FORMS-T (CC-BY 4.0) ; spec 054 lot 3
K13,49IA,9,11.583,41.782,gvf,7.7787,5.7011,30.695,0.29195,fay_herriot,forms_mnt:h_sd+alt_mean+essence+greco;log,2005-2024,IGN IFN brut (Etalab 2.0) ; FORMS-T (CC-BY 4.0) ; spec 054 lot 3
K13,49PL,3,2.0973,7.8695,gvf,14.788,27.454,35.433,0.066966,fay_herriot,forms_mnt:h_sd+alt_mean+essence+greco;log,2005-2024,IGN IFN brut (Etalab 2.0) ; FORMS-T (CC-BY 4.0) ; spec 054 lot 3
K13,49RA,1,1.4898,17.443,gvf,9.7346,18.365,44.023,0.016076,fay_herriot,forms_mnt:h_sd+alt_mean+essence+greco;log,2005-2024,IGN IFN brut (Etalab 2.0) ; FORMS-T (CC-BY 4.0) ; spec 054 lot 3
K13,51,45,115.86,304.35,direct,117.25,266.93,13.934,0.84993,fay_herriot,forms_mnt:h_sd+alt_mean+essence+greco;log,2005-2024,IGN IFN brut (Etalab 2.0) ; FORMS-T (CC-BY 4.0) ; spec 054 lot 3
K13,53CO,24,103.64,870.13,direct,119.19,719.15,22.5,0.61317,fay_herriot,forms_mnt:h_sd+alt_mean+essence+greco;log,2005-2024,IGN IFN brut (Etalab 2.0) ; FORMS-T (CC-BY 4.0) ; spec 054 lot 3
K13,57A,2,120.3,1690.5,gvf,102.49,693.28,25.691,0.52364,fay_herriot,forms_mnt:h_sd+alt_mean+essence+greco;log,2005-2024,IGN IFN brut (Etalab 2.0) ; FORMS-T (CC-BY 4.0) ; spec 054 lot 3
K13,69JC,1,1.0728,13.827,gvf,4.0974,2.2934,36.959,0.010575,fay_herriot,forms_mnt:h_sd+alt_mean+essence+greco;log,2005-2024,IGN IFN brut (Etalab 2.0) ; FORMS-T (CC-BY 4.0) ; spec 054 lot 3
K13,69JO,12,7.1115,9.0061,direct,6.8892,3.7702,28.184,0.41896,fay_herriot,forms_mnt:h_sd+alt_mean+essence+greco;log,2005-2024,IGN IFN brut (Etalab 2.0) ; FORMS-T (CC-BY 4.0) ; spec 054 lot 3
